{"type":"FeatureCollection","features":[{"type":"Feature","geometry":{"type":"Polygon","coordinates":[[[-79.957916,40.428087],[-79.958129,40.427948],[-79.959019,40.428765],[-79.959238,40.428908],[-79.959177,40.428941],[-79.95905,40.429015],[-79.959001,40.428977],[-79.958369,40.42843],[-79.95832,40.428391],[-79.958183,40.428275],[-79.9581,40.428207],[-79.958011,40.428145],[-79.957916,40.428087]]]},"properties":{"parcel_id":"0029F00205000000","block_lot":"29-F-205"}},{"type":"Feature","geometry":{"type":"Polygon","coordinates":[[[-79.956521,40.428676],[-79.95772,40.427946],[-79.957895,40.428103],[-79.957916,40.428087],[-79.958011,40.428145],[-79.9581,40.428207],[-79.958369,40.42843],[-79.959001,40.428977],[-79.95905,40.429015],[-79.9581,40.429569],[-79.957919,40.429676],[-79.957582,40.429641],[-79.957227,40.429301],[-79.956521,40.428676]]]},"properties":{"parcel_id":"0029G00092000000","block_lot":"29-G-92"}},{"type":"Feature","geometry":{"type":"Polygon","coordinates":[[[-79.955169,40.427948],[-79.955239,40.427893],[-79.955355,40.428002],[-79.955316,40.428031],[-79.955169,40.427948]]]},"properties":{"parcel_id":"0029L00013000000","block_lot":"29-L-13"}},{"type":"Feature","geometry":{"type":"Polygon","coordinates":[[[-79.954802,40.427776],[-79.954558,40.427676],[-79.954814,40.427477],[-79.954979,40.427638],[-79.954802,40.427776]]]},"properties":{"parcel_id":"0029L00052000000","block_lot":"29-L-52"}},{"type":"Feature","geometry":{"type":"Polygon","coordinates":[[[-79.955942,40.426386],[-79.95772,40.427946],[-79.956521,40.428676],[-79.955671,40.427859],[-79.955467,40.42764],[-79.955494,40.427624],[-79.955393,40.427511],[-79.955379,40.427491],[-79.955369,40.427471],[-79.955364,40.427449],[-79.955364,40.427427],[-79.955368,40.427405],[-79.955377,40.427384],[-79.95539,40.427364],[-79.955407,40.427346],[-79.955427,40.427331],[-79.955669,40.427197],[-79.95573,40.427157],[-79.955786,40.427112],[-79.955836,40.427063],[-79.955879,40.427011],[-79.955915,40.426955],[-79.955944,40.426897],[-79.955964,40.426837],[-79.955977,40.426776],[-79.955981,40.426714],[-79.955978,40.426652],[-79.955966,40.426591],[-79.955946,40.426531],[-79.955918,40.426473],[-79.955883,40.426417],[-79.955942,40.426386]]]},"properties":{"parcel_id":"0029L00076000000","block_lot":"29-L-76"}},{"type":"Feature","geometry":{"type":"Polygon","coordinates":[[[-79.951215,40.419027],[-79.951263,40.418946],[-79.951304,40.418863],[-79.951342,40.418774],[-79.951717,40.418751],[-79.951788,40.419278],[-79.951907,40.419899],[-79.952011,40.420289],[-79.952346,40.421154],[-79.952593,40.421613],[-79.952636,40.421599],[-79.953241,40.422606],[-79.953394,40.422553],[-79.953475,40.422687],[-79.953322,40.422741],[-79.953775,40.423497],[-79.956281,40.426199],[-79.955942,40.426386],[-79.955882,40.426319],[-79.955865,40.426329],[-79.955246,40.425662],[-79.954799,40.425226],[-79.953921,40.424444],[-79.953835,40.424359],[-79.953753,40.424271],[-79.953678,40.42418],[-79.953608,40.424087],[-79.953544,40.423991],[-79.953487,40.423893],[-79.95229,40.421624],[-79.95145,40.419617],[-79.951215,40.419027]]]},"properties":{"parcel_id":"0029L00080000000","block_lot":"29-L-80"}},{"type":"Feature","geometry":{"type":"Polygon","coordinates":[[[-79.955942,40.426386],[-79.956281,40.426199],[-79.956653,40.426599],[-79.956592,40.426632],[-79.958129,40.427948],[-79.957895,40.428103],[-79.95772,40.427946],[-79.955942,40.426386]]]},"properties":{"parcel_id":"0029L00086000000","block_lot":"29-L-86"}},{"type":"Feature","geometry":{"type":"Polygon","coordinates":[[[-79.951647,40.427019],[-79.951156,40.427221],[-79.951099,40.427228],[-79.950944,40.427262],[-79.950908,40.427205],[-79.951121,40.426993],[-79.951202,40.42694],[-79.951459,40.426798],[-79.952464,40.426117],[-79.952778,40.426414],[-79.952101,40.426837],[-79.951647,40.427019]]]},"properties":{"parcel_id":"0029M00150000000","block_lot":"29-M-150"}},{"type":"Feature","geometry":{"type":"Polygon","coordinates":[[[-79.952438,40.424994],[-79.952636,40.424988],[-79.952795,40.425183],[-79.952958,40.425375],[-79.953124,40.425566],[-79.95271,40.425836],[-79.952756,40.425878],[-79.952566,40.426002],[-79.952916,40.426315],[-79.952778,40.426414],[-79.952464,40.426117],[-79.951459,40.426798],[-79.951865,40.426366],[-79.95196,40.426257],[-79.952048,40.426144],[-79.952128,40.426028],[-79.952199,40.425908],[-79.952263,40.425786],[-79.952318,40.425662],[-79.952364,40.425535],[-79.952402,40.425407],[-79.952423,40.425305],[-79.952437,40.425201],[-79.952442,40.425098],[-79.952438,40.424994]]]},"properties":{"parcel_id":"0029M00151000000","block_lot":"29-M-151"}},{"type":"Feature","geometry":{"type":"Polygon","coordinates":[[[-79.952566,40.426002],[-79.952757,40.425877],[-79.95271,40.425836],[-79.953124,40.425566],[-79.952958,40.425375],[-79.952795,40.425183],[-79.952636,40.424988],[-79.952813,40.424986],[-79.952859,40.424995],[-79.95288,40.425004],[-79.952899,40.425015],[-79.952929,40.425042],[-79.952947,40.425033],[-79.953492,40.425723],[-79.953621,40.425855],[-79.952916,40.426315],[-79.952566,40.426002]]]},"properties":{"parcel_id":"0029M00151000002","block_lot":"29-M-151-0-2"}},{"type":"Feature","geometry":{"type":"MultiPolygon","coordinates":[[[[-79.952361,40.424527],[-79.952539,40.424756],[-79.952426,40.424755],[-79.952407,40.424661],[-79.952361,40.424527]]],[[[-79.952147,40.424675],[-79.952163,40.424755],[-79.952131,40.424752],[-79.952087,40.424738],[-79.952059,40.424712],[-79.952147,40.424675]]]]},"properties":{"parcel_id":"0029M00151000A02","block_lot":"29-M-151-A-2"}},{"type":"Feature","geometry":{"type":"Polygon","coordinates":[[[-79.954558,40.427676],[-79.954455,40.427632],[-79.954243,40.427551],[-79.954037,40.427484],[-79.953445,40.427309],[-79.952953,40.427219],[-79.952391,40.427169],[-79.952133,40.427166],[-79.952286,40.42704],[-79.953141,40.426318],[-79.953412,40.426147],[-79.954074,40.426687],[-79.954854,40.42745],[-79.954814,40.427477],[-79.954558,40.427676]]]},"properties":{"parcel_id":"0029M00160000000","block_lot":"29-M-160"}},{"type":"Feature","geometry":{"type":"Polygon","coordinates":[[[-79.953326,40.426868],[-79.953258,40.426801],[-79.953424,40.426723],[-79.95351,40.426767],[-79.953326,40.426868]]]},"properties":{"parcel_id":"0029M0016000T100","block_lot":"29-M-160-T1"}},{"type":"Feature","geometry":{"type":"Polygon","coordinates":[[[-79.953125,40.426977],[-79.953067,40.426916],[-79.953258,40.426801],[-79.953326,40.426868],[-79.953125,40.426977]]]},"properties":{"parcel_id":"0029M0016000T200","block_lot":"29-M-160-T2"}},{"type":"Feature","geometry":{"type":"Polygon","coordinates":[[[-79.949344,40.423888],[-79.949693,40.423758],[-79.949791,40.423874],[-79.949417,40.424012],[-79.949344,40.423888]]]},"properties":{"parcel_id":"0029S00096000000","block_lot":"29-S-96"}},{"type":"Feature","geometry":{"type":"Polygon","coordinates":[[[-79.949417,40.424012],[-79.949791,40.423874],[-79.950019,40.424159],[-79.949944,40.424191],[-79.949598,40.424315],[-79.94946,40.424089],[-79.949417,40.424012]]]},"properties":{"parcel_id":"0029S00098000000","block_lot":"29-S-98"}},{"type":"Feature","geometry":{"type":"Polygon","coordinates":[[[-79.950089,40.42444],[-79.949944,40.424191],[-79.950019,40.424159],[-79.950205,40.424394],[-79.950089,40.42444]]]},"properties":{"parcel_id":"0029S00102000000","block_lot":"29-S-102"}},{"type":"Feature","geometry":{"type":"Polygon","coordinates":[[[-79.949931,40.4245],[-79.949785,40.424249],[-79.949944,40.424191],[-79.950089,40.42444],[-79.949931,40.4245]]]},"properties":{"parcel_id":"0029S00104000000","block_lot":"29-S-104"}},{"type":"Feature","geometry":{"type":"Polygon","coordinates":[[[-79.949598,40.424315],[-79.949785,40.424249],[-79.949931,40.4245],[-79.949748,40.424568],[-79.949598,40.424315]]]},"properties":{"parcel_id":"0029S00107000000","block_lot":"29-S-107"}},{"type":"Feature","geometry":{"type":"Polygon","coordinates":[[[-79.949604,40.424979],[-79.949535,40.425003],[-79.949469,40.424899],[-79.949385,40.424757],[-79.949455,40.424731],[-79.949604,40.424979]]]},"properties":{"parcel_id":"0029S00111000000","block_lot":"29-S-111"}},{"type":"Feature","geometry":{"type":"Polygon","coordinates":[[[-79.949455,40.424731],[-79.949522,40.424705],[-79.94967,40.424955],[-79.949604,40.424979],[-79.949455,40.424731]]]},"properties":{"parcel_id":"0029S00112000000","block_lot":"29-S-112"}},{"type":"Feature","geometry":{"type":"Polygon","coordinates":[[[-79.949522,40.424705],[-79.949624,40.424668],[-79.949774,40.424916],[-79.94967,40.424955],[-79.949522,40.424705]]]},"properties":{"parcel_id":"0029S00114000000","block_lot":"29-S-114"}},{"type":"Feature","geometry":{"type":"Polygon","coordinates":[[[-79.949624,40.424668],[-79.949705,40.424637],[-79.949857,40.424886],[-79.949774,40.424916],[-79.949624,40.424668]]]},"properties":{"parcel_id":"0029S00115000000","block_lot":"29-S-115"}},{"type":"Feature","geometry":{"type":"Polygon","coordinates":[[[-79.949937,40.424857],[-79.949857,40.424886],[-79.949705,40.424637],[-79.949784,40.424608],[-79.949937,40.424857]]]},"properties":{"parcel_id":"0029S00116000000","block_lot":"29-S-116"}},{"type":"Feature","geometry":{"type":"Polygon","coordinates":[[[-79.949784,40.424608],[-79.949949,40.424549],[-79.950103,40.424796],[-79.949937,40.424857],[-79.949784,40.424608]]]},"properties":{"parcel_id":"0029S00119000000","block_lot":"29-S-119"}},{"type":"Feature","geometry":{"type":"Polygon","coordinates":[[[-79.94997,40.42458],[-79.950126,40.424519],[-79.950205,40.424649],[-79.950103,40.424796],[-79.94997,40.42458]]]},"properties":{"parcel_id":"0029S00122000000","block_lot":"29-S-122"}},{"type":"Feature","geometry":{"type":"Polygon","coordinates":[[[-79.950126,40.424519],[-79.950335,40.424442],[-79.950205,40.424649],[-79.950126,40.424519]]]},"properties":{"parcel_id":"0029S00125000000","block_lot":"29-S-125"}},{"type":"Feature","geometry":{"type":"Polygon","coordinates":[[[-79.950103,40.424796],[-79.950205,40.424649],[-79.950335,40.424442],[-79.95039,40.424512],[-79.950177,40.42483],[-79.950103,40.424796]]]},"properties":{"parcel_id":"0029S00126000000","block_lot":"29-S-126"}},{"type":"Feature","geometry":{"type":"Polygon","coordinates":[[[-79.950177,40.42483],[-79.95039,40.424512],[-79.950446,40.42458],[-79.950252,40.424868],[-79.950177,40.42483]]]},"properties":{"parcel_id":"0029S00127000000","block_lot":"29-S-127"}},{"type":"Feature","geometry":{"type":"Polygon","coordinates":[[[-79.950252,40.424868],[-79.950446,40.42458],[-79.950554,40.424716],[-79.950404,40.424944],[-79.950252,40.424868]]]},"properties":{"parcel_id":"0029S00129000000","block_lot":"29-S-129"}},{"type":"Feature","geometry":{"type":"Polygon","coordinates":[[[-79.950755,40.424965],[-79.95048,40.42498],[-79.950404,40.424944],[-79.950554,40.424716],[-79.950755,40.424965]]]},"properties":{"parcel_id":"0029S00133000000","block_lot":"29-S-133"}},{"type":"Feature","geometry":{"type":"MultiPolygon","coordinates":[[[[-79.950335,40.423586],[-79.950407,40.423663],[-79.950977,40.424523],[-79.951,40.424593],[-79.951016,40.42466],[-79.951024,40.424717],[-79.951019,40.424803],[-79.951008,40.424865],[-79.950941,40.424998],[-79.950851,40.425083],[-79.950335,40.424442],[-79.949732,40.423712],[-79.950335,40.423586]]],[[[-79.9505,40.423554],[-79.950595,40.423652],[-79.951463,40.424585],[-79.951422,40.424616],[-79.951286,40.424781],[-79.951185,40.424894],[-79.950947,40.425185],[-79.950933,40.425169],[-79.950995,40.425112],[-79.95105,40.425051],[-79.951098,40.424987],[-79.951139,40.42492],[-79.951174,40.424845],[-79.951176,40.424787],[-79.951171,40.424664],[-79.951151,40.424578],[-79.951134,40.424527],[-79.95109,40.424433],[-79.950526,40.423591],[-79.950496,40.423555],[-79.9505,40.423554]]]]},"properties":{"parcel_id":"0029S00160000000","block_lot":"29-S-160"}},{"type":"Feature","geometry":{"type":"Polygon","coordinates":[[[-79.950933,40.425169],[-79.950947,40.425185],[-79.950772,40.425394],[-79.950122,40.425524],[-79.950669,40.425328],[-79.950749,40.425293],[-79.950867,40.425221],[-79.950933,40.425169]]]},"properties":{"parcel_id":"0029S00180000000","block_lot":"29-S-180"}},{"type":"Feature","geometry":{"type":"Polygon","coordinates":[[[-79.950947,40.425185],[-79.951128,40.424963],[-79.951293,40.425159],[-79.950856,40.425377],[-79.950772,40.425394],[-79.950947,40.425185]]]},"properties":{"parcel_id":"0029S00191000000","block_lot":"29-S-191"}},{"type":"Feature","geometry":{"type":"Polygon","coordinates":[[[-79.95137,40.425121],[-79.951293,40.425159],[-79.951128,40.424963],[-79.951185,40.424894],[-79.95137,40.425121]]]},"properties":{"parcel_id":"0029S00192000000","block_lot":"29-S-192"}},{"type":"Feature","geometry":{"type":"Polygon","coordinates":[[[-79.951185,40.424894],[-79.951286,40.424781],[-79.951514,40.425049],[-79.95137,40.425121],[-79.951185,40.424894]]]},"properties":{"parcel_id":"0029S00195000000","block_lot":"29-S-195"}},{"type":"Feature","geometry":{"type":"Polygon","coordinates":[[[-79.951422,40.424616],[-79.951517,40.424544],[-79.951552,40.424712],[-79.951589,40.425011],[-79.951514,40.425049],[-79.951286,40.424781],[-79.951422,40.424616]]]},"properties":{"parcel_id":"0029S00199000000","block_lot":"29-S-199"}},{"type":"Feature","geometry":{"type":"Polygon","coordinates":[[[-79.951552,40.424712],[-79.951675,40.42497],[-79.951589,40.425011],[-79.951552,40.424712]]]},"properties":{"parcel_id":"0029S00200000000","block_lot":"29-S-200"}},{"type":"Feature","geometry":{"type":"Polygon","coordinates":[[[-79.951517,40.424544],[-79.951653,40.42444],[-79.95181,40.424667],[-79.951833,40.424708],[-79.951848,40.424761],[-79.951845,40.424799],[-79.951823,40.424845],[-79.951799,40.424883],[-79.951767,40.424918],[-79.951675,40.42497],[-79.951552,40.424712],[-79.951517,40.424544]]]},"properties":{"parcel_id":"0029S00202000000","block_lot":"29-S-202"}},{"type":"Feature","geometry":{"type":"Polygon","coordinates":[[[-79.950595,40.423652],[-79.95098,40.423468],[-79.951653,40.42444],[-79.951463,40.424585],[-79.950595,40.423652]]]},"properties":{"parcel_id":"0029S00215000A00","block_lot":"29-S-215-A"}},{"type":"Feature","geometry":{"type":"MultiPolygon","coordinates":[[[[-79.945116,40.41183],[-79.945649,40.412834],[-79.945547,40.412862],[-79.946065,40.413849],[-79.947023,40.415656],[-79.947819,40.417213],[-79.948582,40.418684],[-79.948528,40.418702],[-79.948353,40.418751],[-79.948938,40.41994],[-79.949469,40.420706],[-79.949908,40.421312],[-79.950638,40.422394],[-79.950507,40.422447],[-79.949469,40.420883],[-79.949279,40.420602],[-79.948718,40.419683],[-79.945984,40.414376],[-79.945729,40.413848],[-79.945401,40.413138],[-79.945325,40.412956],[-79.945261,40.412822],[-79.945202,40.412432],[-79.94517,40.412032],[-79.945158,40.411964],[-79.94514,40.411896],[-79.945116,40.41183]]],[[[-79.952032,40.424136],[-79.952361,40.424527],[-79.952407,40.424661],[-79.952426,40.424755],[-79.952163,40.424755],[-79.952121,40.424534],[-79.952053,40.424359],[-79.951933,40.424184],[-79.952032,40.424136]]]]},"properties":{"parcel_id":"0029S00250000A00","block_lot":"29-S-250-A"}},{"type":"Feature","geometry":{"type":"Polygon","coordinates":[[[-79.952147,40.424675],[-79.952059,40.424712],[-79.952057,40.424711],[-79.951266,40.423558],[-79.951038,40.423263],[-79.950868,40.422994],[-79.950995,40.422944],[-79.951305,40.423338],[-79.951933,40.424184],[-79.952053,40.424359],[-79.952121,40.424534],[-79.952147,40.424675]]]},"properties":{"parcel_id":"0029S00250000B00","block_lot":"29-S-250-B"}},{"type":"Feature","geometry":{"type":"Polygon","coordinates":[[[-79.952361,40.424527],[-79.952032,40.424136],[-79.951964,40.424168],[-79.951343,40.423325],[-79.950638,40.422394],[-79.949908,40.421312],[-79.949469,40.420706],[-79.948938,40.41994],[-79.948353,40.418751],[-79.948528,40.418702],[-79.948635,40.41891],[-79.949147,40.41997],[-79.950904,40.4224],[-79.951059,40.422608],[-79.951071,40.422604],[-79.952003,40.423837],[-79.952055,40.423814],[-79.952122,40.423911],[-79.952097,40.42392],[-79.952246,40.424122],[-79.952191,40.424146],[-79.952664,40.424756],[-79.952539,40.424756],[-79.952361,40.424527]]]},"properties":{"parcel_id":"0029S00260000A00","block_lot":"29-S-260-A"}},{"type":"Feature","geometry":{"type":"Polygon","coordinates":[[[-79.952191,40.424146],[-79.9523,40.424098],[-79.952444,40.424287],[-79.952787,40.424755],[-79.952664,40.424756],[-79.952191,40.424146]]]},"properties":{"parcel_id":"0029S00260000A01","block_lot":"29-S-260-A-1"}},{"type":"Feature","geometry":{"type":"Polygon","coordinates":[[[-79.949108,40.422959],[-79.949469,40.422789],[-79.949597,40.422732],[-79.949929,40.423117],[-79.949423,40.423339],[-79.949108,40.422959]]]},"properties":{"parcel_id":"0030D00022000000","block_lot":"30-D-22"}},{"type":"Feature","geometry":{"type":"Polygon","coordinates":[[[-79.949423,40.423339],[-79.949929,40.423117],[-79.950056,40.423263],[-79.949549,40.423491],[-79.949423,40.423339]]]},"properties":{"parcel_id":"0030D00025000000","block_lot":"30-D-25"}},{"type":"Feature","geometry":{"type":"Polygon","coordinates":[[[-79.949549,40.423491],[-79.950056,40.423263],[-79.950112,40.423329],[-79.949599,40.423552],[-79.949549,40.423491]]]},"properties":{"parcel_id":"0030D00026000000","block_lot":"30-D-26"}},{"type":"Feature","geometry":{"type":"Polygon","coordinates":[[[-79.950335,40.423586],[-79.949732,40.423712],[-79.949599,40.423552],[-79.950112,40.423329],[-79.950335,40.423586]]]},"properties":{"parcel_id":"0030D00027000000","block_lot":"30-D-27"}},{"type":"Feature","geometry":{"type":"Polygon","coordinates":[[[-79.950251,40.423268],[-79.950706,40.423067],[-79.950893,40.423342],[-79.950676,40.423513],[-79.950496,40.423555],[-79.950251,40.423268]]]},"properties":{"parcel_id":"0030D00034000000","block_lot":"30-D-34"}},{"type":"Feature","geometry":{"type":"Polygon","coordinates":[[[-79.950195,40.423203],[-79.950661,40.423001],[-79.950706,40.423067],[-79.950251,40.423268],[-79.950195,40.423203]]]},"properties":{"parcel_id":"0030D00040000000","block_lot":"30-D-40"}},{"type":"Feature","geometry":{"type":"Polygon","coordinates":[[[-79.950071,40.423059],[-79.950557,40.422849],[-79.950661,40.423001],[-79.950195,40.423203],[-79.950071,40.423059]]]},"properties":{"parcel_id":"0030D00041000000","block_lot":"30-D-41"}},{"type":"Feature","geometry":{"type":"Polygon","coordinates":[[[-79.949708,40.422636],[-79.950249,40.422397],[-79.950557,40.422849],[-79.950071,40.423059],[-79.949708,40.422636]]]},"properties":{"parcel_id":"0030D00044000000","block_lot":"30-D-44"}},{"type":"Feature","geometry":{"type":"Polygon","coordinates":[[[-79.950249,40.422397],[-79.949708,40.422636],[-79.949309,40.422171],[-79.949469,40.4221],[-79.949711,40.422002],[-79.949925,40.42192],[-79.950249,40.422397]]]},"properties":{"parcel_id":"0030D00052000A00","block_lot":"30-D-52-A"}},{"type":"Feature","geometry":{"type":"Polygon","coordinates":[[[-79.949507,40.421718],[-79.949728,40.421631],[-79.949766,40.421688],[-79.949543,40.42177],[-79.949507,40.421718]]]},"properties":{"parcel_id":"0030D00065000000","block_lot":"30-D-65"}},{"type":"Feature","geometry":{"type":"Polygon","coordinates":[[[-79.949401,40.421567],[-79.949625,40.421482],[-79.949728,40.421631],[-79.949507,40.421718],[-79.949401,40.421567]]]},"properties":{"parcel_id":"0030D00066000000","block_lot":"30-D-66"}},{"type":"Feature","geometry":{"type":"Polygon","coordinates":[[[-79.949766,40.421688],[-79.949804,40.421743],[-79.949582,40.421825],[-79.949543,40.42177],[-79.949766,40.421688]]]},"properties":{"parcel_id":"0030D00067000000","block_lot":"30-D-67"}},{"type":"Feature","geometry":{"type":"Polygon","coordinates":[[[-79.949804,40.421743],[-79.949844,40.421802],[-79.949624,40.421884],[-79.949582,40.421825],[-79.949804,40.421743]]]},"properties":{"parcel_id":"0030D00068000000","block_lot":"30-D-68"}},{"type":"Feature","geometry":{"type":"Polygon","coordinates":[[[-79.949624,40.421884],[-79.949844,40.421802],[-79.949885,40.421862],[-79.949667,40.421943],[-79.949624,40.421884]]]},"properties":{"parcel_id":"0030D00069000000","block_lot":"30-D-69"}},{"type":"Feature","geometry":{"type":"Polygon","coordinates":[[[-79.949667,40.421943],[-79.949885,40.421862],[-79.949925,40.42192],[-79.949711,40.422002],[-79.949667,40.421943]]]},"properties":{"parcel_id":"0030D00071000000","block_lot":"30-D-71"}},{"type":"Feature","geometry":{"type":"Polygon","coordinates":[[[-79.9505,40.423554],[-79.950676,40.423513],[-79.950893,40.423342],[-79.950939,40.423409],[-79.950538,40.423593],[-79.9505,40.423554]]]},"properties":{"parcel_id":"0030D00099000000","block_lot":"30-D-99"}},{"type":"Feature","geometry":{"type":"Polygon","coordinates":[[[-79.950538,40.423593],[-79.950939,40.423409],[-79.95098,40.423468],[-79.950595,40.423652],[-79.950538,40.423593]]]},"properties":{"parcel_id":"0030D00100000000","block_lot":"30-D-100"}},{"type":"Feature","geometry":{"type":"Polygon","coordinates":[[[-79.950904,40.4224],[-79.950977,40.42237],[-79.952055,40.423814],[-79.952003,40.423837],[-79.951071,40.422604],[-79.951059,40.422608],[-79.950904,40.4224]]]},"properties":{"parcel_id":"0030D00102000000","block_lot":"30-D-102"}},{"type":"Feature","geometry":{"type":"Polygon","coordinates":[[[-79.952132,40.423659],[-79.952148,40.423653],[-79.950494,40.421429],[-79.951745,40.42088],[-79.951991,40.421465],[-79.952063,40.421625],[-79.953274,40.423959],[-79.953336,40.424066],[-79.953406,40.424171],[-79.953483,40.424272],[-79.953567,40.424371],[-79.953657,40.424466],[-79.953753,40.424558],[-79.954622,40.425339],[-79.954898,40.425601],[-79.955057,40.425764],[-79.955681,40.426435],[-79.955657,40.42645],[-79.955694,40.426496],[-79.955723,40.426544],[-79.955744,40.426595],[-79.955758,40.426648],[-79.955763,40.426701],[-79.95576,40.426755],[-79.955748,40.426808],[-79.955729,40.426859],[-79.955701,40.426908],[-79.955666,40.426955],[-79.955624,40.426998],[-79.955576,40.427037],[-79.955522,40.427071],[-79.955315,40.427187],[-79.955288,40.427198],[-79.955258,40.427206],[-79.955228,40.427209],[-79.955197,40.427209],[-79.955166,40.427205],[-79.955137,40.427197],[-79.95511,40.427186],[-79.955085,40.427171],[-79.955064,40.427153],[-79.954962,40.427043],[-79.954933,40.42706],[-79.953664,40.425696],[-79.952132,40.423659]]]},"properties":{"parcel_id":"0030D00125000000","block_lot":"30-D-125"}},{"type":"Feature","geometry":{"type":"Polygon","coordinates":[[[-79.95003,40.420804],[-79.951436,40.420149],[-79.951745,40.42088],[-79.950494,40.421429],[-79.95003,40.420804]]]},"properties":{"parcel_id":"0030H00125000000","block_lot":"30-H-125"}},{"type":"Feature","geometry":{"type":"Polygon","coordinates":[[[-79.94983,40.420515],[-79.949843,40.420425],[-79.949865,40.420335],[-79.949895,40.420247],[-79.949933,40.420161],[-79.94998,40.420077],[-79.950035,40.419996],[-79.950097,40.419918],[-79.950166,40.419844],[-79.950242,40.419774],[-79.950325,40.419709],[-79.95038,40.419748],[-79.950718,40.419502],[-79.950825,40.419414],[-79.950926,40.419322],[-79.951022,40.419227],[-79.951065,40.419271],[-79.951436,40.420149],[-79.95003,40.420804],[-79.94983,40.420515]]]},"properties":{"parcel_id":"0030H00150000000","block_lot":"30-H-150"}},{"type":"Feature","geometry":{"type":"Polygon","coordinates":[[[-79.951429,40.412092],[-79.951455,40.412086],[-79.951528,40.41262],[-79.951562,40.412962],[-79.95159,40.413304],[-79.951603,40.413602],[-79.951612,40.413899],[-79.951663,40.416823],[-79.951684,40.418118],[-79.951717,40.418751],[-79.951342,40.418774],[-79.951377,40.418662],[-79.951404,40.418549],[-79.951422,40.418435],[-79.951431,40.41832],[-79.951432,40.418206],[-79.951404,40.417473],[-79.951385,40.417478],[-79.951222,40.413574],[-79.951239,40.41337],[-79.951535,40.413302],[-79.951429,40.412092]]]},"properties":{"parcel_id":"0030M00070000000","block_lot":"30-M-70"}},{"type":"Feature","geometry":{"type":"Polygon","coordinates":[[[-79.951342,40.418774],[-79.951304,40.418863],[-79.951263,40.418946],[-79.951215,40.419027],[-79.951173,40.418946],[-79.950996,40.418672],[-79.951027,40.41856],[-79.951048,40.418446],[-79.95106,40.418331],[-79.951063,40.418217],[-79.951038,40.417576],[-79.951056,40.417569],[-79.950889,40.413457],[-79.950958,40.413438],[-79.950897,40.412219],[-79.951429,40.412092],[-79.951535,40.413302],[-79.951239,40.41337],[-79.951222,40.413574],[-79.951385,40.417478],[-79.951404,40.417473],[-79.951432,40.418206],[-79.951431,40.41832],[-79.951422,40.418435],[-79.951404,40.418549],[-79.951377,40.418662],[-79.951342,40.418774]]]},"properties":{"parcel_id":"0030M00074000000","block_lot":"30-M-74"}},{"type":"Feature","geometry":{"type":"Polygon","coordinates":[[[-79.949729,40.413261],[-79.950937,40.413018],[-79.950958,40.413438],[-79.950889,40.413457],[-79.951056,40.417569],[-79.951038,40.417576],[-79.951063,40.418217],[-79.95106,40.418331],[-79.951048,40.418446],[-79.951027,40.41856],[-79.950996,40.418672],[-79.950856,40.418448],[-79.950823,40.418387],[-79.950799,40.418324],[-79.950776,40.418217],[-79.950759,40.418109],[-79.950749,40.418],[-79.950746,40.417891],[-79.950749,40.417782],[-79.950759,40.417674],[-79.950837,40.417158],[-79.950862,40.416954],[-79.950877,40.416749],[-79.950882,40.416543],[-79.950878,40.416338],[-79.950865,40.416148],[-79.950843,40.415959],[-79.950814,40.415771],[-79.950757,40.415449],[-79.950725,40.415303],[-79.950688,40.415157],[-79.950646,40.415012],[-79.950598,40.414868],[-79.950512,40.414659],[-79.950283,40.414135],[-79.950211,40.413986],[-79.950131,40.413839],[-79.950042,40.413695],[-79.949945,40.413554],[-79.949729,40.413261]]]},"properties":{"parcel_id":"0030M00080000000","block_lot":"30-M-80"}},{"type":"Feature","geometry":{"type":"Polygon","coordinates":[[[-79.94914,40.412462],[-79.950877,40.412115],[-79.950897,40.412219],[-79.950937,40.413018],[-79.949729,40.413261],[-79.94914,40.412462]]]},"properties":{"parcel_id":"0031D00092000000","block_lot":"31-D-92"}},{"type":"Feature","geometry":{"type":"Polygon","coordinates":[[[-79.95097,40.409765],[-79.951288,40.409685],[-79.951466,40.411329],[-79.951246,40.411382],[-79.95097,40.409765]]]},"properties":{"parcel_id":"0031H00030000000","block_lot":"31-H-30"}},{"type":"Feature","geometry":{"type":"Polygon","coordinates":[[[-79.949268,40.423764],[-79.949602,40.423643],[-79.949693,40.423758],[-79.949344,40.423888],[-79.949268,40.423764]]]},"properties":{"parcel_id":"0054N00001000000","block_lot":"54-N-1"}},{"type":"Feature","geometry":{"type":"Polygon","coordinates":[[[-79.949189,40.423641],[-79.949504,40.423527],[-79.949602,40.423643],[-79.949268,40.423764],[-79.949189,40.423641]]]},"properties":{"parcel_id":"0054N00004000000","block_lot":"54-N-4"}},{"type":"Feature","geometry":{"type":"Polygon","coordinates":[[[-79.949081,40.423598],[-79.94912,40.423671],[-79.948797,40.423783],[-79.948729,40.423676],[-79.949058,40.42356],[-79.949081,40.423598]]]},"properties":{"parcel_id":"0054N00009000000","block_lot":"54-N-9"}},{"type":"Feature","geometry":{"type":"Polygon","coordinates":[[[-79.948797,40.423783],[-79.94912,40.423671],[-79.949192,40.423789],[-79.948873,40.423909],[-79.948797,40.423783]]]},"properties":{"parcel_id":"0054N00011000000","block_lot":"54-N-11"}},{"type":"Feature","geometry":{"type":"Polygon","coordinates":[[[-79.948949,40.424032],[-79.948873,40.423909],[-79.949192,40.423789],[-79.949269,40.423915],[-79.948949,40.424032]]]},"properties":{"parcel_id":"0054N00013000000","block_lot":"54-N-13"}},{"type":"Feature","geometry":{"type":"Polygon","coordinates":[[[-79.949021,40.424152],[-79.948949,40.424032],[-79.949269,40.423915],[-79.949344,40.424035],[-79.949021,40.424152]]]},"properties":{"parcel_id":"0054N00015000000","block_lot":"54-N-15"}},{"type":"Feature","geometry":{"type":"Polygon","coordinates":[[[-79.949021,40.424152],[-79.949344,40.424035],[-79.949384,40.424102],[-79.949059,40.424215],[-79.949021,40.424152]]]},"properties":{"parcel_id":"0054N00016000000","block_lot":"54-N-16"}},{"type":"Feature","geometry":{"type":"Polygon","coordinates":[[[-79.949059,40.424215],[-79.949384,40.424102],[-79.94942,40.424162],[-79.949098,40.42428],[-79.949059,40.424215]]]},"properties":{"parcel_id":"0054N00017000000","block_lot":"54-N-17"}},{"type":"Feature","geometry":{"type":"Polygon","coordinates":[[[-79.949098,40.42428],[-79.94942,40.424162],[-79.94946,40.424225],[-79.949137,40.424344],[-79.949098,40.42428]]]},"properties":{"parcel_id":"0054N00018000000","block_lot":"54-N-18"}},{"type":"Feature","geometry":{"type":"Polygon","coordinates":[[[-79.949137,40.424344],[-79.94946,40.424225],[-79.949498,40.424286],[-79.949175,40.424406],[-79.949137,40.424344]]]},"properties":{"parcel_id":"0054N00019000000","block_lot":"54-N-19"}},{"type":"Feature","geometry":{"type":"Polygon","coordinates":[[[-79.949175,40.424406],[-79.949498,40.424286],[-79.949581,40.424422],[-79.949254,40.424537],[-79.949175,40.424406]]]},"properties":{"parcel_id":"0054N00021000000","block_lot":"54-N-21"}},{"type":"Feature","geometry":{"type":"Polygon","coordinates":[[[-79.949254,40.424537],[-79.949581,40.424422],[-79.949687,40.424592],[-79.949361,40.424714],[-79.949254,40.424537]]]},"properties":{"parcel_id":"0054N00025000000","block_lot":"54-N-25"}},{"type":"Feature","geometry":{"type":"Polygon","coordinates":[[[-79.948624,40.423548],[-79.94895,40.423435],[-79.948991,40.423502],[-79.948664,40.423614],[-79.948624,40.423548]]]},"properties":{"parcel_id":"0055A00218000000","block_lot":"55-A-218"}},{"type":"Feature","geometry":{"type":"Polygon","coordinates":[[[-79.948587,40.423488],[-79.948913,40.423375],[-79.94895,40.423435],[-79.948624,40.423548],[-79.948587,40.423488]]]},"properties":{"parcel_id":"0055A00219000000","block_lot":"55-A-219"}},{"type":"Feature","geometry":{"type":"Polygon","coordinates":[[[-79.948551,40.42343],[-79.948878,40.423318],[-79.948913,40.423375],[-79.948587,40.423488],[-79.948551,40.42343]]]},"properties":{"parcel_id":"0055A00220000000","block_lot":"55-A-220"}},{"type":"Feature","geometry":{"type":"Polygon","coordinates":[[[-79.948474,40.423306],[-79.948802,40.423195],[-79.948878,40.423318],[-79.948551,40.42343],[-79.948474,40.423306]]]},"properties":{"parcel_id":"0055A00221000000","block_lot":"55-A-221"}},{"type":"Feature","geometry":{"type":"Polygon","coordinates":[[[-79.948474,40.423306],[-79.948439,40.42325],[-79.948766,40.423135],[-79.948802,40.423195],[-79.948474,40.423306]]]},"properties":{"parcel_id":"0055A00223000000","block_lot":"55-A-223"}},{"type":"Feature","geometry":{"type":"Polygon","coordinates":[[[-79.948439,40.42325],[-79.948396,40.42318],[-79.948726,40.423071],[-79.948766,40.423135],[-79.948439,40.42325]]]},"properties":{"parcel_id":"0055A00224000000","block_lot":"55-A-224"}},{"type":"Feature","geometry":{"type":"Polygon","coordinates":[[[-79.948363,40.423125],[-79.948689,40.42301],[-79.948726,40.423071],[-79.948396,40.42318],[-79.948363,40.423125]]]},"properties":{"parcel_id":"0055A00225000000","block_lot":"55-A-225"}},{"type":"Feature","geometry":{"type":"Polygon","coordinates":[[[-79.948325,40.423064],[-79.948652,40.42295],[-79.948689,40.42301],[-79.948363,40.423125],[-79.948325,40.423064]]]},"properties":{"parcel_id":"0055A00226000000","block_lot":"55-A-226"}},{"type":"Feature","geometry":{"type":"Polygon","coordinates":[[[-79.948652,40.42295],[-79.948325,40.423064],[-79.948287,40.423003],[-79.948627,40.42291],[-79.948652,40.42295]]]},"properties":{"parcel_id":"0055A00227000000","block_lot":"55-A-227"}},{"type":"Feature","geometry":{"type":"Polygon","coordinates":[[[-79.948181,40.422833],[-79.948505,40.422717],[-79.948555,40.4228],[-79.948218,40.422894],[-79.948181,40.422833]]]},"properties":{"parcel_id":"0055A00229000000","block_lot":"55-A-229"}},{"type":"Feature","geometry":{"type":"Polygon","coordinates":[[[-79.94814,40.422766],[-79.948467,40.422654],[-79.948505,40.422717],[-79.948181,40.422833],[-79.94814,40.422766]]]},"properties":{"parcel_id":"0055A00230000000","block_lot":"55-A-230"}},{"type":"Feature","geometry":{"type":"Polygon","coordinates":[[[-79.948103,40.422705],[-79.94843,40.422593],[-79.948467,40.422654],[-79.94814,40.422766],[-79.948103,40.422705]]]},"properties":{"parcel_id":"0055A00231000000","block_lot":"55-A-231"}},{"type":"Feature","geometry":{"type":"Polygon","coordinates":[[[-79.948029,40.422583],[-79.948354,40.422467],[-79.94843,40.422593],[-79.948103,40.422705],[-79.948029,40.422583]]]},"properties":{"parcel_id":"0055A00232000000","block_lot":"55-A-232"}},{"type":"Feature","geometry":{"type":"Polygon","coordinates":[[[-79.948029,40.422583],[-79.947989,40.422518],[-79.948316,40.422405],[-79.948354,40.422467],[-79.948029,40.422583]]]},"properties":{"parcel_id":"0055A00234000000","block_lot":"55-A-234"}},{"type":"Feature","geometry":{"type":"Polygon","coordinates":[[[-79.947875,40.422331],[-79.948205,40.422221],[-79.948279,40.422343],[-79.947952,40.422457],[-79.947875,40.422331]]]},"properties":{"parcel_id":"0055A00235000000","block_lot":"55-A-235"}},{"type":"Feature","geometry":{"type":"Polygon","coordinates":[[[-79.947952,40.422457],[-79.948279,40.422343],[-79.948316,40.422405],[-79.947989,40.422518],[-79.947952,40.422457]]]},"properties":{"parcel_id":"0055A00235000A00","block_lot":"55-A-235-A"}},{"type":"Feature","geometry":{"type":"Polygon","coordinates":[[[-79.947875,40.422331],[-79.947837,40.422268],[-79.948168,40.42216],[-79.948205,40.422221],[-79.947875,40.422331]]]},"properties":{"parcel_id":"0055A00238000000","block_lot":"55-A-238"}},{"type":"Feature","geometry":{"type":"Polygon","coordinates":[[[-79.948168,40.42216],[-79.947837,40.422268],[-79.947762,40.422146],[-79.948091,40.422033],[-79.948168,40.42216]]]},"properties":{"parcel_id":"0055A00239000000","block_lot":"55-A-239"}},{"type":"Feature","geometry":{"type":"Polygon","coordinates":[[[-79.947762,40.422146],[-79.947669,40.421993],[-79.948082,40.422018],[-79.948091,40.422033],[-79.947762,40.422146]]]},"properties":{"parcel_id":"0055A00241000000","block_lot":"55-A-241"}},{"type":"Feature","geometry":{"type":"Polygon","coordinates":[[[-79.947669,40.421993],[-79.947596,40.421869],[-79.948249,40.421912],[-79.948354,40.422031],[-79.948165,40.42202],[-79.948082,40.422018],[-79.947669,40.421993]]]},"properties":{"parcel_id":"0055A00243000000","block_lot":"55-A-243"}},{"type":"Feature","geometry":{"type":"Polygon","coordinates":[[[-79.948354,40.422031],[-79.948611,40.422353],[-79.948405,40.42242],[-79.948165,40.42202],[-79.948354,40.422031]]]},"properties":{"parcel_id":"0055A00244000000","block_lot":"55-A-244"}},{"type":"Feature","geometry":{"type":"Polygon","coordinates":[[[-79.948649,40.422403],[-79.948907,40.422703],[-79.948626,40.422778],[-79.948439,40.422473],[-79.948649,40.422403]]]},"properties":{"parcel_id":"0055A00254000000","block_lot":"55-A-254"}},{"type":"Feature","geometry":{"type":"Polygon","coordinates":[[[-79.94892,40.422825],[-79.949129,40.423074],[-79.948866,40.423167],[-79.948696,40.422889],[-79.94892,40.422825]]]},"properties":{"parcel_id":"0055A00260000000","block_lot":"55-A-260"}},{"type":"Feature","geometry":{"type":"Polygon","coordinates":[[[-79.948866,40.423167],[-79.949129,40.423074],[-79.949231,40.423195],[-79.948943,40.423295],[-79.948866,40.423167]]]},"properties":{"parcel_id":"0055A00263000000","block_lot":"55-A-263"}},{"type":"Feature","geometry":{"type":"Polygon","coordinates":[[[-79.949231,40.423195],[-79.949333,40.423317],[-79.949367,40.423353],[-79.949054,40.423477],[-79.948943,40.423295],[-79.949231,40.423195]]]},"properties":{"parcel_id":"0055A00264000000","block_lot":"55-A-264"}},{"type":"Feature","geometry":{"type":"Polygon","coordinates":[[[-79.949504,40.423527],[-79.949189,40.423641],[-79.94911,40.42351],[-79.949402,40.423402],[-79.949504,40.423527]]]},"properties":{"parcel_id":"0055A00268000000","block_lot":"55-A-268"}},{"type":"Feature","geometry":{"type":"Polygon","coordinates":[[[-79.947481,40.421591],[-79.947474,40.421861],[-79.947339,40.421835],[-79.945914,40.421138],[-79.945733,40.420808],[-79.946216,40.420988],[-79.947436,40.42159],[-79.947481,40.421591]]]},"properties":{"parcel_id":"0055A00291000000","block_lot":"55-A-291"}},{"type":"Feature","geometry":{"type":"Polygon","coordinates":[[[-79.947392,40.421225],[-79.947456,40.421526],[-79.947439,40.421525],[-79.946695,40.421159],[-79.947311,40.421235],[-79.947392,40.421225]]]},"properties":{"parcel_id":"0055A00317000000","block_lot":"55-A-317"}},{"type":"Feature","geometry":{"type":"Polygon","coordinates":[[[-79.948354,40.422031],[-79.948249,40.421912],[-79.947474,40.421861],[-79.947482,40.421528],[-79.947456,40.421526],[-79.947392,40.421225],[-79.947571,40.421204],[-79.948092,40.420928],[-79.948059,40.421334],[-79.948259,40.421564],[-79.949002,40.421992],[-79.948505,40.42222],[-79.948354,40.422031]]]},"properties":{"parcel_id":"0055A00330000000","block_lot":"55-A-330"}},{"type":"Feature","geometry":{"type":"Polygon","coordinates":[[[-79.948677,40.422436],[-79.948505,40.42222],[-79.949002,40.421992],[-79.949021,40.422003],[-79.94918,40.422223],[-79.948677,40.422436]]]},"properties":{"parcel_id":"0055A00334000000","block_lot":"55-A-334"}},{"type":"Feature","geometry":{"type":"Polygon","coordinates":[[[-79.948907,40.422703],[-79.948677,40.422436],[-79.94918,40.422223],[-79.949232,40.422296],[-79.949469,40.422584],[-79.949597,40.422732],[-79.949469,40.422789],[-79.949108,40.422959],[-79.948907,40.422703]]]},"properties":{"parcel_id":"0055A00335000A00","block_lot":"55-A-335-A"}},{"type":"Feature","geometry":{"type":"Polygon","coordinates":[[[-79.949269,40.422113],[-79.949667,40.421943],[-79.949711,40.422002],[-79.949469,40.4221],[-79.949309,40.422171],[-79.949269,40.422113]]]},"properties":{"parcel_id":"0055A00345000000","block_lot":"55-A-345"}},{"type":"Feature","geometry":{"type":"Polygon","coordinates":[[[-79.949233,40.42206],[-79.949624,40.421884],[-79.949667,40.421943],[-79.949269,40.422113],[-79.949233,40.42206]]]},"properties":{"parcel_id":"0055A00346000000","block_lot":"55-A-346"}},{"type":"Feature","geometry":{"type":"Polygon","coordinates":[[[-79.949194,40.422004],[-79.949582,40.421825],[-79.949624,40.421884],[-79.949233,40.42206],[-79.949194,40.422004]]]},"properties":{"parcel_id":"0055A00347000000","block_lot":"55-A-347"}},{"type":"Feature","geometry":{"type":"Polygon","coordinates":[[[-79.949146,40.421933],[-79.949476,40.421795],[-79.949543,40.42177],[-79.949582,40.421825],[-79.949194,40.422004],[-79.949146,40.421933]]]},"properties":{"parcel_id":"0055A00348000000","block_lot":"55-A-348"}},{"type":"Feature","geometry":{"type":"Polygon","coordinates":[[[-79.948248,40.420861],[-79.948348,40.420874],[-79.948711,40.42071],[-79.949476,40.421795],[-79.949146,40.421933],[-79.948377,40.421484],[-79.948211,40.421296],[-79.948248,40.420861]]]},"properties":{"parcel_id":"0055A00349000000","block_lot":"55-A-349"}},{"type":"Feature","geometry":{"type":"Polygon","coordinates":[[[-79.949299,40.42142],[-79.949522,40.42133],[-79.949625,40.421482],[-79.949401,40.421567],[-79.949299,40.42142]]]},"properties":{"parcel_id":"0055A00380000000","block_lot":"55-A-380"}},{"type":"Feature","geometry":{"type":"Polygon","coordinates":[[[-79.949221,40.421306],[-79.94945,40.421222],[-79.949522,40.42133],[-79.949299,40.42142],[-79.949221,40.421306]]]},"properties":{"parcel_id":"0055A00381000000","block_lot":"55-A-381"}},{"type":"Feature","geometry":{"type":"Polygon","coordinates":[[[-79.949142,40.421191],[-79.949373,40.4211],[-79.94945,40.421222],[-79.949221,40.421306],[-79.949142,40.421191]]]},"properties":{"parcel_id":"0055A00383000000","block_lot":"55-A-383"}},{"type":"Feature","geometry":{"type":"Polygon","coordinates":[[[-79.949142,40.421191],[-79.949058,40.42107],[-79.949298,40.42098],[-79.949373,40.4211],[-79.949142,40.421191]]]},"properties":{"parcel_id":"0055E00040000000","block_lot":"55-E-40"}},{"type":"Feature","geometry":{"type":"Polygon","coordinates":[[[-79.949256,40.420914],[-79.949298,40.42098],[-79.949058,40.42107],[-79.949011,40.421003],[-79.949256,40.420914]]]},"properties":{"parcel_id":"0055E00042000000","block_lot":"55-E-42"}},{"type":"Feature","geometry":{"type":"Polygon","coordinates":[[[-79.948924,40.420877],[-79.949174,40.420783],[-79.949256,40.420914],[-79.949011,40.421003],[-79.948924,40.420877]]]},"properties":{"parcel_id":"0055E00043000000","block_lot":"55-E-43"}},{"type":"Feature","geometry":{"type":"Polygon","coordinates":[[[-79.949174,40.420783],[-79.948924,40.420877],[-79.948799,40.420696],[-79.949065,40.420608],[-79.949174,40.420783]]]},"properties":{"parcel_id":"0055E00045000000","block_lot":"55-E-45"}},{"type":"Feature","geometry":{"type":"Polygon","coordinates":[[[-79.948777,40.420617],[-79.949015,40.420528],[-79.949047,40.420581],[-79.948806,40.420659],[-79.948777,40.420617]]]},"properties":{"parcel_id":"0055E00049000000","block_lot":"55-E-49"}},{"type":"Feature","geometry":{"type":"Polygon","coordinates":[[[-79.948739,40.420564],[-79.948984,40.42048],[-79.949015,40.420528],[-79.948777,40.420617],[-79.948739,40.420564]]]},"properties":{"parcel_id":"0055E00050000000","block_lot":"55-E-50"}},{"type":"Feature","geometry":{"type":"Polygon","coordinates":[[[-79.948706,40.420516],[-79.948952,40.420429],[-79.948984,40.42048],[-79.948739,40.420564],[-79.948706,40.420516]]]},"properties":{"parcel_id":"0055E00051000000","block_lot":"55-E-51"}},{"type":"Feature","geometry":{"type":"Polygon","coordinates":[[[-79.948673,40.420469],[-79.948922,40.42038],[-79.948952,40.420429],[-79.948706,40.420516],[-79.948673,40.420469]]]},"properties":{"parcel_id":"0055E00052000000","block_lot":"55-E-52"}},{"type":"Feature","geometry":{"type":"Polygon","coordinates":[[[-79.948922,40.42038],[-79.948673,40.420469],[-79.948482,40.420196],[-79.948733,40.420076],[-79.948922,40.42038]]]},"properties":{"parcel_id":"0055E00053000000","block_lot":"55-E-53"}},{"type":"Feature","geometry":{"type":"Polygon","coordinates":[[[-79.947463,40.419697],[-79.948309,40.4193],[-79.948453,40.419564],[-79.948289,40.419636],[-79.948439,40.419897],[-79.948596,40.419826],[-79.948733,40.420076],[-79.948482,40.420196],[-79.948006,40.420415],[-79.94752,40.419761],[-79.947463,40.419697]]]},"properties":{"parcel_id":"0055E00058000000","block_lot":"55-E-58"}},{"type":"Feature","geometry":{"type":"Polygon","coordinates":[[[-79.94853,40.418201],[-79.949902,40.417778],[-79.949927,40.417775],[-79.949952,40.417775],[-79.950501,40.417796],[-79.9505,40.41791],[-79.950507,40.418023],[-79.950522,40.418136],[-79.950544,40.418249],[-79.950574,40.41836],[-79.950611,40.418471],[-79.950638,40.418609],[-79.950658,40.418686],[-79.950686,40.418761],[-79.950722,40.418834],[-79.950766,40.418905],[-79.950777,40.418998],[-79.950742,40.419044],[-79.950658,40.419068],[-79.950677,40.419115],[-79.950571,40.419208],[-79.950457,40.419297],[-79.950118,40.419541],[-79.950178,40.419588],[-79.950087,40.419658],[-79.950002,40.419732],[-79.949925,40.41981],[-79.949855,40.419892],[-79.949793,40.419978],[-79.949739,40.420067],[-79.949693,40.420159],[-79.949655,40.420253],[-79.949509,40.420029],[-79.94937,40.419802],[-79.948863,40.41886],[-79.94853,40.418201]]]},"properties":{"parcel_id":"0055E00062000000","block_lot":"55-E-62"}},{"type":"Feature","geometry":{"type":"Polygon","coordinates":[[[-79.948453,40.419564],[-79.948596,40.419826],[-79.948439,40.419897],[-79.948289,40.419636],[-79.948453,40.419564]]]},"properties":{"parcel_id":"0055E00065000000","block_lot":"55-E-65"}},{"type":"Feature","geometry":{"type":"Polygon","coordinates":[[[-79.949655,40.420253],[-79.949693,40.420159],[-79.949739,40.420067],[-79.949793,40.419978],[-79.949855,40.419892],[-79.949925,40.41981],[-79.950002,40.419732],[-79.950087,40.419658],[-79.950178,40.419588],[-79.950118,40.419541],[-79.950457,40.419297],[-79.950571,40.419208],[-79.950677,40.419115],[-79.950658,40.419068],[-79.950742,40.419044],[-79.950777,40.418998],[-79.950785,40.419063],[-79.95079,40.419075],[-79.950808,40.419096],[-79.95082,40.419105],[-79.950976,40.41918],[-79.951022,40.419227],[-79.950926,40.419322],[-79.950825,40.419414],[-79.950718,40.419502],[-79.95038,40.419748],[-79.950325,40.419709],[-79.950242,40.419774],[-79.950166,40.419844],[-79.950097,40.419918],[-79.950035,40.419996],[-79.94998,40.420077],[-79.949933,40.420161],[-79.949895,40.420247],[-79.949865,40.420335],[-79.949843,40.420425],[-79.94983,40.420515],[-79.949655,40.420253]]]},"properties":{"parcel_id":"0055E00066000000","block_lot":"55-E-66"}},{"type":"Feature","geometry":{"type":"Polygon","coordinates":[[[-79.947856,40.419513],[-79.947687,40.419158],[-79.948152,40.419014],[-79.948309,40.4193],[-79.947856,40.419513]]]},"properties":{"parcel_id":"0055E00070000000","block_lot":"55-E-70"}},{"type":"Feature","geometry":{"type":"Polygon","coordinates":[[[-79.947649,40.419079],[-79.948113,40.418941],[-79.948152,40.419014],[-79.947687,40.419158],[-79.947649,40.419079]]]},"properties":{"parcel_id":"0055E00072000000","block_lot":"55-E-72"}},{"type":"Feature","geometry":{"type":"Polygon","coordinates":[[[-79.947589,40.418937],[-79.948049,40.418804],[-79.948098,40.418899],[-79.947636,40.41904],[-79.947589,40.418937]]]},"properties":{"parcel_id":"0055E00075000000","block_lot":"55-E-75"}},{"type":"Feature","geometry":{"type":"Polygon","coordinates":[[[-79.947317,40.418717],[-79.947915,40.418541],[-79.948049,40.418804],[-79.947455,40.418976],[-79.947317,40.418717]]]},"properties":{"parcel_id":"0055E00080000000","block_lot":"55-E-80"}},{"type":"Feature","geometry":{"type":"Polygon","coordinates":[[[-79.946946,40.419123],[-79.946735,40.418888],[-79.947317,40.418717],[-79.947455,40.418976],[-79.946946,40.419123]]]},"properties":{"parcel_id":"0055E00090000000","block_lot":"55-E-90"}},{"type":"Feature","geometry":{"type":"MultiPolygon","coordinates":[[[[-79.947589,40.418937],[-79.947636,40.41904],[-79.947036,40.419223],[-79.946946,40.419123],[-79.947589,40.418937]]],[[[-79.947649,40.419079],[-79.947856,40.419513],[-79.947463,40.419697],[-79.947067,40.419253],[-79.947649,40.419079]]]]},"properties":{"parcel_id":"0055E00100000000","block_lot":"55-E-100"}},{"type":"Feature","geometry":{"type":"Polygon","coordinates":[[[-79.948248,40.420861],[-79.948257,40.420751],[-79.948006,40.420415],[-79.94838,40.420241],[-79.948711,40.42071],[-79.948348,40.420874],[-79.948248,40.420861]]]},"properties":{"parcel_id":"0055E00112000000","block_lot":"55-E-112"}},{"type":"Feature","geometry":{"type":"Polygon","coordinates":[[[-79.947297,40.420722],[-79.947866,40.420456],[-79.9481,40.420769],[-79.947578,40.421063],[-79.947297,40.420722]]]},"properties":{"parcel_id":"0055E00130000000","block_lot":"55-E-130"}},{"type":"Feature","geometry":{"type":"Polygon","coordinates":[[[-79.947297,40.420722],[-79.946963,40.420319],[-79.946917,40.420267],[-79.946749,40.420065],[-79.947351,40.419782],[-79.947415,40.419853],[-79.947866,40.420456],[-79.947297,40.420722]]]},"properties":{"parcel_id":"0055E00136000000","block_lot":"55-E-136"}},{"type":"Feature","geometry":{"type":"MultiPolygon","coordinates":[[[[-79.946167,40.418462],[-79.946188,40.418482],[-79.946834,40.419215],[-79.946202,40.419409],[-79.945825,40.418951],[-79.945739,40.418852],[-79.945571,40.418643],[-79.946167,40.418462]]],[[[-79.946873,40.419255],[-79.947351,40.419782],[-79.946749,40.420065],[-79.946238,40.419448],[-79.946873,40.419255]]]]},"properties":{"parcel_id":"0055E00150000000","block_lot":"55-E-150"}},{"type":"Feature","geometry":{"type":"Polygon","coordinates":[[[-79.945419,40.418931],[-79.94531,40.418675],[-79.945477,40.418635],[-79.945585,40.41889],[-79.945419,40.418931]]]},"properties":{"parcel_id":"0055E00184000000","block_lot":"55-E-184"}},{"type":"Feature","geometry":{"type":"Polygon","coordinates":[[[-79.945477,40.418635],[-79.945549,40.418617],[-79.945739,40.418852],[-79.945585,40.41889],[-79.945477,40.418635]]]},"properties":{"parcel_id":"0055E00186000000","block_lot":"55-E-186"}},{"type":"Feature","geometry":{"type":"Polygon","coordinates":[[[-79.945825,40.418951],[-79.945993,40.419156],[-79.945836,40.419202],[-79.945711,40.418981],[-79.945825,40.418951]]]},"properties":{"parcel_id":"0055E00190000000","block_lot":"55-E-190"}},{"type":"Feature","geometry":{"type":"Polygon","coordinates":[[[-79.945908,40.419329],[-79.945836,40.419202],[-79.945993,40.419156],[-79.94609,40.419273],[-79.945908,40.419329]]]},"properties":{"parcel_id":"0055E00192000000","block_lot":"55-E-192"}},{"type":"Feature","geometry":{"type":"Polygon","coordinates":[[[-79.94614,40.419334],[-79.945944,40.419393],[-79.945908,40.419329],[-79.94609,40.419273],[-79.94614,40.419334]]]},"properties":{"parcel_id":"0055E00193000000","block_lot":"55-E-193"}},{"type":"Feature","geometry":{"type":"MultiPolygon","coordinates":[[[[-79.94614,40.419334],[-79.946202,40.419409],[-79.94599,40.419474],[-79.945944,40.419393],[-79.94614,40.419334]]],[[[-79.946238,40.419448],[-79.946285,40.419505],[-79.946045,40.419579],[-79.94601,40.419517],[-79.946238,40.419448]]]]},"properties":{"parcel_id":"0055E00197000000","block_lot":"55-E-197"}},{"type":"Feature","geometry":{"type":"Polygon","coordinates":[[[-79.946045,40.419579],[-79.946285,40.419505],[-79.946382,40.419622],[-79.94612,40.41971],[-79.946045,40.419579]]]},"properties":{"parcel_id":"0055E00199000000","block_lot":"55-E-199"}},{"type":"Feature","geometry":{"type":"Polygon","coordinates":[[[-79.94612,40.41971],[-79.946382,40.419622],[-79.946728,40.42004],[-79.946371,40.420148],[-79.94612,40.41971]]]},"properties":{"parcel_id":"0055E00201000000","block_lot":"55-E-201"}},{"type":"Feature","geometry":{"type":"Polygon","coordinates":[[[-79.946371,40.420148],[-79.946728,40.42004],[-79.946917,40.420267],[-79.946514,40.420397],[-79.946371,40.420148]]]},"properties":{"parcel_id":"0055E00212000000","block_lot":"55-E-212"}},{"type":"Feature","geometry":{"type":"Polygon","coordinates":[[[-79.946963,40.420319],[-79.947269,40.420688],[-79.946624,40.420594],[-79.946549,40.420455],[-79.946963,40.420319]]]},"properties":{"parcel_id":"0055E00218000000","block_lot":"55-E-218"}},{"type":"Feature","geometry":{"type":"Polygon","coordinates":[[[-79.947513,40.421098],[-79.94733,40.421115],[-79.946673,40.421038],[-79.946218,40.420862],[-79.946098,40.420635],[-79.947278,40.420809],[-79.947513,40.421098]]]},"properties":{"parcel_id":"0055E00220000000","block_lot":"55-E-220"}},{"type":"Feature","geometry":{"type":"Polygon","coordinates":[[[-79.945764,40.420051],[-79.946096,40.41994],[-79.946451,40.420567],[-79.946017,40.420503],[-79.945764,40.420051]]]},"properties":{"parcel_id":"0055E00235000000","block_lot":"55-E-235"}},{"type":"Feature","geometry":{"type":"Polygon","coordinates":[[[-79.94573,40.419989],[-79.946058,40.419875],[-79.946096,40.41994],[-79.945764,40.420051],[-79.94573,40.419989]]]},"properties":{"parcel_id":"0055E00244000000","block_lot":"55-E-244"}},{"type":"Feature","geometry":{"type":"Polygon","coordinates":[[[-79.945696,40.419928],[-79.946024,40.419813],[-79.946058,40.419875],[-79.94573,40.419989],[-79.945696,40.419928]]]},"properties":{"parcel_id":"0055E00245000000","block_lot":"55-E-245"}},{"type":"Feature","geometry":{"type":"Polygon","coordinates":[[[-79.945954,40.419691],[-79.946024,40.419813],[-79.945696,40.419928],[-79.945624,40.419798],[-79.945954,40.419691]]]},"properties":{"parcel_id":"0055E00247000000","block_lot":"55-E-247"}},{"type":"Feature","geometry":{"type":"Polygon","coordinates":[[[-79.945954,40.419691],[-79.945624,40.419798],[-79.945593,40.419744],[-79.945922,40.419633],[-79.945954,40.419691]]]},"properties":{"parcel_id":"0055E00248000000","block_lot":"55-E-248"}},{"type":"Feature","geometry":{"type":"Polygon","coordinates":[[[-79.945697,40.419579],[-79.94553,40.419632],[-79.945393,40.419389],[-79.945556,40.419336],[-79.945697,40.419579]]]},"properties":{"parcel_id":"0055E00252000000","block_lot":"55-E-252"}},{"type":"Feature","geometry":{"type":"Polygon","coordinates":[[[-79.945556,40.419336],[-79.945393,40.419389],[-79.945378,40.419361],[-79.945541,40.419309],[-79.945556,40.419336]]]},"properties":{"parcel_id":"0055E00253000000","block_lot":"55-E-253"}},{"type":"Feature","geometry":{"type":"Polygon","coordinates":[[[-79.945697,40.419579],[-79.945623,40.419451],[-79.945782,40.419398],[-79.945856,40.419528],[-79.945697,40.419579]]]},"properties":{"parcel_id":"0055E00254000000","block_lot":"55-E-254"}},{"type":"Feature","geometry":{"type":"Polygon","coordinates":[[[-79.945623,40.419451],[-79.945556,40.419336],[-79.945716,40.419283],[-79.945782,40.419398],[-79.945623,40.419451]]]},"properties":{"parcel_id":"0055E00256000000","block_lot":"55-E-256"}},{"type":"Feature","geometry":{"type":"Polygon","coordinates":[[[-79.945716,40.419283],[-79.945556,40.419336],[-79.945541,40.419309],[-79.945703,40.419257],[-79.945716,40.419283]]]},"properties":{"parcel_id":"0055E00257000000","block_lot":"55-E-257"}},{"type":"Feature","geometry":{"type":"Polygon","coordinates":[[[-79.945703,40.419257],[-79.945378,40.419361],[-79.945364,40.419334],[-79.945689,40.419232],[-79.945703,40.419257]]]},"properties":{"parcel_id":"0055E00258000000","block_lot":"55-E-258"}},{"type":"Feature","geometry":{"type":"Polygon","coordinates":[[[-79.945336,40.419283],[-79.945659,40.419179],[-79.945689,40.419232],[-79.945364,40.419334],[-79.945336,40.419283]]]},"properties":{"parcel_id":"0055E00259000000","block_lot":"55-E-259"}},{"type":"Feature","geometry":{"type":"Polygon","coordinates":[[[-79.945309,40.419235],[-79.945628,40.419125],[-79.945659,40.419179],[-79.945336,40.419283],[-79.945309,40.419235]]]},"properties":{"parcel_id":"0055E00260000000","block_lot":"55-E-260"}},{"type":"Feature","geometry":{"type":"Polygon","coordinates":[[[-79.945309,40.419235],[-79.945234,40.419098],[-79.945565,40.419014],[-79.945628,40.419125],[-79.945309,40.419235]]]},"properties":{"parcel_id":"0055E00261000000","block_lot":"55-E-261"}},{"type":"Feature","geometry":{"type":"MultiPolygon","coordinates":[[[[-79.945491,40.419756],[-79.945528,40.419821],[-79.945205,40.419921],[-79.945172,40.419863],[-79.945491,40.419756]]],[[[-79.945557,40.419874],[-79.945628,40.42],[-79.945311,40.420109],[-79.945238,40.41998],[-79.945557,40.419874]]]]},"properties":{"parcel_id":"0055E00266000000","block_lot":"55-E-266"}},{"type":"Feature","geometry":{"type":"Polygon","coordinates":[[[-79.945205,40.419921],[-79.945528,40.419821],[-79.945557,40.419874],[-79.945238,40.41998],[-79.945205,40.419921]]]},"properties":{"parcel_id":"0055E00268000000","block_lot":"55-E-268"}},{"type":"Feature","geometry":{"type":"Polygon","coordinates":[[[-79.94534,40.42016],[-79.945311,40.420109],[-79.945628,40.42],[-79.945658,40.420053],[-79.94534,40.42016]]]},"properties":{"parcel_id":"0055E00271000000","block_lot":"55-E-271"}},{"type":"Feature","geometry":{"type":"Polygon","coordinates":[[[-79.94534,40.42016],[-79.945658,40.420053],[-79.945687,40.420104],[-79.94537,40.420213],[-79.94534,40.42016]]]},"properties":{"parcel_id":"0055E00272000000","block_lot":"55-E-272"}},{"type":"Feature","geometry":{"type":"Polygon","coordinates":[[[-79.94537,40.420213],[-79.945687,40.420104],[-79.945719,40.420161],[-79.945396,40.42026],[-79.94537,40.420213]]]},"properties":{"parcel_id":"0055E00273000000","block_lot":"55-E-273"}},{"type":"Feature","geometry":{"type":"Polygon","coordinates":[[[-79.945421,40.420304],[-79.94574,40.420199],[-79.945776,40.420262],[-79.945456,40.420365],[-79.945421,40.420304]]]},"properties":{"parcel_id":"0055E00274000000","block_lot":"55-E-274"}},{"type":"Feature","geometry":{"type":"Polygon","coordinates":[[[-79.945396,40.42026],[-79.945719,40.420161],[-79.94574,40.420199],[-79.945421,40.420304],[-79.945396,40.42026]]]},"properties":{"parcel_id":"0055E00275000000","block_lot":"55-E-275"}},{"type":"Feature","geometry":{"type":"Polygon","coordinates":[[[-79.945776,40.420262],[-79.945897,40.420477],[-79.945486,40.420418],[-79.945456,40.420365],[-79.945776,40.420262]]]},"properties":{"parcel_id":"0055E00277000000","block_lot":"55-E-277"}},{"type":"Feature","geometry":{"type":"Polygon","coordinates":[[[-79.946118,40.420823],[-79.945659,40.42064],[-79.945633,40.420624],[-79.945628,40.420614],[-79.945628,40.4206],[-79.945634,40.420588],[-79.945643,40.42058],[-79.945661,40.420572],[-79.945679,40.420571],[-79.946007,40.42062],[-79.946118,40.420823]]]},"properties":{"parcel_id":"0055E00278000000","block_lot":"55-E-278"}},{"type":"Feature","geometry":{"type":"Polygon","coordinates":[[[-79.945249,40.420811],[-79.945515,40.420718],[-79.94569,40.421027],[-79.945249,40.420811]]]},"properties":{"parcel_id":"0055E00285000000","block_lot":"55-E-285"}},{"type":"Feature","geometry":{"type":"Polygon","coordinates":[[[-79.94531,40.418675],[-79.945419,40.418931],[-79.945251,40.418973],[-79.945142,40.418717],[-79.94531,40.418675]]]},"properties":{"parcel_id":"0055F00002000000","block_lot":"55-F-2"}},{"type":"Feature","geometry":{"type":"Polygon","coordinates":[[[-79.944821,40.418789],[-79.944794,40.418733],[-79.944954,40.418693],[-79.945119,40.41866],[-79.945251,40.418973],[-79.945087,40.419006],[-79.944974,40.418751],[-79.944821,40.418789]]]},"properties":{"parcel_id":"0055F00003000000","block_lot":"55-F-3"}},{"type":"Feature","geometry":{"type":"Polygon","coordinates":[[[-79.944821,40.418789],[-79.944974,40.418751],[-79.945087,40.419006],[-79.944934,40.419043],[-79.944821,40.418789]]]},"properties":{"parcel_id":"0055F00004000000","block_lot":"55-F-4"}},{"type":"Feature","geometry":{"type":"Polygon","coordinates":[[[-79.944821,40.418789],[-79.944934,40.419043],[-79.944757,40.419086],[-79.944649,40.418832],[-79.944821,40.418789]]]},"properties":{"parcel_id":"0055F00006000000","block_lot":"55-F-6"}},{"type":"Feature","geometry":{"type":"Polygon","coordinates":[[[-79.94455,40.418795],[-79.944794,40.418733],[-79.944821,40.418789],[-79.944649,40.418832],[-79.944757,40.419086],[-79.944686,40.419103],[-79.94455,40.418795]]]},"properties":{"parcel_id":"0055F00007000000","block_lot":"55-F-7"}},{"type":"Feature","geometry":{"type":"Polygon","coordinates":[[[-79.94461,40.419118],[-79.944489,40.418841],[-79.944562,40.418823],[-79.944686,40.419103],[-79.94461,40.419118]]]},"properties":{"parcel_id":"0055F00009000000","block_lot":"55-F-9"}},{"type":"Feature","geometry":{"type":"Polygon","coordinates":[[[-79.945216,40.419216],[-79.945098,40.419251],[-79.945034,40.419149],[-79.945161,40.419117],[-79.945216,40.419216]]]},"properties":{"parcel_id":"0055F00010000000","block_lot":"55-F-10"}},{"type":"Feature","geometry":{"type":"Polygon","coordinates":[[[-79.945034,40.419149],[-79.945098,40.419251],[-79.944885,40.419314],[-79.944822,40.419202],[-79.945034,40.419149]]]},"properties":{"parcel_id":"0055F00012000000","block_lot":"55-F-12"}},{"type":"Feature","geometry":{"type":"Polygon","coordinates":[[[-79.944923,40.419383],[-79.944885,40.419314],[-79.945216,40.419216],[-79.94525,40.419279],[-79.944923,40.419383]]]},"properties":{"parcel_id":"0055F00014000000","block_lot":"55-F-14"}},{"type":"Feature","geometry":{"type":"Polygon","coordinates":[[[-79.944959,40.419445],[-79.944923,40.419383],[-79.94525,40.419279],[-79.945284,40.419339],[-79.944959,40.419445]]]},"properties":{"parcel_id":"0055F00015000000","block_lot":"55-F-15"}},{"type":"Feature","geometry":{"type":"Polygon","coordinates":[[[-79.944993,40.419508],[-79.944959,40.419445],[-79.945284,40.419339],[-79.945317,40.419398],[-79.944993,40.419508]]]},"properties":{"parcel_id":"0055F00016000000","block_lot":"55-F-16"}},{"type":"Feature","geometry":{"type":"Polygon","coordinates":[[[-79.945387,40.419525],[-79.945063,40.419632],[-79.944993,40.419508],[-79.945317,40.419398],[-79.945387,40.419525]]]},"properties":{"parcel_id":"0055F00018000000","block_lot":"55-F-18"}},{"type":"Feature","geometry":{"type":"Polygon","coordinates":[[[-79.945387,40.419525],[-79.94546,40.419657],[-79.945137,40.419763],[-79.945063,40.419632],[-79.945387,40.419525]]]},"properties":{"parcel_id":"0055F00020000000","block_lot":"55-F-20"}},{"type":"Feature","geometry":{"type":"Polygon","coordinates":[[[-79.945296,40.42034],[-79.945363,40.420459],[-79.945046,40.420564],[-79.944978,40.420445],[-79.945296,40.42034]]]},"properties":{"parcel_id":"0055F00022000000","block_lot":"55-F-22"}},{"type":"Feature","geometry":{"type":"Polygon","coordinates":[[[-79.944927,40.420357],[-79.945246,40.42025],[-79.945296,40.42034],[-79.944978,40.420445],[-79.944927,40.420357]]]},"properties":{"parcel_id":"0055F00025000000","block_lot":"55-F-25"}},{"type":"Feature","geometry":{"type":"Polygon","coordinates":[[[-79.944896,40.420302],[-79.945216,40.420196],[-79.945246,40.42025],[-79.944927,40.420357],[-79.944896,40.420302]]]},"properties":{"parcel_id":"0055F00026000000","block_lot":"55-F-26"}},{"type":"Feature","geometry":{"type":"Polygon","coordinates":[[[-79.94487,40.420255],[-79.945188,40.420147],[-79.945216,40.420196],[-79.944896,40.420302],[-79.94487,40.420255]]]},"properties":{"parcel_id":"0055F00027000000","block_lot":"55-F-27"}},{"type":"Feature","geometry":{"type":"Polygon","coordinates":[[[-79.944837,40.420199],[-79.945162,40.4201],[-79.945188,40.420147],[-79.94487,40.420255],[-79.944837,40.420199]]]},"properties":{"parcel_id":"0055F00028000000","block_lot":"55-F-28"}},{"type":"Feature","geometry":{"type":"Polygon","coordinates":[[[-79.944801,40.420136],[-79.945123,40.42003],[-79.945162,40.4201],[-79.944837,40.420199],[-79.944801,40.420136]]]},"properties":{"parcel_id":"0055F00029000000","block_lot":"55-F-29"}},{"type":"Feature","geometry":{"type":"Polygon","coordinates":[[[-79.944734,40.420018],[-79.945057,40.419913],[-79.945123,40.42003],[-79.944801,40.420136],[-79.944734,40.420018]]]},"properties":{"parcel_id":"0055F00030000000","block_lot":"55-F-30"}},{"type":"Feature","geometry":{"type":"Polygon","coordinates":[[[-79.944625,40.419827],[-79.944951,40.419724],[-79.945057,40.419913],[-79.944734,40.420018],[-79.944625,40.419827]]]},"properties":{"parcel_id":"0055F00032000000","block_lot":"55-F-32"}},{"type":"Feature","geometry":{"type":"Polygon","coordinates":[[[-79.944554,40.419704],[-79.94488,40.419598],[-79.944951,40.419724],[-79.944625,40.419827],[-79.944554,40.419704]]]},"properties":{"parcel_id":"0055F00034000000","block_lot":"55-F-34"}},{"type":"Feature","geometry":{"type":"Polygon","coordinates":[[[-79.944516,40.419637],[-79.944846,40.419536],[-79.94488,40.419598],[-79.944554,40.419704],[-79.944516,40.419637]]]},"properties":{"parcel_id":"0055F00036000000","block_lot":"55-F-36"}},{"type":"Feature","geometry":{"type":"Polygon","coordinates":[[[-79.944481,40.419575],[-79.944808,40.419468],[-79.944846,40.419536],[-79.944516,40.419637],[-79.944481,40.419575]]]},"properties":{"parcel_id":"0055F00039000000","block_lot":"55-F-39"}},{"type":"Feature","geometry":{"type":"Polygon","coordinates":[[[-79.94441,40.41945],[-79.944739,40.419346],[-79.944808,40.419468],[-79.944481,40.419575],[-79.94441,40.41945]]]},"properties":{"parcel_id":"0055F00041000000","block_lot":"55-F-41"}},{"type":"Feature","geometry":{"type":"Polygon","coordinates":[[[-79.944739,40.419346],[-79.94441,40.41945],[-79.944337,40.419323],[-79.944678,40.419237],[-79.944739,40.419346]]]},"properties":{"parcel_id":"0055F00043000000","block_lot":"55-F-43"}},{"type":"Feature","geometry":{"type":"Polygon","coordinates":[[[-79.944443,40.419158],[-79.944269,40.4192],[-79.944163,40.41895],[-79.944336,40.418907],[-79.944443,40.419158]]]},"properties":{"parcel_id":"0055F00047000000","block_lot":"55-F-47"}},{"type":"Feature","geometry":{"type":"Polygon","coordinates":[[[-79.944443,40.419158],[-79.944336,40.418907],[-79.9445,40.418867],[-79.94461,40.419118],[-79.944443,40.419158]]]},"properties":{"parcel_id":"0055F00049000000","block_lot":"55-F-49"}},{"type":"Feature","geometry":{"type":"Polygon","coordinates":[[[-79.944056,40.418699],[-79.944392,40.418615],[-79.944475,40.418809],[-79.94414,40.418894],[-79.944056,40.418699]]]},"properties":{"parcel_id":"0055F00052000000","block_lot":"55-F-52"}},{"type":"Feature","geometry":{"type":"Polygon","coordinates":[[[-79.94364,40.418784],[-79.943977,40.418706],[-79.944032,40.418832],[-79.943695,40.418912],[-79.94364,40.418784]]]},"properties":{"parcel_id":"0055F00058000000","block_lot":"55-F-58"}},{"type":"Feature","geometry":{"type":"Polygon","coordinates":[[[-79.943584,40.418655],[-79.943919,40.418572],[-79.943977,40.418706],[-79.94364,40.418784],[-79.943584,40.418655]]]},"properties":{"parcel_id":"0055F00059000000","block_lot":"55-F-59"}},{"type":"Feature","geometry":{"type":"Polygon","coordinates":[[[-79.943695,40.418912],[-79.944032,40.418832],[-79.944089,40.418964],[-79.943751,40.419041],[-79.943695,40.418912]]]},"properties":{"parcel_id":"0055F00061000000","block_lot":"55-F-61"}},{"type":"Feature","geometry":{"type":"Polygon","coordinates":[[[-79.943808,40.419174],[-79.943751,40.419041],[-79.944089,40.418964],[-79.944145,40.419093],[-79.943808,40.419174]]]},"properties":{"parcel_id":"0055F00063000000","block_lot":"55-F-63"}},{"type":"Feature","geometry":{"type":"Polygon","coordinates":[[[-79.943837,40.419241],[-79.943808,40.419174],[-79.944145,40.419093],[-79.944173,40.419158],[-79.943837,40.419241]]]},"properties":{"parcel_id":"0055F00064000000","block_lot":"55-F-64"}},{"type":"Feature","geometry":{"type":"Polygon","coordinates":[[[-79.943837,40.419241],[-79.944173,40.419158],[-79.9442,40.41922],[-79.943864,40.419304],[-79.943837,40.419241]]]},"properties":{"parcel_id":"0055F00065000000","block_lot":"55-F-65"}},{"type":"Feature","geometry":{"type":"Polygon","coordinates":[[[-79.944324,40.419457],[-79.94398,40.41954],[-79.943929,40.419424],[-79.94426,40.419342],[-79.944324,40.419457]]]},"properties":{"parcel_id":"0055F00068000000","block_lot":"55-F-68"}},{"type":"Feature","geometry":{"type":"Polygon","coordinates":[[[-79.94398,40.41954],[-79.944324,40.419457],[-79.944359,40.41952],[-79.944009,40.419607],[-79.94398,40.41954]]]},"properties":{"parcel_id":"0055F00069000000","block_lot":"55-F-69"}},{"type":"Feature","geometry":{"type":"Polygon","coordinates":[[[-79.944009,40.419607],[-79.944359,40.41952],[-79.944394,40.419582],[-79.944037,40.419672],[-79.944009,40.419607]]]},"properties":{"parcel_id":"0055F00070000000","block_lot":"55-F-70"}},{"type":"Feature","geometry":{"type":"Polygon","coordinates":[[[-79.944037,40.419672],[-79.944394,40.419582],[-79.944431,40.419647],[-79.944064,40.419735],[-79.944037,40.419672]]]},"properties":{"parcel_id":"0055F00071000000","block_lot":"55-F-71"}},{"type":"Feature","geometry":{"type":"Polygon","coordinates":[[[-79.944064,40.419735],[-79.944431,40.419647],[-79.944504,40.419777],[-79.944121,40.419868],[-79.944064,40.419735]]]},"properties":{"parcel_id":"0055F00074000000","block_lot":"55-F-74"}},{"type":"Feature","geometry":{"type":"Polygon","coordinates":[[[-79.944121,40.419868],[-79.944504,40.419777],[-79.944536,40.419834],[-79.944149,40.419932],[-79.944121,40.419868]]]},"properties":{"parcel_id":"0055F00075000000","block_lot":"55-F-75"}},{"type":"Feature","geometry":{"type":"Polygon","coordinates":[[[-79.944178,40.42],[-79.944149,40.419932],[-79.944536,40.419834],[-79.944574,40.419903],[-79.944178,40.42]]]},"properties":{"parcel_id":"0055F00076000000","block_lot":"55-F-76"}},{"type":"Feature","geometry":{"type":"Polygon","coordinates":[[[-79.944234,40.420131],[-79.944178,40.42],[-79.944574,40.419903],[-79.944643,40.420025],[-79.944234,40.420131]]]},"properties":{"parcel_id":"0055F00079000000","block_lot":"55-F-79"}},{"type":"Feature","geometry":{"type":"Polygon","coordinates":[[[-79.944234,40.420131],[-79.944643,40.420025],[-79.944682,40.420095],[-79.944261,40.420192],[-79.944234,40.420131]]]},"properties":{"parcel_id":"0055F00080000000","block_lot":"55-F-80"}},{"type":"Feature","geometry":{"type":"Polygon","coordinates":[[[-79.944261,40.420192],[-79.944682,40.420095],[-79.944715,40.420154],[-79.944292,40.420264],[-79.944261,40.420192]]]},"properties":{"parcel_id":"0055F00083000000","block_lot":"55-F-83"}},{"type":"Feature","geometry":{"type":"Polygon","coordinates":[[[-79.944292,40.420264],[-79.944715,40.420154],[-79.944752,40.420219],[-79.944318,40.420325],[-79.944292,40.420264]]]},"properties":{"parcel_id":"0055F00084000000","block_lot":"55-F-84"}},{"type":"Feature","geometry":{"type":"Polygon","coordinates":[[[-79.944318,40.420325],[-79.944752,40.420219],[-79.94479,40.420286],[-79.944381,40.420388],[-79.944336,40.420367],[-79.944318,40.420325]]]},"properties":{"parcel_id":"0055F00086000000","block_lot":"55-F-86"}},{"type":"Feature","geometry":{"type":"Polygon","coordinates":[[[-79.944381,40.420388],[-79.94479,40.420286],[-79.944962,40.420592],[-79.944875,40.420625],[-79.944381,40.420388]]]},"properties":{"parcel_id":"0055F00092000001","block_lot":"55-F-92-0-1"}},{"type":"Feature","geometry":{"type":"Polygon","coordinates":[[[-79.945515,40.420718],[-79.945249,40.420811],[-79.944963,40.42067],[-79.945403,40.42052],[-79.945515,40.420718]]]},"properties":{"parcel_id":"0055F00096000000","block_lot":"55-F-96"}},{"type":"Feature","geometry":{"type":"Polygon","coordinates":[[[-79.942874,40.419528],[-79.942803,40.419615],[-79.942548,40.419491],[-79.942874,40.419528]]]},"properties":{"parcel_id":"0055F00267000000","block_lot":"55-F-267"}},{"type":"Feature","geometry":{"type":"Polygon","coordinates":[[[-79.942803,40.419615],[-79.942874,40.419528],[-79.94311,40.419555],[-79.942986,40.419703],[-79.942803,40.419615]]]},"properties":{"parcel_id":"0055F00269000000","block_lot":"55-F-269"}},{"type":"Feature","geometry":{"type":"Polygon","coordinates":[[[-79.943091,40.419754],[-79.942986,40.419703],[-79.94311,40.419555],[-79.943264,40.419572],[-79.943091,40.419754]]]},"properties":{"parcel_id":"0055F00272000000","block_lot":"55-F-272"}},{"type":"Feature","geometry":{"type":"Polygon","coordinates":[[[-79.943206,40.41981],[-79.943091,40.419754],[-79.943264,40.419572],[-79.943403,40.419588],[-79.943206,40.41981]]]},"properties":{"parcel_id":"0055F00273000000","block_lot":"55-F-273"}},{"type":"Feature","geometry":{"type":"Polygon","coordinates":[[[-79.943365,40.419887],[-79.943206,40.41981],[-79.943403,40.419588],[-79.943522,40.419602],[-79.943547,40.419667],[-79.943365,40.419887]]]},"properties":{"parcel_id":"0055F00274000000","block_lot":"55-F-274"}},{"type":"Feature","geometry":{"type":"Polygon","coordinates":[[[-79.943365,40.419887],[-79.943547,40.419667],[-79.943757,40.419769],[-79.943468,40.419937],[-79.943365,40.419887]]]},"properties":{"parcel_id":"0055F00276000000","block_lot":"55-F-276"}},{"type":"Feature","geometry":{"type":"Polygon","coordinates":[[[-79.943468,40.419937],[-79.943738,40.41978],[-79.943834,40.419995],[-79.943665,40.420033],[-79.943468,40.419937]]]},"properties":{"parcel_id":"0055F00279000000","block_lot":"55-F-279"}},{"type":"Feature","geometry":{"type":"Polygon","coordinates":[[[-79.943665,40.420033],[-79.943999,40.419958],[-79.944021,40.42001],[-79.943803,40.420099],[-79.943665,40.420033]]]},"properties":{"parcel_id":"0055F00281000000","block_lot":"55-F-281"}},{"type":"Feature","geometry":{"type":"Polygon","coordinates":[[[-79.943803,40.420099],[-79.944021,40.42001],[-79.944126,40.420256],[-79.943803,40.420099]]]},"properties":{"parcel_id":"0055F00284000000","block_lot":"55-F-284"}},{"type":"Feature","geometry":{"type":"Polygon","coordinates":[[[-79.943738,40.41978],[-79.943887,40.419694],[-79.943999,40.419958],[-79.943834,40.419995],[-79.943738,40.41978]]]},"properties":{"parcel_id":"0055F00286000000","block_lot":"55-F-286"}},{"type":"Feature","geometry":{"type":"Polygon","coordinates":[[[-79.943757,40.419769],[-79.943547,40.419667],[-79.943522,40.419602],[-79.943816,40.419527],[-79.943887,40.419694],[-79.943757,40.419769]]]},"properties":{"parcel_id":"0055F00291000000","block_lot":"55-F-291"}},{"type":"Feature","geometry":{"type":"Polygon","coordinates":[[[-79.943475,40.419596],[-79.943457,40.419553],[-79.943792,40.419473],[-79.943816,40.419527],[-79.943522,40.419602],[-79.943475,40.419596]]]},"properties":{"parcel_id":"0055F00293000000","block_lot":"55-F-293"}},{"type":"Feature","geometry":{"type":"Polygon","coordinates":[[[-79.943412,40.419447],[-79.943745,40.41936],[-79.943792,40.419473],[-79.943457,40.419553],[-79.943412,40.419447]]]},"properties":{"parcel_id":"0055F00294000000","block_lot":"55-F-294"}},{"type":"Feature","geometry":{"type":"Polygon","coordinates":[[[-79.943745,40.41936],[-79.943412,40.419447],[-79.943317,40.419223],[-79.943702,40.419261],[-79.943745,40.41936]]]},"properties":{"parcel_id":"0055F00296000000","block_lot":"55-F-296"}},{"type":"Feature","geometry":{"type":"Polygon","coordinates":[[[-79.943048,40.419515],[-79.943105,40.419196],[-79.943232,40.419209],[-79.943373,40.41955],[-79.943048,40.419515]]]},"properties":{"parcel_id":"0055F00301000000","block_lot":"55-F-301"}},{"type":"Feature","geometry":{"type":"Polygon","coordinates":[[[-79.943048,40.419515],[-79.942903,40.4195],[-79.942961,40.419181],[-79.943105,40.419196],[-79.943048,40.419515]]]},"properties":{"parcel_id":"0055F00303000000","block_lot":"55-F-303"}},{"type":"Feature","geometry":{"type":"Polygon","coordinates":[[[-79.942829,40.419492],[-79.942888,40.419174],[-79.942961,40.419181],[-79.942903,40.4195],[-79.942829,40.419492]]]},"properties":{"parcel_id":"0055F00305000000","block_lot":"55-F-305"}},{"type":"Feature","geometry":{"type":"Polygon","coordinates":[[[-79.942762,40.419484],[-79.942823,40.419168],[-79.942888,40.419174],[-79.942829,40.419492],[-79.942762,40.419484]]]},"properties":{"parcel_id":"0055F00306000000","block_lot":"55-F-306"}},{"type":"Feature","geometry":{"type":"Polygon","coordinates":[[[-79.942762,40.419484],[-79.942614,40.419468],[-79.942678,40.419153],[-79.942823,40.419168],[-79.942762,40.419484]]]},"properties":{"parcel_id":"0055F00307000000","block_lot":"55-F-307"}},{"type":"Feature","geometry":{"type":"Polygon","coordinates":[[[-79.942405,40.419427],[-79.942457,40.419131],[-79.942678,40.419153],[-79.942614,40.419468],[-79.942453,40.419451],[-79.942405,40.419427]]]},"properties":{"parcel_id":"0055F00309000000","block_lot":"55-F-309"}},{"type":"Feature","geometry":{"type":"Polygon","coordinates":[[[-79.94234,40.419396],[-79.942392,40.419125],[-79.942457,40.419131],[-79.942405,40.419427],[-79.94234,40.419396]]]},"properties":{"parcel_id":"0055F00312000000","block_lot":"55-F-312"}},{"type":"Feature","geometry":{"type":"Polygon","coordinates":[[[-79.942208,40.419332],[-79.942248,40.41911],[-79.942392,40.419125],[-79.94234,40.419396],[-79.942208,40.419332]]]},"properties":{"parcel_id":"0055F00313000000","block_lot":"55-F-313"}},{"type":"Feature","geometry":{"type":"Polygon","coordinates":[[[-79.942107,40.419283],[-79.942142,40.4191],[-79.942248,40.41911],[-79.942208,40.419332],[-79.942107,40.419283]]]},"properties":{"parcel_id":"0055F00315000000","block_lot":"55-F-315"}},{"type":"Feature","geometry":{"type":"Polygon","coordinates":[[[-79.942107,40.419283],[-79.942009,40.419235],[-79.942033,40.419089],[-79.942142,40.4191],[-79.942107,40.419283]]]},"properties":{"parcel_id":"0055F00316000000","block_lot":"55-F-316"}},{"type":"Feature","geometry":{"type":"Polygon","coordinates":[[[-79.942009,40.419235],[-79.941903,40.419183],[-79.941929,40.419078],[-79.942033,40.419089],[-79.942009,40.419235]]]},"properties":{"parcel_id":"0055F00317000000","block_lot":"55-F-317"}},{"type":"Feature","geometry":{"type":"Polygon","coordinates":[[[-79.941903,40.419183],[-79.941797,40.419132],[-79.941784,40.419064],[-79.941929,40.419078],[-79.941903,40.419183]]]},"properties":{"parcel_id":"0055F00318000000","block_lot":"55-F-318"}},{"type":"Feature","geometry":{"type":"Polygon","coordinates":[[[-79.941884,40.418962],[-79.941759,40.41895],[-79.941698,40.418639],[-79.94194,40.418664],[-79.941884,40.418962]]]},"properties":{"parcel_id":"0055F00322000000","block_lot":"55-F-322"}},{"type":"Feature","geometry":{"type":"Polygon","coordinates":[[[-79.941884,40.418962],[-79.94194,40.418664],[-79.942154,40.418686],[-79.942104,40.418983],[-79.941884,40.418962]]]},"properties":{"parcel_id":"0055F00324000000","block_lot":"55-F-324"}},{"type":"Feature","geometry":{"type":"Polygon","coordinates":[[[-79.942104,40.418983],[-79.942154,40.418686],[-79.942299,40.4187],[-79.942249,40.418997],[-79.942104,40.418983]]]},"properties":{"parcel_id":"0055F00327000000","block_lot":"55-F-327"}},{"type":"Feature","geometry":{"type":"Polygon","coordinates":[[[-79.942249,40.418997],[-79.942299,40.4187],[-79.94244,40.418715],[-79.94239,40.41901],[-79.942249,40.418997]]]},"properties":{"parcel_id":"0055F00329000000","block_lot":"55-F-329"}},{"type":"Feature","geometry":{"type":"Polygon","coordinates":[[[-79.94239,40.41901],[-79.94244,40.418715],[-79.942583,40.418737],[-79.942538,40.419031],[-79.94239,40.41901]]]},"properties":{"parcel_id":"0055F00331000000","block_lot":"55-F-331"}},{"type":"Feature","geometry":{"type":"Polygon","coordinates":[[[-79.942538,40.419031],[-79.942583,40.418737],[-79.942725,40.418751],[-79.942679,40.419044],[-79.942538,40.419031]]]},"properties":{"parcel_id":"0055F00333000000","block_lot":"55-F-333"}},{"type":"Feature","geometry":{"type":"Polygon","coordinates":[[[-79.942679,40.419044],[-79.942725,40.418751],[-79.942897,40.41877],[-79.942849,40.419059],[-79.942679,40.419044]]]},"properties":{"parcel_id":"0055F00335000000","block_lot":"55-F-335"}},{"type":"Feature","geometry":{"type":"Polygon","coordinates":[[[-79.942849,40.419059],[-79.942897,40.41877],[-79.943035,40.418782],[-79.943163,40.419089],[-79.942849,40.419059]]]},"properties":{"parcel_id":"0055F00337000000","block_lot":"55-F-337"}},{"type":"Feature","geometry":{"type":"Polygon","coordinates":[[[-79.943235,40.419028],[-79.943568,40.418946],[-79.943648,40.419137],[-79.943264,40.419096],[-79.943235,40.419028]]]},"properties":{"parcel_id":"0055F00341000000","block_lot":"55-F-341"}},{"type":"Feature","geometry":{"type":"Polygon","coordinates":[[[-79.943191,40.418923],[-79.943525,40.418841],[-79.943568,40.418946],[-79.943235,40.419028],[-79.943191,40.418923]]]},"properties":{"parcel_id":"0055F00344000000","block_lot":"55-F-344"}},{"type":"Feature","geometry":{"type":"Polygon","coordinates":[[[-79.943101,40.418707],[-79.943433,40.418622],[-79.943525,40.418841],[-79.943191,40.418923],[-79.943101,40.418707]]]},"properties":{"parcel_id":"0055F00346000000","block_lot":"55-F-346"}},{"type":"Feature","geometry":{"type":"Polygon","coordinates":[[[-79.941099,40.418818],[-79.941165,40.418523],[-79.941366,40.418623],[-79.941198,40.418865],[-79.941099,40.418818]]]},"properties":{"parcel_id":"0055F00351000000","block_lot":"55-F-351"}},{"type":"Feature","geometry":{"type":"Polygon","coordinates":[[[-79.941319,40.418924],[-79.941471,40.418692],[-79.941465,40.418644],[-79.941525,40.418641],[-79.941585,40.418944],[-79.941585,40.418956],[-79.941574,40.418982],[-79.941542,40.419],[-79.941509,40.419005],[-79.941489,40.419004],[-79.941319,40.418924]]]},"properties":{"parcel_id":"0055F00353000000","block_lot":"55-F-353"}},{"type":"Feature","geometry":{"type":"Polygon","coordinates":[[[-79.941198,40.418865],[-79.941366,40.418623],[-79.941414,40.418647],[-79.941465,40.418644],[-79.941471,40.418692],[-79.941319,40.418924],[-79.941198,40.418865]]]},"properties":{"parcel_id":"0055F00353000A00","block_lot":"55-F-353-A"}},{"type":"Feature","geometry":{"type":"Polygon","coordinates":[[[-79.939813,40.410834],[-79.939441,40.411004],[-79.939184,40.410745],[-79.939525,40.410544],[-79.939813,40.410834]]]},"properties":{"parcel_id":"0055G00168000000","block_lot":"55-G-168"}},{"type":"Feature","geometry":{"type":"Polygon","coordinates":[[[-79.936929,40.419192],[-79.936886,40.419003],[-79.936945,40.419011],[-79.937067,40.418913],[-79.937125,40.419165],[-79.936929,40.419192]]]},"properties":{"parcel_id":"0055G00279000000","block_lot":"55-G-279"}},{"type":"Feature","geometry":{"type":"Polygon","coordinates":[[[-79.937202,40.418808],[-79.937323,40.418714],[-79.937442,40.41912],[-79.937289,40.419142],[-79.937202,40.418808]]]},"properties":{"parcel_id":"0055G00280000000","block_lot":"55-G-280"}},{"type":"Feature","geometry":{"type":"Polygon","coordinates":[[[-79.937067,40.418913],[-79.937202,40.418808],[-79.937289,40.419142],[-79.937125,40.419165],[-79.937067,40.418913]]]},"properties":{"parcel_id":"0055G00281000000","block_lot":"55-G-281"}},{"type":"Feature","geometry":{"type":"Polygon","coordinates":[[[-79.938004,40.418972],[-79.937981,40.418997],[-79.937952,40.419019],[-79.937919,40.419037],[-79.937883,40.419051],[-79.937844,40.419059],[-79.93757,40.419098],[-79.937421,40.418649],[-79.93747,40.418611],[-79.937594,40.418439],[-79.93766,40.418475],[-79.937569,40.418607],[-79.938095,40.418831],[-79.938004,40.418972]]]},"properties":{"parcel_id":"0055G00282000000","block_lot":"55-G-282"}},{"type":"Feature","geometry":{"type":"Polygon","coordinates":[[[-79.937442,40.41912],[-79.937323,40.418714],[-79.937421,40.418649],[-79.93757,40.419098],[-79.937442,40.41912]]]},"properties":{"parcel_id":"0055G00283000000","block_lot":"55-G-283"}},{"type":"Feature","geometry":{"type":"Polygon","coordinates":[[[-79.938335,40.418724],[-79.93838,40.41872],[-79.938411,40.419014],[-79.938307,40.419021],[-79.938243,40.419011],[-79.93822,40.418999],[-79.938204,40.418983],[-79.938194,40.418966],[-79.938192,40.418946],[-79.938203,40.418917],[-79.938335,40.418724]]]},"properties":{"parcel_id":"0055G00310000000","block_lot":"55-G-310"}},{"type":"Feature","geometry":{"type":"Polygon","coordinates":[[[-79.938411,40.419014],[-79.93838,40.41872],[-79.938464,40.418713],[-79.938499,40.419006],[-79.938411,40.419014]]]},"properties":{"parcel_id":"0055G00311000000","block_lot":"55-G-311"}},{"type":"Feature","geometry":{"type":"Polygon","coordinates":[[[-79.938499,40.419006],[-79.938464,40.418713],[-79.938596,40.418702],[-79.938621,40.418995],[-79.938499,40.419006]]]},"properties":{"parcel_id":"0055G00312000000","block_lot":"55-G-312"}},{"type":"Feature","geometry":{"type":"Polygon","coordinates":[[[-79.938596,40.418702],[-79.938743,40.41869],[-79.938768,40.418982],[-79.938621,40.418995],[-79.938596,40.418702]]]},"properties":{"parcel_id":"0055G00314000000","block_lot":"55-G-314"}},{"type":"Feature","geometry":{"type":"Polygon","coordinates":[[[-79.938743,40.41869],[-79.938875,40.418679],[-79.938921,40.418968],[-79.938768,40.418982],[-79.938743,40.41869]]]},"properties":{"parcel_id":"0055G00316000000","block_lot":"55-G-316"}},{"type":"Feature","geometry":{"type":"Polygon","coordinates":[[[-79.938875,40.418679],[-79.939019,40.418667],[-79.93907,40.418955],[-79.938921,40.418968],[-79.938875,40.418679]]]},"properties":{"parcel_id":"0055G00318000000","block_lot":"55-G-318"}},{"type":"Feature","geometry":{"type":"Polygon","coordinates":[[[-79.939019,40.418667],[-79.939162,40.418656],[-79.939209,40.418942],[-79.93907,40.418955],[-79.939019,40.418667]]]},"properties":{"parcel_id":"0055G00320000000","block_lot":"55-G-320"}},{"type":"Feature","geometry":{"type":"Polygon","coordinates":[[[-79.939209,40.418942],[-79.939162,40.418656],[-79.939305,40.418644],[-79.939347,40.41893],[-79.939209,40.418942]]]},"properties":{"parcel_id":"0055G00322000000","block_lot":"55-G-322"}},{"type":"Feature","geometry":{"type":"Polygon","coordinates":[[[-79.939347,40.41893],[-79.939305,40.418644],[-79.93944,40.418633],[-79.939496,40.418917],[-79.939347,40.41893]]]},"properties":{"parcel_id":"0055G00324000000","block_lot":"55-G-324"}},{"type":"Feature","geometry":{"type":"Polygon","coordinates":[[[-79.939496,40.418917],[-79.93944,40.418633],[-79.939551,40.418624],[-79.939654,40.418903],[-79.939496,40.418917]]]},"properties":{"parcel_id":"0055G00326000000","block_lot":"55-G-326"}},{"type":"Feature","geometry":{"type":"Polygon","coordinates":[[[-79.939551,40.418624],[-79.939739,40.418608],[-79.939779,40.418804],[-79.939793,40.41889],[-79.939654,40.418903],[-79.939551,40.418624]]]},"properties":{"parcel_id":"0055G00328000000","block_lot":"55-G-328"}},{"type":"Feature","geometry":{"type":"Polygon","coordinates":[[[-79.939779,40.418804],[-79.939827,40.418887],[-79.939793,40.41889],[-79.939779,40.418804]]]},"properties":{"parcel_id":"0055G00350000100","block_lot":"55-G-350-1"}},{"type":"Feature","geometry":{"type":"Polygon","coordinates":[[[-79.936508,40.418942],[-79.936691,40.4188],[-79.936957,40.419002],[-79.936945,40.419011],[-79.936508,40.418942]]]},"properties":{"parcel_id":"0055H00244000000","block_lot":"55-H-244"}},{"type":"Feature","geometry":{"type":"Polygon","coordinates":[[[-79.936738,40.418978],[-79.936886,40.419003],[-79.936929,40.419192],[-79.93679,40.419215],[-79.936738,40.418978]]]},"properties":{"parcel_id":"0055H00246000000","block_lot":"55-H-246"}},{"type":"Feature","geometry":{"type":"Polygon","coordinates":[[[-79.936578,40.418953],[-79.936738,40.418978],[-79.93679,40.419215],[-79.936648,40.419236],[-79.936578,40.418953]]]},"properties":{"parcel_id":"0055H00247000000","block_lot":"55-H-247"}},{"type":"Feature","geometry":{"type":"Polygon","coordinates":[[[-79.93643,40.41893],[-79.936578,40.418953],[-79.936648,40.419236],[-79.936502,40.419257],[-79.93643,40.41893]]]},"properties":{"parcel_id":"0055H00249000000","block_lot":"55-H-249"}},{"type":"Feature","geometry":{"type":"Polygon","coordinates":[[[-79.936366,40.419276],[-79.936275,40.418906],[-79.93643,40.41893],[-79.936502,40.419257],[-79.936366,40.419276]]]},"properties":{"parcel_id":"0055H00252000000","block_lot":"55-H-252"}},{"type":"Feature","geometry":{"type":"Polygon","coordinates":[[[-79.936188,40.418893],[-79.936275,40.418906],[-79.936366,40.419276],[-79.936168,40.419305],[-79.936188,40.418893]]]},"properties":{"parcel_id":"0055H00255000000","block_lot":"55-H-255"}},{"type":"Feature","geometry":{"type":"Polygon","coordinates":[[[-79.936145,40.419309],[-79.936135,40.418885],[-79.936188,40.418893],[-79.936168,40.419305],[-79.936145,40.419309]]]},"properties":{"parcel_id":"0055H00257000000","block_lot":"55-H-257"}},{"type":"Feature","geometry":{"type":"Polygon","coordinates":[[[-79.935242,40.419117],[-79.935813,40.41888],[-79.935916,40.418801],[-79.936138,40.418985],[-79.936145,40.419309],[-79.935457,40.419409],[-79.935242,40.419117]]]},"properties":{"parcel_id":"0055H00258000000","block_lot":"55-H-258"}},{"type":"Feature","geometry":{"type":"Polygon","coordinates":[[[-79.935087,40.419182],[-79.935242,40.419117],[-79.935457,40.419409],[-79.935267,40.419436],[-79.935087,40.419182]]]},"properties":{"parcel_id":"0055H00266000000","block_lot":"55-H-266"}},{"type":"Feature","geometry":{"type":"Polygon","coordinates":[[[-79.934922,40.419486],[-79.934784,40.419308],[-79.935087,40.419182],[-79.935267,40.419436],[-79.934922,40.419486]]]},"properties":{"parcel_id":"0055H00269000000","block_lot":"55-H-269"}},{"type":"Feature","geometry":{"type":"Polygon","coordinates":[[[-79.934709,40.419339],[-79.934784,40.419308],[-79.934922,40.419486],[-79.934833,40.419499],[-79.934709,40.419339]]]},"properties":{"parcel_id":"0055H00274000000","block_lot":"55-H-274"}},{"type":"Feature","geometry":{"type":"Polygon","coordinates":[[[-79.934638,40.419368],[-79.934709,40.419339],[-79.934833,40.419499],[-79.934741,40.419513],[-79.934638,40.419368]]]},"properties":{"parcel_id":"0055H00275000000","block_lot":"55-H-275"}},{"type":"Feature","geometry":{"type":"Polygon","coordinates":[[[-79.934557,40.419402],[-79.934638,40.419368],[-79.934741,40.419513],[-79.934648,40.419526],[-79.934557,40.419402]]]},"properties":{"parcel_id":"0055H00276000000","block_lot":"55-H-276"}},{"type":"Feature","geometry":{"type":"Polygon","coordinates":[[[-79.934415,40.419461],[-79.934557,40.419402],[-79.934648,40.419526],[-79.934478,40.419551],[-79.934415,40.419461]]]},"properties":{"parcel_id":"0055H00277000000","block_lot":"55-H-277"}},{"type":"Feature","geometry":{"type":"Polygon","coordinates":[[[-79.934255,40.419528],[-79.934415,40.419461],[-79.934478,40.419551],[-79.934292,40.419578],[-79.934255,40.419528]]]},"properties":{"parcel_id":"0055H00279000000","block_lot":"55-H-279"}},{"type":"Feature","geometry":{"type":"Polygon","coordinates":[[[-79.934255,40.419528],[-79.934292,40.419578],[-79.934051,40.419613],[-79.934255,40.419528]]]},"properties":{"parcel_id":"0055H00281000000","block_lot":"55-H-281"}},{"type":"Feature","geometry":{"type":"Polygon","coordinates":[[[-79.936458,40.418935],[-79.936361,40.41892],[-79.936048,40.418699],[-79.936105,40.418656],[-79.936458,40.418935]]]},"properties":{"parcel_id":"0055H00296000000","block_lot":"55-H-296"}},{"type":"Feature","geometry":{"type":"Polygon","coordinates":[[[-79.936458,40.418935],[-79.936105,40.418656],[-79.936297,40.418509],[-79.936691,40.4188],[-79.936508,40.418942],[-79.936458,40.418935]]]},"properties":{"parcel_id":"0055H00297000000","block_lot":"55-H-297"}},{"type":"Feature","geometry":{"type":"Polygon","coordinates":[[[-79.936361,40.41892],[-79.936135,40.418885],[-79.935978,40.418753],[-79.936048,40.418699],[-79.936361,40.41892]]]},"properties":{"parcel_id":"0055H00298000000","block_lot":"55-H-298"}},{"type":"Feature","geometry":{"type":"Polygon","coordinates":[[[-79.935916,40.418801],[-79.935978,40.418753],[-79.936135,40.418885],[-79.936138,40.418985],[-79.935916,40.418801]]]},"properties":{"parcel_id":"0055H00299000000","block_lot":"55-H-299"}},{"type":"Feature","geometry":{"type":"Polygon","coordinates":[[[-79.935357,40.418909],[-79.935158,40.418615],[-79.935254,40.418577],[-79.935456,40.418869],[-79.935357,40.418909]]]},"properties":{"parcel_id":"0055H00300000000","block_lot":"55-H-300"}},{"type":"Feature","geometry":{"type":"Polygon","coordinates":[[[-79.93511,40.419012],[-79.934917,40.418736],[-79.935171,40.418633],[-79.935357,40.418909],[-79.93511,40.419012]]]},"properties":{"parcel_id":"0055H00301000000","block_lot":"55-H-301"}},{"type":"Feature","geometry":{"type":"Polygon","coordinates":[[[-79.934819,40.418805],[-79.934932,40.418758],[-79.93511,40.419012],[-79.935,40.419057],[-79.934819,40.418805]]]},"properties":{"parcel_id":"0055H00305000000","block_lot":"55-H-305"}},{"type":"Feature","geometry":{"type":"Polygon","coordinates":[[[-79.935,40.419057],[-79.934893,40.419102],[-79.934738,40.418885],[-79.934795,40.41886],[-79.934771,40.418825],[-79.934819,40.418805],[-79.935,40.419057]]]},"properties":{"parcel_id":"0055H00307000000","block_lot":"55-H-307"}},{"type":"Feature","geometry":{"type":"Polygon","coordinates":[[[-79.934893,40.419102],[-79.934774,40.419151],[-79.934622,40.418936],[-79.934738,40.418885],[-79.934893,40.419102]]]},"properties":{"parcel_id":"0055H00309000000","block_lot":"55-H-309"}},{"type":"Feature","geometry":{"type":"Polygon","coordinates":[[[-79.934774,40.419151],[-79.934628,40.419211],[-79.934454,40.418972],[-79.934603,40.418909],[-79.934774,40.419151]]]},"properties":{"parcel_id":"0055H00310000000","block_lot":"55-H-310"}},{"type":"Feature","geometry":{"type":"Polygon","coordinates":[[[-79.934628,40.419211],[-79.934608,40.41922],[-79.934329,40.418827],[-79.934379,40.418782],[-79.934501,40.418952],[-79.934454,40.418972],[-79.934628,40.419211]]]},"properties":{"parcel_id":"0055H00311000001","block_lot":"55-H-311-0-1"}},{"type":"Feature","geometry":{"type":"Polygon","coordinates":[[[-79.934608,40.41922],[-79.93445,40.419285],[-79.934319,40.418836],[-79.934329,40.418827],[-79.934608,40.41922]]]},"properties":{"parcel_id":"0055H00314000000","block_lot":"55-H-314"}},{"type":"Feature","geometry":{"type":"Polygon","coordinates":[[[-79.93445,40.419285],[-79.934318,40.41934],[-79.934219,40.418925],[-79.934319,40.418836],[-79.93445,40.419285]]]},"properties":{"parcel_id":"0055H00316000000","block_lot":"55-H-316"}},{"type":"Feature","geometry":{"type":"Polygon","coordinates":[[[-79.934318,40.41934],[-79.933995,40.419474],[-79.933978,40.419139],[-79.934219,40.418925],[-79.934318,40.41934]]]},"properties":{"parcel_id":"0055H00318000000","block_lot":"55-H-318"}},{"type":"Feature","geometry":{"type":"Polygon","coordinates":[[[-79.934379,40.418782],[-79.934462,40.418709],[-79.934603,40.418909],[-79.934501,40.418952],[-79.934379,40.418782]]]},"properties":{"parcel_id":"0055H00320000000","block_lot":"55-H-320"}},{"type":"Feature","geometry":{"type":"Polygon","coordinates":[[[-79.934622,40.418936],[-79.934462,40.418709],[-79.934535,40.418644],[-79.934712,40.418897],[-79.934622,40.418936]]]},"properties":{"parcel_id":"0055H00332000000","block_lot":"55-H-332"}},{"type":"Feature","geometry":{"type":"Polygon","coordinates":[[[-79.934712,40.418897],[-79.934535,40.418644],[-79.934605,40.418581],[-79.934795,40.41886],[-79.934712,40.418897]]]},"properties":{"parcel_id":"0055H00333000000","block_lot":"55-H-333"}},{"type":"Feature","geometry":{"type":"Polygon","coordinates":[[[-79.933898,40.419002],[-79.933657,40.418841],[-79.933764,40.418745],[-79.934036,40.418917],[-79.93394,40.418999],[-79.933927,40.419004],[-79.933912,40.419005],[-79.933898,40.419002]]]},"properties":{"parcel_id":"0055H00340000000","block_lot":"55-H-340"}},{"type":"Feature","geometry":{"type":"Polygon","coordinates":[[[-79.933764,40.418745],[-79.933882,40.41864],[-79.934155,40.418811],[-79.934036,40.418917],[-79.933764,40.418745]]]},"properties":{"parcel_id":"0055H00345000000","block_lot":"55-H-345"}},{"type":"Feature","geometry":{"type":"Polygon","coordinates":[[[-79.946578,40.416496],[-79.946408,40.416166],[-79.94667,40.416084],[-79.946841,40.416418],[-79.946578,40.416496]]]},"properties":{"parcel_id":"0055J00075000000","block_lot":"55-J-75"}},{"type":"Feature","geometry":{"type":"Polygon","coordinates":[[[-79.946417,40.416543],[-79.946841,40.416418],[-79.946987,40.416688],[-79.946564,40.416823],[-79.946417,40.416543]]]},"properties":{"parcel_id":"0055J00081000000","block_lot":"55-J-81"}},{"type":"Feature","geometry":{"type":"Polygon","coordinates":[[[-79.946564,40.416823],[-79.946987,40.416688],[-79.947044,40.416794],[-79.946618,40.416925],[-79.946564,40.416823]]]},"properties":{"parcel_id":"0055J00082000000","block_lot":"55-J-82"}},{"type":"Feature","geometry":{"type":"Polygon","coordinates":[[[-79.946618,40.416925],[-79.947044,40.416794],[-79.947112,40.416938],[-79.94703,40.41696],[-79.946691,40.417062],[-79.946618,40.416925]]]},"properties":{"parcel_id":"0055J00083000000","block_lot":"55-J-83"}},{"type":"Feature","geometry":{"type":"Polygon","coordinates":[[[-79.947084,40.417068],[-79.94703,40.41696],[-79.947112,40.416938],[-79.947166,40.417043],[-79.947084,40.417068]]]},"properties":{"parcel_id":"0055J00085000000","block_lot":"55-J-85"}},{"type":"Feature","geometry":{"type":"Polygon","coordinates":[[[-79.946817,40.417316],[-79.947238,40.417187],[-79.947338,40.417392],[-79.946932,40.417522],[-79.946817,40.417316]]]},"properties":{"parcel_id":"0055J00092000000","block_lot":"55-J-92"}},{"type":"Feature","geometry":{"type":"Polygon","coordinates":[[[-79.94723,40.41766],[-79.947119,40.417462],[-79.947338,40.417392],[-79.947431,40.417596],[-79.94723,40.41766]]]},"properties":{"parcel_id":"0055J00096000000","block_lot":"55-J-96"}},{"type":"Feature","geometry":{"type":"Polygon","coordinates":[[[-79.947495,40.417865],[-79.947365,40.417617],[-79.947431,40.417596],[-79.947558,40.417844],[-79.947495,40.417865]]]},"properties":{"parcel_id":"0055J00100000000","block_lot":"55-J-100"}},{"type":"Feature","geometry":{"type":"Polygon","coordinates":[[[-79.947495,40.417865],[-79.947558,40.417844],[-79.947658,40.418038],[-79.947596,40.418058],[-79.947495,40.417865]]]},"properties":{"parcel_id":"0055J00103000000","block_lot":"55-J-103"}},{"type":"Feature","geometry":{"type":"Polygon","coordinates":[[[-79.947254,40.418166],[-79.947658,40.418038],[-79.947701,40.418124],[-79.947296,40.418245],[-79.947254,40.418166]]]},"properties":{"parcel_id":"0055J00105000000","block_lot":"55-J-105"}},{"type":"Feature","geometry":{"type":"Polygon","coordinates":[[[-79.947296,40.418245],[-79.947701,40.418124],[-79.947747,40.418214],[-79.947343,40.418334],[-79.947296,40.418245]]]},"properties":{"parcel_id":"0055J00107000000","block_lot":"55-J-107"}},{"type":"Feature","geometry":{"type":"Polygon","coordinates":[[[-79.947343,40.418334],[-79.947747,40.418214],[-79.947834,40.418383],[-79.947429,40.418499],[-79.947343,40.418334]]]},"properties":{"parcel_id":"0055J00109000000","block_lot":"55-J-109"}},{"type":"Feature","geometry":{"type":"Polygon","coordinates":[[[-79.946817,40.413129],[-79.946633,40.412603],[-79.945904,40.412783],[-79.945531,40.411708],[-79.945498,40.411595],[-79.945471,40.411481],[-79.945449,40.411367],[-79.945432,40.411252],[-79.946816,40.410952],[-79.946822,40.41097],[-79.946851,40.410964],[-79.947584,40.412285],[-79.947772,40.412938],[-79.946817,40.413129]]]},"properties":{"parcel_id":"0055J00110000000","block_lot":"55-J-110"}},{"type":"Feature","geometry":{"type":"Polygon","coordinates":[[[-79.947429,40.418499],[-79.947834,40.418383],[-79.947878,40.41847],[-79.947476,40.418588],[-79.947429,40.418499]]]},"properties":{"parcel_id":"0055J00111000000","block_lot":"55-J-111"}},{"type":"Feature","geometry":{"type":"Polygon","coordinates":[[[-79.947411,40.418689],[-79.947156,40.418195],[-79.947254,40.418166],[-79.947476,40.418588],[-79.947878,40.41847],[-79.947915,40.418541],[-79.947411,40.418689]]]},"properties":{"parcel_id":"0055J00113000000","block_lot":"55-J-113"}},{"type":"Feature","geometry":{"type":"Polygon","coordinates":[[[-79.94726,40.414471],[-79.947438,40.414416],[-79.947354,40.414161],[-79.948076,40.413942],[-79.948379,40.415021],[-79.949738,40.417632],[-79.949008,40.417857],[-79.94726,40.414471]]]},"properties":{"parcel_id":"0055J00114000000","block_lot":"55-J-114"}},{"type":"Feature","geometry":{"type":"Polygon","coordinates":[[[-79.947602,40.414465],[-79.947849,40.414391],[-79.948449,40.41555],[-79.948204,40.41563],[-79.947602,40.414465]]]},"properties":{"parcel_id":"0055J00114000A00","block_lot":"55-J-114-A"}},{"type":"Feature","geometry":{"type":"Polygon","coordinates":[[[-79.948263,40.415755],[-79.948515,40.415678],[-79.948717,40.416074],[-79.948742,40.416066],[-79.948765,40.416115],[-79.948743,40.416121],[-79.948914,40.416453],[-79.948663,40.41653],[-79.948263,40.415755]]]},"properties":{"parcel_id":"0055J00114000B00","block_lot":"55-J-114-B"}},{"type":"Feature","geometry":{"type":"Polygon","coordinates":[[[-79.948727,40.416653],[-79.948979,40.416576],[-79.949093,40.416795],[-79.949111,40.416789],[-79.949534,40.417611],[-79.949413,40.41765],[-79.949408,40.417639],[-79.949261,40.417684],[-79.948727,40.416653]]]},"properties":{"parcel_id":"0055J00114000C00","block_lot":"55-J-114-C"}},{"type":"Feature","geometry":{"type":"Polygon","coordinates":[[[-79.94726,40.414471],[-79.949008,40.417857],[-79.948442,40.418032],[-79.946795,40.414866],[-79.946683,40.414647],[-79.94726,40.414471]]]},"properties":{"parcel_id":"0055J00118000000","block_lot":"55-J-118"}},{"type":"Feature","geometry":{"type":"Polygon","coordinates":[[[-79.947269,40.418162],[-79.947169,40.417972],[-79.947495,40.417865],[-79.947596,40.418058],[-79.947269,40.418162]]]},"properties":{"parcel_id":"0055J00123000000","block_lot":"55-J-123"}},{"type":"Feature","geometry":{"type":"Polygon","coordinates":[[[-79.947169,40.417972],[-79.947103,40.417847],[-79.947431,40.417741],[-79.947495,40.417865],[-79.947169,40.417972]]]},"properties":{"parcel_id":"0055J00126000000","block_lot":"55-J-126"}},{"type":"Feature","geometry":{"type":"Polygon","coordinates":[[[-79.947038,40.417722],[-79.947365,40.417617],[-79.947431,40.417741],[-79.947103,40.417847],[-79.947038,40.417722]]]},"properties":{"parcel_id":"0055J00129000000","block_lot":"55-J-129"}},{"type":"Feature","geometry":{"type":"Polygon","coordinates":[[[-79.947038,40.417722],[-79.946986,40.417623],[-79.947174,40.41756],[-79.94723,40.41766],[-79.947038,40.417722]]]},"properties":{"parcel_id":"0055J00131000000","block_lot":"55-J-131"}},{"type":"Feature","geometry":{"type":"Polygon","coordinates":[[[-79.946932,40.417522],[-79.947119,40.417462],[-79.947174,40.41756],[-79.946986,40.417623],[-79.946932,40.417522]]]},"properties":{"parcel_id":"0055J00133000000","block_lot":"55-J-133"}},{"type":"Feature","geometry":{"type":"Polygon","coordinates":[[[-79.946742,40.417166],[-79.947166,40.417043],[-79.947238,40.417187],[-79.946817,40.417316],[-79.946742,40.417166]]]},"properties":{"parcel_id":"0055J00140000000","block_lot":"55-J-140"}},{"type":"Feature","geometry":{"type":"Polygon","coordinates":[[[-79.946717,40.417112],[-79.947055,40.417011],[-79.947084,40.417068],[-79.946742,40.417166],[-79.946717,40.417112]]]},"properties":{"parcel_id":"0055J00142000000","block_lot":"55-J-142"}},{"type":"Feature","geometry":{"type":"Polygon","coordinates":[[[-79.946691,40.417062],[-79.94703,40.41696],[-79.947055,40.417011],[-79.946717,40.417112],[-79.946691,40.417062]]]},"properties":{"parcel_id":"0055J00143000000","block_lot":"55-J-143"}},{"type":"Feature","geometry":{"type":"Polygon","coordinates":[[[-79.946331,40.416379],[-79.946491,40.416327],[-79.946578,40.416496],[-79.946417,40.416543],[-79.946331,40.416379]]]},"properties":{"parcel_id":"0055J00152000000","block_lot":"55-J-152"}},{"type":"Feature","geometry":{"type":"Polygon","coordinates":[[[-79.945805,40.416355],[-79.946133,40.416253],[-79.946206,40.416392],[-79.94588,40.416496],[-79.945805,40.416355]]]},"properties":{"parcel_id":"0055J00157000000","block_lot":"55-J-157"}},{"type":"Feature","geometry":{"type":"Polygon","coordinates":[[[-79.94588,40.416496],[-79.946206,40.416392],[-79.94631,40.416589],[-79.945984,40.416689],[-79.94588,40.416496]]]},"properties":{"parcel_id":"0055J00161000000","block_lot":"55-J-161"}},{"type":"Feature","geometry":{"type":"Polygon","coordinates":[[[-79.945464,40.416849],[-79.94631,40.416589],[-79.946377,40.416715],[-79.945482,40.417],[-79.945464,40.416849]]]},"properties":{"parcel_id":"0055J00164000000","block_lot":"55-J-164"}},{"type":"Feature","geometry":{"type":"Polygon","coordinates":[[[-79.946442,40.416839],[-79.946092,40.416955],[-79.946025,40.416827],[-79.946377,40.416715],[-79.946442,40.416839]]]},"properties":{"parcel_id":"0055J00167000000","block_lot":"55-J-167"}},{"type":"Feature","geometry":{"type":"Polygon","coordinates":[[[-79.946124,40.417018],[-79.946092,40.416955],[-79.946442,40.416839],[-79.946476,40.416904],[-79.946124,40.417018]]]},"properties":{"parcel_id":"0055J00168000000","block_lot":"55-J-168"}},{"type":"Feature","geometry":{"type":"Polygon","coordinates":[[[-79.946124,40.417018],[-79.946476,40.416904],[-79.946512,40.416971],[-79.946158,40.417082],[-79.946124,40.417018]]]},"properties":{"parcel_id":"0055J00169000000","block_lot":"55-J-169"}},{"type":"Feature","geometry":{"type":"Polygon","coordinates":[[[-79.946365,40.417088],[-79.946394,40.417139],[-79.946218,40.417194],[-79.946192,40.417143],[-79.946365,40.417088]]]},"properties":{"parcel_id":"0055J00171000000","block_lot":"55-J-171"}},{"type":"Feature","geometry":{"type":"Polygon","coordinates":[[[-79.946365,40.417088],[-79.946544,40.417032],[-79.946572,40.417085],[-79.946394,40.417139],[-79.946365,40.417088]]]},"properties":{"parcel_id":"0055J00171000A00","block_lot":"55-J-171-A"}},{"type":"Feature","geometry":{"type":"Polygon","coordinates":[[[-79.946218,40.417194],[-79.946572,40.417085],[-79.946601,40.41714],[-79.946246,40.41725],[-79.946218,40.417194]]]},"properties":{"parcel_id":"0055J00172000000","block_lot":"55-J-172"}},{"type":"Feature","geometry":{"type":"Polygon","coordinates":[[[-79.946246,40.41725],[-79.946601,40.41714],[-79.94663,40.417194],[-79.946277,40.417312],[-79.946246,40.41725]]]},"properties":{"parcel_id":"0055J00173000000","block_lot":"55-J-173"}},{"type":"Feature","geometry":{"type":"Polygon","coordinates":[[[-79.946277,40.417312],[-79.94663,40.417194],[-79.946657,40.417246],[-79.946303,40.417363],[-79.946277,40.417312]]]},"properties":{"parcel_id":"0055J00174000000","block_lot":"55-J-174"}},{"type":"Feature","geometry":{"type":"Polygon","coordinates":[[[-79.946303,40.417363],[-79.946657,40.417246],[-79.946688,40.417305],[-79.946328,40.417414],[-79.946303,40.417363]]]},"properties":{"parcel_id":"0055J00175000000","block_lot":"55-J-175"}},{"type":"Feature","geometry":{"type":"Polygon","coordinates":[[[-79.946328,40.417414],[-79.946688,40.417305],[-79.946715,40.417355],[-79.946356,40.41747],[-79.946328,40.417414]]]},"properties":{"parcel_id":"0055J00176000000","block_lot":"55-J-176"}},{"type":"Feature","geometry":{"type":"Polygon","coordinates":[[[-79.946128,40.417544],[-79.946715,40.417355],[-79.946764,40.417449],[-79.946179,40.417637],[-79.946128,40.417544]]]},"properties":{"parcel_id":"0055J00178000000","block_lot":"55-J-178"}},{"type":"Feature","geometry":{"type":"Polygon","coordinates":[[[-79.946238,40.417745],[-79.946179,40.417637],[-79.946764,40.417449],[-79.946819,40.417553],[-79.946238,40.417745]]]},"properties":{"parcel_id":"0055J00180000000","block_lot":"55-J-180"}},{"type":"Feature","geometry":{"type":"Polygon","coordinates":[[[-79.946516,40.417768],[-79.946472,40.417678],[-79.946822,40.417565],[-79.946868,40.417656],[-79.946516,40.417768]]]},"properties":{"parcel_id":"0055J00185000000","block_lot":"55-J-185"}},{"type":"Feature","geometry":{"type":"Polygon","coordinates":[[[-79.946516,40.417768],[-79.946868,40.417656],[-79.946927,40.417773],[-79.946574,40.417884],[-79.946516,40.417768]]]},"properties":{"parcel_id":"0055J00187000000","block_lot":"55-J-187"}},{"type":"Feature","geometry":{"type":"Polygon","coordinates":[[[-79.946704,40.418347],[-79.946484,40.417933],[-79.946932,40.417786],[-79.947163,40.418208],[-79.946704,40.418347]]]},"properties":{"parcel_id":"0055J00196000000","block_lot":"55-J-196"}},{"type":"Feature","geometry":{"type":"Polygon","coordinates":[[[-79.947411,40.418689],[-79.946735,40.418888],[-79.946346,40.418456],[-79.947163,40.418208],[-79.947411,40.418689]]]},"properties":{"parcel_id":"0055J00213000000","block_lot":"55-J-213"}},{"type":"Feature","geometry":{"type":"Polygon","coordinates":[[[-79.94629,40.418398],[-79.946664,40.418271],[-79.946704,40.418347],[-79.946346,40.418456],[-79.94629,40.418398]]]},"properties":{"parcel_id":"0055J00214000000","block_lot":"55-J-214"}},{"type":"Feature","geometry":{"type":"Polygon","coordinates":[[[-79.946169,40.418289],[-79.946598,40.418146],[-79.946664,40.418271],[-79.94629,40.418398],[-79.946169,40.418289]]]},"properties":{"parcel_id":"0055J00215000000","block_lot":"55-J-215"}},{"type":"Feature","geometry":{"type":"Polygon","coordinates":[[[-79.946169,40.418289],[-79.945962,40.418104],[-79.946484,40.417933],[-79.946598,40.418146],[-79.946169,40.418289]]]},"properties":{"parcel_id":"0055J00218000000","block_lot":"55-J-218"}},{"type":"Feature","geometry":{"type":"Polygon","coordinates":[[[-79.946472,40.417678],[-79.946574,40.417884],[-79.945942,40.418083],[-79.945749,40.417911],[-79.946472,40.417678]]]},"properties":{"parcel_id":"0055J00229000000","block_lot":"55-J-229"}},{"type":"Feature","geometry":{"type":"Polygon","coordinates":[[[-79.945565,40.417725],[-79.946128,40.417544],[-79.946234,40.417737],[-79.945733,40.417899],[-79.945568,40.417747],[-79.945565,40.417725]]]},"properties":{"parcel_id":"0055J00238000000","block_lot":"55-J-238"}},{"type":"Feature","geometry":{"type":"Polygon","coordinates":[[[-79.945915,40.41755],[-79.946235,40.41745],[-79.946262,40.4175],[-79.945934,40.417606],[-79.945915,40.41755]]]},"properties":{"parcel_id":"0055J00248000000","block_lot":"55-J-248"}},{"type":"Feature","geometry":{"type":"Polygon","coordinates":[[[-79.945915,40.41755],[-79.945894,40.417489],[-79.946204,40.41739],[-79.946235,40.41745],[-79.945915,40.41755]]]},"properties":{"parcel_id":"0055J00249000000","block_lot":"55-J-249"}},{"type":"Feature","geometry":{"type":"Polygon","coordinates":[[[-79.945894,40.417489],[-79.945855,40.417375],[-79.946147,40.417282],[-79.946204,40.41739],[-79.945894,40.417489]]]},"properties":{"parcel_id":"0055J00250000000","block_lot":"55-J-250"}},{"type":"Feature","geometry":{"type":"Polygon","coordinates":[[[-79.945855,40.417375],[-79.945833,40.417313],[-79.946114,40.417221],[-79.946147,40.417282],[-79.945855,40.417375]]]},"properties":{"parcel_id":"0055J00252000000","block_lot":"55-J-252"}},{"type":"Feature","geometry":{"type":"Polygon","coordinates":[[[-79.945833,40.417313],[-79.945812,40.417253],[-79.946085,40.417166],[-79.946114,40.417221],[-79.945833,40.417313]]]},"properties":{"parcel_id":"0055J00253000000","block_lot":"55-J-253"}},{"type":"Feature","geometry":{"type":"Polygon","coordinates":[[[-79.945792,40.417197],[-79.946058,40.417114],[-79.946085,40.417166],[-79.945812,40.417253],[-79.945792,40.417197]]]},"properties":{"parcel_id":"0055J00254000000","block_lot":"55-J-254"}},{"type":"Feature","geometry":{"type":"Polygon","coordinates":[[[-79.945773,40.417133],[-79.94575,40.417066],[-79.945991,40.416989],[-79.946026,40.417055],[-79.945773,40.417133]]]},"properties":{"parcel_id":"0055J00256000000","block_lot":"55-J-256"}},{"type":"Feature","geometry":{"type":"Polygon","coordinates":[[[-79.94575,40.417066],[-79.945726,40.416996],[-79.945955,40.41692],[-79.945991,40.416989],[-79.94575,40.417066]]]},"properties":{"parcel_id":"0055J00257000000","block_lot":"55-J-257"}},{"type":"Feature","geometry":{"type":"Polygon","coordinates":[[[-79.945726,40.416996],[-79.945703,40.41693],[-79.945923,40.416859],[-79.945955,40.41692],[-79.945726,40.416996]]]},"properties":{"parcel_id":"0055J00258000000","block_lot":"55-J-258"}},{"type":"Feature","geometry":{"type":"Polygon","coordinates":[[[-79.945558,40.417663],[-79.945915,40.41755],[-79.945934,40.417606],[-79.945565,40.417725],[-79.945558,40.417663]]]},"properties":{"parcel_id":"0055J00260000000","block_lot":"55-J-260"}},{"type":"Feature","geometry":{"type":"Polygon","coordinates":[[[-79.945551,40.417599],[-79.945894,40.417489],[-79.945915,40.41755],[-79.945558,40.417663],[-79.945551,40.417599]]]},"properties":{"parcel_id":"0055J00261000000","block_lot":"55-J-261"}},{"type":"Feature","geometry":{"type":"Polygon","coordinates":[[[-79.945543,40.417535],[-79.945874,40.417431],[-79.945894,40.417489],[-79.945551,40.417599],[-79.945543,40.417535]]]},"properties":{"parcel_id":"0055J00262000000","block_lot":"55-J-262"}},{"type":"Feature","geometry":{"type":"Polygon","coordinates":[[[-79.945536,40.417476],[-79.945855,40.417375],[-79.945874,40.417431],[-79.945543,40.417535],[-79.945536,40.417476]]]},"properties":{"parcel_id":"0055J00263000000","block_lot":"55-J-263"}},{"type":"Feature","geometry":{"type":"Polygon","coordinates":[[[-79.945529,40.417411],[-79.945833,40.417313],[-79.945855,40.417375],[-79.945536,40.417476],[-79.945529,40.417411]]]},"properties":{"parcel_id":"0055J00264000000","block_lot":"55-J-264"}},{"type":"Feature","geometry":{"type":"Polygon","coordinates":[[[-79.945521,40.417346],[-79.945812,40.417253],[-79.945833,40.417313],[-79.945529,40.417411],[-79.945521,40.417346]]]},"properties":{"parcel_id":"0055J00265000000","block_lot":"55-J-265"}},{"type":"Feature","geometry":{"type":"Polygon","coordinates":[[[-79.945514,40.417284],[-79.945792,40.417197],[-79.945812,40.417253],[-79.945521,40.417346],[-79.945514,40.417284]]]},"properties":{"parcel_id":"0055J00266000000","block_lot":"55-J-266"}},{"type":"Feature","geometry":{"type":"Polygon","coordinates":[[[-79.945506,40.417215],[-79.946026,40.417055],[-79.946058,40.417114],[-79.945514,40.417284],[-79.945506,40.417215]]]},"properties":{"parcel_id":"0055J00267000000","block_lot":"55-J-267"}},{"type":"Feature","geometry":{"type":"Polygon","coordinates":[[[-79.945499,40.417147],[-79.94575,40.417066],[-79.945773,40.417133],[-79.945506,40.417215],[-79.945499,40.417147]]]},"properties":{"parcel_id":"0055J00268000000","block_lot":"55-J-268"}},{"type":"Feature","geometry":{"type":"Polygon","coordinates":[[[-79.94549,40.417075],[-79.945726,40.416996],[-79.94575,40.417066],[-79.945499,40.417147],[-79.94549,40.417075]]]},"properties":{"parcel_id":"0055J00269000000","block_lot":"55-J-269"}},{"type":"Feature","geometry":{"type":"Polygon","coordinates":[[[-79.945482,40.417],[-79.945703,40.41693],[-79.945726,40.416996],[-79.94549,40.417075],[-79.945482,40.417]]]},"properties":{"parcel_id":"0055J00270000000","block_lot":"55-J-270"}},{"type":"Feature","geometry":{"type":"Polygon","coordinates":[[[-79.945504,40.416449],[-79.945791,40.416749],[-79.945464,40.416849],[-79.945422,40.416475],[-79.945504,40.416449]]]},"properties":{"parcel_id":"0055J00272000000","block_lot":"55-J-272"}},{"type":"Feature","geometry":{"type":"Polygon","coordinates":[[[-79.945504,40.416449],[-79.945805,40.416355],[-79.945984,40.416689],[-79.945791,40.416749],[-79.945504,40.416449]]]},"properties":{"parcel_id":"0055J00273000000","block_lot":"55-J-273"}},{"type":"Feature","geometry":{"type":"Polygon","coordinates":[[[-79.945139,40.417384],[-79.945384,40.41731],[-79.945424,40.417651],[-79.945139,40.417384]]]},"properties":{"parcel_id":"0055J00282000000","block_lot":"55-J-282"}},{"type":"Feature","geometry":{"type":"Polygon","coordinates":[[[-79.945571,40.418643],[-79.945503,40.418564],[-79.944949,40.417895],[-79.945369,40.417749],[-79.946167,40.418462],[-79.945571,40.418643]]]},"properties":{"parcel_id":"0055J00300000000","block_lot":"55-J-300"}},{"type":"Feature","geometry":{"type":"Polygon","coordinates":[[[-79.945002,40.417256],[-79.945374,40.417224],[-79.945384,40.41731],[-79.945139,40.417384],[-79.945002,40.417256]]]},"properties":{"parcel_id":"0055K00001000000","block_lot":"55-K-1"}},{"type":"Feature","geometry":{"type":"Polygon","coordinates":[[[-79.944928,40.417186],[-79.945366,40.417156],[-79.945374,40.417224],[-79.945002,40.417256],[-79.944928,40.417186]]]},"properties":{"parcel_id":"0055K00003000000","block_lot":"55-K-3"}},{"type":"Feature","geometry":{"type":"Polygon","coordinates":[[[-79.944863,40.417125],[-79.945358,40.417088],[-79.945366,40.417156],[-79.944928,40.417186],[-79.944863,40.417125]]]},"properties":{"parcel_id":"0055K00004000000","block_lot":"55-K-4"}},{"type":"Feature","geometry":{"type":"Polygon","coordinates":[[[-79.94481,40.417075],[-79.945353,40.417035],[-79.945358,40.417088],[-79.944863,40.417125],[-79.94481,40.417075]]]},"properties":{"parcel_id":"0055K00005000000","block_lot":"55-K-5"}},{"type":"Feature","geometry":{"type":"Polygon","coordinates":[[[-79.94481,40.417075],[-79.944937,40.416984],[-79.945341,40.41696],[-79.945353,40.417035],[-79.94481,40.417075]]]},"properties":{"parcel_id":"0055K00006000000","block_lot":"55-K-6"}},{"type":"Feature","geometry":{"type":"Polygon","coordinates":[[[-79.945,40.416892],[-79.945331,40.416877],[-79.945341,40.41696],[-79.944937,40.416984],[-79.945008,40.416933],[-79.945,40.416892]]]},"properties":{"parcel_id":"0055K00007000000","block_lot":"55-K-7"}},{"type":"Feature","geometry":{"type":"Polygon","coordinates":[[[-79.944985,40.416818],[-79.945322,40.4168],[-79.945331,40.416877],[-79.945,40.416892],[-79.944985,40.416818]]]},"properties":{"parcel_id":"0055K00008000000","block_lot":"55-K-8"}},{"type":"Feature","geometry":{"type":"Polygon","coordinates":[[[-79.944969,40.416742],[-79.945312,40.416719],[-79.945322,40.4168],[-79.944985,40.416818],[-79.944969,40.416742]]]},"properties":{"parcel_id":"0055K00009000000","block_lot":"55-K-9"}},{"type":"Feature","geometry":{"type":"Polygon","coordinates":[[[-79.944954,40.416668],[-79.945304,40.416649],[-79.945312,40.416719],[-79.944969,40.416742],[-79.944954,40.416668]]]},"properties":{"parcel_id":"0055K00010000000","block_lot":"55-K-10"}},{"type":"Feature","geometry":{"type":"Polygon","coordinates":[[[-79.944936,40.41658],[-79.944798,40.416306],[-79.945278,40.41643],[-79.945304,40.416649],[-79.944954,40.416668],[-79.944936,40.41658]]]},"properties":{"parcel_id":"0055K00011000000","block_lot":"55-K-11"}},{"type":"Feature","geometry":{"type":"Polygon","coordinates":[[[-79.944623,40.416904],[-79.944892,40.416733],[-79.944926,40.416909],[-79.944755,40.417024],[-79.944623,40.416904]]]},"properties":{"parcel_id":"0055K00029000000","block_lot":"55-K-29"}},{"type":"Feature","geometry":{"type":"Polygon","coordinates":[[[-79.944623,40.416904],[-79.944539,40.416828],[-79.944869,40.416619],[-79.944892,40.416733],[-79.944623,40.416904]]]},"properties":{"parcel_id":"0055K00031000000","block_lot":"55-K-31"}},{"type":"Feature","geometry":{"type":"Polygon","coordinates":[[[-79.944476,40.416765],[-79.944794,40.416666],[-79.944539,40.416828],[-79.944481,40.416775],[-79.944476,40.416765]]]},"properties":{"parcel_id":"0055K00033000000","block_lot":"55-K-33"}},{"type":"Feature","geometry":{"type":"Polygon","coordinates":[[[-79.944476,40.416765],[-79.944453,40.416723],[-79.944858,40.416591],[-79.944868,40.41661],[-79.944869,40.416619],[-79.944794,40.416666],[-79.944476,40.416765]]]},"properties":{"parcel_id":"0055K00034000000","block_lot":"55-K-34"}},{"type":"Feature","geometry":{"type":"Polygon","coordinates":[[[-79.944425,40.416669],[-79.944831,40.416539],[-79.944858,40.416591],[-79.944453,40.416723],[-79.944425,40.416669]]]},"properties":{"parcel_id":"0055K00035000000","block_lot":"55-K-35"}},{"type":"Feature","geometry":{"type":"Polygon","coordinates":[[[-79.944343,40.416514],[-79.944753,40.41639],[-79.944831,40.416539],[-79.944425,40.416669],[-79.944343,40.416514]]]},"properties":{"parcel_id":"0055K00036000000","block_lot":"55-K-36"}},{"type":"Feature","geometry":{"type":"Polygon","coordinates":[[[-79.944316,40.416464],[-79.944727,40.416339],[-79.944753,40.41639],[-79.944343,40.416514],[-79.944316,40.416464]]]},"properties":{"parcel_id":"0055K00039000000","block_lot":"55-K-39"}},{"type":"Feature","geometry":{"type":"Polygon","coordinates":[[[-79.94429,40.416413],[-79.944701,40.416288],[-79.944727,40.416339],[-79.944316,40.416464],[-79.94429,40.416413]]]},"properties":{"parcel_id":"0055K00040000000","block_lot":"55-K-40"}},{"type":"Feature","geometry":{"type":"Polygon","coordinates":[[[-79.944263,40.416362],[-79.944673,40.416235],[-79.944701,40.416288],[-79.94429,40.416413],[-79.944263,40.416362]]]},"properties":{"parcel_id":"0055K00041000000","block_lot":"55-K-41"}},{"type":"Feature","geometry":{"type":"Polygon","coordinates":[[[-79.943499,40.416417],[-79.944037,40.41625],[-79.944076,40.416324],[-79.943524,40.416464],[-79.943499,40.416417]]]},"properties":{"parcel_id":"0055K00043000000","block_lot":"55-K-43"}},{"type":"Feature","geometry":{"type":"Polygon","coordinates":[[[-79.943524,40.416464],[-79.944076,40.416324],[-79.944124,40.416414],[-79.943587,40.416581],[-79.943524,40.416464]]]},"properties":{"parcel_id":"0055K00045000000","block_lot":"55-K-45"}},{"type":"Feature","geometry":{"type":"Polygon","coordinates":[[[-79.943587,40.416581],[-79.944124,40.416414],[-79.944158,40.416479],[-79.943619,40.416643],[-79.943587,40.416581]]]},"properties":{"parcel_id":"0055K00046000000","block_lot":"55-K-46"}},{"type":"Feature","geometry":{"type":"Polygon","coordinates":[[[-79.943619,40.416643],[-79.944158,40.416479],[-79.944192,40.416543],[-79.943657,40.416714],[-79.943619,40.416643]]]},"properties":{"parcel_id":"0055K00047000000","block_lot":"55-K-47"}},{"type":"Feature","geometry":{"type":"Polygon","coordinates":[[[-79.943657,40.416714],[-79.944192,40.416543],[-79.944306,40.416758],[-79.943769,40.416922],[-79.943657,40.416714]]]},"properties":{"parcel_id":"0055K00052000000","block_lot":"55-K-52"}},{"type":"Feature","geometry":{"type":"Polygon","coordinates":[[[-79.944855,40.41729],[-79.944791,40.41731],[-79.944043,40.416879],[-79.94431,40.416798],[-79.944855,40.41729]]]},"properties":{"parcel_id":"0055K00061000000","block_lot":"55-K-61"}},{"type":"Feature","geometry":{"type":"Polygon","coordinates":[[[-79.944637,40.417518],[-79.944985,40.417407],[-79.945039,40.417456],[-79.944683,40.417574],[-79.944637,40.417518]]]},"properties":{"parcel_id":"0055K00064000000","block_lot":"55-K-64"}},{"type":"Feature","geometry":{"type":"Polygon","coordinates":[[[-79.944683,40.417574],[-79.945039,40.417456],[-79.945097,40.417507],[-79.944729,40.417629],[-79.944683,40.417574]]]},"properties":{"parcel_id":"0055K00065000000","block_lot":"55-K-65"}},{"type":"Feature","geometry":{"type":"Polygon","coordinates":[[[-79.944729,40.417629],[-79.945097,40.417507],[-79.94515,40.417554],[-79.94477,40.41768],[-79.944729,40.417629]]]},"properties":{"parcel_id":"0055K00066000000","block_lot":"55-K-66"}},{"type":"Feature","geometry":{"type":"Polygon","coordinates":[[[-79.94477,40.41768],[-79.94515,40.417554],[-79.945205,40.417604],[-79.944814,40.417732],[-79.94477,40.41768]]]},"properties":{"parcel_id":"0055K00067000000","block_lot":"55-K-67"}},{"type":"Feature","geometry":{"type":"Polygon","coordinates":[[[-79.944814,40.417732],[-79.945205,40.417604],[-79.945258,40.417651],[-79.944856,40.417783],[-79.944814,40.417732]]]},"properties":{"parcel_id":"0055K00068000000","block_lot":"55-K-68"}},{"type":"Feature","geometry":{"type":"Polygon","coordinates":[[[-79.944856,40.417783],[-79.945258,40.417651],[-79.945309,40.417697],[-79.944898,40.417834],[-79.944856,40.417783]]]},"properties":{"parcel_id":"0055K00069000000","block_lot":"55-K-69"}},{"type":"Feature","geometry":{"type":"Polygon","coordinates":[[[-79.944949,40.417895],[-79.944898,40.417834],[-79.945309,40.417697],[-79.945369,40.417749],[-79.944949,40.417895]]]},"properties":{"parcel_id":"0055K00070000000","block_lot":"55-K-70"}},{"type":"Feature","geometry":{"type":"Polygon","coordinates":[[[-79.944637,40.417518],[-79.944683,40.417574],[-79.944928,40.417871],[-79.944792,40.417906],[-79.944629,40.417528],[-79.944637,40.417518]]]},"properties":{"parcel_id":"0055K00082000000","block_lot":"55-K-82"}},{"type":"Feature","geometry":{"type":"Polygon","coordinates":[[[-79.944831,40.417995],[-79.944792,40.417906],[-79.944928,40.417871],[-79.944996,40.417952],[-79.944831,40.417995]]]},"properties":{"parcel_id":"0055K00084000000","block_lot":"55-K-84"}},{"type":"Feature","geometry":{"type":"Polygon","coordinates":[[[-79.94505,40.418017],[-79.944858,40.418058],[-79.944831,40.417995],[-79.944996,40.417952],[-79.94505,40.418017]]]},"properties":{"parcel_id":"0055K00085000000","block_lot":"55-K-85"}},{"type":"Feature","geometry":{"type":"Polygon","coordinates":[[[-79.944858,40.418058],[-79.94505,40.418017],[-79.945094,40.418071],[-79.944888,40.418128],[-79.944858,40.418058]]]},"properties":{"parcel_id":"0055K00086000000","block_lot":"55-K-86"}},{"type":"Feature","geometry":{"type":"Polygon","coordinates":[[[-79.944888,40.418128],[-79.945094,40.418071],[-79.94519,40.418187],[-79.944943,40.418254],[-79.944888,40.418128]]]},"properties":{"parcel_id":"0055K00088000000","block_lot":"55-K-88"}},{"type":"Feature","geometry":{"type":"Polygon","coordinates":[[[-79.944943,40.418254],[-79.94519,40.418187],[-79.945248,40.418257],[-79.944973,40.418323],[-79.944943,40.418254]]]},"properties":{"parcel_id":"0055K00089000000","block_lot":"55-K-89"}},{"type":"Feature","geometry":{"type":"Polygon","coordinates":[[[-79.944973,40.418323],[-79.945248,40.418257],[-79.945297,40.418316],[-79.945003,40.418394],[-79.944973,40.418323]]]},"properties":{"parcel_id":"0055K00090000000","block_lot":"55-K-90"}},{"type":"Feature","geometry":{"type":"Polygon","coordinates":[[[-79.945003,40.418394],[-79.945297,40.418316],[-79.945503,40.418564],[-79.945119,40.41866],[-79.945003,40.418394]]]},"properties":{"parcel_id":"0055K00095000000","block_lot":"55-K-95"}},{"type":"Feature","geometry":{"type":"Polygon","coordinates":[[[-79.945549,40.418617],[-79.945142,40.418717],[-79.945119,40.41866],[-79.945503,40.418564],[-79.945549,40.418617]]]},"properties":{"parcel_id":"0055K00096000000","block_lot":"55-K-96"}},{"type":"Feature","geometry":{"type":"Polygon","coordinates":[[[-79.944588,40.418706],[-79.944927,40.418628],[-79.944954,40.418693],[-79.944619,40.418777],[-79.944588,40.418706]]]},"properties":{"parcel_id":"0055K00097000000","block_lot":"55-K-97"}},{"type":"Feature","geometry":{"type":"Polygon","coordinates":[[[-79.944588,40.418706],[-79.944534,40.418579],[-79.944872,40.418499],[-79.944927,40.418628],[-79.944588,40.418706]]]},"properties":{"parcel_id":"0055K00098000000","block_lot":"55-K-98"}},{"type":"Feature","geometry":{"type":"Polygon","coordinates":[[[-79.944503,40.418509],[-79.944842,40.418428],[-79.944872,40.418499],[-79.944534,40.418579],[-79.944503,40.418509]]]},"properties":{"parcel_id":"0055K00100000000","block_lot":"55-K-100"}},{"type":"Feature","geometry":{"type":"Polygon","coordinates":[[[-79.944478,40.418451],[-79.944815,40.418366],[-79.944842,40.418428],[-79.944503,40.418509],[-79.944478,40.418451]]]},"properties":{"parcel_id":"0055K00101000000","block_lot":"55-K-101"}},{"type":"Feature","geometry":{"type":"Polygon","coordinates":[[[-79.944815,40.418366],[-79.944478,40.418451],[-79.94442,40.418317],[-79.94476,40.418238],[-79.944815,40.418366]]]},"properties":{"parcel_id":"0055K00102000000","block_lot":"55-K-102"}},{"type":"Feature","geometry":{"type":"Polygon","coordinates":[[[-79.94442,40.418317],[-79.944364,40.418187],[-79.944705,40.418108],[-79.94476,40.418238],[-79.94442,40.418317]]]},"properties":{"parcel_id":"0055K00104000000","block_lot":"55-K-104"}},{"type":"Feature","geometry":{"type":"Polygon","coordinates":[[[-79.944364,40.418187],[-79.944338,40.418126],[-79.944676,40.418041],[-79.944705,40.418108],[-79.944364,40.418187]]]},"properties":{"parcel_id":"0055K00106000000","block_lot":"55-K-106"}},{"type":"Feature","geometry":{"type":"Polygon","coordinates":[[[-79.944251,40.417927],[-79.944593,40.417847],[-79.944676,40.418041],[-79.944338,40.418126],[-79.944251,40.417927]]]},"properties":{"parcel_id":"0055K00107000000","block_lot":"55-K-107"}},{"type":"Feature","geometry":{"type":"Polygon","coordinates":[[[-79.944196,40.417798],[-79.944538,40.417716],[-79.944593,40.417847],[-79.944251,40.417927],[-79.944196,40.417798]]]},"properties":{"parcel_id":"0055K00110000000","block_lot":"55-K-110"}},{"type":"Feature","geometry":{"type":"Polygon","coordinates":[[[-79.944168,40.417734],[-79.944511,40.417653],[-79.944538,40.417716],[-79.944196,40.417798],[-79.944168,40.417734]]]},"properties":{"parcel_id":"0055K00112000000","block_lot":"55-K-112"}},{"type":"Feature","geometry":{"type":"Polygon","coordinates":[[[-79.944511,40.417653],[-79.944168,40.417734],[-79.944126,40.417636],[-79.944452,40.417515],[-79.944511,40.417653]]]},"properties":{"parcel_id":"0055K00113000000","block_lot":"55-K-113"}},{"type":"Feature","geometry":{"type":"Polygon","coordinates":[[[-79.943822,40.417037],[-79.943976,40.416992],[-79.944765,40.417441],[-79.944955,40.41738],[-79.944985,40.417407],[-79.944637,40.417518],[-79.944645,40.417506],[-79.944572,40.417418],[-79.944109,40.417581],[-79.943822,40.417037]]]},"properties":{"parcel_id":"0055K00115000000","block_lot":"55-K-115"}},{"type":"Feature","geometry":{"type":"Polygon","coordinates":[[[-79.942923,40.416588],[-79.942749,40.416257],[-79.943179,40.41612],[-79.943365,40.416475],[-79.942923,40.416588]]]},"properties":{"parcel_id":"0055K00139000000","block_lot":"55-K-139"}},{"type":"Feature","geometry":{"type":"Polygon","coordinates":[[[-79.942923,40.416588],[-79.943365,40.416475],[-79.943625,40.41697],[-79.943196,40.417103],[-79.942923,40.416588]]]},"properties":{"parcel_id":"0055K00147000000","block_lot":"55-K-147"}},{"type":"Feature","geometry":{"type":"Polygon","coordinates":[[[-79.943733,40.417178],[-79.943226,40.417328],[-79.943219,40.417219],[-79.94368,40.417078],[-79.943733,40.417178]]]},"properties":{"parcel_id":"0055K00150000000","block_lot":"55-K-150"}},{"type":"Feature","geometry":{"type":"Polygon","coordinates":[[[-79.943236,40.41747],[-79.943226,40.417328],[-79.943733,40.417178],[-79.943802,40.417308],[-79.943236,40.41747]]]},"properties":{"parcel_id":"0055K00152000000","block_lot":"55-K-152"}},{"type":"Feature","geometry":{"type":"Polygon","coordinates":[[[-79.943236,40.41747],[-79.943802,40.417308],[-79.943835,40.417371],[-79.943241,40.417543],[-79.943236,40.41747]]]},"properties":{"parcel_id":"0055K00153000000","block_lot":"55-K-153"}},{"type":"Feature","geometry":{"type":"Polygon","coordinates":[[[-79.943241,40.417543],[-79.943835,40.417371],[-79.943867,40.417434],[-79.943246,40.417613],[-79.943241,40.417543]]]},"properties":{"parcel_id":"0055K00154000000","block_lot":"55-K-154"}},{"type":"Feature","geometry":{"type":"Polygon","coordinates":[[[-79.943252,40.417688],[-79.943246,40.417613],[-79.943867,40.417434],[-79.943902,40.417499],[-79.943252,40.417688]]]},"properties":{"parcel_id":"0055K00155000000","block_lot":"55-K-155"}},{"type":"Feature","geometry":{"type":"Polygon","coordinates":[[[-79.943252,40.417688],[-79.943902,40.417499],[-79.943934,40.41756],[-79.943257,40.417761],[-79.943252,40.417688]]]},"properties":{"parcel_id":"0055K00156000000","block_lot":"55-K-156"}},{"type":"Feature","geometry":{"type":"Polygon","coordinates":[[[-79.943257,40.417761],[-79.943934,40.41756],[-79.943969,40.417627],[-79.943568,40.417759],[-79.943245,40.417869],[-79.943257,40.417761]]]},"properties":{"parcel_id":"0055K00157000000","block_lot":"55-K-157"}},{"type":"Feature","geometry":{"type":"Polygon","coordinates":[[[-79.94455,40.418795],[-79.944562,40.418823],[-79.944489,40.418841],[-79.943989,40.41768],[-79.943666,40.417794],[-79.943999,40.418567],[-79.943925,40.418585],[-79.943568,40.417759],[-79.943969,40.417627],[-79.94368,40.417078],[-79.943822,40.417037],[-79.944109,40.417581],[-79.944572,40.417418],[-79.944645,40.417506],[-79.944629,40.417528],[-79.945119,40.41866],[-79.944954,40.418693],[-79.944452,40.417515],[-79.944126,40.417636],[-79.944619,40.418777],[-79.94455,40.418795]]]},"properties":{"parcel_id":"0055K00158000000","block_lot":"55-K-158"}},{"type":"Feature","geometry":{"type":"Polygon","coordinates":[[[-79.943717,40.417911],[-79.943666,40.417794],[-79.943989,40.41768],[-79.944055,40.417834],[-79.943717,40.417911]]]},"properties":{"parcel_id":"0055K00161000000","block_lot":"55-K-161"}},{"type":"Feature","geometry":{"type":"Polygon","coordinates":[[[-79.94411,40.417961],[-79.943774,40.418044],[-79.943717,40.417911],[-79.944055,40.417834],[-79.94411,40.417961]]]},"properties":{"parcel_id":"0055K00163000000","block_lot":"55-K-163"}},{"type":"Feature","geometry":{"type":"Polygon","coordinates":[[[-79.943774,40.418044],[-79.94411,40.417961],[-79.944167,40.418092],[-79.943829,40.418171],[-79.943774,40.418044]]]},"properties":{"parcel_id":"0055K00165000000","block_lot":"55-K-165"}},{"type":"Feature","geometry":{"type":"Polygon","coordinates":[[[-79.943829,40.418171],[-79.944167,40.418092],[-79.944223,40.418223],[-79.943886,40.418304],[-79.943829,40.418171]]]},"properties":{"parcel_id":"0055K00167000000","block_lot":"55-K-167"}},{"type":"Feature","geometry":{"type":"Polygon","coordinates":[[[-79.943886,40.418304],[-79.944223,40.418223],[-79.944335,40.418482],[-79.943999,40.418567],[-79.943886,40.418304]]]},"properties":{"parcel_id":"0055K00172000000","block_lot":"55-K-172"}},{"type":"Feature","geometry":{"type":"Polygon","coordinates":[[[-79.943999,40.418567],[-79.944335,40.418482],[-79.944392,40.418615],[-79.944056,40.418699],[-79.943999,40.418567]]]},"properties":{"parcel_id":"0055K00174000000","block_lot":"55-K-174"}},{"type":"Feature","geometry":{"type":"Polygon","coordinates":[[[-79.943556,40.41859],[-79.943892,40.418508],[-79.943919,40.418572],[-79.943584,40.418655],[-79.943556,40.41859]]]},"properties":{"parcel_id":"0055K00177000000","block_lot":"55-K-177"}},{"type":"Feature","geometry":{"type":"Polygon","coordinates":[[[-79.943526,40.418521],[-79.943862,40.418438],[-79.943892,40.418508],[-79.943556,40.41859],[-79.943526,40.418521]]]},"properties":{"parcel_id":"0055K00178000000","block_lot":"55-K-178"}},{"type":"Feature","geometry":{"type":"Polygon","coordinates":[[[-79.943499,40.418459],[-79.943835,40.418376],[-79.943862,40.418438],[-79.943526,40.418521],[-79.943499,40.418459]]]},"properties":{"parcel_id":"0055K00179000000","block_lot":"55-K-179"}},{"type":"Feature","geometry":{"type":"Polygon","coordinates":[[[-79.943471,40.418393],[-79.943805,40.418308],[-79.943835,40.418376],[-79.943499,40.418459],[-79.943471,40.418393]]]},"properties":{"parcel_id":"0055K00180000000","block_lot":"55-K-180"}},{"type":"Feature","geometry":{"type":"Polygon","coordinates":[[[-79.943415,40.418263],[-79.94375,40.418182],[-79.943805,40.418308],[-79.943471,40.418393],[-79.943415,40.418263]]]},"properties":{"parcel_id":"0055K00181000000","block_lot":"55-K-181"}},{"type":"Feature","geometry":{"type":"Polygon","coordinates":[[[-79.943357,40.418129],[-79.943694,40.418051],[-79.94375,40.418182],[-79.943415,40.418263],[-79.943357,40.418129]]]},"properties":{"parcel_id":"0055K00183000000","block_lot":"55-K-183"}},{"type":"Feature","geometry":{"type":"Polygon","coordinates":[[[-79.943245,40.417869],[-79.943568,40.417759],[-79.943694,40.418051],[-79.943357,40.418129],[-79.943245,40.417869]]]},"properties":{"parcel_id":"0055K00185000000","block_lot":"55-K-185"}},{"type":"Feature","geometry":{"type":"Polygon","coordinates":[[[-79.942077,40.416356],[-79.94255,40.416202],[-79.942662,40.416415],[-79.942191,40.416568],[-79.942077,40.416356]]]},"properties":{"parcel_id":"0055K00214000000","block_lot":"55-K-214"}},{"type":"Feature","geometry":{"type":"Polygon","coordinates":[[[-79.942396,40.416503],[-79.942662,40.416415],[-79.942836,40.416745],[-79.942365,40.416898],[-79.9423,40.416775],[-79.942511,40.416721],[-79.942396,40.416503]]]},"properties":{"parcel_id":"0055K00220000000","block_lot":"55-K-220"}},{"type":"Feature","geometry":{"type":"Polygon","coordinates":[[[-79.942601,40.416821],[-79.942836,40.416745],[-79.942903,40.416871],[-79.942669,40.416948],[-79.942601,40.416821]]]},"properties":{"parcel_id":"0055K00224000000","block_lot":"55-K-224"}},{"type":"Feature","geometry":{"type":"Polygon","coordinates":[[[-79.942432,40.417025],[-79.942903,40.416871],[-79.942937,40.416935],[-79.942467,40.417088],[-79.942432,40.417025]]]},"properties":{"parcel_id":"0055K00225000000","block_lot":"55-K-225"}},{"type":"Feature","geometry":{"type":"Polygon","coordinates":[[[-79.942467,40.417088],[-79.942937,40.416935],[-79.94297,40.416998],[-79.942499,40.417151],[-79.942467,40.417088]]]},"properties":{"parcel_id":"0055K00226000000","block_lot":"55-K-226"}},{"type":"Feature","geometry":{"type":"Polygon","coordinates":[[[-79.942499,40.417151],[-79.94297,40.416998],[-79.943004,40.417062],[-79.942531,40.417215],[-79.942499,40.417151]]]},"properties":{"parcel_id":"0055K00227000000","block_lot":"55-K-227"}},{"type":"Feature","geometry":{"type":"Polygon","coordinates":[[[-79.942365,40.416898],[-79.942601,40.416821],[-79.942669,40.416948],[-79.942432,40.417025],[-79.942365,40.416898]]]},"properties":{"parcel_id":"0055K00228000000","block_lot":"55-K-228"}},{"type":"Feature","geometry":{"type":"Polygon","coordinates":[[[-79.943004,40.417062],[-79.943067,40.417184],[-79.942595,40.417332],[-79.942531,40.417215],[-79.943004,40.417062]]]},"properties":{"parcel_id":"0055K00229000000","block_lot":"55-K-229"}},{"type":"Feature","geometry":{"type":"Polygon","coordinates":[[[-79.943079,40.417408],[-79.942634,40.417542],[-79.942571,40.417424],[-79.943069,40.417269],[-79.943079,40.417408]]]},"properties":{"parcel_id":"0055K00232000000","block_lot":"55-K-232"}},{"type":"Feature","geometry":{"type":"Polygon","coordinates":[[[-79.942634,40.417542],[-79.943079,40.417408],[-79.943089,40.417538],[-79.942697,40.417661],[-79.942634,40.417542]]]},"properties":{"parcel_id":"0055K00234000000","block_lot":"55-K-234"}},{"type":"Feature","geometry":{"type":"Polygon","coordinates":[[[-79.942697,40.417661],[-79.943089,40.417538],[-79.943094,40.417599],[-79.942728,40.417719],[-79.942697,40.417661]]]},"properties":{"parcel_id":"0055K00235000000","block_lot":"55-K-235"}},{"type":"Feature","geometry":{"type":"Polygon","coordinates":[[[-79.942759,40.417776],[-79.942728,40.417719],[-79.943094,40.417599],[-79.943099,40.417667],[-79.942759,40.417776]]]},"properties":{"parcel_id":"0055K00236000000","block_lot":"55-K-236"}},{"type":"Feature","geometry":{"type":"Polygon","coordinates":[[[-79.942759,40.417776],[-79.943099,40.417667],[-79.943105,40.417741],[-79.942792,40.417838],[-79.942759,40.417776]]]},"properties":{"parcel_id":"0055K00237000000","block_lot":"55-K-237"}},{"type":"Feature","geometry":{"type":"Polygon","coordinates":[[[-79.942792,40.417838],[-79.943105,40.417741],[-79.94311,40.417817],[-79.942827,40.417905],[-79.942792,40.417838]]]},"properties":{"parcel_id":"0055K00238000000","block_lot":"55-K-238"}},{"type":"Feature","geometry":{"type":"Polygon","coordinates":[[[-79.942845,40.417937],[-79.942827,40.417905],[-79.94311,40.417817],[-79.943116,40.417883],[-79.943131,40.417918],[-79.943037,40.417955],[-79.942845,40.417937]]]},"properties":{"parcel_id":"0055K00240000000","block_lot":"55-K-240"}},{"type":"Feature","geometry":{"type":"Polygon","coordinates":[[[-79.942845,40.417937],[-79.943037,40.417955],[-79.943131,40.417918],[-79.943168,40.418004],[-79.942848,40.418081],[-79.942804,40.417929],[-79.942845,40.417937]]]},"properties":{"parcel_id":"0055K00241000000","block_lot":"55-K-241"}},{"type":"Feature","geometry":{"type":"Polygon","coordinates":[[[-79.942872,40.418159],[-79.942848,40.418081],[-79.943168,40.418004],[-79.9432,40.418081],[-79.942872,40.418159]]]},"properties":{"parcel_id":"0055K00242000000","block_lot":"55-K-242"}},{"type":"Feature","geometry":{"type":"Polygon","coordinates":[[[-79.943232,40.418156],[-79.942895,40.418241],[-79.942872,40.418159],[-79.9432,40.418081],[-79.943232,40.418156]]]},"properties":{"parcel_id":"0055K00243000000","block_lot":"55-K-243"}},{"type":"Feature","geometry":{"type":"Polygon","coordinates":[[[-79.942895,40.418241],[-79.943232,40.418156],[-79.94326,40.418221],[-79.942987,40.418291],[-79.942908,40.418283],[-79.942895,40.418241]]]},"properties":{"parcel_id":"0055K00244000000","block_lot":"55-K-244"}},{"type":"Feature","geometry":{"type":"Polygon","coordinates":[[[-79.942987,40.418291],[-79.94326,40.418221],[-79.943302,40.41832],[-79.942987,40.418291]]]},"properties":{"parcel_id":"0055K00245000000","block_lot":"55-K-245"}},{"type":"Feature","geometry":{"type":"Polygon","coordinates":[[[-79.943101,40.418707],[-79.942975,40.418408],[-79.943357,40.418442],[-79.943433,40.418622],[-79.943101,40.418707]]]},"properties":{"parcel_id":"0055K00250000000","block_lot":"55-K-250"}},{"type":"Feature","geometry":{"type":"Polygon","coordinates":[[[-79.9423,40.416775],[-79.942191,40.416568],[-79.942396,40.416503],[-79.942511,40.416721],[-79.9423,40.416775]]]},"properties":{"parcel_id":"0055K00272000000","block_lot":"55-K-272"}},{"type":"Feature","geometry":{"type":"Polygon","coordinates":[[[-79.941434,40.416312],[-79.941831,40.416187],[-79.941869,40.416259],[-79.941467,40.416388],[-79.941434,40.416312]]]},"properties":{"parcel_id":"0055K00275000000","block_lot":"55-K-275"}},{"type":"Feature","geometry":{"type":"Polygon","coordinates":[[[-79.941919,40.416355],[-79.941511,40.41649],[-79.941467,40.416388],[-79.941869,40.416259],[-79.941919,40.416355]]]},"properties":{"parcel_id":"0055K00278000000","block_lot":"55-K-278"}},{"type":"Feature","geometry":{"type":"Polygon","coordinates":[[[-79.941511,40.41649],[-79.941919,40.416355],[-79.941955,40.416422],[-79.94154,40.416557],[-79.941511,40.41649]]]},"properties":{"parcel_id":"0055K00279000000","block_lot":"55-K-279"}},{"type":"Feature","geometry":{"type":"Polygon","coordinates":[[[-79.94154,40.416557],[-79.941955,40.416422],[-79.942021,40.416547],[-79.941596,40.416687],[-79.94154,40.416557]]]},"properties":{"parcel_id":"0055K00281000000","block_lot":"55-K-281"}},{"type":"Feature","geometry":{"type":"Polygon","coordinates":[[[-79.941596,40.416687],[-79.942021,40.416547],[-79.942055,40.416612],[-79.941623,40.416749],[-79.941596,40.416687]]]},"properties":{"parcel_id":"0055K00282000000","block_lot":"55-K-282"}},{"type":"Feature","geometry":{"type":"Polygon","coordinates":[[[-79.941623,40.416749],[-79.942055,40.416612],[-79.94209,40.416679],[-79.941652,40.416818],[-79.941623,40.416749]]]},"properties":{"parcel_id":"0055K00283000000","block_lot":"55-K-283"}},{"type":"Feature","geometry":{"type":"Polygon","coordinates":[[[-79.941652,40.416818],[-79.94209,40.416679],[-79.942211,40.416908],[-79.941663,40.417082],[-79.941694,40.416915],[-79.941652,40.416818]]]},"properties":{"parcel_id":"0055K00287000000","block_lot":"55-K-287"}},{"type":"Feature","geometry":{"type":"Polygon","coordinates":[[[-79.941663,40.417082],[-79.942211,40.416908],[-79.942246,40.416973],[-79.941648,40.41716],[-79.941663,40.417082]]]},"properties":{"parcel_id":"0055K00288000000","block_lot":"55-K-288"}},{"type":"Feature","geometry":{"type":"Polygon","coordinates":[[[-79.941648,40.41716],[-79.942246,40.416973],[-79.94231,40.417095],[-79.941802,40.417249],[-79.941636,40.41723],[-79.941648,40.41716]]]},"properties":{"parcel_id":"0055K00290000000","block_lot":"55-K-290"}},{"type":"Feature","geometry":{"type":"Polygon","coordinates":[[[-79.941802,40.417249],[-79.94231,40.417095],[-79.942344,40.41716],[-79.941979,40.417269],[-79.941802,40.417249]]]},"properties":{"parcel_id":"0055K00291000000","block_lot":"55-K-291"}},{"type":"Feature","geometry":{"type":"Polygon","coordinates":[[[-79.941979,40.417269],[-79.942344,40.41716],[-79.942428,40.417319],[-79.941979,40.417269]]]},"properties":{"parcel_id":"0055K00293000000","block_lot":"55-K-293"}},{"type":"Feature","geometry":{"type":"Polygon","coordinates":[[[-79.941706,40.417356],[-79.941622,40.4178],[-79.941541,40.417792],[-79.941618,40.417347],[-79.941706,40.417356]]]},"properties":{"parcel_id":"0055K00310000000","block_lot":"55-K-310"}},{"type":"Feature","geometry":{"type":"Polygon","coordinates":[[[-79.941622,40.4178],[-79.941706,40.417356],[-79.941798,40.417366],[-79.941717,40.41781],[-79.941622,40.4178]]]},"properties":{"parcel_id":"0055K00311000000","block_lot":"55-K-311"}},{"type":"Feature","geometry":{"type":"Polygon","coordinates":[[[-79.941717,40.41781],[-79.941798,40.417366],[-79.942161,40.417405],[-79.942074,40.417847],[-79.941717,40.41781]]]},"properties":{"parcel_id":"0055K00316000000","block_lot":"55-K-316"}},{"type":"Feature","geometry":{"type":"Polygon","coordinates":[[[-79.942157,40.417856],[-79.942074,40.417847],[-79.942161,40.417405],[-79.942248,40.417414],[-79.942157,40.417856]]]},"properties":{"parcel_id":"0055K00317000000","block_lot":"55-K-317"}},{"type":"Feature","geometry":{"type":"Polygon","coordinates":[[[-79.942157,40.417856],[-79.942248,40.417414],[-79.942334,40.417423],[-79.942249,40.417866],[-79.942157,40.417856]]]},"properties":{"parcel_id":"0055K00318000000","block_lot":"55-K-318"}},{"type":"Feature","geometry":{"type":"Polygon","coordinates":[[[-79.942249,40.417866],[-79.942334,40.417423],[-79.942421,40.417433],[-79.94234,40.417875],[-79.942249,40.417866]]]},"properties":{"parcel_id":"0055K00319000000","block_lot":"55-K-319"}},{"type":"Feature","geometry":{"type":"Polygon","coordinates":[[[-79.942421,40.417433],[-79.942496,40.417441],[-79.942748,40.417918],[-79.94234,40.417875],[-79.942421,40.417433]]]},"properties":{"parcel_id":"0055K00320000000","block_lot":"55-K-320"}},{"type":"Feature","geometry":{"type":"Polygon","coordinates":[[[-79.941715,40.417874],[-79.941664,40.418156],[-79.941599,40.41815],[-79.94154,40.417857],[-79.941715,40.417874]]]},"properties":{"parcel_id":"0055K00337000000","block_lot":"55-K-337"}},{"type":"Feature","geometry":{"type":"Polygon","coordinates":[[[-79.941664,40.418156],[-79.941715,40.417874],[-79.942243,40.417926],[-79.942195,40.41821],[-79.941664,40.418156]]]},"properties":{"parcel_id":"0055K00343000000","block_lot":"55-K-343"}},{"type":"Feature","geometry":{"type":"Polygon","coordinates":[[[-79.942154,40.418318],[-79.941619,40.418263],[-79.941599,40.41815],[-79.94217,40.418207],[-79.942154,40.418318]]]},"properties":{"parcel_id":"0055K00344000000","block_lot":"55-K-344"}},{"type":"Feature","geometry":{"type":"Polygon","coordinates":[[[-79.942379,40.418228],[-79.942195,40.41821],[-79.942243,40.417926],[-79.942421,40.417943],[-79.942379,40.418228]]]},"properties":{"parcel_id":"0055K00346000000","block_lot":"55-K-346"}},{"type":"Feature","geometry":{"type":"Polygon","coordinates":[[[-79.942551,40.418245],[-79.942379,40.418228],[-79.942421,40.417943],[-79.94261,40.417962],[-79.942551,40.418245]]]},"properties":{"parcel_id":"0055K00349000000","block_lot":"55-K-349"}},{"type":"Feature","geometry":{"type":"Polygon","coordinates":[[[-79.942551,40.418245],[-79.94261,40.417962],[-79.942729,40.417974],[-79.942813,40.418271],[-79.942551,40.418245]]]},"properties":{"parcel_id":"0055K00353000000","block_lot":"55-K-353"}},{"type":"Feature","geometry":{"type":"Polygon","coordinates":[[[-79.942785,40.418382],[-79.942878,40.418392],[-79.943015,40.418711],[-79.942735,40.418683],[-79.942785,40.418382]]]},"properties":{"parcel_id":"0055K00356000000","block_lot":"55-K-356"}},{"type":"Feature","geometry":{"type":"Polygon","coordinates":[[[-79.942644,40.418674],[-79.942693,40.418373],[-79.942785,40.418382],[-79.942735,40.418683],[-79.942644,40.418674]]]},"properties":{"parcel_id":"0055K00357000000","block_lot":"55-K-357"}},{"type":"Feature","geometry":{"type":"Polygon","coordinates":[[[-79.942464,40.418657],[-79.942513,40.418355],[-79.942693,40.418373],[-79.942644,40.418674],[-79.942464,40.418657]]]},"properties":{"parcel_id":"0055K00358000000","block_lot":"55-K-358"}},{"type":"Feature","geometry":{"type":"Polygon","coordinates":[[[-79.942513,40.418355],[-79.942464,40.418657],[-79.942377,40.418649],[-79.942428,40.418346],[-79.942513,40.418355]]]},"properties":{"parcel_id":"0055K00360000000","block_lot":"55-K-360"}},{"type":"Feature","geometry":{"type":"Polygon","coordinates":[[[-79.942284,40.41864],[-79.942334,40.418336],[-79.942428,40.418346],[-79.942377,40.418649],[-79.942284,40.41864]]]},"properties":{"parcel_id":"0055K00361000000","block_lot":"55-K-361"}},{"type":"Feature","geometry":{"type":"Polygon","coordinates":[[[-79.942284,40.41864],[-79.942101,40.418622],[-79.942154,40.418318],[-79.942334,40.418336],[-79.942284,40.41864]]]},"properties":{"parcel_id":"0055K00362000000","block_lot":"55-K-362"}},{"type":"Feature","geometry":{"type":"Polygon","coordinates":[[[-79.942015,40.418613],[-79.942071,40.418309],[-79.942154,40.418318],[-79.942101,40.418622],[-79.942015,40.418613]]]},"properties":{"parcel_id":"0055K00364000000","block_lot":"55-K-364"}},{"type":"Feature","geometry":{"type":"Polygon","coordinates":[[[-79.941656,40.418435],[-79.941619,40.418263],[-79.942071,40.418309],[-79.94204,40.418476],[-79.941656,40.418435]]]},"properties":{"parcel_id":"0055K00365000000","block_lot":"55-K-365"}},{"type":"Feature","geometry":{"type":"Polygon","coordinates":[[[-79.94204,40.418476],[-79.942015,40.418613],[-79.941688,40.418582],[-79.941656,40.418435],[-79.94204,40.418476]]]},"properties":{"parcel_id":"0055K00366000000","block_lot":"55-K-366"}},{"type":"Feature","geometry":{"type":"Polygon","coordinates":[[[-79.941414,40.418647],[-79.94133,40.418605],[-79.941278,40.418235],[-79.941371,40.418254],[-79.941458,40.418306],[-79.941525,40.418641],[-79.941414,40.418647]]]},"properties":{"parcel_id":"0055K00370000000","block_lot":"55-K-370"}},{"type":"Feature","geometry":{"type":"Polygon","coordinates":[[[-79.941165,40.418523],[-79.941123,40.418223],[-79.941256,40.418231],[-79.941278,40.418235],[-79.94133,40.418605],[-79.941165,40.418523]]]},"properties":{"parcel_id":"0055K00372000000","block_lot":"55-K-372"}},{"type":"Feature","geometry":{"type":"Polygon","coordinates":[[[-79.941218,40.418098],[-79.941168,40.417754],[-79.941394,40.417778],[-79.9414,40.417865],[-79.941436,40.418046],[-79.941423,40.418093],[-79.941403,40.418113],[-79.941361,40.418119],[-79.941218,40.418098]]]},"properties":{"parcel_id":"0055K00376000000","block_lot":"55-K-376"}},{"type":"Feature","geometry":{"type":"Polygon","coordinates":[[[-79.941394,40.417778],[-79.941006,40.41774],[-79.941024,40.41763],[-79.941414,40.417665],[-79.941394,40.417778]]]},"properties":{"parcel_id":"0055K00384000000","block_lot":"55-K-384"}},{"type":"Feature","geometry":{"type":"Polygon","coordinates":[[[-79.941024,40.41763],[-79.94104,40.417543],[-79.941429,40.417586],[-79.941414,40.417665],[-79.941024,40.41763]]]},"properties":{"parcel_id":"0055K00386000000","block_lot":"55-K-386"}},{"type":"Feature","geometry":{"type":"Polygon","coordinates":[[[-79.941053,40.417461],[-79.941066,40.417384],[-79.941455,40.41743],[-79.941443,40.417504],[-79.941053,40.417461]]]},"properties":{"parcel_id":"0055K00387000000","block_lot":"55-K-387"}},{"type":"Feature","geometry":{"type":"Polygon","coordinates":[[[-79.94104,40.417543],[-79.941053,40.417461],[-79.941443,40.417504],[-79.941429,40.417586],[-79.94104,40.417543]]]},"properties":{"parcel_id":"0055K00387000A00","block_lot":"55-K-387-A"}},{"type":"Feature","geometry":{"type":"Polygon","coordinates":[[[-79.941066,40.417384],[-79.941077,40.417314],[-79.941469,40.417352],[-79.941455,40.41743],[-79.941066,40.417384]]]},"properties":{"parcel_id":"0055K00388000000","block_lot":"55-K-388"}},{"type":"Feature","geometry":{"type":"Polygon","coordinates":[[[-79.94109,40.417234],[-79.94111,40.417117],[-79.941501,40.41716],[-79.941481,40.417278],[-79.94109,40.417234]]]},"properties":{"parcel_id":"0055K00390000000","block_lot":"55-K-390"}},{"type":"Feature","geometry":{"type":"Polygon","coordinates":[[[-79.941501,40.41716],[-79.94111,40.417117],[-79.941129,40.416994],[-79.941523,40.417036],[-79.941501,40.41716]]]},"properties":{"parcel_id":"0055K00391000000","block_lot":"55-K-391"}},{"type":"Feature","geometry":{"type":"Polygon","coordinates":[[[-79.941129,40.416994],[-79.941137,40.41694],[-79.941309,40.416921],[-79.941478,40.416879],[-79.94151,40.416878],[-79.941537,40.416941],[-79.941523,40.417036],[-79.941129,40.416994]]]},"properties":{"parcel_id":"0055K00392000000","block_lot":"55-K-392"}},{"type":"Feature","geometry":{"type":"Polygon","coordinates":[[[-79.941151,40.416855],[-79.941161,40.416794],[-79.941443,40.41672],[-79.94151,40.416878],[-79.941303,40.416887],[-79.941151,40.416855]]]},"properties":{"parcel_id":"0055K00393000000","block_lot":"55-K-393"}},{"type":"Feature","geometry":{"type":"MultiPolygon","coordinates":[[[[-79.941151,40.416855],[-79.941303,40.416887],[-79.941478,40.416879],[-79.941309,40.416921],[-79.941137,40.41694],[-79.941151,40.416855]]],[[[-79.94109,40.417234],[-79.941481,40.417278],[-79.941469,40.417352],[-79.941077,40.417314],[-79.94109,40.417234]]]]},"properties":{"parcel_id":"0055K00394000000","block_lot":"55-K-394"}},{"type":"Feature","geometry":{"type":"Polygon","coordinates":[[[-79.941039,40.416614],[-79.941367,40.416534],[-79.941414,40.416649],[-79.941081,40.416738],[-79.941039,40.416614]]]},"properties":{"parcel_id":"0055K00398000000","block_lot":"55-K-398"}},{"type":"Feature","geometry":{"type":"Polygon","coordinates":[[[-79.936976,40.416473],[-79.937515,40.415994],[-79.937855,40.416112],[-79.937447,40.416586],[-79.937199,40.416814],[-79.936976,40.416473]]]},"properties":{"parcel_id":"0055L00007000000","block_lot":"55-L-7"}},{"type":"Feature","geometry":{"type":"Polygon","coordinates":[[[-79.936913,40.416529],[-79.936976,40.416473],[-79.937199,40.416814],[-79.93714,40.416868],[-79.936913,40.416529]]]},"properties":{"parcel_id":"0055L00008000000","block_lot":"55-L-8"}},{"type":"Feature","geometry":{"type":"Polygon","coordinates":[[[-79.937,40.416997],[-79.936773,40.416653],[-79.936913,40.416529],[-79.93714,40.416868],[-79.937,40.416997]]]},"properties":{"parcel_id":"0055L00009000000","block_lot":"55-L-9"}},{"type":"Feature","geometry":{"type":"Polygon","coordinates":[[[-79.936749,40.417316],[-79.936976,40.417108],[-79.937248,40.417499],[-79.937087,40.417701],[-79.937049,40.417729],[-79.936749,40.417316]]]},"properties":{"parcel_id":"0055L00028000000","block_lot":"55-L-28"}},{"type":"Feature","geometry":{"type":"Polygon","coordinates":[[[-79.936976,40.417108],[-79.937037,40.417052],[-79.937294,40.417441],[-79.937248,40.417499],[-79.936976,40.417108]]]},"properties":{"parcel_id":"0055L00029000000","block_lot":"55-L-29"}},{"type":"Feature","geometry":{"type":"Polygon","coordinates":[[[-79.937037,40.417052],[-79.93709,40.417004],[-79.937336,40.417389],[-79.937294,40.417441],[-79.937037,40.417052]]]},"properties":{"parcel_id":"0055L00030000000","block_lot":"55-L-30"}},{"type":"Feature","geometry":{"type":"Polygon","coordinates":[[[-79.937133,40.417072],[-79.937185,40.417054],[-79.93738,40.417334],[-79.937336,40.417389],[-79.937133,40.417072]]]},"properties":{"parcel_id":"0055L00031000000","block_lot":"55-L-31"}},{"type":"Feature","geometry":{"type":"Polygon","coordinates":[[[-79.937133,40.417072],[-79.93709,40.417004],[-79.937176,40.416925],[-79.937414,40.417292],[-79.93738,40.417334],[-79.937185,40.417054],[-79.937133,40.417072]]]},"properties":{"parcel_id":"0055L00032000000","block_lot":"55-L-32"}},{"type":"Feature","geometry":{"type":"Polygon","coordinates":[[[-79.937467,40.417225],[-79.937414,40.417292],[-79.937176,40.416925],[-79.93721,40.416894],[-79.937245,40.416948],[-79.937279,40.416933],[-79.937467,40.417225]]]},"properties":{"parcel_id":"0055L00033000000","block_lot":"55-L-33"}},{"type":"Feature","geometry":{"type":"Polygon","coordinates":[[[-79.937279,40.416933],[-79.937245,40.416948],[-79.93721,40.416894],[-79.937238,40.416869],[-79.937279,40.416933]]]},"properties":{"parcel_id":"0055L00034000000","block_lot":"55-L-34"}},{"type":"Feature","geometry":{"type":"Polygon","coordinates":[[[-79.937238,40.416869],[-79.93738,40.416738],[-79.937722,40.416907],[-79.937467,40.417225],[-79.937238,40.416869]]]},"properties":{"parcel_id":"0055L00037000000","block_lot":"55-L-37"}},{"type":"Feature","geometry":{"type":"Polygon","coordinates":[[[-79.93738,40.416738],[-79.937494,40.416632],[-79.937816,40.416789],[-79.937722,40.416907],[-79.93738,40.416738]]]},"properties":{"parcel_id":"0055L00041000000","block_lot":"55-L-41"}},{"type":"Feature","geometry":{"type":"Polygon","coordinates":[[[-79.937494,40.416632],[-79.937594,40.41652],[-79.937907,40.416676],[-79.937816,40.416789],[-79.937494,40.416632]]]},"properties":{"parcel_id":"0055L00044000000","block_lot":"55-L-44"}},{"type":"Feature","geometry":{"type":"Polygon","coordinates":[[[-79.937594,40.41652],[-79.937695,40.416406],[-79.938002,40.416557],[-79.937907,40.416676],[-79.937594,40.41652]]]},"properties":{"parcel_id":"0055L00047000000","block_lot":"55-L-47"}},{"type":"Feature","geometry":{"type":"Polygon","coordinates":[[[-79.937762,40.41633],[-79.93783,40.416253],[-79.938131,40.416397],[-79.938072,40.41647],[-79.937762,40.41633]]]},"properties":{"parcel_id":"0055L00050000000","block_lot":"55-L-50"}},{"type":"Feature","geometry":{"type":"Polygon","coordinates":[[[-79.937695,40.416406],[-79.937762,40.41633],[-79.938072,40.41647],[-79.938002,40.416557],[-79.937695,40.416406]]]},"properties":{"parcel_id":"0055L00052000000","block_lot":"55-L-52"}},{"type":"Feature","geometry":{"type":"Polygon","coordinates":[[[-79.938482,40.416221],[-79.938552,40.416132],[-79.939119,40.416397],[-79.939133,40.416529],[-79.938482,40.416221]]]},"properties":{"parcel_id":"0055L00054000000","block_lot":"55-L-54"}},{"type":"Feature","geometry":{"type":"Polygon","coordinates":[[[-79.939133,40.416529],[-79.939153,40.416712],[-79.938743,40.416952],[-79.938259,40.416499],[-79.938482,40.416221],[-79.939133,40.416529]]]},"properties":{"parcel_id":"0055L00056000000","block_lot":"55-L-56"}},{"type":"Feature","geometry":{"type":"Polygon","coordinates":[[[-79.938811,40.417088],[-79.938748,40.417099],[-79.938482,40.416875],[-79.938501,40.416811],[-79.938409,40.416734],[-79.938213,40.416553],[-79.938259,40.416499],[-79.938743,40.416952],[-79.938879,40.417086],[-79.938811,40.417088]]]},"properties":{"parcel_id":"0055L00057000000","block_lot":"55-L-57"}},{"type":"Feature","geometry":{"type":"Polygon","coordinates":[[[-79.938409,40.416734],[-79.938501,40.416811],[-79.938482,40.416875],[-79.938392,40.416811],[-79.938409,40.416734]]]},"properties":{"parcel_id":"0055L00058000000","block_lot":"55-L-58"}},{"type":"Feature","geometry":{"type":"Polygon","coordinates":[[[-79.938748,40.417099],[-79.938661,40.417132],[-79.938088,40.416694],[-79.938213,40.416553],[-79.938409,40.416734],[-79.938392,40.416811],[-79.938482,40.416875],[-79.938748,40.417099]]]},"properties":{"parcel_id":"0055L00058000100","block_lot":"55-L-58-1"}},{"type":"Feature","geometry":{"type":"Polygon","coordinates":[[[-79.938661,40.417132],[-79.938612,40.417151],[-79.938029,40.416768],[-79.938088,40.416694],[-79.938661,40.417132]]]},"properties":{"parcel_id":"0055L00061000000","block_lot":"55-L-61"}},{"type":"Feature","geometry":{"type":"Polygon","coordinates":[[[-79.937977,40.416831],[-79.938017,40.416781],[-79.938352,40.416999],[-79.938306,40.417045],[-79.937977,40.416831]]]},"properties":{"parcel_id":"0055L00063000000","block_lot":"55-L-63"}},{"type":"Feature","geometry":{"type":"Polygon","coordinates":[[[-79.938597,40.417159],[-79.938471,40.417229],[-79.937928,40.416892],[-79.937977,40.416831],[-79.938306,40.417045],[-79.938352,40.416999],[-79.938597,40.417159]]]},"properties":{"parcel_id":"0055L00064000000","block_lot":"55-L-64"}},{"type":"Feature","geometry":{"type":"Polygon","coordinates":[[[-79.938471,40.417229],[-79.938282,40.417336],[-79.937786,40.41707],[-79.937928,40.416892],[-79.938471,40.417229]]]},"properties":{"parcel_id":"0055L00065000000","block_lot":"55-L-65"}},{"type":"Feature","geometry":{"type":"Polygon","coordinates":[[[-79.938282,40.417336],[-79.938205,40.417379],[-79.937738,40.41713],[-79.937786,40.41707],[-79.938282,40.417336]]]},"properties":{"parcel_id":"0055L00068000000","block_lot":"55-L-68"}},{"type":"Feature","geometry":{"type":"Polygon","coordinates":[[[-79.938205,40.417379],[-79.937699,40.417665],[-79.937401,40.417552],[-79.937738,40.41713],[-79.938205,40.417379]]]},"properties":{"parcel_id":"0055L00069000000","block_lot":"55-L-69"}},{"type":"Feature","geometry":{"type":"Polygon","coordinates":[[[-79.937295,40.417685],[-79.937401,40.417552],[-79.937699,40.417665],[-79.937508,40.417767],[-79.937295,40.417685]]]},"properties":{"parcel_id":"0055L00076000000","block_lot":"55-L-76"}},{"type":"Feature","geometry":{"type":"Polygon","coordinates":[[[-79.937163,40.417843],[-79.937177,40.417832],[-79.937295,40.417685],[-79.937508,40.417767],[-79.937347,40.417851],[-79.937272,40.417879],[-79.937163,40.417843]]]},"properties":{"parcel_id":"0055L00078000000","block_lot":"55-L-78"}},{"type":"Feature","geometry":{"type":"Polygon","coordinates":[[[-79.937163,40.417843],[-79.937272,40.417879],[-79.937167,40.417909],[-79.937027,40.417945],[-79.937163,40.417843]]]},"properties":{"parcel_id":"0055L00081000000","block_lot":"55-L-81"}},{"type":"Feature","geometry":{"type":"Polygon","coordinates":[[[-79.938879,40.417086],[-79.938743,40.416952],[-79.939153,40.416712],[-79.939193,40.416685],[-79.939279,40.416704],[-79.939206,40.417111],[-79.938942,40.417086],[-79.938879,40.417086]]]},"properties":{"parcel_id":"0055L00112000000","block_lot":"55-L-112"}},{"type":"Feature","geometry":{"type":"Polygon","coordinates":[[[-79.939206,40.417111],[-79.939279,40.416704],[-79.939417,40.416734],[-79.939344,40.417124],[-79.939206,40.417111]]]},"properties":{"parcel_id":"0055L00114000000","block_lot":"55-L-114"}},{"type":"Feature","geometry":{"type":"Polygon","coordinates":[[[-79.939344,40.417124],[-79.939417,40.416734],[-79.939557,40.416764],[-79.939492,40.417138],[-79.939344,40.417124]]]},"properties":{"parcel_id":"0055L00116000000","block_lot":"55-L-116"}},{"type":"Feature","geometry":{"type":"Polygon","coordinates":[[[-79.939492,40.417138],[-79.939549,40.416811],[-79.939684,40.416827],[-79.939679,40.416846],[-79.93977,40.416854],[-79.939791,40.416866],[-79.939769,40.416982],[-79.939812,40.416987],[-79.939779,40.417165],[-79.939492,40.417138]]]},"properties":{"parcel_id":"0055L00120000000","block_lot":"55-L-120"}},{"type":"Feature","geometry":{"type":"Polygon","coordinates":[[[-79.939779,40.417165],[-79.939812,40.416987],[-79.94003,40.417013],[-79.94,40.417186],[-79.939779,40.417165]]]},"properties":{"parcel_id":"0055L00123000000","block_lot":"55-L-123"}},{"type":"Feature","geometry":{"type":"Polygon","coordinates":[[[-79.93953,40.416585],[-79.939996,40.416413],[-79.940051,40.416473],[-79.940064,40.416499],[-79.940081,40.416548],[-79.94009,40.416593],[-79.940093,40.416646],[-79.940064,40.416811],[-79.93979,40.41678],[-79.939654,40.416732],[-79.93953,40.416585]]]},"properties":{"parcel_id":"0055L00124000000","block_lot":"55-L-124"}},{"type":"Feature","geometry":{"type":"Polygon","coordinates":[[[-79.94003,40.417013],[-79.939769,40.416982],[-79.939791,40.416866],[-79.93977,40.416854],[-79.939679,40.416846],[-79.939684,40.416827],[-79.939549,40.416811],[-79.939557,40.416764],[-79.939193,40.416685],[-79.939473,40.416518],[-79.939654,40.416732],[-79.93979,40.41678],[-79.940064,40.416811],[-79.94003,40.417013]]]},"properties":{"parcel_id":"0055L00124000A00","block_lot":"55-L-124-A"}},{"type":"Feature","geometry":{"type":"Polygon","coordinates":[[[-79.939473,40.416518],[-79.939856,40.416292],[-79.939996,40.416413],[-79.93953,40.416585],[-79.939473,40.416518]]]},"properties":{"parcel_id":"0055L00133000000","block_lot":"55-L-133"}},{"type":"Feature","geometry":{"type":"Polygon","coordinates":[[[-79.940198,40.416415],[-79.940079,40.416293],[-79.940569,40.416173],[-79.940598,40.416241],[-79.940585,40.416318],[-79.940198,40.416415]]]},"properties":{"parcel_id":"0055L00135000000","block_lot":"55-L-135"}},{"type":"Feature","geometry":{"type":"Polygon","coordinates":[[[-79.940268,40.416517],[-79.940273,40.416492],[-79.940198,40.416415],[-79.940585,40.416318],[-79.940546,40.416549],[-79.940268,40.416517]]]},"properties":{"parcel_id":"0055L00137000000","block_lot":"55-L-137"}},{"type":"Feature","geometry":{"type":"Polygon","coordinates":[[[-79.940533,40.416621],[-79.940256,40.416588],[-79.940268,40.416517],[-79.940546,40.416549],[-79.940533,40.416621]]]},"properties":{"parcel_id":"0055L00139000000","block_lot":"55-L-139"}},{"type":"Feature","geometry":{"type":"Polygon","coordinates":[[[-79.940233,40.416728],[-79.940256,40.416588],[-79.940533,40.416621],[-79.94051,40.416758],[-79.940233,40.416728]]]},"properties":{"parcel_id":"0055L00140000000","block_lot":"55-L-140"}},{"type":"Feature","geometry":{"type":"Polygon","coordinates":[[[-79.94021,40.416862],[-79.940233,40.416728],[-79.94051,40.416758],[-79.940487,40.416892],[-79.94021,40.416862]]]},"properties":{"parcel_id":"0055L00143000000","block_lot":"55-L-143"}},{"type":"Feature","geometry":{"type":"Polygon","coordinates":[[[-79.940176,40.417064],[-79.94021,40.416862],[-79.940487,40.416892],[-79.940452,40.417094],[-79.940176,40.417064]]]},"properties":{"parcel_id":"0055L00145000000","block_lot":"55-L-145"}},{"type":"Feature","geometry":{"type":"Polygon","coordinates":[[[-79.940176,40.417064],[-79.940452,40.417094],[-79.94043,40.417224],[-79.940154,40.417198],[-79.940176,40.417064]]]},"properties":{"parcel_id":"0055L00149000000","block_lot":"55-L-149"}},{"type":"Feature","geometry":{"type":"Polygon","coordinates":[[[-79.941311,40.416401],[-79.941032,40.416475],[-79.940987,40.416271],[-79.941232,40.416212],[-79.941311,40.416401]]]},"properties":{"parcel_id":"0055L00150000000","block_lot":"55-L-150"}},{"type":"Feature","geometry":{"type":"Polygon","coordinates":[[[-79.941367,40.416534],[-79.941062,40.416609],[-79.941032,40.416475],[-79.941311,40.416401],[-79.941367,40.416534]]]},"properties":{"parcel_id":"0055L00152000000","block_lot":"55-L-152"}},{"type":"Feature","geometry":{"type":"Polygon","coordinates":[[[-79.941032,40.416475],[-79.940722,40.416436],[-79.94074,40.41633],[-79.940987,40.416271],[-79.941032,40.416475]]]},"properties":{"parcel_id":"0055L00156000000","block_lot":"55-L-156"}},{"type":"Feature","geometry":{"type":"Polygon","coordinates":[[[-79.940676,40.416705],[-79.940698,40.416579],[-79.941039,40.416614],[-79.941081,40.416738],[-79.941076,40.416739],[-79.940676,40.416705]]]},"properties":{"parcel_id":"0055L00157000000","block_lot":"55-L-157"}},{"type":"Feature","geometry":{"type":"Polygon","coordinates":[[[-79.941062,40.416609],[-79.941039,40.416614],[-79.940698,40.416579],[-79.940722,40.416436],[-79.941032,40.416475],[-79.941062,40.416609]]]},"properties":{"parcel_id":"0055L00158000000","block_lot":"55-L-158"}},{"type":"Feature","geometry":{"type":"Polygon","coordinates":[[[-79.940655,40.416828],[-79.940676,40.416705],[-79.941076,40.416739],[-79.941054,40.416868],[-79.940655,40.416828]]]},"properties":{"parcel_id":"0055L00159000000","block_lot":"55-L-159"}},{"type":"Feature","geometry":{"type":"Polygon","coordinates":[[[-79.940608,40.417102],[-79.940655,40.416828],[-79.941054,40.416868],[-79.941007,40.417142],[-79.940608,40.417102]]]},"properties":{"parcel_id":"0055L00162000000","block_lot":"55-L-162"}},{"type":"Feature","geometry":{"type":"Polygon","coordinates":[[[-79.940983,40.417276],[-79.940584,40.417239],[-79.940608,40.417102],[-79.941007,40.417142],[-79.940983,40.417276]]]},"properties":{"parcel_id":"0055L00163000000","block_lot":"55-L-163"}},{"type":"Feature","geometry":{"type":"Polygon","coordinates":[[[-79.940555,40.417411],[-79.940584,40.417239],[-79.940983,40.417276],[-79.940954,40.417451],[-79.940555,40.417411]]]},"properties":{"parcel_id":"0055L00166000000","block_lot":"55-L-166"}},{"type":"Feature","geometry":{"type":"Polygon","coordinates":[[[-79.940941,40.41752],[-79.940543,40.417481],[-79.940555,40.417411],[-79.940954,40.417451],[-79.940941,40.41752]]]},"properties":{"parcel_id":"0055L00170000000","block_lot":"55-L-170"}},{"type":"Feature","geometry":{"type":"Polygon","coordinates":[[[-79.940531,40.417548],[-79.940543,40.417481],[-79.940941,40.41752],[-79.94093,40.417589],[-79.940531,40.417548]]]},"properties":{"parcel_id":"0055L00171000000","block_lot":"55-L-171"}},{"type":"Feature","geometry":{"type":"Polygon","coordinates":[[[-79.940905,40.417731],[-79.940563,40.417694],[-79.940508,40.417685],[-79.940531,40.417548],[-79.94093,40.417589],[-79.940905,40.417731]]]},"properties":{"parcel_id":"0055L00172000000","block_lot":"55-L-172"}},{"type":"Feature","geometry":{"type":"Polygon","coordinates":[[[-79.940059,40.417631],[-79.940098,40.417443],[-79.940381,40.417475],[-79.940343,40.417665],[-79.940059,40.417631]]]},"properties":{"parcel_id":"0055L00180000000","block_lot":"55-L-180"}},{"type":"Feature","geometry":{"type":"Polygon","coordinates":[[[-79.941006,40.41774],[-79.941168,40.417754],[-79.941218,40.418098],[-79.941071,40.41811],[-79.941006,40.41774]]]},"properties":{"parcel_id":"0055L00181000000","block_lot":"55-L-181"}},{"type":"Feature","geometry":{"type":"Polygon","coordinates":[[[-79.940098,40.417443],[-79.940123,40.417313],[-79.940409,40.417346],[-79.940381,40.417475],[-79.940098,40.417443]]]},"properties":{"parcel_id":"0055L00182000000","block_lot":"55-L-182"}},{"type":"Feature","geometry":{"type":"Polygon","coordinates":[[[-79.940917,40.418122],[-79.940781,40.418133],[-79.940704,40.417709],[-79.940857,40.417726],[-79.940917,40.418122]]]},"properties":{"parcel_id":"0055L00183000000","block_lot":"55-L-183"}},{"type":"Feature","geometry":{"type":"Polygon","coordinates":[[[-79.940635,40.418145],[-79.940563,40.417694],[-79.940704,40.417709],[-79.940781,40.418133],[-79.940635,40.418145]]]},"properties":{"parcel_id":"0055L00184000000","block_lot":"55-L-184"}},{"type":"Feature","geometry":{"type":"Polygon","coordinates":[[[-79.940857,40.417726],[-79.941006,40.41774],[-79.941071,40.41811],[-79.940917,40.418122],[-79.940857,40.417726]]]},"properties":{"parcel_id":"0055L00185000000","block_lot":"55-L-185"}},{"type":"Feature","geometry":{"type":"Polygon","coordinates":[[[-79.939736,40.417366],[-79.939752,40.417278],[-79.939977,40.417299],[-79.939961,40.417388],[-79.939736,40.417366]]]},"properties":{"parcel_id":"0055L00191000000","block_lot":"55-L-191"}},{"type":"Feature","geometry":{"type":"Polygon","coordinates":[[[-79.939736,40.417366],[-79.939125,40.417306],[-79.939169,40.417224],[-79.939752,40.417278],[-79.939736,40.417366]]]},"properties":{"parcel_id":"0055L00193000000","block_lot":"55-L-193"}},{"type":"Feature","geometry":{"type":"Polygon","coordinates":[[[-79.939125,40.417306],[-79.938677,40.417262],[-79.938812,40.417191],[-79.939169,40.417224],[-79.939125,40.417306]]]},"properties":{"parcel_id":"0055L00198000000","block_lot":"55-L-198"}},{"type":"Feature","geometry":{"type":"Polygon","coordinates":[[[-79.938967,40.417573],[-79.938563,40.417324],[-79.938677,40.417262],[-79.939077,40.417545],[-79.939024,40.417619],[-79.938967,40.417573]]]},"properties":{"parcel_id":"0055L00202000000","block_lot":"55-L-202"}},{"type":"Feature","geometry":{"type":"Polygon","coordinates":[[[-79.938444,40.417387],[-79.938563,40.417324],[-79.938967,40.417573],[-79.93892,40.417639],[-79.938444,40.417387]]]},"properties":{"parcel_id":"0055L00204000000","block_lot":"55-L-204"}},{"type":"Feature","geometry":{"type":"Polygon","coordinates":[[[-79.938867,40.417716],[-79.938593,40.417577],[-79.938334,40.417446],[-79.938444,40.417387],[-79.93892,40.417639],[-79.938867,40.417716]]]},"properties":{"parcel_id":"0055L00206000000","block_lot":"55-L-206"}},{"type":"Feature","geometry":{"type":"Polygon","coordinates":[[[-79.938481,40.417739],[-79.938091,40.417576],[-79.938334,40.417446],[-79.938593,40.417577],[-79.938481,40.417739]]]},"properties":{"parcel_id":"0055L00208000000","block_lot":"55-L-208"}},{"type":"Feature","geometry":{"type":"Polygon","coordinates":[[[-79.938481,40.417739],[-79.938593,40.417577],[-79.938634,40.417598],[-79.938519,40.417755],[-79.938481,40.417739]]]},"properties":{"parcel_id":"0055L00208000100","block_lot":"55-L-208-1"}},{"type":"Feature","geometry":{"type":"Polygon","coordinates":[[[-79.938316,40.417887],[-79.937836,40.417712],[-79.938091,40.417576],[-79.938434,40.417719],[-79.938316,40.417887]]]},"properties":{"parcel_id":"0055L00212000000","block_lot":"55-L-212"}},{"type":"Feature","geometry":{"type":"Polygon","coordinates":[[[-79.938006,40.418152],[-79.937401,40.417933],[-79.93748,40.4179],[-79.93752,40.417881],[-79.937836,40.417712],[-79.938204,40.417846],[-79.938006,40.418152]]]},"properties":{"parcel_id":"0055L00218000000","block_lot":"55-L-218"}},{"type":"Feature","geometry":{"type":"Polygon","coordinates":[[[-79.937337,40.417954],[-79.937401,40.417933],[-79.937863,40.418099],[-79.93781,40.418179],[-79.937496,40.418057],[-79.937337,40.417954]]]},"properties":{"parcel_id":"0055L00221000000","block_lot":"55-L-221"}},{"type":"Feature","geometry":{"type":"Polygon","coordinates":[[[-79.937679,40.418383],[-79.937171,40.417999],[-79.937264,40.417978],[-79.937337,40.417954],[-79.937496,40.418057],[-79.93781,40.418179],[-79.937679,40.418383]]]},"properties":{"parcel_id":"0055L00223000000","block_lot":"55-L-223"}},{"type":"Feature","geometry":{"type":"Polygon","coordinates":[[[-79.937349,40.418208],[-79.937089,40.418017],[-79.937171,40.417999],[-79.9374,40.41817],[-79.937349,40.418208]]]},"properties":{"parcel_id":"0055L00226000000","block_lot":"55-L-226"}},{"type":"Feature","geometry":{"type":"Polygon","coordinates":[[[-79.937295,40.418249],[-79.937008,40.418035],[-79.937089,40.418017],[-79.937349,40.418208],[-79.937295,40.418249]]]},"properties":{"parcel_id":"0055L00227000000","block_lot":"55-L-227"}},{"type":"Feature","geometry":{"type":"Polygon","coordinates":[[[-79.937212,40.418312],[-79.936879,40.418063],[-79.937008,40.418035],[-79.937295,40.418249],[-79.937212,40.418312]]]},"properties":{"parcel_id":"0055L00228000000","block_lot":"55-L-228"}},{"type":"Feature","geometry":{"type":"Polygon","coordinates":[[[-79.937143,40.418854],[-79.936882,40.418658],[-79.937052,40.418516],[-79.936998,40.418476],[-79.9374,40.41817],[-79.937679,40.418383],[-79.93763,40.418458],[-79.937594,40.418439],[-79.93747,40.418611],[-79.937421,40.418649],[-79.937323,40.418714],[-79.937143,40.418854]]]},"properties":{"parcel_id":"0055L00230000000","block_lot":"55-L-230"}},{"type":"Feature","geometry":{"type":"Polygon","coordinates":[[[-79.93766,40.418475],[-79.93822,40.418659],[-79.938095,40.418831],[-79.937569,40.418607],[-79.93766,40.418475]]]},"properties":{"parcel_id":"0055L00242000000","block_lot":"55-L-242"}},{"type":"Feature","geometry":{"type":"Polygon","coordinates":[[[-79.93834,40.418489],[-79.93822,40.418659],[-79.93766,40.418475],[-79.93763,40.418458],[-79.93775,40.418273],[-79.93834,40.418489]]]},"properties":{"parcel_id":"0055L00244000000","block_lot":"55-L-244"}},{"type":"Feature","geometry":{"type":"Polygon","coordinates":[[[-79.9384,40.418404],[-79.93834,40.418489],[-79.93775,40.418273],[-79.93781,40.418179],[-79.9384,40.418404]]]},"properties":{"parcel_id":"0055L00248000000","block_lot":"55-L-248"}},{"type":"Feature","geometry":{"type":"Polygon","coordinates":[[[-79.93781,40.418179],[-79.937863,40.418099],[-79.93846,40.418318],[-79.9384,40.418404],[-79.93781,40.418179]]]},"properties":{"parcel_id":"0055L00249000000","block_lot":"55-L-249"}},{"type":"Feature","geometry":{"type":"Polygon","coordinates":[[[-79.938006,40.418152],[-79.938105,40.417998],[-79.93856,40.418164],[-79.93846,40.418318],[-79.938006,40.418152]]]},"properties":{"parcel_id":"0055L00250000000","block_lot":"55-L-250"}},{"type":"Feature","geometry":{"type":"Polygon","coordinates":[[[-79.938105,40.417998],[-79.938204,40.417846],[-79.93866,40.418013],[-79.93856,40.418164],[-79.938105,40.417998]]]},"properties":{"parcel_id":"0055L00252000000","block_lot":"55-L-252"}},{"type":"Feature","geometry":{"type":"Polygon","coordinates":[[[-79.938316,40.417887],[-79.938434,40.417719],[-79.938767,40.417859],[-79.93866,40.418013],[-79.938316,40.417887]]]},"properties":{"parcel_id":"0055L00258000000","block_lot":"55-L-258"}},{"type":"Feature","geometry":{"type":"Polygon","coordinates":[[[-79.938519,40.417755],[-79.938634,40.417598],[-79.938867,40.417716],[-79.938767,40.417859],[-79.938519,40.417755]]]},"properties":{"parcel_id":"0055L00259000000","block_lot":"55-L-259"}},{"type":"Feature","geometry":{"type":"Polygon","coordinates":[[[-79.939111,40.417603],[-79.939077,40.417545],[-79.938677,40.417262],[-79.939491,40.417342],[-79.939449,40.417665],[-79.939111,40.417603]]]},"properties":{"parcel_id":"0055L00260000000","block_lot":"55-L-260"}},{"type":"Feature","geometry":{"type":"Polygon","coordinates":[[[-79.939429,40.417705],[-79.939449,40.417665],[-79.939491,40.417342],[-79.939961,40.417388],[-79.939922,40.417616],[-79.940343,40.417665],[-79.940508,40.417685],[-79.940563,40.417694],[-79.94059,40.417864],[-79.939694,40.417933],[-79.939674,40.417674],[-79.939429,40.417705]]]},"properties":{"parcel_id":"0055L00265000000","block_lot":"55-L-265"}},{"type":"Feature","geometry":{"type":"Polygon","coordinates":[[[-79.939318,40.417925],[-79.938918,40.417894],[-79.939017,40.417744],[-79.939382,40.417797],[-79.939318,40.417925]]]},"properties":{"parcel_id":"0055L00271000000","block_lot":"55-L-271"}},{"type":"Feature","geometry":{"type":"Polygon","coordinates":[[[-79.939017,40.417744],[-79.939111,40.417603],[-79.939449,40.417665],[-79.939382,40.417797],[-79.939017,40.417744]]]},"properties":{"parcel_id":"0055L00273000000","block_lot":"55-L-273"}},{"type":"Feature","geometry":{"type":"Polygon","coordinates":[[[-79.938918,40.417894],[-79.93896,40.417897],[-79.938992,40.418264],[-79.93875,40.418282],[-79.938723,40.418268],[-79.93871,40.418254],[-79.938706,40.418237],[-79.938708,40.418219],[-79.938715,40.4182],[-79.938918,40.417894]]]},"properties":{"parcel_id":"0055L00274000000","block_lot":"55-L-274"}},{"type":"Feature","geometry":{"type":"Polygon","coordinates":[[[-79.938992,40.418264],[-79.93896,40.417897],[-79.939106,40.417909],[-79.939144,40.418231],[-79.939117,40.418244],[-79.939087,40.418254],[-79.939056,40.418261],[-79.939024,40.418264],[-79.938992,40.418264]]]},"properties":{"parcel_id":"0055L00275000000","block_lot":"55-L-275"}},{"type":"Feature","geometry":{"type":"Polygon","coordinates":[[[-79.939144,40.418231],[-79.939106,40.417909],[-79.939318,40.417925],[-79.939317,40.417938],[-79.939512,40.417948],[-79.939487,40.418233],[-79.939385,40.418244],[-79.939373,40.41823],[-79.93935,40.418215],[-79.939324,40.418203],[-79.939296,40.418194],[-79.939272,40.418189],[-79.939239,40.418191],[-79.939216,40.418195],[-79.939193,40.418202],[-79.939171,40.418213],[-79.939144,40.418231]]]},"properties":{"parcel_id":"0055L00276000000","block_lot":"55-L-276"}},{"type":"Feature","geometry":{"type":"Polygon","coordinates":[[[-79.939326,40.418398],[-79.93935,40.418385],[-79.939364,40.418375],[-79.939576,40.418356],[-79.939616,40.418619],[-79.93944,40.418633],[-79.939424,40.418531],[-79.93946,40.418528],[-79.939326,40.418398]]]},"properties":{"parcel_id":"0055L00277000000","block_lot":"55-L-277"}},{"type":"Feature","geometry":{"type":"Polygon","coordinates":[[[-79.939227,40.418407],[-79.939261,40.41841],[-79.939283,40.418408],[-79.939326,40.418398],[-79.93946,40.418528],[-79.939424,40.418531],[-79.93944,40.418633],[-79.93928,40.418646],[-79.939227,40.418407]]]},"properties":{"parcel_id":"0055L00280000000","block_lot":"55-L-280"}},{"type":"Feature","geometry":{"type":"Polygon","coordinates":[[[-79.939083,40.418376],[-79.939103,40.418374],[-79.939143,40.418379],[-79.939203,40.418401],[-79.939227,40.418407],[-79.93928,40.418646],[-79.939136,40.418658],[-79.939083,40.418376]]]},"properties":{"parcel_id":"0055L00281000000","block_lot":"55-L-281"}},{"type":"Feature","geometry":{"type":"Polygon","coordinates":[[[-79.938993,40.41867],[-79.938937,40.418386],[-79.939083,40.418376],[-79.939136,40.418658],[-79.938993,40.41867]]]},"properties":{"parcel_id":"0055L00283000000","block_lot":"55-L-283"}},{"type":"Feature","geometry":{"type":"Polygon","coordinates":[[[-79.938937,40.418386],[-79.938993,40.41867],[-79.938849,40.418681],[-79.938802,40.418395],[-79.938937,40.418386]]]},"properties":{"parcel_id":"0055L00284000000","block_lot":"55-L-284"}},{"type":"Feature","geometry":{"type":"Polygon","coordinates":[[[-79.938507,40.418487],[-79.938548,40.418458],[-79.938591,40.418436],[-79.938637,40.41842],[-79.938687,40.418408],[-79.938802,40.418395],[-79.938849,40.418681],[-79.938743,40.41869],[-79.938507,40.418487]]]},"properties":{"parcel_id":"0055L00286000000","block_lot":"55-L-286"}},{"type":"Feature","geometry":{"type":"Polygon","coordinates":[[[-79.938507,40.418487],[-79.938532,40.418509],[-79.938743,40.41869],[-79.938335,40.418724],[-79.938453,40.418554],[-79.938507,40.418487]]]},"properties":{"parcel_id":"0055L00290000000","block_lot":"55-L-290"}},{"type":"Feature","geometry":{"type":"Polygon","coordinates":[[[-79.939512,40.417948],[-79.939591,40.417941],[-79.9396,40.418227],[-79.939487,40.418233],[-79.939512,40.417948]]]},"properties":{"parcel_id":"0055L00304000000","block_lot":"55-L-304"}},{"type":"Feature","geometry":{"type":"Polygon","coordinates":[[[-79.939318,40.417925],[-79.939429,40.417705],[-79.939674,40.417674],[-79.939694,40.417933],[-79.939512,40.417948],[-79.939317,40.417938],[-79.939318,40.417925]]]},"properties":{"parcel_id":"0055L00304000100","block_lot":"55-L-304-1"}},{"type":"Feature","geometry":{"type":"Polygon","coordinates":[[[-79.939591,40.417941],[-79.939694,40.417933],[-79.939715,40.418218],[-79.9396,40.418227],[-79.939591,40.417941]]]},"properties":{"parcel_id":"0055L00306000000","block_lot":"55-L-306"}},{"type":"Feature","geometry":{"type":"Polygon","coordinates":[[[-79.939694,40.417933],[-79.9398,40.417925],[-79.939826,40.418209],[-79.939715,40.418218],[-79.939694,40.417933]]]},"properties":{"parcel_id":"0055L00308000000","block_lot":"55-L-308"}},{"type":"Feature","geometry":{"type":"Polygon","coordinates":[[[-79.9398,40.417925],[-79.93989,40.417918],[-79.93994,40.4182],[-79.939826,40.418209],[-79.9398,40.417925]]]},"properties":{"parcel_id":"0055L00310000000","block_lot":"55-L-310"}},{"type":"Feature","geometry":{"type":"Polygon","coordinates":[[[-79.940057,40.418191],[-79.93994,40.4182],[-79.93989,40.417918],[-79.940007,40.417909],[-79.940057,40.418191]]]},"properties":{"parcel_id":"0055L00312000000","block_lot":"55-L-312"}},{"type":"Feature","geometry":{"type":"Polygon","coordinates":[[[-79.940007,40.417909],[-79.940123,40.4179],[-79.940171,40.418182],[-79.940057,40.418191],[-79.940007,40.417909]]]},"properties":{"parcel_id":"0055L00314000000","block_lot":"55-L-314"}},{"type":"Feature","geometry":{"type":"Polygon","coordinates":[[[-79.940123,40.4179],[-79.940246,40.417891],[-79.940291,40.418172],[-79.940171,40.418182],[-79.940123,40.4179]]]},"properties":{"parcel_id":"0055L00316000000","block_lot":"55-L-316"}},{"type":"Feature","geometry":{"type":"Polygon","coordinates":[[[-79.940246,40.417891],[-79.940359,40.417882],[-79.940414,40.418163],[-79.940291,40.418172],[-79.940246,40.417891]]]},"properties":{"parcel_id":"0055L00318000000","block_lot":"55-L-318"}},{"type":"Feature","geometry":{"type":"Polygon","coordinates":[[[-79.940359,40.417882],[-79.940479,40.417873],[-79.940531,40.418153],[-79.940414,40.418163],[-79.940359,40.417882]]]},"properties":{"parcel_id":"0055L00320000000","block_lot":"55-L-320"}},{"type":"Feature","geometry":{"type":"Polygon","coordinates":[[[-79.940479,40.417873],[-79.94059,40.417864],[-79.940635,40.418145],[-79.940531,40.418153],[-79.940479,40.417873]]]},"properties":{"parcel_id":"0055L00322000000","block_lot":"55-L-322"}},{"type":"Feature","geometry":{"type":"Polygon","coordinates":[[[-79.941165,40.418523],[-79.941116,40.418498],[-79.941029,40.418505],[-79.940986,40.418232],[-79.941101,40.418222],[-79.941123,40.418223],[-79.941165,40.418523]]]},"properties":{"parcel_id":"0055L00326000000","block_lot":"55-L-326"}},{"type":"Feature","geometry":{"type":"Polygon","coordinates":[[[-79.940843,40.418244],[-79.940986,40.418232],[-79.941029,40.418505],[-79.940884,40.418517],[-79.940843,40.418244]]]},"properties":{"parcel_id":"0055L00328000000","block_lot":"55-L-328"}},{"type":"Feature","geometry":{"type":"Polygon","coordinates":[[[-79.940685,40.418259],[-79.940843,40.418244],[-79.940884,40.418517],[-79.940727,40.418529],[-79.940685,40.418259]]]},"properties":{"parcel_id":"0055L00330000000","block_lot":"55-L-330"}},{"type":"Feature","geometry":{"type":"Polygon","coordinates":[[[-79.94054,40.418271],[-79.940685,40.418259],[-79.940727,40.418529],[-79.940575,40.418542],[-79.94054,40.418271]]]},"properties":{"parcel_id":"0055L00332000000","block_lot":"55-L-332"}},{"type":"Feature","geometry":{"type":"Polygon","coordinates":[[[-79.940393,40.418284],[-79.94054,40.418271],[-79.940575,40.418542],[-79.940435,40.418553],[-79.940393,40.418284]]]},"properties":{"parcel_id":"0055L00334000000","block_lot":"55-L-334"}},{"type":"Feature","geometry":{"type":"Polygon","coordinates":[[[-79.940223,40.4183],[-79.940393,40.418284],[-79.940435,40.418553],[-79.940261,40.418567],[-79.940223,40.4183]]]},"properties":{"parcel_id":"0055L00336000000","block_lot":"55-L-336"}},{"type":"Feature","geometry":{"type":"Polygon","coordinates":[[[-79.940223,40.4183],[-79.940261,40.418567],[-79.94012,40.418579],[-79.940081,40.418312],[-79.940223,40.4183]]]},"properties":{"parcel_id":"0055L00338000000","block_lot":"55-L-338"}},{"type":"Feature","geometry":{"type":"Polygon","coordinates":[[[-79.939905,40.418328],[-79.940045,40.418315],[-79.940085,40.41858],[-79.939944,40.418592],[-79.939905,40.418328]]]},"properties":{"parcel_id":"0055L00340000000","block_lot":"55-L-340"}},{"type":"Feature","geometry":{"type":"Polygon","coordinates":[[[-79.939766,40.418606],[-79.939727,40.418343],[-79.939905,40.418328],[-79.939944,40.418592],[-79.939766,40.418606]]]},"properties":{"parcel_id":"0055L00342000000","block_lot":"55-L-342"}},{"type":"Feature","geometry":{"type":"Polygon","coordinates":[[[-79.939576,40.418356],[-79.939727,40.418343],[-79.939766,40.418606],[-79.939616,40.418619],[-79.939576,40.418356]]]},"properties":{"parcel_id":"0055L00344000000","block_lot":"55-L-344"}},{"type":"Feature","geometry":{"type":"Polygon","coordinates":[[[-79.939779,40.418804],[-79.939739,40.418608],[-79.939906,40.418595],[-79.939959,40.418875],[-79.939827,40.418887],[-79.939779,40.418804]]]},"properties":{"parcel_id":"0055L00350000000","block_lot":"55-L-350"}},{"type":"Feature","geometry":{"type":"Polygon","coordinates":[[[-79.939906,40.418595],[-79.940085,40.41858],[-79.940126,40.41886],[-79.939959,40.418875],[-79.939906,40.418595]]]},"properties":{"parcel_id":"0055L00352000000","block_lot":"55-L-352"}},{"type":"Feature","geometry":{"type":"Polygon","coordinates":[[[-79.94012,40.418579],[-79.940282,40.418566],[-79.940335,40.418841],[-79.940159,40.418857],[-79.94012,40.418579]]]},"properties":{"parcel_id":"0055L00354000000","block_lot":"55-L-354"}},{"type":"Feature","geometry":{"type":"Polygon","coordinates":[[[-79.940282,40.418566],[-79.940448,40.418552],[-79.940498,40.418827],[-79.940335,40.418841],[-79.940282,40.418566]]]},"properties":{"parcel_id":"0055L00356000000","block_lot":"55-L-356"}},{"type":"Feature","geometry":{"type":"Polygon","coordinates":[[[-79.940448,40.418552],[-79.94061,40.418539],[-79.940665,40.418812],[-79.940498,40.418827],[-79.940448,40.418552]]]},"properties":{"parcel_id":"0055L00358000000","block_lot":"55-L-358"}},{"type":"Feature","geometry":{"type":"Polygon","coordinates":[[[-79.94061,40.418539],[-79.940761,40.418527],[-79.940791,40.418801],[-79.940665,40.418812],[-79.94061,40.418539]]]},"properties":{"parcel_id":"0055L00360000000","block_lot":"55-L-360"}},{"type":"Feature","geometry":{"type":"Polygon","coordinates":[[[-79.940761,40.418527],[-79.9409,40.418515],[-79.940937,40.418787],[-79.940791,40.418801],[-79.940761,40.418527]]]},"properties":{"parcel_id":"0055L00362000000","block_lot":"55-L-362"}},{"type":"Feature","geometry":{"type":"Polygon","coordinates":[[[-79.940937,40.418787],[-79.9409,40.418515],[-79.941116,40.418498],[-79.941165,40.418523],[-79.941099,40.418818],[-79.941021,40.41878],[-79.940937,40.418787]]]},"properties":{"parcel_id":"0055L00363000000","block_lot":"55-L-363"}},{"type":"Feature","geometry":{"type":"Polygon","coordinates":[[[-79.936998,40.418476],[-79.936662,40.418229],[-79.936879,40.418063],[-79.937212,40.418312],[-79.936998,40.418476]]]},"properties":{"parcel_id":"0055M00001000000","block_lot":"55-M-1"}},{"type":"Feature","geometry":{"type":"Polygon","coordinates":[[[-79.936691,40.4188],[-79.936297,40.418509],[-79.936662,40.418229],[-79.937052,40.418516],[-79.936882,40.418658],[-79.937143,40.418854],[-79.936957,40.419002],[-79.936691,40.4188]]]},"properties":{"parcel_id":"0055M00007000000","block_lot":"55-M-7"}},{"type":"Feature","geometry":{"type":"Polygon","coordinates":[[[-79.935266,40.418594],[-79.935466,40.418518],[-79.93565,40.418788],[-79.935456,40.418869],[-79.935266,40.418594]]]},"properties":{"parcel_id":"0055M00020000000","block_lot":"55-M-20"}},{"type":"Feature","geometry":{"type":"Polygon","coordinates":[[[-79.93509,40.418514],[-79.935159,40.418457],[-79.935093,40.418361],[-79.934962,40.418263],[-79.935158,40.418089],[-79.935399,40.418419],[-79.935466,40.418518],[-79.935266,40.418594],[-79.935254,40.418577],[-79.935158,40.418615],[-79.93509,40.418514]]]},"properties":{"parcel_id":"0055M00021000000","block_lot":"55-M-21"}},{"type":"Feature","geometry":{"type":"Polygon","coordinates":[[[-79.93565,40.418788],[-79.935399,40.418419],[-79.935556,40.418321],[-79.935814,40.418682],[-79.935707,40.418765],[-79.93565,40.418788]]]},"properties":{"parcel_id":"0055M00024000000","block_lot":"55-M-24"}},{"type":"Feature","geometry":{"type":"Polygon","coordinates":[[[-79.935556,40.418321],[-79.935695,40.418233],[-79.935908,40.418609],[-79.935814,40.418682],[-79.935556,40.418321]]]},"properties":{"parcel_id":"0055M00026000000","block_lot":"55-M-26"}},{"type":"Feature","geometry":{"type":"Polygon","coordinates":[[[-79.935695,40.418233],[-79.935793,40.418172],[-79.935999,40.418539],[-79.935908,40.418609],[-79.935695,40.418233]]]},"properties":{"parcel_id":"0055M00028000000","block_lot":"55-M-28"}},{"type":"Feature","geometry":{"type":"Polygon","coordinates":[[[-79.936247,40.418348],[-79.935999,40.418539],[-79.935793,40.418172],[-79.935852,40.418135],[-79.936008,40.417993],[-79.936247,40.418348]]]},"properties":{"parcel_id":"0055M00033000000","block_lot":"55-M-33"}},{"type":"Feature","geometry":{"type":"Polygon","coordinates":[[[-79.936008,40.417993],[-79.936092,40.417916],[-79.936335,40.41828],[-79.936247,40.418348],[-79.936008,40.417993]]]},"properties":{"parcel_id":"0055M00035000000","block_lot":"55-M-35"}},{"type":"Feature","geometry":{"type":"Polygon","coordinates":[[[-79.936092,40.417916],[-79.936164,40.417851],[-79.936408,40.418224],[-79.936335,40.41828],[-79.936092,40.417916]]]},"properties":{"parcel_id":"0055M00037000000","block_lot":"55-M-37"}},{"type":"Feature","geometry":{"type":"Polygon","coordinates":[[[-79.936164,40.417851],[-79.936251,40.417771],[-79.936498,40.418154],[-79.936408,40.418224],[-79.936164,40.417851]]]},"properties":{"parcel_id":"0055M00039000000","block_lot":"55-M-39"}},{"type":"Feature","geometry":{"type":"Polygon","coordinates":[[[-79.936251,40.417771],[-79.936324,40.417704],[-79.93658,40.418091],[-79.936498,40.418154],[-79.936251,40.417771]]]},"properties":{"parcel_id":"0055M00041000000","block_lot":"55-M-41"}},{"type":"Feature","geometry":{"type":"Polygon","coordinates":[[[-79.936324,40.417704],[-79.936457,40.417582],[-79.936723,40.417982],[-79.93658,40.418091],[-79.936324,40.417704]]]},"properties":{"parcel_id":"0055M00045000000","block_lot":"55-M-45"}},{"type":"Feature","geometry":{"type":"Polygon","coordinates":[[[-79.936457,40.417582],[-79.93653,40.417527],[-79.93679,40.417929],[-79.936723,40.417982],[-79.936457,40.417582]]]},"properties":{"parcel_id":"0055M00046000000","block_lot":"55-M-46"}},{"type":"Feature","geometry":{"type":"Polygon","coordinates":[[[-79.93653,40.417527],[-79.93659,40.41748],[-79.936849,40.417884],[-79.93679,40.417929],[-79.93653,40.417527]]]},"properties":{"parcel_id":"0055M00047000000","block_lot":"55-M-47"}},{"type":"Feature","geometry":{"type":"Polygon","coordinates":[[[-79.936908,40.417838],[-79.936849,40.417884],[-79.93659,40.41748],[-79.936648,40.417435],[-79.936908,40.417838]]]},"properties":{"parcel_id":"0055M00048000000","block_lot":"55-M-48"}},{"type":"Feature","geometry":{"type":"Polygon","coordinates":[[[-79.936648,40.417435],[-79.936707,40.41739],[-79.936974,40.417787],[-79.936908,40.417838],[-79.936648,40.417435]]]},"properties":{"parcel_id":"0055M00049000000","block_lot":"55-M-49"}},{"type":"Feature","geometry":{"type":"Polygon","coordinates":[[[-79.936769,40.417343],[-79.937049,40.417729],[-79.936974,40.417787],[-79.936707,40.41739],[-79.936769,40.417343]]]},"properties":{"parcel_id":"0055M00050000000","block_lot":"55-M-50"}},{"type":"Feature","geometry":{"type":"Polygon","coordinates":[[[-79.936749,40.417316],[-79.936769,40.417343],[-79.936457,40.417582],[-79.936637,40.417418],[-79.936749,40.417316]]]},"properties":{"parcel_id":"0055M00055000000","block_lot":"55-M-55"}},{"type":"Feature","geometry":{"type":"Polygon","coordinates":[[[-79.936639,40.417153],[-79.936812,40.416998],[-79.936879,40.416935],[-79.93695,40.417044],[-79.93671,40.417262],[-79.936639,40.417153]]]},"properties":{"parcel_id":"0055M00108000000","block_lot":"55-M-108"}},{"type":"Feature","geometry":{"type":"Polygon","coordinates":[[[-79.936879,40.416935],[-79.936871,40.416942],[-79.936851,40.416913],[-79.936863,40.416903],[-79.936721,40.416699],[-79.936773,40.416653],[-79.937,40.416997],[-79.93695,40.417043],[-79.936879,40.416935]]]},"properties":{"parcel_id":"0055M00114000000","block_lot":"55-M-114"}},{"type":"Feature","geometry":{"type":"Polygon","coordinates":[[[-79.936651,40.416762],[-79.936721,40.416699],[-79.936863,40.416903],[-79.936851,40.416913],[-79.936871,40.416942],[-79.936812,40.416998],[-79.936651,40.416762]]]},"properties":{"parcel_id":"0055M00115000000","block_lot":"55-M-115"}},{"type":"Feature","geometry":{"type":"Polygon","coordinates":[[[-79.93657,40.416834],[-79.936651,40.416762],[-79.936812,40.416998],[-79.936727,40.417074],[-79.93657,40.416834]]]},"properties":{"parcel_id":"0055M00116000000","block_lot":"55-M-116"}},{"type":"Feature","geometry":{"type":"Polygon","coordinates":[[[-79.936482,40.416911],[-79.93657,40.416834],[-79.936727,40.417074],[-79.936639,40.417153],[-79.936482,40.416911]]]},"properties":{"parcel_id":"0055M00118000000","block_lot":"55-M-118"}},{"type":"Feature","geometry":{"type":"Polygon","coordinates":[[[-79.936398,40.416987],[-79.936482,40.416911],[-79.93671,40.417262],[-79.936622,40.417343],[-79.936398,40.416987]]]},"properties":{"parcel_id":"0055M00120000000","block_lot":"55-M-120"}},{"type":"Feature","geometry":{"type":"Polygon","coordinates":[[[-79.936499,40.417456],[-79.93627,40.4171],[-79.936398,40.416987],[-79.936622,40.417343],[-79.936499,40.417456]]]},"properties":{"parcel_id":"0055M00122000000","block_lot":"55-M-122"}},{"type":"Feature","geometry":{"type":"Polygon","coordinates":[[[-79.936197,40.417165],[-79.93627,40.4171],[-79.936499,40.417456],[-79.936432,40.417517],[-79.936197,40.417165]]]},"properties":{"parcel_id":"0055M00124000000","block_lot":"55-M-124"}},{"type":"Feature","geometry":{"type":"Polygon","coordinates":[[[-79.936047,40.417298],[-79.936197,40.417165],[-79.936432,40.417517],[-79.936281,40.417656],[-79.936047,40.417298]]]},"properties":{"parcel_id":"0055M00125000000","block_lot":"55-M-125"}},{"type":"Feature","geometry":{"type":"Polygon","coordinates":[[[-79.936129,40.417795],[-79.935898,40.417431],[-79.936047,40.417298],[-79.936281,40.417656],[-79.936129,40.417795]]]},"properties":{"parcel_id":"0055M00128000000","block_lot":"55-M-128"}},{"type":"Feature","geometry":{"type":"Polygon","coordinates":[[[-79.936064,40.417855],[-79.935824,40.417496],[-79.935898,40.417431],[-79.936129,40.417795],[-79.936064,40.417855]]]},"properties":{"parcel_id":"0055M00132000000","block_lot":"55-M-132"}},{"type":"Feature","geometry":{"type":"Polygon","coordinates":[[[-79.935748,40.417564],[-79.935824,40.417496],[-79.936064,40.417855],[-79.935978,40.417933],[-79.935748,40.417564]]]},"properties":{"parcel_id":"0055M00133000000","block_lot":"55-M-133"}},{"type":"Feature","geometry":{"type":"Polygon","coordinates":[[[-79.935536,40.417754],[-79.935748,40.417564],[-79.935978,40.417933],[-79.935895,40.418003],[-79.935536,40.417754]]]},"properties":{"parcel_id":"0055M00135000000","block_lot":"55-M-135"}},{"type":"Feature","geometry":{"type":"Polygon","coordinates":[[[-79.935829,40.418061],[-79.935779,40.417964],[-79.935677,40.417852],[-79.935895,40.418003],[-79.935829,40.418061]]]},"properties":{"parcel_id":"0055M00136000000","block_lot":"55-M-136"}},{"type":"Feature","geometry":{"type":"Polygon","coordinates":[[[-79.935395,40.418285],[-79.935213,40.418081],[-79.935206,40.418056],[-79.93521,40.418031],[-79.935227,40.418006],[-79.93524,40.417994],[-79.935536,40.417754],[-79.935677,40.417852],[-79.935779,40.417964],[-79.935829,40.418061],[-79.935802,40.418081],[-79.935482,40.418296],[-79.93546,40.418302],[-79.93544,40.418302],[-79.93542,40.418297],[-79.935395,40.418285]]]},"properties":{"parcel_id":"0055M00137000000","block_lot":"55-M-137"}},{"type":"Feature","geometry":{"type":"Polygon","coordinates":[[[-79.934823,40.418387],[-79.934962,40.418263],[-79.935093,40.418361],[-79.935159,40.418457],[-79.934977,40.418608],[-79.934823,40.418387]]]},"properties":{"parcel_id":"0055M00150000000","block_lot":"55-M-150"}},{"type":"Feature","geometry":{"type":"Polygon","coordinates":[[[-79.934977,40.418608],[-79.93509,40.418514],[-79.935171,40.418633],[-79.935034,40.418689],[-79.934977,40.418608]]]},"properties":{"parcel_id":"0055M00152000000","block_lot":"55-M-152"}},{"type":"Feature","geometry":{"type":"Polygon","coordinates":[[[-79.934731,40.418469],[-79.934823,40.418387],[-79.935034,40.418689],[-79.934917,40.418736],[-79.934731,40.418469]]]},"properties":{"parcel_id":"0055M00154000000","block_lot":"55-M-154"}},{"type":"Feature","geometry":{"type":"Polygon","coordinates":[[[-79.934771,40.418825],[-79.934605,40.418581],[-79.934731,40.418469],[-79.934932,40.418758],[-79.934771,40.418825]]]},"properties":{"parcel_id":"0055M00156000000","block_lot":"55-M-156"}},{"type":"Feature","geometry":{"type":"Polygon","coordinates":[[[-79.933882,40.41864],[-79.933987,40.418546],[-79.934258,40.41872],[-79.934155,40.418811],[-79.933882,40.41864]]]},"properties":{"parcel_id":"0055M00158000000","block_lot":"55-M-158"}},{"type":"Feature","geometry":{"type":"Polygon","coordinates":[[[-79.93438,40.418611],[-79.934258,40.41872],[-79.933987,40.418546],[-79.934114,40.418433],[-79.93438,40.418611]]]},"properties":{"parcel_id":"0055M00159000000","block_lot":"55-M-159"}},{"type":"Feature","geometry":{"type":"Polygon","coordinates":[[[-79.934465,40.418536],[-79.93438,40.418611],[-79.934114,40.418433],[-79.9342,40.418356],[-79.934465,40.418536]]]},"properties":{"parcel_id":"0055M00163000000","block_lot":"55-M-163"}},{"type":"Feature","geometry":{"type":"Polygon","coordinates":[[[-79.9342,40.418356],[-79.934249,40.418313],[-79.934515,40.418491],[-79.934465,40.418536],[-79.9342,40.418356]]]},"properties":{"parcel_id":"0055M00164000000","block_lot":"55-M-164"}},{"type":"Feature","geometry":{"type":"Polygon","coordinates":[[[-79.934249,40.418313],[-79.934299,40.418268],[-79.934567,40.418445],[-79.934515,40.418491],[-79.934249,40.418313]]]},"properties":{"parcel_id":"0055M00165000000","block_lot":"55-M-165"}},{"type":"Feature","geometry":{"type":"Polygon","coordinates":[[[-79.934686,40.418339],[-79.934567,40.418445],[-79.934299,40.418268],[-79.93442,40.41816],[-79.934686,40.418339]]]},"properties":{"parcel_id":"0055M00167000000","block_lot":"55-M-167"}},{"type":"Feature","geometry":{"type":"Polygon","coordinates":[[[-79.93442,40.41816],[-79.934499,40.41809],[-79.934766,40.418268],[-79.934686,40.418339],[-79.93442,40.41816]]]},"properties":{"parcel_id":"0055M00168000000","block_lot":"55-M-168"}},{"type":"Feature","geometry":{"type":"Polygon","coordinates":[[[-79.934499,40.41809],[-79.934582,40.418015],[-79.934855,40.418189],[-79.934766,40.418268],[-79.934499,40.41809]]]},"properties":{"parcel_id":"0055M00170000000","block_lot":"55-M-170"}},{"type":"Feature","geometry":{"type":"Polygon","coordinates":[[[-79.934582,40.418015],[-79.934668,40.417939],[-79.934937,40.418116],[-79.934855,40.418189],[-79.934582,40.418015]]]},"properties":{"parcel_id":"0055M00172000000","block_lot":"55-M-172"}},{"type":"Feature","geometry":{"type":"Polygon","coordinates":[[[-79.934668,40.417939],[-79.934841,40.417785],[-79.93511,40.417962],[-79.934937,40.418116],[-79.934668,40.417939]]]},"properties":{"parcel_id":"0055M00176000000","block_lot":"55-M-176"}},{"type":"Feature","geometry":{"type":"Polygon","coordinates":[[[-79.935191,40.41789],[-79.93511,40.417962],[-79.934841,40.417785],[-79.934919,40.417715],[-79.935191,40.41789]]]},"properties":{"parcel_id":"0055M00178000000","block_lot":"55-M-178"}},{"type":"Feature","geometry":{"type":"Polygon","coordinates":[[[-79.934919,40.417715],[-79.934977,40.417663],[-79.935245,40.417842],[-79.935191,40.41789],[-79.934919,40.417715]]]},"properties":{"parcel_id":"0055M00179000000","block_lot":"55-M-179"}},{"type":"Feature","geometry":{"type":"Polygon","coordinates":[[[-79.934977,40.417663],[-79.935203,40.417462],[-79.935473,40.417639],[-79.935245,40.417842],[-79.934977,40.417663]]]},"properties":{"parcel_id":"0055M00184000000","block_lot":"55-M-184"}},{"type":"Feature","geometry":{"type":"Polygon","coordinates":[[[-79.935638,40.417492],[-79.935473,40.417639],[-79.935203,40.417462],[-79.935371,40.417312],[-79.935638,40.417492]]]},"properties":{"parcel_id":"0055M00188000000","block_lot":"55-M-188"}},{"type":"Feature","geometry":{"type":"Polygon","coordinates":[[[-79.935273,40.416885],[-79.93573,40.416468],[-79.936128,40.417057],[-79.935656,40.417477],[-79.935273,40.416885]]]},"properties":{"parcel_id":"0055M00198000000","block_lot":"55-M-198"}},{"type":"Feature","geometry":{"type":"Polygon","coordinates":[[[-79.935934,40.416773],[-79.936242,40.416486],[-79.936261,40.416514],[-79.935994,40.416758],[-79.936264,40.416936],[-79.936128,40.417057],[-79.935934,40.416773]]]},"properties":{"parcel_id":"0055M00201000000","block_lot":"55-M-201"}},{"type":"Feature","geometry":{"type":"Polygon","coordinates":[[[-79.936094,40.416666],[-79.93637,40.416842],[-79.936264,40.416936],[-79.935994,40.416758],[-79.936094,40.416666]]]},"properties":{"parcel_id":"0055M00203000000","block_lot":"55-M-203"}},{"type":"Feature","geometry":{"type":"Polygon","coordinates":[[[-79.936094,40.416666],[-79.936141,40.416623],[-79.936425,40.416793],[-79.93637,40.416842],[-79.936094,40.416666]]]},"properties":{"parcel_id":"0055M00204000000","block_lot":"55-M-204"}},{"type":"Feature","geometry":{"type":"Polygon","coordinates":[[[-79.936141,40.416623],[-79.936205,40.416565],[-79.936483,40.416741],[-79.936425,40.416793],[-79.936141,40.416623]]]},"properties":{"parcel_id":"0055M00205000000","block_lot":"55-M-205"}},{"type":"Feature","geometry":{"type":"Polygon","coordinates":[[[-79.936261,40.416514],[-79.935986,40.416103],[-79.935846,40.415894],[-79.936755,40.416499],[-79.936624,40.416615],[-79.936343,40.416438],[-79.936261,40.416514]]]},"properties":{"parcel_id":"0055M00206000000","block_lot":"55-M-206"}},{"type":"Feature","geometry":{"type":"Polygon","coordinates":[[[-79.936205,40.416565],[-79.936343,40.416438],[-79.936624,40.416615],[-79.936483,40.416741],[-79.936205,40.416565]]]},"properties":{"parcel_id":"0055M00207000000","block_lot":"55-M-207"}},{"type":"Feature","geometry":{"type":"Polygon","coordinates":[[[-79.935934,40.416773],[-79.935417,40.416],[-79.935504,40.415979],[-79.93579,40.416421],[-79.936119,40.416302],[-79.936242,40.416486],[-79.935934,40.416773]]]},"properties":{"parcel_id":"0055M00216000000","block_lot":"55-M-216"}},{"type":"Feature","geometry":{"type":"Polygon","coordinates":[[[-79.933856,40.418601],[-79.933617,40.418815],[-79.933323,40.418619],[-79.933564,40.418405],[-79.933856,40.418601]]]},"properties":{"parcel_id":"0055M00230000000","block_lot":"55-M-230"}},{"type":"Feature","geometry":{"type":"Polygon","coordinates":[[[-79.934015,40.418459],[-79.933856,40.418601],[-79.933564,40.418405],[-79.933725,40.418263],[-79.934015,40.418459]]]},"properties":{"parcel_id":"0055M00235000000","block_lot":"55-M-235"}},{"type":"Feature","geometry":{"type":"Polygon","coordinates":[[[-79.934162,40.418329],[-79.934015,40.418459],[-79.933725,40.418263],[-79.93387,40.418135],[-79.934162,40.418329]]]},"properties":{"parcel_id":"0055M00236000000","block_lot":"55-M-236"}},{"type":"Feature","geometry":{"type":"Polygon","coordinates":[[[-79.934266,40.418235],[-79.934162,40.418329],[-79.93387,40.418135],[-79.933976,40.418042],[-79.934266,40.418235]]]},"properties":{"parcel_id":"0055M00237000000","block_lot":"55-M-237"}},{"type":"Feature","geometry":{"type":"Polygon","coordinates":[[[-79.934323,40.418185],[-79.934266,40.418235],[-79.933976,40.418042],[-79.93403,40.417993],[-79.934323,40.418185]]]},"properties":{"parcel_id":"0055M00238000000","block_lot":"55-M-238"}},{"type":"Feature","geometry":{"type":"Polygon","coordinates":[[[-79.934379,40.418135],[-79.934323,40.418185],[-79.93403,40.417993],[-79.934087,40.417943],[-79.934379,40.418135]]]},"properties":{"parcel_id":"0055M00239000000","block_lot":"55-M-239"}},{"type":"Feature","geometry":{"type":"Polygon","coordinates":[[[-79.934548,40.417984],[-79.934379,40.418135],[-79.934087,40.417943],[-79.934255,40.417795],[-79.934548,40.417984]]]},"properties":{"parcel_id":"0055M00243000000","block_lot":"55-M-243"}},{"type":"Feature","geometry":{"type":"Polygon","coordinates":[[[-79.934629,40.417911],[-79.934548,40.417984],[-79.934255,40.417795],[-79.934338,40.417721],[-79.934629,40.417911]]]},"properties":{"parcel_id":"0055M00245000000","block_lot":"55-M-245"}},{"type":"Feature","geometry":{"type":"Polygon","coordinates":[[[-79.934772,40.417785],[-79.934629,40.417911],[-79.934338,40.417721],[-79.934483,40.417593],[-79.934772,40.417785]]]},"properties":{"parcel_id":"0055M00249000000","block_lot":"55-M-249"}},{"type":"Feature","geometry":{"type":"Polygon","coordinates":[[[-79.934483,40.417593],[-79.934591,40.417497],[-79.93488,40.417688],[-79.934772,40.417785],[-79.934483,40.417593]]]},"properties":{"parcel_id":"0055M00251000000","block_lot":"55-M-251"}},{"type":"Feature","geometry":{"type":"Polygon","coordinates":[[[-79.934591,40.417497],[-79.934647,40.417447],[-79.934938,40.417636],[-79.93488,40.417688],[-79.934591,40.417497]]]},"properties":{"parcel_id":"0055M00252000000","block_lot":"55-M-252"}},{"type":"Feature","geometry":{"type":"Polygon","coordinates":[[[-79.934994,40.417586],[-79.934938,40.417636],[-79.934647,40.417447],[-79.934704,40.417397],[-79.934994,40.417586]]]},"properties":{"parcel_id":"0055M00253000000","block_lot":"55-M-253"}},{"type":"Feature","geometry":{"type":"Polygon","coordinates":[[[-79.935164,40.417434],[-79.934994,40.417586],[-79.934704,40.417397],[-79.934878,40.417243],[-79.935164,40.417434]]]},"properties":{"parcel_id":"0055M00257000000","block_lot":"55-M-257"}},{"type":"Feature","geometry":{"type":"Polygon","coordinates":[[[-79.93533,40.417286],[-79.935164,40.417434],[-79.934878,40.417243],[-79.935044,40.417096],[-79.93533,40.417286]]]},"properties":{"parcel_id":"0055M00261000000","block_lot":"55-M-261"}},{"type":"Feature","geometry":{"type":"Polygon","coordinates":[[[-79.935371,40.417312],[-79.935044,40.417096],[-79.935273,40.416885],[-79.935656,40.417477],[-79.935638,40.417492],[-79.935371,40.417312]]]},"properties":{"parcel_id":"0055M00266000000","block_lot":"55-M-266"}},{"type":"Feature","geometry":{"type":"Polygon","coordinates":[[[-79.93514,40.416831],[-79.935082,40.416884],[-79.93484,40.416523],[-79.934913,40.416496],[-79.93514,40.416831]]]},"properties":{"parcel_id":"0055M00289000000","block_lot":"55-M-289"}},{"type":"Feature","geometry":{"type":"Polygon","coordinates":[[[-79.935082,40.416884],[-79.935018,40.416942],[-79.934763,40.416552],[-79.93484,40.416523],[-79.935082,40.416884]]]},"properties":{"parcel_id":"0055M00290000000","block_lot":"55-M-290"}},{"type":"Feature","geometry":{"type":"Polygon","coordinates":[[[-79.935018,40.416942],[-79.935,40.416958],[-79.934514,40.416225],[-79.93454,40.416218],[-79.934763,40.416552],[-79.935018,40.416942]]]},"properties":{"parcel_id":"0055M00291000000","block_lot":"55-M-291"}},{"type":"Feature","geometry":{"type":"Polygon","coordinates":[[[-79.935,40.416958],[-79.934722,40.41721],[-79.934437,40.416783],[-79.934793,40.416648],[-79.935,40.416958]]]},"properties":{"parcel_id":"0055M00296000000","block_lot":"55-M-296"}},{"type":"Feature","geometry":{"type":"Polygon","coordinates":[[[-79.934793,40.416648],[-79.934437,40.416783],[-79.934343,40.41664],[-79.934699,40.416506],[-79.934793,40.416648]]]},"properties":{"parcel_id":"0055M00302000000","block_lot":"55-M-302"}},{"type":"Feature","geometry":{"type":"Polygon","coordinates":[[[-79.934309,40.41659],[-79.934665,40.416455],[-79.934699,40.416506],[-79.934343,40.41664],[-79.934309,40.41659]]]},"properties":{"parcel_id":"0055M00305000000","block_lot":"55-M-305"}},{"type":"Feature","geometry":{"type":"Polygon","coordinates":[[[-79.934514,40.416225],[-79.934665,40.416455],[-79.934309,40.41659],[-79.934129,40.41632],[-79.934514,40.416225]]]},"properties":{"parcel_id":"0055M00306000000","block_lot":"55-M-306"}},{"type":"Feature","geometry":{"type":"Polygon","coordinates":[[[-79.934913,40.416496],[-79.934763,40.416552],[-79.93454,40.416218],[-79.934701,40.416178],[-79.934913,40.416496]]]},"properties":{"parcel_id":"0055M00315000000","block_lot":"55-M-315"}},{"type":"Feature","geometry":{"type":"Polygon","coordinates":[[[-79.935273,40.416885],[-79.935198,40.416779],[-79.93514,40.416831],[-79.934701,40.416178],[-79.935417,40.416],[-79.93573,40.416468],[-79.935273,40.416885]]]},"properties":{"parcel_id":"0055M00317000000","block_lot":"55-M-317"}},{"type":"Feature","geometry":{"type":"Polygon","coordinates":[[[-79.931997,40.419789],[-79.932101,40.419395],[-79.932431,40.419393],[-79.932539,40.418941],[-79.931554,40.418964],[-79.93143,40.419421],[-79.931336,40.419416],[-79.931399,40.419141],[-79.931014,40.41912],[-79.929847,40.419062],[-79.92908,40.419298],[-79.929045,40.419186],[-79.92897,40.419203],[-79.926914,40.418895],[-79.926068,40.417643],[-79.926039,40.417577],[-79.925992,40.41717],[-79.925942,40.416507],[-79.925726,40.413849],[-79.925714,40.413849],[-79.92553,40.41141],[-79.927893,40.41031],[-79.929416,40.40971],[-79.929788,40.410285],[-79.930465,40.411158],[-79.932279,40.413848],[-79.932801,40.414593],[-79.932802,40.414576],[-79.934599,40.41731],[-79.93311,40.41862],[-79.933814,40.419085],[-79.933847,40.419509],[-79.933368,40.419703],[-79.931997,40.419789]],[[-79.931165,40.41893],[-79.931095,40.418711],[-79.93071,40.418731],[-79.930392,40.418828],[-79.930369,40.418988],[-79.931441,40.419038],[-79.931466,40.418928],[-79.931165,40.41893]]]},"properties":{"parcel_id":"0055M00330000000","block_lot":"55-M-330"}},{"type":"Feature","geometry":{"type":"Polygon","coordinates":[[[-79.945726,40.416272],[-79.945441,40.416362],[-79.945385,40.416254],[-79.945666,40.416165],[-79.945726,40.416272]]]},"properties":{"parcel_id":"0055N00005000000","block_lot":"55-N-5"}},{"type":"Feature","geometry":{"type":"Polygon","coordinates":[[[-79.945759,40.416261],[-79.945726,40.416272],[-79.945666,40.416165],[-79.945385,40.416254],[-79.945225,40.415944],[-79.945538,40.415845],[-79.945759,40.416261]]]},"properties":{"parcel_id":"0055N00007000000","block_lot":"55-N-7"}},{"type":"Feature","geometry":{"type":"Polygon","coordinates":[[[-79.945554,40.415154],[-79.945246,40.415251],[-79.945116,40.415009],[-79.945428,40.414911],[-79.945554,40.415154]]]},"properties":{"parcel_id":"0055N00022000002","block_lot":"55-N-22-0-2"}},{"type":"Feature","geometry":{"type":"Polygon","coordinates":[[[-79.945209,40.415331],[-79.945585,40.415216],[-79.945616,40.415274],[-79.945242,40.415385],[-79.945209,40.415331]]]},"properties":{"parcel_id":"0055N00024000000","block_lot":"55-N-24"}},{"type":"Feature","geometry":{"type":"Polygon","coordinates":[[[-79.945334,40.41543],[-79.945314,40.415395],[-79.945631,40.415302],[-79.945648,40.415335],[-79.945334,40.41543]]]},"properties":{"parcel_id":"0055N00025000000","block_lot":"55-N-25"}},{"type":"Feature","geometry":{"type":"Polygon","coordinates":[[[-79.945299,40.415368],[-79.945616,40.415274],[-79.945631,40.415302],[-79.945314,40.415395],[-79.945299,40.415368]]]},"properties":{"parcel_id":"0055N00025000A00","block_lot":"55-N-25-A"}},{"type":"Feature","geometry":{"type":"Polygon","coordinates":[[[-79.945676,40.415389],[-79.945276,40.415508],[-79.945249,40.415456],[-79.945648,40.415335],[-79.945676,40.415389]]]},"properties":{"parcel_id":"0055N00026000000","block_lot":"55-N-26"}},{"type":"Feature","geometry":{"type":"Polygon","coordinates":[[[-79.945385,40.415528],[-79.945361,40.415483],[-79.945676,40.415389],[-79.945703,40.41544],[-79.945385,40.415528]]]},"properties":{"parcel_id":"0055N00027000000","block_lot":"55-N-27"}},{"type":"Feature","geometry":{"type":"Polygon","coordinates":[[[-79.945413,40.415582],[-79.945385,40.415528],[-79.945703,40.41544],[-79.945732,40.415495],[-79.945413,40.415582]]]},"properties":{"parcel_id":"0055N00028000000","block_lot":"55-N-28"}},{"type":"Feature","geometry":{"type":"Polygon","coordinates":[[[-79.945449,40.415649],[-79.945413,40.415582],[-79.945732,40.415495],[-79.945762,40.415552],[-79.945449,40.415649]]]},"properties":{"parcel_id":"0055N00029000000","block_lot":"55-N-29"}},{"type":"Feature","geometry":{"type":"Polygon","coordinates":[[[-79.945118,40.415738],[-79.945442,40.415638],[-79.945449,40.415649],[-79.945762,40.415552],[-79.945862,40.415743],[-79.945225,40.415944],[-79.945118,40.415738]]]},"properties":{"parcel_id":"0055N00033000000","block_lot":"55-N-33"}},{"type":"Feature","geometry":{"type":"Polygon","coordinates":[[[-79.945608,40.415977],[-79.945538,40.415845],[-79.945862,40.415743],[-79.945934,40.415881],[-79.945608,40.415977]]]},"properties":{"parcel_id":"0055N00037000000","block_lot":"55-N-37"}},{"type":"Feature","geometry":{"type":"Polygon","coordinates":[[[-79.945988,40.415984],[-79.945663,40.416081],[-79.945608,40.415977],[-79.945934,40.415881],[-79.945988,40.415984]]]},"properties":{"parcel_id":"0055N00038000000","block_lot":"55-N-38"}},{"type":"Feature","geometry":{"type":"Polygon","coordinates":[[[-79.945717,40.416181],[-79.945663,40.416081],[-79.945988,40.415984],[-79.946042,40.416085],[-79.945717,40.416181]]]},"properties":{"parcel_id":"0055N00039000000","block_lot":"55-N-39"}},{"type":"Feature","geometry":{"type":"Polygon","coordinates":[[[-79.945717,40.416181],[-79.946042,40.416085],[-79.94608,40.416159],[-79.945759,40.416261],[-79.945717,40.416181]]]},"properties":{"parcel_id":"0055N00040000000","block_lot":"55-N-40"}},{"type":"Feature","geometry":{"type":"Polygon","coordinates":[[[-79.946408,40.416166],[-79.946491,40.416327],[-79.946331,40.416379],[-79.946245,40.416216],[-79.946408,40.416166]]]},"properties":{"parcel_id":"0055N00043000000","block_lot":"55-N-43"}},{"type":"Feature","geometry":{"type":"Polygon","coordinates":[[[-79.946201,40.416072],[-79.946358,40.416027],[-79.946378,40.416069],[-79.946224,40.416117],[-79.946201,40.416072]]]},"properties":{"parcel_id":"0055N00045000000","block_lot":"55-N-45"}},{"type":"Feature","geometry":{"type":"Polygon","coordinates":[[[-79.946181,40.416037],[-79.94634,40.415991],[-79.946358,40.416027],[-79.946201,40.416072],[-79.946181,40.416037]]]},"properties":{"parcel_id":"0055N00046000000","block_lot":"55-N-46"}},{"type":"Feature","geometry":{"type":"Polygon","coordinates":[[[-79.946181,40.416037],[-79.946165,40.416004],[-79.946321,40.41595],[-79.94634,40.415991],[-79.946181,40.416037]]]},"properties":{"parcel_id":"0055N00047000000","block_lot":"55-N-47"}},{"type":"Feature","geometry":{"type":"Polygon","coordinates":[[[-79.946145,40.415966],[-79.946305,40.415917],[-79.946321,40.41595],[-79.946165,40.416004],[-79.946145,40.415966]]]},"properties":{"parcel_id":"0055N00048000000","block_lot":"55-N-48"}},{"type":"Feature","geometry":{"type":"Polygon","coordinates":[[[-79.946129,40.415937],[-79.946289,40.415884],[-79.946305,40.415917],[-79.946145,40.415966],[-79.946129,40.415937]]]},"properties":{"parcel_id":"0055N00049000000","block_lot":"55-N-49"}},{"type":"Feature","geometry":{"type":"Polygon","coordinates":[[[-79.946111,40.415901],[-79.946274,40.415853],[-79.946289,40.415884],[-79.946129,40.415937],[-79.946111,40.415901]]]},"properties":{"parcel_id":"0055N00050000000","block_lot":"55-N-50"}},{"type":"Feature","geometry":{"type":"Polygon","coordinates":[[[-79.946404,40.415599],[-79.946014,40.415717],[-79.945788,40.415304],[-79.946191,40.41518],[-79.946404,40.415599]]]},"properties":{"parcel_id":"0055N00052000000","block_lot":"55-N-52"}},{"type":"Feature","geometry":{"type":"Polygon","coordinates":[[[-79.94568,40.415098],[-79.946083,40.414974],[-79.946191,40.41518],[-79.945788,40.415304],[-79.94568,40.415098]]]},"properties":{"parcel_id":"0055N00063000000","block_lot":"55-N-63"}},{"type":"Feature","geometry":{"type":"Polygon","coordinates":[[[-79.945624,40.414982],[-79.946021,40.414858],[-79.946083,40.414974],[-79.94568,40.415098],[-79.945624,40.414982]]]},"properties":{"parcel_id":"0055N00065000000","block_lot":"55-N-65"}},{"type":"Feature","geometry":{"type":"Polygon","coordinates":[[[-79.946021,40.414858],[-79.945624,40.414982],[-79.945522,40.414779],[-79.945917,40.414657],[-79.946021,40.414858]]]},"properties":{"parcel_id":"0055N00067000000","block_lot":"55-N-67"}},{"type":"Feature","geometry":{"type":"Polygon","coordinates":[[[-79.945329,40.414422],[-79.94573,40.414308],[-79.945837,40.414524],[-79.945447,40.414644],[-79.945329,40.414422]]]},"properties":{"parcel_id":"0055N00072000000","block_lot":"55-N-72"}},{"type":"Feature","geometry":{"type":"Polygon","coordinates":[[[-79.945166,40.414117],[-79.945579,40.414001],[-79.94573,40.414308],[-79.945329,40.414422],[-79.945166,40.414117]]]},"properties":{"parcel_id":"0055N00076000000","block_lot":"55-N-76"}},{"type":"Feature","geometry":{"type":"Polygon","coordinates":[[[-79.94533,40.413999],[-79.945545,40.413935],[-79.945579,40.414001],[-79.945361,40.414062],[-79.94533,40.413999]]]},"properties":{"parcel_id":"0055N00082000000","block_lot":"55-N-82"}},{"type":"Feature","geometry":{"type":"Polygon","coordinates":[[[-79.94533,40.413999],[-79.945307,40.413952],[-79.945523,40.41389],[-79.945545,40.413935],[-79.94533,40.413999]]]},"properties":{"parcel_id":"0055N00083000000","block_lot":"55-N-83"}},{"type":"Feature","geometry":{"type":"Polygon","coordinates":[[[-79.946014,40.415717],[-79.946404,40.415599],[-79.946501,40.415787],[-79.946111,40.415901],[-79.946014,40.415717]]]},"properties":{"parcel_id":"0055N00123000000","block_lot":"55-N-123"}},{"type":"Feature","geometry":{"type":"Polygon","coordinates":[[[-79.946378,40.416069],[-79.946274,40.415853],[-79.946501,40.415787],[-79.946609,40.415997],[-79.946378,40.416069]]]},"properties":{"parcel_id":"0055N00124000000","block_lot":"55-N-124"}},{"type":"Feature","geometry":{"type":"Polygon","coordinates":[[[-79.945025,40.41391],[-79.945482,40.413761],[-79.945514,40.413825],[-79.945052,40.413961],[-79.945025,40.41391]]]},"properties":{"parcel_id":"0055P00001000000","block_lot":"55-P-1"}},{"type":"Feature","geometry":{"type":"Polygon","coordinates":[[[-79.94533,40.413999],[-79.945134,40.414058],[-79.945109,40.41401],[-79.945307,40.413952],[-79.94533,40.413999]]]},"properties":{"parcel_id":"0055P00002000000","block_lot":"55-P-2"}},{"type":"Feature","geometry":{"type":"Polygon","coordinates":[[[-79.945134,40.414058],[-79.94533,40.413999],[-79.945361,40.414062],[-79.945166,40.414117],[-79.945134,40.414058]]]},"properties":{"parcel_id":"0055P00003000000","block_lot":"55-P-3"}},{"type":"Feature","geometry":{"type":"Polygon","coordinates":[[[-79.944513,40.41392],[-79.944846,40.413817],[-79.944879,40.41388],[-79.944548,40.41398],[-79.944513,40.41392]]]},"properties":{"parcel_id":"0055P00004000000","block_lot":"55-P-4"}},{"type":"Feature","geometry":{"type":"Polygon","coordinates":[[[-79.944649,40.414182],[-79.944609,40.414108],[-79.944548,40.41398],[-79.944879,40.41388],[-79.944981,40.414077],[-79.944649,40.414182]]]},"properties":{"parcel_id":"0055P00006000000","block_lot":"55-P-6"}},{"type":"Feature","geometry":{"type":"Polygon","coordinates":[[[-79.944683,40.414249],[-79.944649,40.414182],[-79.944981,40.414077],[-79.945013,40.414141],[-79.944683,40.414249]]]},"properties":{"parcel_id":"0055P00008000000","block_lot":"55-P-8"}},{"type":"Feature","geometry":{"type":"Polygon","coordinates":[[[-79.945013,40.414141],[-79.945046,40.414208],[-79.944717,40.414312],[-79.944683,40.414249],[-79.945013,40.414141]]]},"properties":{"parcel_id":"0055P00009000000","block_lot":"55-P-9"}},{"type":"Feature","geometry":{"type":"Polygon","coordinates":[[[-79.944717,40.414312],[-79.945046,40.414208],[-79.945082,40.414274],[-79.94475,40.414373],[-79.944717,40.414312]]]},"properties":{"parcel_id":"0055P00010000000","block_lot":"55-P-10"}},{"type":"Feature","geometry":{"type":"Polygon","coordinates":[[[-79.944744,40.414436],[-79.944716,40.414383],[-79.945082,40.414274],[-79.945107,40.414322],[-79.944744,40.414436]]]},"properties":{"parcel_id":"0055P00011000000","block_lot":"55-P-11"}},{"type":"Feature","geometry":{"type":"Polygon","coordinates":[[[-79.94477,40.414488],[-79.944744,40.414436],[-79.945107,40.414322],[-79.945134,40.414372],[-79.94477,40.414488]]]},"properties":{"parcel_id":"0055P00012000000","block_lot":"55-P-12"}},{"type":"Feature","geometry":{"type":"Polygon","coordinates":[[[-79.945134,40.414372],[-79.945166,40.414429],[-79.944798,40.41454],[-79.94477,40.414488],[-79.945134,40.414372]]]},"properties":{"parcel_id":"0055P00013000000","block_lot":"55-P-13"}},{"type":"Feature","geometry":{"type":"Polygon","coordinates":[[[-79.944798,40.41454],[-79.945166,40.414429],[-79.945188,40.414476],[-79.944823,40.41459],[-79.944798,40.41454]]]},"properties":{"parcel_id":"0055P00014000000","block_lot":"55-P-14"}},{"type":"Feature","geometry":{"type":"Polygon","coordinates":[[[-79.944823,40.41459],[-79.945188,40.414476],[-79.945217,40.414528],[-79.94485,40.414641],[-79.944823,40.41459]]]},"properties":{"parcel_id":"0055P00015000000","block_lot":"55-P-15"}},{"type":"Feature","geometry":{"type":"Polygon","coordinates":[[[-79.94485,40.414641],[-79.945217,40.414528],[-79.945243,40.414579],[-79.944878,40.414694],[-79.94485,40.414641]]]},"properties":{"parcel_id":"0055P00016000000","block_lot":"55-P-16"}},{"type":"Feature","geometry":{"type":"Polygon","coordinates":[[[-79.944878,40.414694],[-79.945243,40.414579],[-79.945272,40.414633],[-79.944905,40.414746],[-79.944878,40.414694]]]},"properties":{"parcel_id":"0055P00017000000","block_lot":"55-P-17"}},{"type":"Feature","geometry":{"type":"Polygon","coordinates":[[[-79.944905,40.414746],[-79.945272,40.414633],[-79.945304,40.414693],[-79.944939,40.414813],[-79.944905,40.414746]]]},"properties":{"parcel_id":"0055P00018000000","block_lot":"55-P-18"}},{"type":"Feature","geometry":{"type":"Polygon","coordinates":[[[-79.945068,40.41492],[-79.945383,40.414825],[-79.945428,40.414911],[-79.945116,40.415009],[-79.945068,40.41492]]]},"properties":{"parcel_id":"0055P00021000000","block_lot":"55-P-21"}},{"type":"Feature","geometry":{"type":"Polygon","coordinates":[[[-79.945088,40.415679],[-79.945413,40.415582],[-79.945442,40.415638],[-79.945118,40.415738],[-79.945088,40.415679]]]},"properties":{"parcel_id":"0055P00024000000","block_lot":"55-P-24"}},{"type":"Feature","geometry":{"type":"Polygon","coordinates":[[[-79.945036,40.415579],[-79.945361,40.415483],[-79.945413,40.415582],[-79.945088,40.415679],[-79.945036,40.415579]]]},"properties":{"parcel_id":"0055P00025000000","block_lot":"55-P-25"}},{"type":"Feature","geometry":{"type":"Polygon","coordinates":[[[-79.94501,40.415529],[-79.945249,40.415456],[-79.945276,40.415508],[-79.945036,40.415579],[-79.94501,40.415529]]]},"properties":{"parcel_id":"0055P00027000000","block_lot":"55-P-27"}},{"type":"Feature","geometry":{"type":"Polygon","coordinates":[[[-79.944976,40.415463],[-79.945299,40.415368],[-79.945334,40.41543],[-79.94501,40.415529],[-79.944976,40.415463]]]},"properties":{"parcel_id":"0055P00028000000","block_lot":"55-P-28"}},{"type":"Feature","geometry":{"type":"Polygon","coordinates":[[[-79.945209,40.415331],[-79.945242,40.415385],[-79.944976,40.415463],[-79.944949,40.415411],[-79.945209,40.415331]]]},"properties":{"parcel_id":"0055P00029000000","block_lot":"55-P-29"}},{"type":"Feature","geometry":{"type":"Polygon","coordinates":[[[-79.945246,40.415251],[-79.944922,40.415353],[-79.944749,40.415017],[-79.945068,40.41492],[-79.945246,40.415251]]]},"properties":{"parcel_id":"0055P00031000000","block_lot":"55-P-31"}},{"type":"Feature","geometry":{"type":"Polygon","coordinates":[[[-79.944798,40.41454],[-79.944939,40.414813],[-79.944572,40.414933],[-79.944426,40.414657],[-79.944798,40.41454]]]},"properties":{"parcel_id":"0055P00037000000","block_lot":"55-P-37"}},{"type":"Feature","geometry":{"type":"Polygon","coordinates":[[[-79.944399,40.414604],[-79.94477,40.414488],[-79.944798,40.41454],[-79.944426,40.414657],[-79.944399,40.414604]]]},"properties":{"parcel_id":"0055P00044000000","block_lot":"55-P-44"}},{"type":"Feature","geometry":{"type":"Polygon","coordinates":[[[-79.944373,40.414554],[-79.944744,40.414436],[-79.94477,40.414488],[-79.944398,40.414604],[-79.944373,40.414554]]]},"properties":{"parcel_id":"0055P00045000000","block_lot":"55-P-45"}},{"type":"Feature","geometry":{"type":"Polygon","coordinates":[[[-79.944344,40.414499],[-79.944716,40.414383],[-79.944744,40.414436],[-79.944373,40.414554],[-79.944344,40.414499]]]},"properties":{"parcel_id":"0055P00046000000","block_lot":"55-P-46"}},{"type":"Feature","geometry":{"type":"Polygon","coordinates":[[[-79.944278,40.414371],[-79.944679,40.414241],[-79.94475,40.414373],[-79.944344,40.414499],[-79.944278,40.414371]]]},"properties":{"parcel_id":"0055P00048000000","block_lot":"55-P-48"}},{"type":"Feature","geometry":{"type":"Polygon","coordinates":[[[-79.944209,40.414241],[-79.944609,40.414108],[-79.944679,40.414241],[-79.944278,40.414371],[-79.944209,40.414241]]]},"properties":{"parcel_id":"0055P00049000000","block_lot":"55-P-49"}},{"type":"Feature","geometry":{"type":"Polygon","coordinates":[[[-79.944609,40.414108],[-79.944209,40.414241],[-79.944142,40.414105],[-79.944548,40.41398],[-79.944609,40.414108]]]},"properties":{"parcel_id":"0055P00050000000","block_lot":"55-P-50"}},{"type":"Feature","geometry":{"type":"Polygon","coordinates":[[[-79.944072,40.413977],[-79.944477,40.41385],[-79.944548,40.41398],[-79.944142,40.414105],[-79.944072,40.413977]]]},"properties":{"parcel_id":"0055P00051000000","block_lot":"55-P-51"}},{"type":"Feature","geometry":{"type":"Polygon","coordinates":[[[-79.943984,40.413819],[-79.944404,40.41371],[-79.944477,40.41385],[-79.944072,40.413977],[-79.943984,40.413819]]]},"properties":{"parcel_id":"0055P00052000000","block_lot":"55-P-52"}},{"type":"Feature","geometry":{"type":"Polygon","coordinates":[[[-79.94345,40.413941],[-79.943866,40.413833],[-79.943894,40.413886],[-79.943485,40.414007],[-79.94345,40.413941]]]},"properties":{"parcel_id":"0055P00057000000","block_lot":"55-P-57"}},{"type":"Feature","geometry":{"type":"Polygon","coordinates":[[[-79.943509,40.414053],[-79.943485,40.414007],[-79.943894,40.413886],[-79.943915,40.413927],[-79.943509,40.414053]]]},"properties":{"parcel_id":"0055P00058000000","block_lot":"55-P-58"}},{"type":"Feature","geometry":{"type":"Polygon","coordinates":[[[-79.94365,40.41426],[-79.943613,40.414191],[-79.943587,40.414199],[-79.943509,40.414053],[-79.943915,40.413927],[-79.944025,40.414137],[-79.94365,40.41426]]]},"properties":{"parcel_id":"0055P00060000000","block_lot":"55-P-60"}},{"type":"Feature","geometry":{"type":"Polygon","coordinates":[[[-79.94367,40.414297],[-79.94365,40.41426],[-79.944025,40.414137],[-79.94405,40.414184],[-79.94367,40.414297]]]},"properties":{"parcel_id":"0055P00062000000","block_lot":"55-P-62"}},{"type":"Feature","geometry":{"type":"Polygon","coordinates":[[[-79.943774,40.414492],[-79.943752,40.41445],[-79.944129,40.414335],[-79.944148,40.414372],[-79.943774,40.414492]]]},"properties":{"parcel_id":"0055P00064000000","block_lot":"55-P-64"}},{"type":"Feature","geometry":{"type":"MultiPolygon","coordinates":[[[[-79.94405,40.414184],[-79.944129,40.414335],[-79.943752,40.41445],[-79.94367,40.414297],[-79.94405,40.414184]]],[[[-79.944148,40.414372],[-79.944227,40.414524],[-79.943922,40.414622],[-79.943855,40.414642],[-79.943774,40.414492],[-79.944148,40.414372]]]]},"properties":{"parcel_id":"0055P00067000000","block_lot":"55-P-67"}},{"type":"Feature","geometry":{"type":"Polygon","coordinates":[[[-79.943922,40.414622],[-79.944227,40.414524],[-79.94426,40.414586],[-79.943954,40.414683],[-79.943922,40.414622]]]},"properties":{"parcel_id":"0055P00068000000","block_lot":"55-P-68"}},{"type":"Feature","geometry":{"type":"Polygon","coordinates":[[[-79.943954,40.414683],[-79.94426,40.414586],[-79.944293,40.41465],[-79.943986,40.414744],[-79.943954,40.414683]]]},"properties":{"parcel_id":"0055P00069000000","block_lot":"55-P-69"}},{"type":"Feature","geometry":{"type":"Polygon","coordinates":[[[-79.943986,40.414744],[-79.944293,40.41465],[-79.944326,40.414712],[-79.944015,40.414801],[-79.943986,40.414744]]]},"properties":{"parcel_id":"0055P00070000000","block_lot":"55-P-70"}},{"type":"Feature","geometry":{"type":"Polygon","coordinates":[[[-79.944015,40.414801],[-79.944326,40.414712],[-79.94436,40.414778],[-79.944051,40.414869],[-79.944015,40.414801]]]},"properties":{"parcel_id":"0055P00071000000","block_lot":"55-P-71"}},{"type":"Feature","geometry":{"type":"Polygon","coordinates":[[[-79.944086,40.414936],[-79.944051,40.414869],[-79.94436,40.414778],[-79.944393,40.414842],[-79.944086,40.414936]]]},"properties":{"parcel_id":"0055P00072000000","block_lot":"55-P-72"}},{"type":"Feature","geometry":{"type":"Polygon","coordinates":[[[-79.944111,40.414983],[-79.944086,40.414936],[-79.944393,40.414842],[-79.94442,40.414892],[-79.944111,40.414983]]]},"properties":{"parcel_id":"0055P00073000000","block_lot":"55-P-73"}},{"type":"Feature","geometry":{"type":"Polygon","coordinates":[[[-79.944111,40.414983],[-79.94442,40.414892],[-79.94445,40.41495],[-79.944144,40.415046],[-79.944111,40.414983]]]},"properties":{"parcel_id":"0055P00074000000","block_lot":"55-P-74"}},{"type":"Feature","geometry":{"type":"Polygon","coordinates":[[[-79.944374,40.415128],[-79.944545,40.415466],[-79.944387,40.415513],[-79.944214,40.415176],[-79.944374,40.415128]]]},"properties":{"parcel_id":"0055P00077000000","block_lot":"55-P-77"}},{"type":"Feature","geometry":{"type":"Polygon","coordinates":[[[-79.944374,40.415128],[-79.944453,40.415105],[-79.944635,40.415439],[-79.944545,40.415466],[-79.944374,40.415128]]]},"properties":{"parcel_id":"0055P00078000000","block_lot":"55-P-78"}},{"type":"Feature","geometry":{"type":"Polygon","coordinates":[[[-79.944453,40.415105],[-79.944623,40.415055],[-79.944714,40.415234],[-79.944553,40.41529],[-79.944453,40.415105]]]},"properties":{"parcel_id":"0055P00080000000","block_lot":"55-P-80"}},{"type":"Feature","geometry":{"type":"Polygon","coordinates":[[[-79.944553,40.41529],[-79.944714,40.415234],[-79.944794,40.415392],[-79.944635,40.415439],[-79.944553,40.41529]]]},"properties":{"parcel_id":"0055P00082000000","block_lot":"55-P-82"}},{"type":"Feature","geometry":{"type":"Polygon","coordinates":[[[-79.944442,40.415618],[-79.944418,40.415572],[-79.944508,40.415544],[-79.944536,40.415594],[-79.944442,40.415618]]]},"properties":{"parcel_id":"0055P00087000000","block_lot":"55-P-87"}},{"type":"Feature","geometry":{"type":"Polygon","coordinates":[[[-79.944476,40.415684],[-79.944442,40.415618],[-79.944536,40.415594],[-79.944508,40.415544],[-79.944532,40.415537],[-79.944593,40.415649],[-79.944476,40.415684]]]},"properties":{"parcel_id":"0055P00088000000","block_lot":"55-P-88"}},{"type":"Feature","geometry":{"type":"Polygon","coordinates":[[[-79.944593,40.415649],[-79.944532,40.415537],[-79.944826,40.415447],[-79.944884,40.415561],[-79.944593,40.415649]]]},"properties":{"parcel_id":"0055P00089000000","block_lot":"55-P-89"}},{"type":"Feature","geometry":{"type":"Polygon","coordinates":[[[-79.944527,40.415784],[-79.944476,40.415684],[-79.944884,40.415561],[-79.944933,40.415659],[-79.944527,40.415784]]]},"properties":{"parcel_id":"0055P00092000000","block_lot":"55-P-92"}},{"type":"Feature","geometry":{"type":"Polygon","coordinates":[[[-79.944527,40.415784],[-79.944933,40.415659],[-79.944961,40.415714],[-79.944551,40.415831],[-79.944527,40.415784]]]},"properties":{"parcel_id":"0055P00094000000","block_lot":"55-P-94"}},{"type":"Feature","geometry":{"type":"Polygon","coordinates":[[[-79.944551,40.415831],[-79.944961,40.415714],[-79.944986,40.415764],[-79.944581,40.415889],[-79.944551,40.415831]]]},"properties":{"parcel_id":"0055P00096000000","block_lot":"55-P-96"}},{"type":"Feature","geometry":{"type":"Polygon","coordinates":[[[-79.944581,40.415889],[-79.944986,40.415764],[-79.94501,40.415812],[-79.944606,40.415937],[-79.944581,40.415889]]]},"properties":{"parcel_id":"0055P00098000000","block_lot":"55-P-98"}},{"type":"Feature","geometry":{"type":"Polygon","coordinates":[[[-79.944606,40.415937],[-79.94501,40.415812],[-79.945037,40.415863],[-79.944631,40.415988],[-79.944606,40.415937]]]},"properties":{"parcel_id":"0055P00100000000","block_lot":"55-P-100"}},{"type":"Feature","geometry":{"type":"Polygon","coordinates":[[[-79.944631,40.415988],[-79.945037,40.415863],[-79.94509,40.41597],[-79.944683,40.416089],[-79.944631,40.415988]]]},"properties":{"parcel_id":"0055P00103000000","block_lot":"55-P-103"}},{"type":"Feature","geometry":{"type":"Polygon","coordinates":[[[-79.944903,40.416232],[-79.944811,40.416051],[-79.94509,40.41597],[-79.945184,40.416157],[-79.944937,40.416241],[-79.944903,40.416232]]]},"properties":{"parcel_id":"0055P00108000000","block_lot":"55-P-108"}},{"type":"Feature","geometry":{"type":"Polygon","coordinates":[[[-79.944937,40.416241],[-79.945184,40.416157],[-79.945268,40.416324],[-79.944937,40.416241]]]},"properties":{"parcel_id":"0055P00109000000","block_lot":"55-P-109"}},{"type":"Feature","geometry":{"type":"Polygon","coordinates":[[[-79.944683,40.416089],[-79.944811,40.416051],[-79.944903,40.416232],[-79.944736,40.416191],[-79.944683,40.416089]]]},"properties":{"parcel_id":"0055P00111000000","block_lot":"55-P-111"}},{"type":"Feature","geometry":{"type":"Polygon","coordinates":[[[-79.942922,40.413873],[-79.942995,40.413849],[-79.94318,40.413793],[-79.943205,40.41384],[-79.942947,40.413918],[-79.942922,40.413873]]]},"properties":{"parcel_id":"0055P00139000000","block_lot":"55-P-139"}},{"type":"Feature","geometry":{"type":"Polygon","coordinates":[[[-79.942972,40.413965],[-79.942947,40.413918],[-79.943205,40.41384],[-79.943229,40.413886],[-79.942972,40.413965]]]},"properties":{"parcel_id":"0055P00140000000","block_lot":"55-P-140"}},{"type":"Feature","geometry":{"type":"Polygon","coordinates":[[[-79.942972,40.413965],[-79.943229,40.413886],[-79.943249,40.413923],[-79.942995,40.414006],[-79.942972,40.413965]]]},"properties":{"parcel_id":"0055P00141000000","block_lot":"55-P-141"}},{"type":"Feature","geometry":{"type":"Polygon","coordinates":[[[-79.942995,40.414006],[-79.943249,40.413923],[-79.943282,40.413986],[-79.943022,40.414054],[-79.942995,40.414006]]]},"properties":{"parcel_id":"0055P00142000000","block_lot":"55-P-142"}},{"type":"Feature","geometry":{"type":"Polygon","coordinates":[[[-79.943022,40.414054],[-79.94345,40.413941],[-79.943493,40.414021],[-79.943062,40.414127],[-79.943022,40.414054]]]},"properties":{"parcel_id":"0055P00144000000","block_lot":"55-P-144"}},{"type":"Feature","geometry":{"type":"Polygon","coordinates":[[[-79.943062,40.414127],[-79.943493,40.414021],[-79.943542,40.414114],[-79.943113,40.41422],[-79.943062,40.414127]]]},"properties":{"parcel_id":"0055P00146000000","block_lot":"55-P-146"}},{"type":"Feature","geometry":{"type":"Polygon","coordinates":[[[-79.943113,40.41422],[-79.943542,40.414114],[-79.943587,40.414199],[-79.943164,40.414312],[-79.943113,40.41422]]]},"properties":{"parcel_id":"0055P00148000000","block_lot":"55-P-148"}},{"type":"Feature","geometry":{"type":"Polygon","coordinates":[[[-79.943164,40.414312],[-79.943375,40.414255],[-79.943394,40.41429],[-79.943187,40.414353],[-79.943164,40.414312]]]},"properties":{"parcel_id":"0055P00149000000","block_lot":"55-P-149"}},{"type":"Feature","geometry":{"type":"Polygon","coordinates":[[[-79.943187,40.414353],[-79.943394,40.41429],[-79.943415,40.414329],[-79.943209,40.414393],[-79.943187,40.414353]]]},"properties":{"parcel_id":"0055P00149000A00","block_lot":"55-P-149-A"}},{"type":"Feature","geometry":{"type":"Polygon","coordinates":[[[-79.943226,40.414424],[-79.943209,40.414393],[-79.943415,40.414329],[-79.943433,40.414363],[-79.943226,40.414424]]]},"properties":{"parcel_id":"0055P00150000000","block_lot":"55-P-150"}},{"type":"Feature","geometry":{"type":"Polygon","coordinates":[[[-79.943226,40.414424],[-79.943433,40.414363],[-79.943454,40.414401],[-79.943249,40.414465],[-79.943226,40.414424]]]},"properties":{"parcel_id":"0055P00151000000","block_lot":"55-P-151"}},{"type":"Feature","geometry":{"type":"Polygon","coordinates":[[[-79.943249,40.414465],[-79.943454,40.414401],[-79.943476,40.414441],[-79.943269,40.414501],[-79.943249,40.414465]]]},"properties":{"parcel_id":"0055P00151000A00","block_lot":"55-P-151-A"}},{"type":"Feature","geometry":{"type":"Polygon","coordinates":[[[-79.943481,40.414452],[-79.943461,40.414414],[-79.943689,40.414333],[-79.94371,40.414371],[-79.943481,40.414452]]]},"properties":{"parcel_id":"0055P00152000000","block_lot":"55-P-152"}},{"type":"Feature","geometry":{"type":"Polygon","coordinates":[[[-79.943461,40.414414],[-79.94344,40.414376],[-79.94367,40.414297],[-79.943689,40.414333],[-79.943461,40.414414]]]},"properties":{"parcel_id":"0055P00152000A00","block_lot":"55-P-152-A"}},{"type":"Feature","geometry":{"type":"Polygon","coordinates":[[[-79.94344,40.414376],[-79.94342,40.414338],[-79.94365,40.41426],[-79.94367,40.414297],[-79.94344,40.414376]]]},"properties":{"parcel_id":"0055P00152000B00","block_lot":"55-P-152-B"}},{"type":"Feature","geometry":{"type":"Polygon","coordinates":[[[-79.9435,40.414485],[-79.943481,40.414452],[-79.94371,40.414371],[-79.94373,40.414409],[-79.9435,40.414485]]]},"properties":{"parcel_id":"0055P00152000C00","block_lot":"55-P-152-C"}},{"type":"Feature","geometry":{"type":"Polygon","coordinates":[[[-79.943399,40.414299],[-79.943375,40.414255],[-79.943613,40.414191],[-79.943626,40.414216],[-79.943399,40.414299]]]},"properties":{"parcel_id":"0055P00152000D00","block_lot":"55-P-152-D"}},{"type":"Feature","geometry":{"type":"Polygon","coordinates":[[[-79.94342,40.414338],[-79.943399,40.414299],[-79.943626,40.414216],[-79.94365,40.41426],[-79.94342,40.414338]]]},"properties":{"parcel_id":"0055P00152000E00","block_lot":"55-P-152-E"}},{"type":"Feature","geometry":{"type":"Polygon","coordinates":[[[-79.943269,40.414501],[-79.943476,40.414441],[-79.943494,40.414475],[-79.943289,40.414537],[-79.943269,40.414501]]]},"properties":{"parcel_id":"0055P00154000000","block_lot":"55-P-154"}},{"type":"Feature","geometry":{"type":"Polygon","coordinates":[[[-79.943311,40.414579],[-79.943289,40.414537],[-79.943494,40.414475],[-79.943516,40.414517],[-79.943311,40.414579]]]},"properties":{"parcel_id":"0055P00154000A00","block_lot":"55-P-154-A"}},{"type":"Feature","geometry":{"type":"Polygon","coordinates":[[[-79.943311,40.414579],[-79.943516,40.414517],[-79.943538,40.414557],[-79.943331,40.414615],[-79.943311,40.414579]]]},"properties":{"parcel_id":"0055P00154000B00","block_lot":"55-P-154-B"}},{"type":"Feature","geometry":{"type":"Polygon","coordinates":[[[-79.943373,40.41469],[-79.943353,40.414653],[-79.943556,40.414591],[-79.943576,40.414627],[-79.943373,40.41469]]]},"properties":{"parcel_id":"0055P00154000D00","block_lot":"55-P-154-D"}},{"type":"Feature","geometry":{"type":"Polygon","coordinates":[[[-79.943598,40.414668],[-79.943825,40.414588],[-79.943855,40.414642],[-79.943621,40.414711],[-79.943598,40.414668]]]},"properties":{"parcel_id":"0055P00156000000","block_lot":"55-P-156"}},{"type":"Feature","geometry":{"type":"Polygon","coordinates":[[[-79.943576,40.414627],[-79.943805,40.41455],[-79.943825,40.414588],[-79.943598,40.414668],[-79.943576,40.414627]]]},"properties":{"parcel_id":"0055P00157000000","block_lot":"55-P-157"}},{"type":"Feature","geometry":{"type":"Polygon","coordinates":[[[-79.943556,40.414591],[-79.943788,40.414519],[-79.943805,40.41455],[-79.943576,40.414627],[-79.943556,40.414591]]]},"properties":{"parcel_id":"0055P00158000000","block_lot":"55-P-158"}},{"type":"Feature","geometry":{"type":"Polygon","coordinates":[[[-79.943538,40.414557],[-79.943769,40.414483],[-79.943788,40.414519],[-79.943556,40.414591],[-79.943538,40.414557]]]},"properties":{"parcel_id":"0055P00159000000","block_lot":"55-P-159"}},{"type":"Feature","geometry":{"type":"Polygon","coordinates":[[[-79.943516,40.414517],[-79.943747,40.414441],[-79.943769,40.414483],[-79.943538,40.414557],[-79.943516,40.414517]]]},"properties":{"parcel_id":"0055P00159000A00","block_lot":"55-P-159-A"}},{"type":"Feature","geometry":{"type":"Polygon","coordinates":[[[-79.9435,40.414485],[-79.94373,40.414409],[-79.943747,40.414441],[-79.943516,40.414517],[-79.9435,40.414485]]]},"properties":{"parcel_id":"0055P00159000B00","block_lot":"55-P-159-B"}},{"type":"Feature","geometry":{"type":"Polygon","coordinates":[[[-79.943331,40.414615],[-79.943538,40.414557],[-79.943556,40.414591],[-79.943353,40.414653],[-79.943331,40.414615]]]},"properties":{"parcel_id":"0055P00162000000","block_lot":"55-P-162"}},{"type":"Feature","geometry":{"type":"Polygon","coordinates":[[[-79.943418,40.414772],[-79.943395,40.41473],[-79.943598,40.414668],[-79.943621,40.414711],[-79.943418,40.414772]]]},"properties":{"parcel_id":"0055P00162000A00","block_lot":"55-P-162-A"}},{"type":"Feature","geometry":{"type":"Polygon","coordinates":[[[-79.943395,40.41473],[-79.943373,40.41469],[-79.943576,40.414627],[-79.943598,40.414668],[-79.943395,40.41473]]]},"properties":{"parcel_id":"0055P00162000B00","block_lot":"55-P-162-B"}},{"type":"Feature","geometry":{"type":"Polygon","coordinates":[[[-79.943418,40.414772],[-79.943855,40.414642],[-79.943878,40.414688],[-79.943444,40.41482],[-79.943418,40.414772]]]},"properties":{"parcel_id":"0055P00163000000","block_lot":"55-P-163"}},{"type":"Feature","geometry":{"type":"Polygon","coordinates":[[[-79.94351,40.414939],[-79.943941,40.414812],[-79.943973,40.414875],[-79.943546,40.415004],[-79.94351,40.414939]]]},"properties":{"parcel_id":"0055P00166000000","block_lot":"55-P-166"}},{"type":"Feature","geometry":{"type":"Polygon","coordinates":[[[-79.943546,40.415004],[-79.943973,40.414875],[-79.944007,40.414941],[-79.94358,40.415065],[-79.943546,40.415004]]]},"properties":{"parcel_id":"0055P00167000000","block_lot":"55-P-167"}},{"type":"Feature","geometry":{"type":"Polygon","coordinates":[[[-79.94358,40.415065],[-79.944007,40.414941],[-79.944037,40.414999],[-79.943616,40.415131],[-79.94358,40.415065]]]},"properties":{"parcel_id":"0055P00168000000","block_lot":"55-P-168"}},{"type":"Feature","geometry":{"type":"Polygon","coordinates":[[[-79.944037,40.414999],[-79.944072,40.415068],[-79.943652,40.415195],[-79.943616,40.415131],[-79.944037,40.414999]]]},"properties":{"parcel_id":"0055P00168000A00","block_lot":"55-P-168-A"}},{"type":"Feature","geometry":{"type":"Polygon","coordinates":[[[-79.943444,40.41482],[-79.943878,40.414688],[-79.943941,40.414812],[-79.94351,40.414939],[-79.943444,40.41482]]]},"properties":{"parcel_id":"0055P00169000000","block_lot":"55-P-169"}},{"type":"Feature","geometry":{"type":"Polygon","coordinates":[[[-79.943918,40.415268],[-79.944135,40.415201],[-79.944217,40.415358],[-79.944003,40.415424],[-79.943918,40.415268]]]},"properties":{"parcel_id":"0055P00170000000","block_lot":"55-P-170"}},{"type":"Feature","geometry":{"type":"Polygon","coordinates":[[[-79.943918,40.415268],[-79.944003,40.415424],[-79.9438,40.415486],[-79.943718,40.415329],[-79.943918,40.415268]]]},"properties":{"parcel_id":"0055P00173000000","block_lot":"55-P-173"}},{"type":"Feature","geometry":{"type":"Polygon","coordinates":[[[-79.9438,40.415486],[-79.944217,40.415358],[-79.944246,40.415414],[-79.943827,40.415537],[-79.9438,40.415486]]]},"properties":{"parcel_id":"0055P00174000000","block_lot":"55-P-174"}},{"type":"Feature","geometry":{"type":"Polygon","coordinates":[[[-79.943827,40.415537],[-79.944246,40.415414],[-79.944299,40.415516],[-79.943884,40.415645],[-79.943827,40.415537]]]},"properties":{"parcel_id":"0055P00176000000","block_lot":"55-P-176"}},{"type":"Feature","geometry":{"type":"Polygon","coordinates":[[[-79.943884,40.415645],[-79.944299,40.415516],[-79.944324,40.415563],[-79.943907,40.415688],[-79.943884,40.415645]]]},"properties":{"parcel_id":"0055P00177000000","block_lot":"55-P-177"}},{"type":"Feature","geometry":{"type":"Polygon","coordinates":[[[-79.943907,40.415688],[-79.944324,40.415563],[-79.944351,40.415615],[-79.943936,40.415743],[-79.943907,40.415688]]]},"properties":{"parcel_id":"0055P00178000000","block_lot":"55-P-178"}},{"type":"Feature","geometry":{"type":"Polygon","coordinates":[[[-79.943936,40.415743],[-79.944351,40.415615],[-79.944408,40.415725],[-79.943993,40.415851],[-79.943936,40.415743]]]},"properties":{"parcel_id":"0055P00180000000","block_lot":"55-P-180"}},{"type":"Feature","geometry":{"type":"Polygon","coordinates":[[[-79.944489,40.415881],[-79.944073,40.416004],[-79.943993,40.415851],[-79.944408,40.415725],[-79.944489,40.415881]]]},"properties":{"parcel_id":"0055P00183000000","block_lot":"55-P-183"}},{"type":"Feature","geometry":{"type":"Polygon","coordinates":[[[-79.944099,40.416051],[-79.944073,40.416004],[-79.944489,40.415881],[-79.944513,40.415928],[-79.944099,40.416051]]]},"properties":{"parcel_id":"0055P00184000000","block_lot":"55-P-184"}},{"type":"Feature","geometry":{"type":"Polygon","coordinates":[[[-79.944099,40.416051],[-79.944513,40.415928],[-79.944539,40.415976],[-79.944125,40.416101],[-79.944099,40.416051]]]},"properties":{"parcel_id":"0055P00185000000","block_lot":"55-P-185"}},{"type":"Feature","geometry":{"type":"Polygon","coordinates":[[[-79.944125,40.416101],[-79.944539,40.415976],[-79.944563,40.416023],[-79.944151,40.41615],[-79.944125,40.416101]]]},"properties":{"parcel_id":"0055P00186000000","block_lot":"55-P-186"}},{"type":"Feature","geometry":{"type":"Polygon","coordinates":[[[-79.944178,40.4162],[-79.944151,40.41615],[-79.944563,40.416023],[-79.944589,40.416073],[-79.944178,40.4162]]]},"properties":{"parcel_id":"0055P00187000000","block_lot":"55-P-187"}},{"type":"Feature","geometry":{"type":"Polygon","coordinates":[[[-79.944178,40.4162],[-79.944589,40.416073],[-79.944616,40.416126],[-79.944207,40.416256],[-79.944178,40.4162]]]},"properties":{"parcel_id":"0055P00188000000","block_lot":"55-P-188"}},{"type":"Feature","geometry":{"type":"Polygon","coordinates":[[[-79.944207,40.416256],[-79.944616,40.416126],[-79.944673,40.416235],[-79.944263,40.416362],[-79.944207,40.416256]]]},"properties":{"parcel_id":"0055P00191000000","block_lot":"55-P-191"}},{"type":"Feature","geometry":{"type":"Polygon","coordinates":[[[-79.943432,40.416291],[-79.943969,40.416122],[-79.944037,40.41625],[-79.943499,40.416417],[-79.943432,40.416291]]]},"properties":{"parcel_id":"0055P00192000000","block_lot":"55-P-192"}},{"type":"Feature","geometry":{"type":"Polygon","coordinates":[[[-79.943365,40.416164],[-79.943901,40.415993],[-79.943969,40.416122],[-79.943432,40.416291],[-79.943365,40.416164]]]},"properties":{"parcel_id":"0055P00194000000","block_lot":"55-P-194"}},{"type":"Feature","geometry":{"type":"Polygon","coordinates":[[[-79.943331,40.4161],[-79.943871,40.415935],[-79.943901,40.415993],[-79.943365,40.416164],[-79.943331,40.4161]]]},"properties":{"parcel_id":"0055P00196000000","block_lot":"55-P-196"}},{"type":"Feature","geometry":{"type":"Polygon","coordinates":[[[-79.943297,40.416037],[-79.943834,40.415866],[-79.943871,40.415935],[-79.943331,40.4161],[-79.943297,40.416037]]]},"properties":{"parcel_id":"0055P00197000000","block_lot":"55-P-197"}},{"type":"Feature","geometry":{"type":"Polygon","coordinates":[[[-79.94323,40.415912],[-79.943767,40.415739],[-79.943834,40.415866],[-79.943297,40.416037],[-79.94323,40.415912]]]},"properties":{"parcel_id":"0055P00198000000","block_lot":"55-P-198"}},{"type":"Feature","geometry":{"type":"Polygon","coordinates":[[[-79.943767,40.415739],[-79.94323,40.415912],[-79.94305,40.415572],[-79.94359,40.415403],[-79.943767,40.415739]]]},"properties":{"parcel_id":"0055P00200000000","block_lot":"55-P-200"}},{"type":"Feature","geometry":{"type":"Polygon","coordinates":[[[-79.94346,40.415157],[-79.943563,40.415354],[-79.943028,40.415524],[-79.942907,40.415297],[-79.94346,40.415157]]]},"properties":{"parcel_id":"0055P00206000000","block_lot":"55-P-206"}},{"type":"Feature","geometry":{"type":"Polygon","coordinates":[[[-79.94346,40.415157],[-79.942907,40.415297],[-79.942731,40.414966],[-79.943289,40.414828],[-79.94346,40.415157]]]},"properties":{"parcel_id":"0055P00209000000","block_lot":"55-P-209"}},{"type":"Feature","geometry":{"type":"Polygon","coordinates":[[[-79.942695,40.414897],[-79.943252,40.414758],[-79.943289,40.414828],[-79.942731,40.414966],[-79.942695,40.414897]]]},"properties":{"parcel_id":"0055P00214000000","block_lot":"55-P-214"}},{"type":"Feature","geometry":{"type":"Polygon","coordinates":[[[-79.942577,40.414676],[-79.943138,40.414538],[-79.943182,40.414622],[-79.942624,40.414765],[-79.942577,40.414676]]]},"properties":{"parcel_id":"0055P00215000000","block_lot":"55-P-215"}},{"type":"Feature","geometry":{"type":"Polygon","coordinates":[[[-79.942624,40.414765],[-79.943182,40.414622],[-79.943252,40.414758],[-79.942695,40.414897],[-79.942624,40.414765]]]},"properties":{"parcel_id":"0055P00216000000","block_lot":"55-P-216"}},{"type":"Feature","geometry":{"type":"Polygon","coordinates":[[[-79.943138,40.414538],[-79.942577,40.414676],[-79.942468,40.414471],[-79.94303,40.414332],[-79.943138,40.414538]]]},"properties":{"parcel_id":"0055P00218000000","block_lot":"55-P-218"}},{"type":"Feature","geometry":{"type":"Polygon","coordinates":[[[-79.942468,40.414471],[-79.942395,40.414334],[-79.942958,40.414194],[-79.94303,40.414332],[-79.942468,40.414471]]]},"properties":{"parcel_id":"0055P00221000000","block_lot":"55-P-221"}},{"type":"Feature","geometry":{"type":"Polygon","coordinates":[[[-79.942382,40.41431],[-79.942942,40.414163],[-79.942958,40.414194],[-79.942395,40.414334],[-79.942382,40.41431]]]},"properties":{"parcel_id":"0055P00223000000","block_lot":"55-P-223"}},{"type":"Feature","geometry":{"type":"Polygon","coordinates":[[[-79.942224,40.414278],[-79.942892,40.414068],[-79.942942,40.414163],[-79.942259,40.414342],[-79.942224,40.414278]]]},"properties":{"parcel_id":"0055P00224000000","block_lot":"55-P-224"}},{"type":"Feature","geometry":{"type":"Polygon","coordinates":[[[-79.942183,40.414202],[-79.942853,40.413992],[-79.942892,40.414068],[-79.942224,40.414278],[-79.942183,40.414202]]]},"properties":{"parcel_id":"0055P00226000000","block_lot":"55-P-226"}},{"type":"Feature","geometry":{"type":"Polygon","coordinates":[[[-79.942142,40.414125],[-79.94281,40.413915],[-79.942853,40.413992],[-79.942183,40.414202],[-79.942142,40.414125]]]},"properties":{"parcel_id":"0055P00227000000","block_lot":"55-P-227"}},{"type":"Feature","geometry":{"type":"Polygon","coordinates":[[[-79.942753,40.413816],[-79.94281,40.413915],[-79.942425,40.414037],[-79.94237,40.413935],[-79.942753,40.413816]]]},"properties":{"parcel_id":"0055P00229000000","block_lot":"55-P-229"}},{"type":"Feature","geometry":{"type":"Polygon","coordinates":[[[-79.942749,40.416257],[-79.942713,40.41619],[-79.943146,40.416056],[-79.943179,40.41612],[-79.942749,40.416257]]]},"properties":{"parcel_id":"0055P00269000000","block_lot":"55-P-269"}},{"type":"Feature","geometry":{"type":"Polygon","coordinates":[[[-79.942713,40.41619],[-79.942679,40.416125],[-79.943112,40.415991],[-79.943146,40.416056],[-79.942713,40.41619]]]},"properties":{"parcel_id":"0055P00270000000","block_lot":"55-P-270"}},{"type":"Feature","geometry":{"type":"Polygon","coordinates":[[[-79.943112,40.415991],[-79.942679,40.416125],[-79.942612,40.416],[-79.943044,40.415863],[-79.943112,40.415991]]]},"properties":{"parcel_id":"0055P00271000000","block_lot":"55-P-271"}},{"type":"Feature","geometry":{"type":"Polygon","coordinates":[[[-79.942612,40.416],[-79.94258,40.415938],[-79.943014,40.415805],[-79.943044,40.415863],[-79.942612,40.416]]]},"properties":{"parcel_id":"0055P00273000000","block_lot":"55-P-273"}},{"type":"Feature","geometry":{"type":"Polygon","coordinates":[[[-79.942544,40.415871],[-79.942981,40.415742],[-79.943014,40.415805],[-79.94258,40.415938],[-79.942544,40.415871]]]},"properties":{"parcel_id":"0055P00274000000","block_lot":"55-P-274"}},{"type":"Feature","geometry":{"type":"Polygon","coordinates":[[[-79.942511,40.415807],[-79.942946,40.415674],[-79.942981,40.415742],[-79.942544,40.415871],[-79.942511,40.415807]]]},"properties":{"parcel_id":"0055P00275000000","block_lot":"55-P-275"}},{"type":"Feature","geometry":{"type":"Polygon","coordinates":[[[-79.942946,40.415674],[-79.942511,40.415807],[-79.94248,40.415749],[-79.942913,40.415612],[-79.942946,40.415674]]]},"properties":{"parcel_id":"0055P00276000000","block_lot":"55-P-276"}},{"type":"Feature","geometry":{"type":"Polygon","coordinates":[[[-79.942393,40.415578],[-79.942822,40.415446],[-79.942887,40.41557],[-79.942461,40.415707],[-79.942393,40.415578]]]},"properties":{"parcel_id":"0055P00278000000","block_lot":"55-P-278"}},{"type":"Feature","geometry":{"type":"Polygon","coordinates":[[[-79.94236,40.415515],[-79.942788,40.415381],[-79.942822,40.415446],[-79.942393,40.415578],[-79.94236,40.415515]]]},"properties":{"parcel_id":"0055P00280000000","block_lot":"55-P-280"}},{"type":"Feature","geometry":{"type":"Polygon","coordinates":[[[-79.942318,40.415435],[-79.942758,40.415324],[-79.942788,40.415381],[-79.94236,40.415515],[-79.942318,40.415435]]]},"properties":{"parcel_id":"0055P00281000000","block_lot":"55-P-281"}},{"type":"Feature","geometry":{"type":"Polygon","coordinates":[[[-79.942032,40.414892],[-79.942471,40.414779],[-79.942758,40.415324],[-79.942318,40.415435],[-79.942032,40.414892]]]},"properties":{"parcel_id":"0055P00282000000","block_lot":"55-P-282"}},{"type":"Feature","geometry":{"type":"Polygon","coordinates":[[[-79.941798,40.414457],[-79.942244,40.414346],[-79.942471,40.414779],[-79.942032,40.414892],[-79.941798,40.414457]]]},"properties":{"parcel_id":"0055P00291000000","block_lot":"55-P-291"}},{"type":"Feature","geometry":{"type":"Polygon","coordinates":[[[-79.941805,40.415824],[-79.942291,40.415677],[-79.942326,40.415737],[-79.94255,40.416202],[-79.942077,40.416356],[-79.941805,40.415824]]]},"properties":{"parcel_id":"0055P00341000000","block_lot":"55-P-341"}},{"type":"Feature","geometry":{"type":"Polygon","coordinates":[[[-79.941719,40.415661],[-79.942219,40.415543],[-79.942291,40.415677],[-79.941805,40.415824],[-79.941719,40.415661]]]},"properties":{"parcel_id":"0055P00343000000","block_lot":"55-P-343"}},{"type":"Feature","geometry":{"type":"Polygon","coordinates":[[[-79.94162,40.415476],[-79.942099,40.415326],[-79.942172,40.415464],[-79.941682,40.415595],[-79.94162,40.415476]]]},"properties":{"parcel_id":"0055P00344000000","block_lot":"55-P-344"}},{"type":"Feature","geometry":{"type":"Polygon","coordinates":[[[-79.94162,40.415476],[-79.941566,40.415374],[-79.942049,40.415231],[-79.942099,40.415326],[-79.94162,40.415476]]]},"properties":{"parcel_id":"0055P00346000000","block_lot":"55-P-346"}},{"type":"Feature","geometry":{"type":"Polygon","coordinates":[[[-79.941511,40.41527],[-79.941992,40.415122],[-79.942049,40.415231],[-79.941566,40.415374],[-79.941511,40.41527]]]},"properties":{"parcel_id":"0055P00349000000","block_lot":"55-P-349"}},{"type":"Feature","geometry":{"type":"Polygon","coordinates":[[[-79.941488,40.415224],[-79.941967,40.415075],[-79.941992,40.415122],[-79.941511,40.41527],[-79.941488,40.415224]]]},"properties":{"parcel_id":"0055P00350000000","block_lot":"55-P-350"}},{"type":"Feature","geometry":{"type":"Polygon","coordinates":[[[-79.941432,40.415121],[-79.941913,40.414972],[-79.941967,40.415075],[-79.941488,40.415224],[-79.941432,40.415121]]]},"properties":{"parcel_id":"0055P00351000000","block_lot":"55-P-351"}},{"type":"Feature","geometry":{"type":"Polygon","coordinates":[[[-79.941404,40.415066],[-79.941885,40.41492],[-79.941913,40.414972],[-79.941432,40.415121],[-79.941404,40.415066]]]},"properties":{"parcel_id":"0055P00353000000","block_lot":"55-P-353"}},{"type":"Feature","geometry":{"type":"Polygon","coordinates":[[[-79.941885,40.41492],[-79.941404,40.415066],[-79.941322,40.41491],[-79.941805,40.414767],[-79.941885,40.41492]]]},"properties":{"parcel_id":"0055P00354000000","block_lot":"55-P-354"}},{"type":"Feature","geometry":{"type":"Polygon","coordinates":[[[-79.941805,40.414767],[-79.941322,40.41491],[-79.941172,40.414626],[-79.941663,40.414499],[-79.941805,40.414767]]]},"properties":{"parcel_id":"0055P00355000000","block_lot":"55-P-355"}},{"type":"Feature","geometry":{"type":"Polygon","coordinates":[[[-79.941511,40.414291],[-79.941663,40.414499],[-79.941319,40.414588],[-79.94122,40.414358],[-79.941511,40.414291]]]},"properties":{"parcel_id":"0055P00362000000","block_lot":"55-P-362"}},{"type":"Feature","geometry":{"type":"Polygon","coordinates":[[[-79.941405,40.416245],[-79.941797,40.416123],[-79.941831,40.416187],[-79.941434,40.416312],[-79.941405,40.416245]]]},"properties":{"parcel_id":"0055P00380000000","block_lot":"55-P-380"}},{"type":"Feature","geometry":{"type":"Polygon","coordinates":[[[-79.941351,40.416119],[-79.94173,40.415996],[-79.941797,40.416123],[-79.941405,40.416245],[-79.941351,40.416119]]]},"properties":{"parcel_id":"0055P00382000000","block_lot":"55-P-382"}},{"type":"Feature","geometry":{"type":"Polygon","coordinates":[[[-79.941622,40.415967],[-79.941618,40.415957],[-79.941599,40.415963],[-79.941604,40.415972],[-79.941323,40.416054],[-79.941294,40.415986],[-79.941666,40.415874],[-79.941702,40.415943],[-79.941622,40.415967]]]},"properties":{"parcel_id":"0055P00384000000","block_lot":"55-P-384"}},{"type":"Feature","geometry":{"type":"Polygon","coordinates":[[[-79.941604,40.415972],[-79.941599,40.415963],[-79.941618,40.415957],[-79.941622,40.415967],[-79.941702,40.415943],[-79.94173,40.415996],[-79.941351,40.416119],[-79.941323,40.416054],[-79.941604,40.415972]]]},"properties":{"parcel_id":"0055P00385000000","block_lot":"55-P-385"}},{"type":"Feature","geometry":{"type":"Polygon","coordinates":[[[-79.941666,40.415874],[-79.941294,40.415986],[-79.941208,40.415788],[-79.94157,40.415692],[-79.941666,40.415874]]]},"properties":{"parcel_id":"0055P00386000000","block_lot":"55-P-386"}},{"type":"Feature","geometry":{"type":"Polygon","coordinates":[[[-79.940949,40.415533],[-79.941425,40.415419],[-79.941485,40.41553],[-79.941488,40.415549],[-79.941484,40.415565],[-79.941475,40.415579],[-79.941459,40.415595],[-79.941428,40.41561],[-79.941024,40.415711],[-79.940949,40.415533]]]},"properties":{"parcel_id":"0055P00392000000","block_lot":"55-P-392"}},{"type":"Feature","geometry":{"type":"Polygon","coordinates":[[[-79.940896,40.415405],[-79.941358,40.415292],[-79.941425,40.415419],[-79.940949,40.415533],[-79.940896,40.415405]]]},"properties":{"parcel_id":"0055P00395000000","block_lot":"55-P-395"}},{"type":"Feature","geometry":{"type":"Polygon","coordinates":[[[-79.940183,40.414296],[-79.940317,40.414264],[-79.940254,40.414848],[-79.940116,40.41488],[-79.940183,40.414296]]]},"properties":{"parcel_id":"0055R00008000000","block_lot":"55-R-8"}},{"type":"Feature","geometry":{"type":"Polygon","coordinates":[[[-79.940317,40.414264],[-79.940183,40.414296],[-79.940189,40.414254],[-79.940243,40.414258],[-79.940272,40.414025],[-79.940317,40.414264]]]},"properties":{"parcel_id":"0055R00009000000","block_lot":"55-R-9"}},{"type":"Feature","geometry":{"type":"Polygon","coordinates":[[[-79.940317,40.414264],[-79.940219,40.413743],[-79.940997,40.413546],[-79.941191,40.41386],[-79.941511,40.414291],[-79.94122,40.414358],[-79.941319,40.414588],[-79.941028,40.414663],[-79.940636,40.414754],[-79.940573,40.414766],[-79.940254,40.414848],[-79.940317,40.414264]]]},"properties":{"parcel_id":"0055R00010000000","block_lot":"55-R-10"}},{"type":"Feature","geometry":{"type":"Polygon","coordinates":[[[-79.940636,40.414754],[-79.941028,40.414663],[-79.941085,40.414772],[-79.940684,40.414875],[-79.940636,40.414754]]]},"properties":{"parcel_id":"0055R00011000000","block_lot":"55-R-11"}},{"type":"Feature","geometry":{"type":"Polygon","coordinates":[[[-79.940684,40.414875],[-79.941085,40.414772],[-79.941152,40.414899],[-79.940735,40.415003],[-79.940684,40.414875]]]},"properties":{"parcel_id":"0055R00012000000","block_lot":"55-R-12"}},{"type":"Feature","geometry":{"type":"Polygon","coordinates":[[[-79.940735,40.415003],[-79.941152,40.414899],[-79.941225,40.415038],[-79.940792,40.415145],[-79.940735,40.415003]]]},"properties":{"parcel_id":"0055R00013000000","block_lot":"55-R-13"}},{"type":"Feature","geometry":{"type":"Polygon","coordinates":[[[-79.940792,40.415145],[-79.941225,40.415038],[-79.941287,40.415157],[-79.940841,40.415268],[-79.940792,40.415145]]]},"properties":{"parcel_id":"0055R00014000000","block_lot":"55-R-14"}},{"type":"Feature","geometry":{"type":"Polygon","coordinates":[[[-79.941358,40.415292],[-79.940896,40.415405],[-79.940841,40.415268],[-79.941287,40.415157],[-79.941358,40.415292]]]},"properties":{"parcel_id":"0055R00015000000","block_lot":"55-R-15"}},{"type":"Feature","geometry":{"type":"Polygon","coordinates":[[[-79.940909,40.41574],[-79.940779,40.415438],[-79.940849,40.41542],[-79.940573,40.414766],[-79.940636,40.414754],[-79.940896,40.415405],[-79.941024,40.415711],[-79.940909,40.41574]]]},"properties":{"parcel_id":"0055R00016000000","block_lot":"55-R-16"}},{"type":"Feature","geometry":{"type":"Polygon","coordinates":[[[-79.941232,40.416212],[-79.940987,40.416271],[-79.94074,40.41633],[-79.940754,40.41625],[-79.940734,40.416202],[-79.941182,40.416091],[-79.941232,40.416212]]]},"properties":{"parcel_id":"0055R00021000000","block_lot":"55-R-21"}},{"type":"Feature","geometry":{"type":"Polygon","coordinates":[[[-79.941182,40.416091],[-79.940734,40.416202],[-79.940623,40.415933],[-79.941068,40.41582],[-79.941182,40.416091]]]},"properties":{"parcel_id":"0055R00022000000","block_lot":"55-R-22"}},{"type":"Feature","geometry":{"type":"Polygon","coordinates":[[[-79.940556,40.415774],[-79.940888,40.41569],[-79.940921,40.415767],[-79.940587,40.415849],[-79.940556,40.415774]]]},"properties":{"parcel_id":"0055R00030000000","block_lot":"55-R-30"}},{"type":"Feature","geometry":{"type":"Polygon","coordinates":[[[-79.940888,40.41569],[-79.940556,40.415774],[-79.940523,40.415694],[-79.940854,40.41561],[-79.940888,40.41569]]]},"properties":{"parcel_id":"0055R00031000000","block_lot":"55-R-31"}},{"type":"Feature","geometry":{"type":"Polygon","coordinates":[[[-79.940523,40.415694],[-79.94049,40.415616],[-79.940821,40.415534],[-79.940854,40.41561],[-79.940523,40.415694]]]},"properties":{"parcel_id":"0055R00032000000","block_lot":"55-R-32"}},{"type":"Feature","geometry":{"type":"Polygon","coordinates":[[[-79.940821,40.415534],[-79.94049,40.415616],[-79.940458,40.415539],[-79.940788,40.415457],[-79.940821,40.415534]]]},"properties":{"parcel_id":"0055R00033000000","block_lot":"55-R-33"}},{"type":"Feature","geometry":{"type":"Polygon","coordinates":[[[-79.940788,40.415457],[-79.940458,40.415539],[-79.940424,40.415458],[-79.940823,40.415358],[-79.940849,40.41542],[-79.940779,40.415438],[-79.940788,40.415457]]]},"properties":{"parcel_id":"0055R00035000000","block_lot":"55-R-35"}},{"type":"Feature","geometry":{"type":"Polygon","coordinates":[[[-79.940424,40.415458],[-79.940397,40.41539],[-79.940793,40.415288],[-79.940823,40.415358],[-79.940424,40.415458]]]},"properties":{"parcel_id":"0055R00035000A00","block_lot":"55-R-35-A"}},{"type":"Feature","geometry":{"type":"Polygon","coordinates":[[[-79.940342,40.415258],[-79.940738,40.415157],[-79.940793,40.415288],[-79.940397,40.41539],[-79.940342,40.415258]]]},"properties":{"parcel_id":"0055R00036000000","block_lot":"55-R-36"}},{"type":"Feature","geometry":{"type":"Polygon","coordinates":[[[-79.940288,40.415129],[-79.940683,40.415026],[-79.940738,40.415157],[-79.940342,40.415258],[-79.940288,40.415129]]]},"properties":{"parcel_id":"0055R00037000000","block_lot":"55-R-37"}},{"type":"Feature","geometry":{"type":"Polygon","coordinates":[[[-79.940251,40.41499],[-79.940628,40.414896],[-79.940683,40.415026],[-79.940288,40.415129],[-79.940252,40.415042],[-79.940251,40.41499]]]},"properties":{"parcel_id":"0055R00038000000","block_lot":"55-R-38"}},{"type":"Feature","geometry":{"type":"Polygon","coordinates":[[[-79.940628,40.414896],[-79.940251,40.41499],[-79.940254,40.414848],[-79.940573,40.414766],[-79.940628,40.414896]]]},"properties":{"parcel_id":"0055R00039000000","block_lot":"55-R-39"}},{"type":"Feature","geometry":{"type":"Polygon","coordinates":[[[-79.939774,40.415295],[-79.939643,40.414992],[-79.940116,40.41488],[-79.940103,40.415025],[-79.940152,40.415196],[-79.939774,40.415295]]]},"properties":{"parcel_id":"0055R00050000000","block_lot":"55-R-50"}},{"type":"Feature","geometry":{"type":"Polygon","coordinates":[[[-79.939887,40.415556],[-79.939774,40.415295],[-79.940152,40.415196],[-79.940264,40.415462],[-79.939887,40.415556]]]},"properties":{"parcel_id":"0055R00054000000","block_lot":"55-R-54"}},{"type":"Feature","geometry":{"type":"Polygon","coordinates":[[[-79.939887,40.415556],[-79.940264,40.415462],[-79.940318,40.41559],[-79.939943,40.415686],[-79.939887,40.415556]]]},"properties":{"parcel_id":"0055R00056000000","block_lot":"55-R-56"}},{"type":"Feature","geometry":{"type":"Polygon","coordinates":[[[-79.93969,40.415893],[-79.939579,40.415779],[-79.940318,40.41559],[-79.940372,40.415719],[-79.93969,40.415893]]]},"properties":{"parcel_id":"0055R00058000000","block_lot":"55-R-58"}},{"type":"Feature","geometry":{"type":"Polygon","coordinates":[[[-79.940512,40.416038],[-79.939956,40.416167],[-79.939849,40.416057],[-79.940457,40.415908],[-79.940512,40.416038]]]},"properties":{"parcel_id":"0055R00062000000","block_lot":"55-R-62"}},{"type":"Feature","geometry":{"type":"Polygon","coordinates":[[[-79.940079,40.416293],[-79.939956,40.416167],[-79.940512,40.416038],[-79.940569,40.416173],[-79.940079,40.416293]]]},"properties":{"parcel_id":"0055R00067000000","block_lot":"55-R-67"}},{"type":"Feature","geometry":{"type":"Polygon","coordinates":[[[-79.93969,40.415893],[-79.940372,40.415719],[-79.940427,40.415848],[-79.939798,40.416005],[-79.93969,40.415893]]]},"properties":{"parcel_id":"0055R00074000000","block_lot":"55-R-74"}},{"type":"Feature","geometry":{"type":"Polygon","coordinates":[[[-79.939943,40.415686],[-79.939579,40.415779],[-79.939298,40.415488],[-79.9398,40.415354],[-79.939943,40.415686]]]},"properties":{"parcel_id":"0055R00078000000","block_lot":"55-R-78"}},{"type":"Feature","geometry":{"type":"Polygon","coordinates":[[[-79.9398,40.415354],[-79.939298,40.415488],[-79.93933,40.415259],[-79.939717,40.415161],[-79.9398,40.415354]]]},"properties":{"parcel_id":"0055R00090000000","block_lot":"55-R-90"}},{"type":"Feature","geometry":{"type":"Polygon","coordinates":[[[-79.939358,40.415059],[-79.939643,40.414992],[-79.939717,40.415161],[-79.93933,40.415259],[-79.939358,40.415059]]]},"properties":{"parcel_id":"0055R00094000000","block_lot":"55-R-94"}},{"type":"Feature","geometry":{"type":"Polygon","coordinates":[[[-79.939439,40.414477],[-79.940183,40.414296],[-79.940116,40.41488],[-79.939358,40.415059],[-79.939439,40.414477]]]},"properties":{"parcel_id":"0055R00106000000","block_lot":"55-R-106"}},{"type":"Feature","geometry":{"type":"Polygon","coordinates":[[[-79.940317,40.414264],[-79.940272,40.414025],[-79.940243,40.414258],[-79.940189,40.414254],[-79.940183,40.414296],[-79.939439,40.414477],[-79.939516,40.413922],[-79.940219,40.413743],[-79.940317,40.414264]]]},"properties":{"parcel_id":"0055R00120000000","block_lot":"55-R-120"}},{"type":"Feature","geometry":{"type":"MultiPolygon","coordinates":[[[[-79.939243,40.413951],[-79.939205,40.413952],[-79.93918,40.413964],[-79.939353,40.413669],[-79.939312,40.413986],[-79.939294,40.413976],[-79.93928,40.413962],[-79.939268,40.413955],[-79.939243,40.413951]]],[[[-79.939041,40.414199],[-79.93928,40.414228],[-79.939238,40.414544],[-79.938978,40.414307],[-79.939041,40.414199]]]]},"properties":{"parcel_id":"0055R00122000000","block_lot":"55-R-122"}},{"type":"Feature","geometry":{"type":"Polygon","coordinates":[[[-79.939041,40.414199],[-79.93918,40.413964],[-79.939205,40.413952],[-79.939243,40.413951],[-79.939268,40.413955],[-79.93928,40.413962],[-79.939294,40.413976],[-79.939312,40.413986],[-79.93928,40.414228],[-79.939041,40.414199]]]},"properties":{"parcel_id":"0055R00124000000","block_lot":"55-R-124"}},{"type":"Feature","geometry":{"type":"Polygon","coordinates":[[[-79.938937,40.413815],[-79.938992,40.413865],[-79.939042,40.413906],[-79.938882,40.414211],[-79.938642,40.414009],[-79.938937,40.413815]]]},"properties":{"parcel_id":"0055R00130000000","block_lot":"55-R-130"}},{"type":"Feature","geometry":{"type":"Polygon","coordinates":[[[-79.938455,40.413849],[-79.938757,40.413648],[-79.938937,40.413815],[-79.938642,40.414009],[-79.938455,40.413849]]]},"properties":{"parcel_id":"0055R00134000000","block_lot":"55-R-134"}},{"type":"Feature","geometry":{"type":"Polygon","coordinates":[[[-79.936003,40.414543],[-79.938311,40.413927],[-79.938628,40.414205],[-79.93831,40.414756],[-79.938095,40.415207],[-79.937849,40.415518],[-79.93767,40.41568],[-79.937271,40.4156],[-79.937011,40.415829],[-79.937299,40.416014],[-79.936949,40.41633],[-79.936496,40.415697],[-79.936003,40.414543]]]},"properties":{"parcel_id":"0055R00145000000","block_lot":"55-R-145"}},{"type":"Feature","geometry":{"type":"MultiPolygon","coordinates":[[[[-79.938628,40.414205],[-79.938799,40.414356],[-79.93845,40.414977],[-79.937849,40.415518],[-79.938095,40.415207],[-79.93831,40.414756],[-79.938628,40.414205]]],[[[-79.938894,40.414454],[-79.939213,40.414752],[-79.939128,40.415363],[-79.939117,40.415401],[-79.939094,40.415443],[-79.939079,40.415462],[-79.939041,40.415497],[-79.938979,40.415541],[-79.938648,40.415747],[-79.938562,40.415861],[-79.937925,40.415622],[-79.938572,40.415028],[-79.938894,40.414454]]]]},"properties":{"parcel_id":"0055R00155000000","block_lot":"55-R-155"}},{"type":"Feature","geometry":{"type":"Polygon","coordinates":[[[-79.93767,40.41568],[-79.937468,40.415862],[-79.937185,40.415676],[-79.937271,40.4156],[-79.93767,40.41568]]]},"properties":{"parcel_id":"0055R00179000000","block_lot":"55-R-179"}},{"type":"Feature","geometry":{"type":"Polygon","coordinates":[[[-79.937185,40.415676],[-79.937468,40.415862],[-79.937299,40.416014],[-79.937011,40.415829],[-79.937185,40.415676]]]},"properties":{"parcel_id":"0055R00182000000","block_lot":"55-R-182"}},{"type":"Feature","geometry":{"type":"Polygon","coordinates":[[[-79.937515,40.415994],[-79.937624,40.415898],[-79.937932,40.416023],[-79.937855,40.416112],[-79.937515,40.415994]]]},"properties":{"parcel_id":"0055R00186000000","block_lot":"55-R-186"}},{"type":"Feature","geometry":{"type":"Polygon","coordinates":[[[-79.937624,40.415898],[-79.937718,40.415815],[-79.938011,40.415932],[-79.937932,40.416023],[-79.937624,40.415898]]]},"properties":{"parcel_id":"0055R00188000000","block_lot":"55-R-188"}},{"type":"Feature","geometry":{"type":"Polygon","coordinates":[[[-79.938011,40.415932],[-79.937718,40.415815],[-79.937803,40.415739],[-79.938085,40.415845],[-79.938011,40.415932]]]},"properties":{"parcel_id":"0055R00190000000","block_lot":"55-R-190"}},{"type":"Feature","geometry":{"type":"Polygon","coordinates":[[[-79.938049,40.416006],[-79.938168,40.415872],[-79.938463,40.415982],[-79.938335,40.416141],[-79.938049,40.416006]]]},"properties":{"parcel_id":"0055R00204000000","block_lot":"55-R-204"}},{"type":"Feature","geometry":{"type":"Polygon","coordinates":[[[-79.937976,40.416087],[-79.938049,40.416006],[-79.938335,40.416141],[-79.938264,40.416231],[-79.937976,40.416087]]]},"properties":{"parcel_id":"0055R00208000000","block_lot":"55-R-208"}},{"type":"Feature","geometry":{"type":"Polygon","coordinates":[[[-79.93783,40.416253],[-79.937976,40.416087],[-79.938264,40.416231],[-79.938131,40.416397],[-79.93783,40.416253]]]},"properties":{"parcel_id":"0055R00210000000","block_lot":"55-R-210"}},{"type":"Feature","geometry":{"type":"Polygon","coordinates":[[[-79.939137,40.416565],[-79.939758,40.416191],[-79.939856,40.416292],[-79.939193,40.416685],[-79.939153,40.416712],[-79.939137,40.416565]]]},"properties":{"parcel_id":"0055R00220000000","block_lot":"55-R-220"}},{"type":"Feature","geometry":{"type":"Polygon","coordinates":[[[-79.939137,40.416565],[-79.939121,40.416424],[-79.939675,40.416105],[-79.939758,40.416191],[-79.939137,40.416565]]]},"properties":{"parcel_id":"0055R00227000000","block_lot":"55-R-227"}},{"type":"Feature","geometry":{"type":"Polygon","coordinates":[[[-79.939107,40.416285],[-79.939089,40.416141],[-79.93915,40.416104],[-79.939491,40.415916],[-79.939586,40.416014],[-79.939107,40.416285]]]},"properties":{"parcel_id":"0055R00228000000","block_lot":"55-R-228"}},{"type":"Feature","geometry":{"type":"Polygon","coordinates":[[[-79.939055,40.416008],[-79.939398,40.41582],[-79.939491,40.415916],[-79.93915,40.416104],[-79.939055,40.416008]]]},"properties":{"parcel_id":"0055R00229000000","block_lot":"55-R-229"}},{"type":"Feature","geometry":{"type":"Polygon","coordinates":[[[-79.939107,40.416285],[-79.939586,40.416014],[-79.939675,40.416105],[-79.939121,40.416424],[-79.939107,40.416285]]]},"properties":{"parcel_id":"0055R00230000000","block_lot":"55-R-230"}},{"type":"Feature","geometry":{"type":"Polygon","coordinates":[[[-79.939075,40.415859],[-79.938961,40.415744],[-79.939189,40.415604],[-79.939309,40.415728],[-79.939075,40.415859]]]},"properties":{"parcel_id":"0055R00231000000","block_lot":"55-R-231"}},{"type":"Feature","geometry":{"type":"Polygon","coordinates":[[[-79.939163,40.415949],[-79.939075,40.415859],[-79.939309,40.415728],[-79.939398,40.41582],[-79.939163,40.415949]]]},"properties":{"parcel_id":"0055R00232000000","block_lot":"55-R-232"}},{"type":"Feature","geometry":{"type":"Polygon","coordinates":[[[-79.939055,40.416008],[-79.93882,40.41583],[-79.938961,40.415744],[-79.939163,40.415949],[-79.939055,40.416008]]]},"properties":{"parcel_id":"0055R00234000000","block_lot":"55-R-234"}},{"type":"Feature","geometry":{"type":"Polygon","coordinates":[[[-79.938706,40.415939],[-79.93882,40.41583],[-79.939055,40.416008],[-79.93915,40.416104],[-79.939089,40.416141],[-79.938883,40.416063],[-79.938706,40.415939]]]},"properties":{"parcel_id":"0055R00236000000","block_lot":"55-R-236"}},{"type":"Feature","geometry":{"type":"Polygon","coordinates":[[[-79.938552,40.416132],[-79.938706,40.415939],[-79.938883,40.416063],[-79.939089,40.416141],[-79.939104,40.416265],[-79.939121,40.416424],[-79.939119,40.416397],[-79.938552,40.416132]]]},"properties":{"parcel_id":"0055R00238000000","block_lot":"55-R-238"}},{"type":"Feature","geometry":{"type":"Polygon","coordinates":[[[-79.934485,40.414047],[-79.93438,40.413786],[-79.934499,40.413759],[-79.93461,40.414024],[-79.934485,40.414047]]]},"properties":{"parcel_id":"0055S00027000000","block_lot":"55-S-27"}},{"type":"Feature","geometry":{"type":"Polygon","coordinates":[[[-79.934178,40.413831],[-79.93438,40.413786],[-79.934485,40.414047],[-79.934282,40.414084],[-79.934178,40.413831]]]},"properties":{"parcel_id":"0055S00029000000","block_lot":"55-S-29"}},{"type":"Feature","geometry":{"type":"Polygon","coordinates":[[[-79.9341,40.413849],[-79.934178,40.413831],[-79.934282,40.414084],[-79.934206,40.414097],[-79.9341,40.413849]]]},"properties":{"parcel_id":"0055S00032000000","block_lot":"55-S-32"}},{"type":"Feature","geometry":{"type":"Polygon","coordinates":[[[-79.93355,40.413971],[-79.933625,40.413954],[-79.933729,40.414208],[-79.933657,40.414226],[-79.93355,40.413971]]]},"properties":{"parcel_id":"0055S00038000000","block_lot":"55-S-38"}},{"type":"Feature","geometry":{"type":"Polygon","coordinates":[[[-79.933625,40.413954],[-79.933752,40.413926],[-79.933857,40.414177],[-79.933729,40.414208],[-79.933625,40.413954]]]},"properties":{"parcel_id":"0055S00039000000","block_lot":"55-S-39"}},{"type":"Feature","geometry":{"type":"Polygon","coordinates":[[[-79.933596,40.414241],[-79.933488,40.413985],[-79.93355,40.413971],[-79.933657,40.414226],[-79.933596,40.414241]]]},"properties":{"parcel_id":"0055S00041000000","block_lot":"55-S-41"}},{"type":"Feature","geometry":{"type":"Polygon","coordinates":[[[-79.933278,40.414032],[-79.933408,40.413999],[-79.933514,40.414262],[-79.933382,40.414294],[-79.933278,40.414032]]]},"properties":{"parcel_id":"0055S00043000000","block_lot":"55-S-43"}},{"type":"Feature","geometry":{"type":"Polygon","coordinates":[[[-79.933208,40.41405],[-79.933278,40.414032],[-79.933382,40.414294],[-79.933317,40.414309],[-79.933208,40.41405]]]},"properties":{"parcel_id":"0055S00045000000","block_lot":"55-S-45"}},{"type":"Feature","geometry":{"type":"Polygon","coordinates":[[[-79.933108,40.41436],[-79.933001,40.414104],[-79.933208,40.41405],[-79.933317,40.414309],[-79.933108,40.41436]]]},"properties":{"parcel_id":"0055S00046000000","block_lot":"55-S-46"}},{"type":"Feature","geometry":{"type":"Polygon","coordinates":[[[-79.933001,40.414104],[-79.933043,40.414205],[-79.93275,40.414278],[-79.932687,40.414184],[-79.933001,40.414104]]]},"properties":{"parcel_id":"0055S00050000000","block_lot":"55-S-50"}},{"type":"Feature","geometry":{"type":"Polygon","coordinates":[[[-79.93275,40.414278],[-79.933043,40.414205],[-79.933065,40.414255],[-79.932779,40.414324],[-79.93275,40.414278]]]},"properties":{"parcel_id":"0055S00051000000","block_lot":"55-S-51"}},{"type":"Feature","geometry":{"type":"Polygon","coordinates":[[[-79.932779,40.414324],[-79.933065,40.414255],[-79.933108,40.41436],[-79.932846,40.414424],[-79.932779,40.414324]]]},"properties":{"parcel_id":"0055S00053000000","block_lot":"55-S-53"}},{"type":"Feature","geometry":{"type":"Polygon","coordinates":[[[-79.932846,40.414424],[-79.933108,40.41436],[-79.93313,40.414414],[-79.932878,40.414474],[-79.932846,40.414424]]]},"properties":{"parcel_id":"0055S00054000000","block_lot":"55-S-54"}},{"type":"Feature","geometry":{"type":"Polygon","coordinates":[[[-79.932878,40.414474],[-79.93313,40.414414],[-79.93315,40.414461],[-79.932908,40.414519],[-79.932878,40.414474]]]},"properties":{"parcel_id":"0055S00055000000","block_lot":"55-S-55"}},{"type":"Feature","geometry":{"type":"Polygon","coordinates":[[[-79.932942,40.41457],[-79.932908,40.414519],[-79.93315,40.414461],[-79.933173,40.414516],[-79.932942,40.41457]]]},"properties":{"parcel_id":"0055S00056000000","block_lot":"55-S-56"}},{"type":"Feature","geometry":{"type":"Polygon","coordinates":[[[-79.932942,40.41457],[-79.933173,40.414516],[-79.933216,40.414619],[-79.933007,40.41467],[-79.932942,40.41457]]]},"properties":{"parcel_id":"0055S00058000000","block_lot":"55-S-58"}},{"type":"Feature","geometry":{"type":"Polygon","coordinates":[[[-79.933216,40.414619],[-79.933108,40.41436],[-79.93318,40.414343],[-79.933288,40.414602],[-79.933216,40.414619]]]},"properties":{"parcel_id":"0055S00060000000","block_lot":"55-S-60"}},{"type":"Feature","geometry":{"type":"Polygon","coordinates":[[[-79.93318,40.414343],[-79.933317,40.414309],[-79.933426,40.414569],[-79.933288,40.414602],[-79.93318,40.414343]]]},"properties":{"parcel_id":"0055S00062000000","block_lot":"55-S-62"}},{"type":"Feature","geometry":{"type":"Polygon","coordinates":[[[-79.933317,40.414309],[-79.933452,40.414277],[-79.933562,40.414536],[-79.933426,40.414569],[-79.933317,40.414309]]]},"properties":{"parcel_id":"0055S00064000000","block_lot":"55-S-64"}},{"type":"Feature","geometry":{"type":"Polygon","coordinates":[[[-79.933452,40.414277],[-79.933514,40.414262],[-79.933619,40.414522],[-79.933562,40.414536],[-79.933452,40.414277]]]},"properties":{"parcel_id":"0055S00065000000","block_lot":"55-S-65"}},{"type":"Feature","geometry":{"type":"Polygon","coordinates":[[[-79.93377,40.414494],[-79.933709,40.414508],[-79.933596,40.414241],[-79.933657,40.414226],[-79.93377,40.414494]]]},"properties":{"parcel_id":"0055S00067000000","block_lot":"55-S-67"}},{"type":"Feature","geometry":{"type":"Polygon","coordinates":[[[-79.933657,40.414226],[-79.933729,40.414208],[-79.933839,40.414478],[-79.93377,40.414494],[-79.933657,40.414226]]]},"properties":{"parcel_id":"0055S00068000000","block_lot":"55-S-68"}},{"type":"Feature","geometry":{"type":"Polygon","coordinates":[[[-79.933729,40.414208],[-79.933857,40.414177],[-79.933752,40.413926],[-79.933894,40.413895],[-79.934112,40.414416],[-79.933839,40.414478],[-79.933729,40.414208]]]},"properties":{"parcel_id":"0055S00072000000","block_lot":"55-S-72"}},{"type":"Feature","geometry":{"type":"Polygon","coordinates":[[[-79.933894,40.413895],[-79.934034,40.413863],[-79.934134,40.41411],[-79.934067,40.414123],[-79.934179,40.4144],[-79.934112,40.414416],[-79.933894,40.413895]]]},"properties":{"parcel_id":"0055S00073000000","block_lot":"55-S-73"}},{"type":"Feature","geometry":{"type":"Polygon","coordinates":[[[-79.934067,40.414123],[-79.934206,40.414097],[-79.934316,40.414369],[-79.934179,40.4144],[-79.934067,40.414123]]]},"properties":{"parcel_id":"0055S00074000000","block_lot":"55-S-74"}},{"type":"Feature","geometry":{"type":"Polygon","coordinates":[[[-79.934134,40.41411],[-79.934034,40.413863],[-79.9341,40.413849],[-79.934206,40.414097],[-79.934134,40.41411]]]},"properties":{"parcel_id":"0055S00075000000","block_lot":"55-S-75"}},{"type":"Feature","geometry":{"type":"Polygon","coordinates":[[[-79.934206,40.414097],[-79.93461,40.414024],[-79.934835,40.41396],[-79.934942,40.414226],[-79.934316,40.414369],[-79.934206,40.414097]]]},"properties":{"parcel_id":"0055S00084000000","block_lot":"55-S-84"}},{"type":"Feature","geometry":{"type":"Polygon","coordinates":[[[-79.934835,40.41396],[-79.935167,40.413866],[-79.935286,40.414147],[-79.934942,40.414226],[-79.934835,40.41396]]]},"properties":{"parcel_id":"0055S00089000000","block_lot":"55-S-89"}},{"type":"Feature","geometry":{"type":"Polygon","coordinates":[[[-79.935167,40.413866],[-79.935227,40.413849],[-79.935242,40.413849],[-79.935357,40.41413],[-79.935286,40.414147],[-79.935167,40.413866]]]},"properties":{"parcel_id":"0055S00090000000","block_lot":"55-S-90"}},{"type":"Feature","geometry":{"type":"Polygon","coordinates":[[[-79.935534,40.414209],[-79.935668,40.414176],[-79.935799,40.41449],[-79.935661,40.414524],[-79.935534,40.414209]]]},"properties":{"parcel_id":"0055S00095000000","block_lot":"55-S-95"}},{"type":"Feature","geometry":{"type":"Polygon","coordinates":[[[-79.935399,40.414242],[-79.935534,40.414209],[-79.935661,40.414524],[-79.935527,40.414557],[-79.935399,40.414242]]]},"properties":{"parcel_id":"0055S00098000000","block_lot":"55-S-98"}},{"type":"Feature","geometry":{"type":"Polygon","coordinates":[[[-79.935328,40.414259],[-79.935399,40.414242],[-79.935527,40.414557],[-79.935454,40.414575],[-79.935328,40.414259]]]},"properties":{"parcel_id":"0055S00101000000","block_lot":"55-S-101"}},{"type":"Feature","geometry":{"type":"Polygon","coordinates":[[[-79.93505,40.414327],[-79.935328,40.414259],[-79.935454,40.414575],[-79.935182,40.414641],[-79.93505,40.414327]]]},"properties":{"parcel_id":"0055S00103000000","block_lot":"55-S-103"}},{"type":"Feature","geometry":{"type":"Polygon","coordinates":[[[-79.93505,40.414327],[-79.935182,40.414641],[-79.933299,40.415102],[-79.933098,40.414803],[-79.93505,40.414327]]]},"properties":{"parcel_id":"0055S00108000000","block_lot":"55-S-108"}},{"type":"Feature","geometry":{"type":"Polygon","coordinates":[[[-79.933778,40.415448],[-79.933566,40.4155],[-79.933365,40.415199],[-79.933645,40.415131],[-79.933778,40.415448]]]},"properties":{"parcel_id":"0055S00134000000","block_lot":"55-S-134"}},{"type":"Feature","geometry":{"type":"Polygon","coordinates":[[[-79.933982,40.415398],[-79.933778,40.415448],[-79.933645,40.415131],[-79.93385,40.415081],[-79.933982,40.415398]]]},"properties":{"parcel_id":"0055S00136000000","block_lot":"55-S-136"}},{"type":"Feature","geometry":{"type":"Polygon","coordinates":[[[-79.934184,40.415348],[-79.933982,40.415398],[-79.93385,40.415081],[-79.934053,40.415031],[-79.934184,40.415348]]]},"properties":{"parcel_id":"0055S00138000000","block_lot":"55-S-138"}},{"type":"Feature","geometry":{"type":"Polygon","coordinates":[[[-79.93481,40.415193],[-79.934601,40.415246],[-79.93446,40.414932],[-79.93467,40.41488],[-79.93481,40.415193]]]},"properties":{"parcel_id":"0055S00147000000","block_lot":"55-S-147"}},{"type":"Feature","geometry":{"type":"Polygon","coordinates":[[[-79.934053,40.415031],[-79.934259,40.414981],[-79.934396,40.415296],[-79.934184,40.415348],[-79.934053,40.415031]]]},"properties":{"parcel_id":"0055S00148000000","block_lot":"55-S-148"}},{"type":"Feature","geometry":{"type":"Polygon","coordinates":[[[-79.934259,40.414981],[-79.93446,40.414932],[-79.934601,40.415246],[-79.934396,40.415296],[-79.934259,40.414981]]]},"properties":{"parcel_id":"0055S00148000100","block_lot":"55-S-148-1"}},{"type":"Feature","geometry":{"type":"Polygon","coordinates":[[[-79.93481,40.415193],[-79.93467,40.41488],[-79.934886,40.414828],[-79.935017,40.415137],[-79.93481,40.415193]]]},"properties":{"parcel_id":"0055S00151000000","block_lot":"55-S-151"}},{"type":"Feature","geometry":{"type":"Polygon","coordinates":[[[-79.934886,40.414828],[-79.935294,40.414728],[-79.935081,40.41512],[-79.935017,40.415137],[-79.934886,40.414828]]]},"properties":{"parcel_id":"0055S00154000000","block_lot":"55-S-154"}},{"type":"Feature","geometry":{"type":"Polygon","coordinates":[[[-79.935294,40.414728],[-79.935501,40.414677],[-79.935651,40.415046],[-79.935105,40.415179],[-79.935081,40.41512],[-79.935294,40.414728]]]},"properties":{"parcel_id":"0055S00156000000","block_lot":"55-S-156"}},{"type":"Feature","geometry":{"type":"Polygon","coordinates":[[[-79.935501,40.414677],[-79.935566,40.414661],[-79.935705,40.414975],[-79.93563,40.414993],[-79.935501,40.414677]]]},"properties":{"parcel_id":"0055S00164000000","block_lot":"55-S-164"}},{"type":"Feature","geometry":{"type":"Polygon","coordinates":[[[-79.935566,40.414661],[-79.935764,40.414613],[-79.935897,40.414928],[-79.935705,40.414975],[-79.935566,40.414661]]]},"properties":{"parcel_id":"0055S00169000000","block_lot":"55-S-169"}},{"type":"Feature","geometry":{"type":"Polygon","coordinates":[[[-79.935764,40.414613],[-79.935844,40.414594],[-79.935975,40.414909],[-79.935897,40.414928],[-79.935764,40.414613]]]},"properties":{"parcel_id":"0055S00170000000","block_lot":"55-S-170"}},{"type":"Feature","geometry":{"type":"Polygon","coordinates":[[[-79.936051,40.41537],[-79.935928,40.41506],[-79.936026,40.415035],[-79.936156,40.415344],[-79.936051,40.41537]]]},"properties":{"parcel_id":"0055S00172000000","block_lot":"55-S-172"}},{"type":"Feature","geometry":{"type":"Polygon","coordinates":[[[-79.936051,40.41537],[-79.935948,40.415395],[-79.935821,40.415087],[-79.935928,40.41506],[-79.936051,40.41537]]]},"properties":{"parcel_id":"0055S00174000000","block_lot":"55-S-174"}},{"type":"Feature","geometry":{"type":"Polygon","coordinates":[[[-79.935948,40.415395],[-79.935816,40.415428],[-79.935682,40.415122],[-79.935821,40.415087],[-79.935948,40.415395]]]},"properties":{"parcel_id":"0055S00176000000","block_lot":"55-S-176"}},{"type":"Feature","geometry":{"type":"Polygon","coordinates":[[[-79.935451,40.415095],[-79.935651,40.415046],[-79.935816,40.415428],[-79.935615,40.415478],[-79.935451,40.415095]]]},"properties":{"parcel_id":"0055S00180000000","block_lot":"55-S-180"}},{"type":"Feature","geometry":{"type":"Polygon","coordinates":[[[-79.935152,40.415297],[-79.935105,40.415179],[-79.935451,40.415095],[-79.935615,40.415478],[-79.935152,40.415297]]]},"properties":{"parcel_id":"0055S00196000000","block_lot":"55-S-196"}},{"type":"Feature","geometry":{"type":"Polygon","coordinates":[[[-79.935013,40.415331],[-79.935152,40.415297],[-79.935615,40.415478],[-79.93513,40.415598],[-79.935013,40.415331]]]},"properties":{"parcel_id":"0055S00198000000","block_lot":"55-S-198"}},{"type":"Feature","geometry":{"type":"Polygon","coordinates":[[[-79.9348,40.415338],[-79.934996,40.415293],[-79.93513,40.415598],[-79.934933,40.415647],[-79.9348,40.415338]]]},"properties":{"parcel_id":"0055S00200000000","block_lot":"55-S-200"}},{"type":"Feature","geometry":{"type":"Polygon","coordinates":[[[-79.934933,40.415647],[-79.934717,40.4157],[-79.934588,40.415389],[-79.9348,40.415338],[-79.934933,40.415647]]]},"properties":{"parcel_id":"0055S00202000000","block_lot":"55-S-202"}},{"type":"Feature","geometry":{"type":"Polygon","coordinates":[[[-79.934387,40.415437],[-79.934588,40.415389],[-79.934717,40.4157],[-79.934515,40.41575],[-79.934387,40.415437]]]},"properties":{"parcel_id":"0055S00204000000","block_lot":"55-S-204"}},{"type":"Feature","geometry":{"type":"Polygon","coordinates":[[[-79.934283,40.415462],[-79.934387,40.415437],[-79.934515,40.41575],[-79.93441,40.415776],[-79.934283,40.415462]]]},"properties":{"parcel_id":"0055S00208000000","block_lot":"55-S-208"}},{"type":"Feature","geometry":{"type":"Polygon","coordinates":[[[-79.934186,40.415485],[-79.934283,40.415462],[-79.93441,40.415776],[-79.934314,40.4158],[-79.934186,40.415485]]]},"properties":{"parcel_id":"0055S00209000000","block_lot":"55-S-209"}},{"type":"Feature","geometry":{"type":"Polygon","coordinates":[[[-79.933974,40.415536],[-79.934186,40.415485],[-79.934314,40.4158],[-79.934103,40.415852],[-79.933974,40.415536]]]},"properties":{"parcel_id":"0055S00210000000","block_lot":"55-S-210"}},{"type":"Feature","geometry":{"type":"Polygon","coordinates":[[[-79.933833,40.41557],[-79.933974,40.415536],[-79.934103,40.415852],[-79.933967,40.415886],[-79.933833,40.41557]]]},"properties":{"parcel_id":"0055S00212000000","block_lot":"55-S-212"}},{"type":"Feature","geometry":{"type":"Polygon","coordinates":[[[-79.933967,40.415886],[-79.933842,40.415917],[-79.933639,40.415616],[-79.933833,40.41557],[-79.933967,40.415886]]]},"properties":{"parcel_id":"0055S00214000000","block_lot":"55-S-214"}},{"type":"Feature","geometry":{"type":"Polygon","coordinates":[[[-79.934072,40.41593],[-79.934183,40.416182],[-79.934042,40.416217],[-79.933884,40.415977],[-79.934072,40.41593]]]},"properties":{"parcel_id":"0055S00218000000","block_lot":"55-S-218"}},{"type":"Feature","geometry":{"type":"Polygon","coordinates":[[[-79.934072,40.41593],[-79.934207,40.415897],[-79.934311,40.416151],[-79.934183,40.416182],[-79.934072,40.41593]]]},"properties":{"parcel_id":"0055S00220000000","block_lot":"55-S-220"}},{"type":"Feature","geometry":{"type":"Polygon","coordinates":[[[-79.934207,40.415897],[-79.934272,40.415881],[-79.934383,40.416133],[-79.934311,40.416151],[-79.934207,40.415897]]]},"properties":{"parcel_id":"0055S00221000000","block_lot":"55-S-221"}},{"type":"Feature","geometry":{"type":"Polygon","coordinates":[[[-79.934272,40.415881],[-79.934412,40.415846],[-79.934519,40.416099],[-79.934383,40.416133],[-79.934272,40.415881]]]},"properties":{"parcel_id":"0055S00223000000","block_lot":"55-S-223"}},{"type":"Feature","geometry":{"type":"Polygon","coordinates":[[[-79.934412,40.415846],[-79.934485,40.415828],[-79.934594,40.416081],[-79.934519,40.416099],[-79.934412,40.415846]]]},"properties":{"parcel_id":"0055S00224000000","block_lot":"55-S-224"}},{"type":"Feature","geometry":{"type":"Polygon","coordinates":[[[-79.934485,40.415828],[-79.934547,40.415813],[-79.934657,40.416065],[-79.934594,40.416081],[-79.934485,40.415828]]]},"properties":{"parcel_id":"0055S00225000000","block_lot":"55-S-225"}},{"type":"Feature","geometry":{"type":"Polygon","coordinates":[[[-79.934547,40.415813],[-79.934619,40.415795],[-79.934729,40.416047],[-79.934657,40.416065],[-79.934547,40.415813]]]},"properties":{"parcel_id":"0055S00226000000","block_lot":"55-S-226"}},{"type":"Feature","geometry":{"type":"Polygon","coordinates":[[[-79.934619,40.415795],[-79.93468,40.41578],[-79.934795,40.416031],[-79.934729,40.416047],[-79.934619,40.415795]]]},"properties":{"parcel_id":"0055S00227000000","block_lot":"55-S-227"}},{"type":"Feature","geometry":{"type":"Polygon","coordinates":[[[-79.93468,40.41578],[-79.934758,40.415761],[-79.934861,40.416015],[-79.934795,40.416031],[-79.93468,40.41578]]]},"properties":{"parcel_id":"0055S00228000000","block_lot":"55-S-228"}},{"type":"Feature","geometry":{"type":"Polygon","coordinates":[[[-79.934957,40.415711],[-79.935059,40.415966],[-79.934861,40.416015],[-79.934758,40.415761],[-79.934957,40.415711]]]},"properties":{"parcel_id":"0055S00230000000","block_lot":"55-S-230"}},{"type":"Feature","geometry":{"type":"Polygon","coordinates":[[[-79.935141,40.415945],[-79.935059,40.415966],[-79.934957,40.415711],[-79.935026,40.415694],[-79.935141,40.415945]]]},"properties":{"parcel_id":"0055S00232000000","block_lot":"55-S-232"}},{"type":"Feature","geometry":{"type":"Polygon","coordinates":[[[-79.935026,40.415694],[-79.935912,40.415475],[-79.936026,40.415727],[-79.935141,40.415945],[-79.935026,40.415694]]]},"properties":{"parcel_id":"0055S00246000000","block_lot":"55-S-246"}},{"type":"Feature","geometry":{"type":"Polygon","coordinates":[[[-79.935912,40.415475],[-79.93598,40.415458],[-79.93609,40.415711],[-79.936026,40.415727],[-79.935912,40.415475]]]},"properties":{"parcel_id":"0055S00247000000","block_lot":"55-S-247"}},{"type":"Feature","geometry":{"type":"Polygon","coordinates":[[[-79.93598,40.415458],[-79.936184,40.415408],[-79.936292,40.415661],[-79.93609,40.415711],[-79.93598,40.415458]]]},"properties":{"parcel_id":"0055S00250000000","block_lot":"55-S-250"}},{"type":"Feature","geometry":{"type":"Polygon","coordinates":[[[-79.935504,40.415979],[-79.935846,40.415894],[-79.935859,40.415914],[-79.935543,40.416039],[-79.935504,40.415979]]]},"properties":{"parcel_id":"0055S00259000000","block_lot":"55-S-259"}},{"type":"Feature","geometry":{"type":"Polygon","coordinates":[[[-79.935583,40.416101],[-79.935543,40.416039],[-79.935859,40.415914],[-79.935898,40.415972],[-79.935583,40.416101]]]},"properties":{"parcel_id":"0055S00261000000","block_lot":"55-S-261"}},{"type":"Feature","geometry":{"type":"Polygon","coordinates":[[[-79.935583,40.416101],[-79.935898,40.415972],[-79.935986,40.416103],[-79.935667,40.416231],[-79.935583,40.416101]]]},"properties":{"parcel_id":"0055S00263000000","block_lot":"55-S-263"}},{"type":"Feature","geometry":{"type":"Polygon","coordinates":[[[-79.935667,40.416231],[-79.935986,40.416103],[-79.936119,40.416302],[-79.93579,40.416421],[-79.935667,40.416231]]]},"properties":{"parcel_id":"0055S00267000000","block_lot":"55-S-267"}},{"type":"Feature","geometry":{"type":"Polygon","coordinates":[[[-79.935846,40.415894],[-79.936464,40.41574],[-79.936892,40.416377],[-79.936755,40.416499],[-79.935846,40.415894]]]},"properties":{"parcel_id":"0055S00276000000","block_lot":"55-S-276"}},{"type":"Feature","geometry":{"type":"Polygon","coordinates":[[[-79.945239,40.413564],[-79.945362,40.413528],[-79.945424,40.413649],[-79.945298,40.413684],[-79.945239,40.413564]]]},"properties":{"parcel_id":"0056A00140000000","block_lot":"56-A-140"}},{"type":"Feature","geometry":{"type":"Polygon","coordinates":[[[-79.945264,40.413832],[-79.945205,40.413711],[-79.945424,40.413649],[-79.945482,40.413761],[-79.945264,40.413832]]]},"properties":{"parcel_id":"0056A00142000000","block_lot":"56-A-142"}},{"type":"Feature","geometry":{"type":"Polygon","coordinates":[[[-79.945904,40.412783],[-79.946633,40.412603],[-79.946817,40.413129],[-79.947225,40.414316],[-79.946675,40.414483],[-79.946155,40.413504],[-79.946103,40.413398],[-79.946056,40.41329],[-79.946015,40.413181],[-79.94598,40.41307],[-79.945904,40.412783]]]},"properties":{"parcel_id":"0056A00143000000","block_lot":"56-A-143"}},{"type":"Feature","geometry":{"type":"Polygon","coordinates":[[[-79.946675,40.414483],[-79.947225,40.414316],[-79.947274,40.414467],[-79.946747,40.414628],[-79.946675,40.414483]]]},"properties":{"parcel_id":"0056A00145000000","block_lot":"56-A-145"}},{"type":"Feature","geometry":{"type":"Polygon","coordinates":[[[-79.945205,40.413496],[-79.945328,40.413461],[-79.945362,40.413528],[-79.945239,40.413564],[-79.945205,40.413496]]]},"properties":{"parcel_id":"0056B00005000000","block_lot":"56-B-5"}},{"type":"Feature","geometry":{"type":"Polygon","coordinates":[[[-79.945175,40.413434],[-79.945296,40.413401],[-79.945328,40.413461],[-79.945205,40.413496],[-79.945175,40.413434]]]},"properties":{"parcel_id":"0056B00006000000","block_lot":"56-B-6"}},{"type":"Feature","geometry":{"type":"Polygon","coordinates":[[[-79.945267,40.413337],[-79.945296,40.413401],[-79.945175,40.413434],[-79.945144,40.413371],[-79.945267,40.413337]]]},"properties":{"parcel_id":"0056B00007000000","block_lot":"56-B-7"}},{"type":"Feature","geometry":{"type":"Polygon","coordinates":[[[-79.94522,40.413234],[-79.945267,40.413337],[-79.945211,40.413352],[-79.945162,40.413249],[-79.94522,40.413234]]]},"properties":{"parcel_id":"0056B00008000000","block_lot":"56-B-8"}},{"type":"Feature","geometry":{"type":"Polygon","coordinates":[[[-79.945085,40.413268],[-79.945162,40.413249],[-79.945211,40.413352],[-79.945144,40.413371],[-79.945085,40.413268]]]},"properties":{"parcel_id":"0056B00008000100","block_lot":"56-B-8-1"}},{"type":"Feature","geometry":{"type":"Polygon","coordinates":[[[-79.945022,40.413283],[-79.945085,40.413268],[-79.945144,40.413371],[-79.945076,40.41339],[-79.945022,40.413283]]]},"properties":{"parcel_id":"0056B00009000000","block_lot":"56-B-9"}},{"type":"Feature","geometry":{"type":"Polygon","coordinates":[[[-79.944965,40.413297],[-79.945022,40.413283],[-79.945076,40.41339],[-79.945019,40.413407],[-79.944965,40.413297]]]},"properties":{"parcel_id":"0056B00010000000","block_lot":"56-B-10"}},{"type":"Feature","geometry":{"type":"Polygon","coordinates":[[[-79.944959,40.413424],[-79.944902,40.413312],[-79.944965,40.413297],[-79.945019,40.413407],[-79.944959,40.413424]]]},"properties":{"parcel_id":"0056B00011000000","block_lot":"56-B-11"}},{"type":"Feature","geometry":{"type":"Polygon","coordinates":[[[-79.94479,40.413435],[-79.94494,40.413387],[-79.944959,40.413424],[-79.944806,40.413467],[-79.94479,40.413435]]]},"properties":{"parcel_id":"0056B00012000000","block_lot":"56-B-12"}},{"type":"Feature","geometry":{"type":"Polygon","coordinates":[[[-79.944768,40.413391],[-79.944922,40.413352],[-79.94494,40.413387],[-79.94479,40.413435],[-79.944768,40.413391]]]},"properties":{"parcel_id":"0056B00012000A00","block_lot":"56-B-12-A"}},{"type":"Feature","geometry":{"type":"Polygon","coordinates":[[[-79.944902,40.413312],[-79.944922,40.413352],[-79.944768,40.413391],[-79.944747,40.413349],[-79.944902,40.413312]]]},"properties":{"parcel_id":"0056B00012000B00","block_lot":"56-B-12-B"}},{"type":"Feature","geometry":{"type":"Polygon","coordinates":[[[-79.944806,40.413467],[-79.945144,40.413371],[-79.945175,40.413434],[-79.944836,40.413527],[-79.944806,40.413467]]]},"properties":{"parcel_id":"0056B00013000000","block_lot":"56-B-13"}},{"type":"Feature","geometry":{"type":"Polygon","coordinates":[[[-79.944836,40.413527],[-79.945175,40.413434],[-79.945205,40.413496],[-79.944868,40.413592],[-79.944836,40.413527]]]},"properties":{"parcel_id":"0056B00014000000","block_lot":"56-B-14"}},{"type":"Feature","geometry":{"type":"Polygon","coordinates":[[[-79.944868,40.413592],[-79.945205,40.413496],[-79.945239,40.413564],[-79.944902,40.413662],[-79.944868,40.413592]]]},"properties":{"parcel_id":"0056B00015000000","block_lot":"56-B-15"}},{"type":"Feature","geometry":{"type":"Polygon","coordinates":[[[-79.944902,40.413662],[-79.945239,40.413564],[-79.945298,40.413684],[-79.944961,40.41378],[-79.944902,40.413662]]]},"properties":{"parcel_id":"0056B00017000000","block_lot":"56-B-17"}},{"type":"Feature","geometry":{"type":"Polygon","coordinates":[[[-79.944961,40.41378],[-79.945205,40.413711],[-79.945237,40.413777],[-79.944995,40.413848],[-79.944961,40.41378]]]},"properties":{"parcel_id":"0056B00018000000","block_lot":"56-B-18"}},{"type":"Feature","geometry":{"type":"Polygon","coordinates":[[[-79.944995,40.413848],[-79.945237,40.413777],[-79.945264,40.413832],[-79.945025,40.41391],[-79.944995,40.413848]]]},"properties":{"parcel_id":"0056B00019000000","block_lot":"56-B-19"}},{"type":"Feature","geometry":{"type":"Polygon","coordinates":[[[-79.94448,40.413854],[-79.944812,40.413752],[-79.944846,40.413817],[-79.944513,40.41392],[-79.94448,40.413854]]]},"properties":{"parcel_id":"0056B00021000000","block_lot":"56-B-21"}},{"type":"Feature","geometry":{"type":"Polygon","coordinates":[[[-79.944448,40.413796],[-79.944781,40.413693],[-79.944812,40.413752],[-79.94448,40.413854],[-79.944448,40.413796]]]},"properties":{"parcel_id":"0056B00022000000","block_lot":"56-B-22"}},{"type":"Feature","geometry":{"type":"Polygon","coordinates":[[[-79.944781,40.413693],[-79.944448,40.413796],[-79.944404,40.41371],[-79.944744,40.413627],[-79.944781,40.413693]]]},"properties":{"parcel_id":"0056B00023000000","block_lot":"56-B-23"}},{"type":"Feature","geometry":{"type":"Polygon","coordinates":[[[-79.94427,40.413595],[-79.944679,40.413501],[-79.944744,40.413627],[-79.944349,40.413724],[-79.94427,40.413595]]]},"properties":{"parcel_id":"0056B00025000000","block_lot":"56-B-25"}},{"type":"Feature","geometry":{"type":"Polygon","coordinates":[[[-79.944205,40.41348],[-79.944621,40.413392],[-79.944679,40.413501],[-79.94427,40.413595],[-79.944205,40.41348]]]},"properties":{"parcel_id":"0056B00028000000","block_lot":"56-B-28"}},{"type":"Feature","geometry":{"type":"Polygon","coordinates":[[[-79.944049,40.413513],[-79.944205,40.41348],[-79.94427,40.413595],[-79.944349,40.413724],[-79.94419,40.413766],[-79.944049,40.413513]]]},"properties":{"parcel_id":"0056B00031000000","block_lot":"56-B-31"}},{"type":"Feature","geometry":{"type":"Polygon","coordinates":[[[-79.94419,40.413766],[-79.944089,40.413792],[-79.943949,40.413534],[-79.944049,40.413513],[-79.94419,40.413766]]]},"properties":{"parcel_id":"0056B00033000000","block_lot":"56-B-33"}},{"type":"Feature","geometry":{"type":"Polygon","coordinates":[[[-79.943949,40.413534],[-79.944089,40.413792],[-79.943984,40.413819],[-79.94385,40.413555],[-79.943949,40.413534]]]},"properties":{"parcel_id":"0056B00034000000","block_lot":"56-B-34"}},{"type":"Feature","geometry":{"type":"Polygon","coordinates":[[[-79.94341,40.413659],[-79.94373,40.41359],[-79.943866,40.413833],[-79.943545,40.413917],[-79.94341,40.413659]]]},"properties":{"parcel_id":"0056B00037000000","block_lot":"56-B-37"}},{"type":"Feature","geometry":{"type":"Polygon","coordinates":[[[-79.943282,40.413986],[-79.94314,40.413718],[-79.94341,40.413659],[-79.943545,40.413917],[-79.943282,40.413986]]]},"properties":{"parcel_id":"0056B00041000000","block_lot":"56-B-41"}},{"type":"Feature","geometry":{"type":"Polygon","coordinates":[[[-79.9429,40.413832],[-79.943162,40.41376],[-79.94318,40.413793],[-79.942995,40.413849],[-79.942922,40.413873],[-79.9429,40.413832]]]},"properties":{"parcel_id":"0056B00051000000","block_lot":"56-B-51"}},{"type":"Feature","geometry":{"type":"Polygon","coordinates":[[[-79.94314,40.413718],[-79.943162,40.41376],[-79.9429,40.413832],[-79.942871,40.413777],[-79.94314,40.413718]]]},"properties":{"parcel_id":"0056B00052000000","block_lot":"56-B-52"}},{"type":"Feature","geometry":{"type":"Polygon","coordinates":[[[-79.942626,40.413617],[-79.942259,40.413732],[-79.942204,40.413631],[-79.94257,40.413515],[-79.942626,40.413617]]]},"properties":{"parcel_id":"0056B00126000000","block_lot":"56-B-126"}},{"type":"Feature","geometry":{"type":"Polygon","coordinates":[[[-79.942315,40.413834],[-79.942681,40.413719],[-79.942723,40.413796],[-79.942738,40.41379],[-79.942753,40.413816],[-79.94237,40.413935],[-79.942315,40.413834]]]},"properties":{"parcel_id":"0056B00127000000","block_lot":"56-B-127"}},{"type":"Feature","geometry":{"type":"Polygon","coordinates":[[[-79.942259,40.413732],[-79.942626,40.413617],[-79.942681,40.413719],[-79.942315,40.413834],[-79.942259,40.413732]]]},"properties":{"parcel_id":"0056B00128000000","block_lot":"56-B-128"}},{"type":"Feature","geometry":{"type":"Polygon","coordinates":[[[-79.943226,40.413585],[-79.942965,40.413095],[-79.94294,40.413041],[-79.943011,40.413024],[-79.94329,40.41357],[-79.943226,40.413585]]]},"properties":{"parcel_id":"0056B00135000000","block_lot":"56-B-135"}},{"type":"Feature","geometry":{"type":"Polygon","coordinates":[[[-79.942748,40.413516],[-79.94313,40.413404],[-79.943226,40.413585],[-79.942832,40.413674],[-79.942748,40.413516]]]},"properties":{"parcel_id":"0056B00139000000","block_lot":"56-B-139"}},{"type":"Feature","geometry":{"type":"Polygon","coordinates":[[[-79.942708,40.41344],[-79.943089,40.413328],[-79.94313,40.413404],[-79.942748,40.413516],[-79.942708,40.41344]]]},"properties":{"parcel_id":"0056B00144000000","block_lot":"56-B-144"}},{"type":"Feature","geometry":{"type":"Polygon","coordinates":[[[-79.942669,40.413367],[-79.943051,40.413256],[-79.943089,40.413328],[-79.942708,40.41344],[-79.942669,40.413367]]]},"properties":{"parcel_id":"0056B00146000000","block_lot":"56-B-146"}},{"type":"Feature","geometry":{"type":"Polygon","coordinates":[[[-79.942626,40.413287],[-79.943006,40.413173],[-79.943051,40.413256],[-79.942669,40.413367],[-79.942626,40.413287]]]},"properties":{"parcel_id":"0056B00148000000","block_lot":"56-B-148"}},{"type":"Feature","geometry":{"type":"Polygon","coordinates":[[[-79.942587,40.413214],[-79.942965,40.413095],[-79.943006,40.413173],[-79.942626,40.413287],[-79.942587,40.413214]]]},"properties":{"parcel_id":"0056B00149000000","block_lot":"56-B-149"}},{"type":"Feature","geometry":{"type":"Polygon","coordinates":[[[-79.942545,40.413135],[-79.94294,40.413041],[-79.942965,40.413095],[-79.942587,40.413214],[-79.942545,40.413135]]]},"properties":{"parcel_id":"0056B00150000000","block_lot":"56-B-150"}},{"type":"Feature","geometry":{"type":"Polygon","coordinates":[[[-79.942437,40.41293],[-79.942825,40.412809],[-79.94294,40.413041],[-79.942545,40.413135],[-79.942437,40.41293]]]},"properties":{"parcel_id":"0056B00151000000","block_lot":"56-B-151"}},{"type":"Feature","geometry":{"type":"Polygon","coordinates":[[[-79.942825,40.412809],[-79.942437,40.41293],[-79.942399,40.412861],[-79.94279,40.41274],[-79.942825,40.412809]]]},"properties":{"parcel_id":"0056B00156000000","block_lot":"56-B-156"}},{"type":"Feature","geometry":{"type":"Polygon","coordinates":[[[-79.94279,40.41274],[-79.942399,40.412861],[-79.942367,40.412791],[-79.942755,40.412671],[-79.94279,40.41274]]]},"properties":{"parcel_id":"0056B00157000000","block_lot":"56-B-157"}},{"type":"Feature","geometry":{"type":"Polygon","coordinates":[[[-79.942295,40.412648],[-79.942706,40.412526],[-79.942781,40.412662],[-79.942367,40.412791],[-79.942295,40.412648]]]},"properties":{"parcel_id":"0056B00159000000","block_lot":"56-B-159"}},{"type":"Feature","geometry":{"type":"Polygon","coordinates":[[[-79.942706,40.412526],[-79.942295,40.412648],[-79.942256,40.412576],[-79.942667,40.41245],[-79.942706,40.412526]]]},"properties":{"parcel_id":"0056B00162000000","block_lot":"56-B-162"}},{"type":"Feature","geometry":{"type":"Polygon","coordinates":[[[-79.942667,40.41245],[-79.942256,40.412576],[-79.942215,40.412497],[-79.942627,40.412373],[-79.942667,40.41245]]]},"properties":{"parcel_id":"0056B00163000000","block_lot":"56-B-163"}},{"type":"Feature","geometry":{"type":"Polygon","coordinates":[[[-79.94212,40.41231],[-79.942529,40.412184],[-79.942627,40.412373],[-79.942215,40.412497],[-79.94212,40.41231]]]},"properties":{"parcel_id":"0056B00165000000","block_lot":"56-B-165"}},{"type":"Feature","geometry":{"type":"Polygon","coordinates":[[[-79.942079,40.41224],[-79.942498,40.412117],[-79.942529,40.412184],[-79.94212,40.41231],[-79.942079,40.41224]]]},"properties":{"parcel_id":"0056B00170000000","block_lot":"56-B-170"}},{"type":"Feature","geometry":{"type":"Polygon","coordinates":[[[-79.942047,40.412176],[-79.942466,40.412053],[-79.942498,40.412117],[-79.942079,40.41224],[-79.942047,40.412176]]]},"properties":{"parcel_id":"0056B00172000000","block_lot":"56-B-172"}},{"type":"Feature","geometry":{"type":"Polygon","coordinates":[[[-79.942243,40.411815],[-79.942382,40.412077],[-79.942047,40.412176],[-79.941912,40.411923],[-79.942132,40.411837],[-79.942243,40.411815]]]},"properties":{"parcel_id":"0056B00174000000","block_lot":"56-B-174"}},{"type":"Feature","geometry":{"type":"Polygon","coordinates":[[[-79.942243,40.411815],[-79.942332,40.411798],[-79.942466,40.412053],[-79.942382,40.412077],[-79.942243,40.411815]]]},"properties":{"parcel_id":"0056B00180000000","block_lot":"56-B-180"}},{"type":"Feature","geometry":{"type":"Polygon","coordinates":[[[-79.942522,40.412095],[-79.942366,40.41179],[-79.942597,40.411757],[-79.942691,40.412045],[-79.942522,40.412095]]]},"properties":{"parcel_id":"0056B00184000000","block_lot":"56-B-184"}},{"type":"Feature","geometry":{"type":"Polygon","coordinates":[[[-79.942597,40.411757],[-79.942776,40.411732],[-79.942886,40.41199],[-79.942691,40.412045],[-79.942597,40.411757]]]},"properties":{"parcel_id":"0056B00188000000","block_lot":"56-B-188"}},{"type":"Feature","geometry":{"type":"Polygon","coordinates":[[[-79.942522,40.412095],[-79.942886,40.41199],[-79.942947,40.41211],[-79.942587,40.412218],[-79.942522,40.412095]]]},"properties":{"parcel_id":"0056B00191000000","block_lot":"56-B-191"}},{"type":"Feature","geometry":{"type":"Polygon","coordinates":[[[-79.942587,40.412218],[-79.942947,40.41211],[-79.942989,40.412194],[-79.942626,40.412294],[-79.942587,40.412218]]]},"properties":{"parcel_id":"0056B00193000000","block_lot":"56-B-193"}},{"type":"Feature","geometry":{"type":"Polygon","coordinates":[[[-79.942626,40.412294],[-79.942989,40.412194],[-79.943043,40.4123],[-79.942687,40.412409],[-79.942626,40.412294]]]},"properties":{"parcel_id":"0056B00195000000","block_lot":"56-B-195"}},{"type":"Feature","geometry":{"type":"Polygon","coordinates":[[[-79.942687,40.412409],[-79.943043,40.4123],[-79.94308,40.412372],[-79.942724,40.412479],[-79.942687,40.412409]]]},"properties":{"parcel_id":"0056B00197000000","block_lot":"56-B-197"}},{"type":"Feature","geometry":{"type":"Polygon","coordinates":[[[-79.942832,40.412447],[-79.94308,40.412372],[-79.943126,40.412463],[-79.942872,40.412529],[-79.942832,40.412447]]]},"properties":{"parcel_id":"0056B00199000000","block_lot":"56-B-199"}},{"type":"Feature","geometry":{"type":"Polygon","coordinates":[[[-79.943179,40.412567],[-79.942826,40.412674],[-79.942724,40.412479],[-79.942832,40.412447],[-79.942872,40.412529],[-79.943126,40.412463],[-79.943179,40.412567]]]},"properties":{"parcel_id":"0056B00201000000","block_lot":"56-B-201"}},{"type":"Feature","geometry":{"type":"Polygon","coordinates":[[[-79.942826,40.412674],[-79.943179,40.412567],[-79.943239,40.412686],[-79.942888,40.412791],[-79.942826,40.412674]]]},"properties":{"parcel_id":"0056B00204000000","block_lot":"56-B-204"}},{"type":"Feature","geometry":{"type":"Polygon","coordinates":[[[-79.942888,40.412791],[-79.943239,40.412686],[-79.9433,40.412807],[-79.942952,40.412912],[-79.942888,40.412791]]]},"properties":{"parcel_id":"0056B00207000000","block_lot":"56-B-207"}},{"type":"Feature","geometry":{"type":"Polygon","coordinates":[[[-79.942952,40.412912],[-79.9433,40.412807],[-79.943333,40.412873],[-79.942987,40.41298],[-79.942952,40.412912]]]},"properties":{"parcel_id":"0056B00208000000","block_lot":"56-B-208"}},{"type":"Feature","geometry":{"type":"Polygon","coordinates":[[[-79.942987,40.41298],[-79.943333,40.412873],[-79.943367,40.412939],[-79.943011,40.413024],[-79.942987,40.41298]]]},"properties":{"parcel_id":"0056B00210000000","block_lot":"56-B-210"}},{"type":"Feature","geometry":{"type":"Polygon","coordinates":[[[-79.943011,40.413024],[-79.943367,40.412939],[-79.943406,40.413017],[-79.94306,40.413121],[-79.943011,40.413024]]]},"properties":{"parcel_id":"0056B00213000000","block_lot":"56-B-213"}},{"type":"Feature","geometry":{"type":"Polygon","coordinates":[[[-79.94306,40.413121],[-79.943406,40.413017],[-79.943465,40.413134],[-79.943118,40.413234],[-79.94306,40.413121]]]},"properties":{"parcel_id":"0056B00214000000","block_lot":"56-B-214"}},{"type":"Feature","geometry":{"type":"Polygon","coordinates":[[[-79.943118,40.413234],[-79.943465,40.413134],[-79.943489,40.413182],[-79.943144,40.413285],[-79.943118,40.413234]]]},"properties":{"parcel_id":"0056B00215000000","block_lot":"56-B-215"}},{"type":"Feature","geometry":{"type":"Polygon","coordinates":[[[-79.943144,40.413285],[-79.943489,40.413182],[-79.943523,40.413248],[-79.943181,40.413357],[-79.943144,40.413285]]]},"properties":{"parcel_id":"0056B00216000000","block_lot":"56-B-216"}},{"type":"Feature","geometry":{"type":"Polygon","coordinates":[[[-79.943181,40.413357],[-79.943523,40.413248],[-79.943552,40.413305],[-79.943205,40.413404],[-79.943181,40.413357]]]},"properties":{"parcel_id":"0056B00217000000","block_lot":"56-B-217"}},{"type":"Feature","geometry":{"type":"Polygon","coordinates":[[[-79.943205,40.413404],[-79.943552,40.413305],[-79.943583,40.413366],[-79.943236,40.413465],[-79.943205,40.413404]]]},"properties":{"parcel_id":"0056B00218000000","block_lot":"56-B-218"}},{"type":"Feature","geometry":{"type":"Polygon","coordinates":[[[-79.943236,40.413465],[-79.943583,40.413366],[-79.943645,40.41349],[-79.94329,40.41357],[-79.943236,40.413465]]]},"properties":{"parcel_id":"0056B00220000000","block_lot":"56-B-220"}},{"type":"Feature","geometry":{"type":"Polygon","coordinates":[[[-79.94429,40.412739],[-79.944551,40.413277],[-79.943794,40.413451],[-79.94352,40.412913],[-79.94429,40.412739]]]},"properties":{"parcel_id":"0056B00222000000","block_lot":"56-B-222"}},{"type":"Feature","geometry":{"type":"Polygon","coordinates":[[[-79.943434,40.412717],[-79.9438,40.412615],[-79.943819,40.412654],[-79.943454,40.412759],[-79.943434,40.412717]]]},"properties":{"parcel_id":"0056B00230000000","block_lot":"56-B-230"}},{"type":"Feature","geometry":{"type":"Polygon","coordinates":[[[-79.943454,40.412759],[-79.943819,40.412654],[-79.943849,40.412716],[-79.943476,40.412805],[-79.943454,40.412759]]]},"properties":{"parcel_id":"0056B00231000000","block_lot":"56-B-231"}},{"type":"Feature","geometry":{"type":"Polygon","coordinates":[[[-79.943414,40.412677],[-79.943781,40.412577],[-79.9438,40.412615],[-79.943434,40.412717],[-79.943414,40.412677]]]},"properties":{"parcel_id":"0056B00232000000","block_lot":"56-B-232"}},{"type":"Feature","geometry":{"type":"Polygon","coordinates":[[[-79.943395,40.412638],[-79.943761,40.412535],[-79.943781,40.412577],[-79.943414,40.412677],[-79.943395,40.412638]]]},"properties":{"parcel_id":"0056B00233000000","block_lot":"56-B-233"}},{"type":"Feature","geometry":{"type":"Polygon","coordinates":[[[-79.943217,40.412273],[-79.943633,40.412153],[-79.943702,40.412291],[-79.944036,40.41219],[-79.944145,40.412427],[-79.943395,40.412638],[-79.943217,40.412273]]]},"properties":{"parcel_id":"0056B00234000000","block_lot":"56-B-234"}},{"type":"Feature","geometry":{"type":"Polygon","coordinates":[[[-79.943064,40.41196],[-79.943864,40.411818],[-79.943974,40.412056],[-79.943217,40.412273],[-79.943064,40.41196]]]},"properties":{"parcel_id":"0056B00240000000","block_lot":"56-B-240"}},{"type":"Feature","geometry":{"type":"Polygon","coordinates":[[[-79.94311,40.411681],[-79.943193,40.411937],[-79.943064,40.41196],[-79.942939,40.411711],[-79.94311,40.411681]]]},"properties":{"parcel_id":"0056B00246000000","block_lot":"56-B-246"}},{"type":"Feature","geometry":{"type":"Polygon","coordinates":[[[-79.94311,40.411681],[-79.94317,40.41167],[-79.94325,40.411927],[-79.943193,40.411937],[-79.94311,40.411681]]]},"properties":{"parcel_id":"0056B00247000000","block_lot":"56-B-247"}},{"type":"Feature","geometry":{"type":"Polygon","coordinates":[[[-79.94317,40.41167],[-79.943235,40.411658],[-79.943312,40.411916],[-79.94325,40.411927],[-79.94317,40.41167]]]},"properties":{"parcel_id":"0056B00248000000","block_lot":"56-B-248"}},{"type":"Feature","geometry":{"type":"Polygon","coordinates":[[[-79.943235,40.411658],[-79.943315,40.411644],[-79.943396,40.411901],[-79.943312,40.411916],[-79.943235,40.411658]]]},"properties":{"parcel_id":"0056B00249000000","block_lot":"56-B-249"}},{"type":"Feature","geometry":{"type":"Polygon","coordinates":[[[-79.943315,40.411644],[-79.94341,40.411627],[-79.943481,40.411885],[-79.943396,40.411901],[-79.943315,40.411644]]]},"properties":{"parcel_id":"0056B00250000000","block_lot":"56-B-250"}},{"type":"Feature","geometry":{"type":"Polygon","coordinates":[[[-79.94341,40.411627],[-79.943492,40.411612],[-79.943567,40.41187],[-79.943481,40.411885],[-79.94341,40.411627]]]},"properties":{"parcel_id":"0056B00251000000","block_lot":"56-B-251"}},{"type":"Feature","geometry":{"type":"Polygon","coordinates":[[[-79.943492,40.411612],[-79.943595,40.411594],[-79.943669,40.411852],[-79.943567,40.41187],[-79.943492,40.411612]]]},"properties":{"parcel_id":"0056B00252000000","block_lot":"56-B-252"}},{"type":"Feature","geometry":{"type":"Polygon","coordinates":[[[-79.943595,40.411594],[-79.943748,40.411566],[-79.943864,40.411818],[-79.943669,40.411852],[-79.943595,40.411594]]]},"properties":{"parcel_id":"0056B00254000000","block_lot":"56-B-254"}},{"type":"Feature","geometry":{"type":"Polygon","coordinates":[[[-79.943633,40.412153],[-79.943974,40.412056],[-79.944036,40.41219],[-79.943702,40.412291],[-79.943633,40.412153]]]},"properties":{"parcel_id":"0056B00261000000","block_lot":"56-B-261"}},{"type":"Feature","geometry":{"type":"Polygon","coordinates":[[[-79.943849,40.412716],[-79.943761,40.412535],[-79.944145,40.412427],[-79.944237,40.412624],[-79.943849,40.412716]]]},"properties":{"parcel_id":"0056B00269000000","block_lot":"56-B-269"}},{"type":"Feature","geometry":{"type":"Polygon","coordinates":[[[-79.945155,40.413133],[-79.9447,40.413237],[-79.944432,40.412698],[-79.94498,40.412568],[-79.944986,40.412655],[-79.944997,40.412726],[-79.945024,40.412816],[-79.945057,40.412916],[-79.945108,40.413019],[-79.945155,40.413133]]]},"properties":{"parcel_id":"0056B00280000000","block_lot":"56-B-280"}},{"type":"Feature","geometry":{"type":"Polygon","coordinates":[[[-79.944342,40.412524],[-79.944709,40.412424],[-79.944749,40.412502],[-79.944373,40.412588],[-79.944342,40.412524]]]},"properties":{"parcel_id":"0056B00294000000","block_lot":"56-B-294"}},{"type":"Feature","geometry":{"type":"Polygon","coordinates":[[[-79.944296,40.412428],[-79.94466,40.412328],[-79.944709,40.412424],[-79.944342,40.412524],[-79.944296,40.412428]]]},"properties":{"parcel_id":"0056B00295000000","block_lot":"56-B-295"}},{"type":"Feature","geometry":{"type":"Polygon","coordinates":[[[-79.94427,40.412375],[-79.944628,40.412267],[-79.94466,40.412328],[-79.944296,40.412428],[-79.94427,40.412375]]]},"properties":{"parcel_id":"0056B00297000000","block_lot":"56-B-297"}},{"type":"Feature","geometry":{"type":"Polygon","coordinates":[[[-79.944628,40.412267],[-79.94427,40.412375],[-79.944209,40.412248],[-79.944564,40.412142],[-79.944628,40.412267]]]},"properties":{"parcel_id":"0056B00298000000","block_lot":"56-B-298"}},{"type":"Feature","geometry":{"type":"Polygon","coordinates":[[[-79.944177,40.412182],[-79.944531,40.412078],[-79.944564,40.412142],[-79.944209,40.412248],[-79.944177,40.412182]]]},"properties":{"parcel_id":"0056B00300000000","block_lot":"56-B-300"}},{"type":"Feature","geometry":{"type":"Polygon","coordinates":[[[-79.944122,40.412069],[-79.944477,40.411972],[-79.944531,40.412078],[-79.944177,40.412182],[-79.944122,40.412069]]]},"properties":{"parcel_id":"0056B00301000000","block_lot":"56-B-301"}},{"type":"Feature","geometry":{"type":"Polygon","coordinates":[[[-79.944099,40.41202],[-79.944453,40.411926],[-79.944477,40.411972],[-79.944122,40.412069],[-79.944099,40.41202]]]},"properties":{"parcel_id":"0056B00303000000","block_lot":"56-B-303"}},{"type":"Feature","geometry":{"type":"Polygon","coordinates":[[[-79.94408,40.411983],[-79.944431,40.411884],[-79.944453,40.411926],[-79.944099,40.41202],[-79.94408,40.411983]]]},"properties":{"parcel_id":"0056B00304000000","block_lot":"56-B-304"}},{"type":"Feature","geometry":{"type":"Polygon","coordinates":[[[-79.944059,40.411937],[-79.944407,40.411837],[-79.944431,40.411884],[-79.94408,40.411983],[-79.944059,40.411937]]]},"properties":{"parcel_id":"0056B00305000000","block_lot":"56-B-305"}},{"type":"Feature","geometry":{"type":"Polygon","coordinates":[[[-79.944042,40.411903],[-79.944388,40.411801],[-79.944407,40.411837],[-79.944059,40.411937],[-79.944042,40.411903]]]},"properties":{"parcel_id":"0056B00306000000","block_lot":"56-B-306"}},{"type":"Feature","geometry":{"type":"Polygon","coordinates":[[[-79.944388,40.411801],[-79.944042,40.411903],[-79.944023,40.411864],[-79.944374,40.411773],[-79.944388,40.411801]]]},"properties":{"parcel_id":"0056B00307000000","block_lot":"56-B-307"}},{"type":"Feature","geometry":{"type":"Polygon","coordinates":[[[-79.944734,40.412306],[-79.944944,40.412248],[-79.944957,40.412451],[-79.944823,40.412481],[-79.944734,40.412306]]]},"properties":{"parcel_id":"0056B00308000000","block_lot":"56-B-308"}},{"type":"Feature","geometry":{"type":"Polygon","coordinates":[[[-79.944734,40.412306],[-79.944701,40.412242],[-79.944944,40.412176],[-79.944944,40.412248],[-79.944734,40.412306]]]},"properties":{"parcel_id":"0056B00311000000","block_lot":"56-B-311"}},{"type":"Feature","geometry":{"type":"Polygon","coordinates":[[[-79.944671,40.412181],[-79.944942,40.412107],[-79.944945,40.412132],[-79.944944,40.412176],[-79.944701,40.412242],[-79.944671,40.412181]]]},"properties":{"parcel_id":"0056B00312000000","block_lot":"56-B-312"}},{"type":"Feature","geometry":{"type":"Polygon","coordinates":[[[-79.944639,40.412119],[-79.944933,40.41203],[-79.944942,40.412107],[-79.944671,40.412181],[-79.944639,40.412119]]]},"properties":{"parcel_id":"0056B00313000000","block_lot":"56-B-313"}},{"type":"Feature","geometry":{"type":"Polygon","coordinates":[[[-79.9446,40.412043],[-79.944916,40.411963],[-79.944933,40.41203],[-79.944639,40.412119],[-79.9446,40.412043]]]},"properties":{"parcel_id":"0056B00314000000","block_lot":"56-B-314"}},{"type":"Feature","geometry":{"type":"Polygon","coordinates":[[[-79.944577,40.411998],[-79.944901,40.411909],[-79.944916,40.411963],[-79.9446,40.412043],[-79.944577,40.411998]]]},"properties":{"parcel_id":"0056B00315000000","block_lot":"56-B-315"}},{"type":"Feature","geometry":{"type":"Polygon","coordinates":[[[-79.944547,40.411938],[-79.944876,40.41184],[-79.944888,40.411863],[-79.944901,40.411909],[-79.944577,40.411998],[-79.944547,40.411938]]]},"properties":{"parcel_id":"0056B00316000000","block_lot":"56-B-316"}},{"type":"Feature","geometry":{"type":"Polygon","coordinates":[[[-79.944515,40.411875],[-79.944845,40.411782],[-79.944876,40.41184],[-79.944547,40.411938],[-79.944515,40.411875]]]},"properties":{"parcel_id":"0056B00317000000","block_lot":"56-B-317"}},{"type":"Feature","geometry":{"type":"Polygon","coordinates":[[[-79.944484,40.411814],[-79.944812,40.41172],[-79.944845,40.411782],[-79.944515,40.411875],[-79.944484,40.411814]]]},"properties":{"parcel_id":"0056B00318000000","block_lot":"56-B-318"}},{"type":"Feature","geometry":{"type":"Polygon","coordinates":[[[-79.944454,40.411755],[-79.94478,40.411664],[-79.944812,40.41172],[-79.944484,40.411814],[-79.944454,40.411755]]]},"properties":{"parcel_id":"0056B00319000000","block_lot":"56-B-319"}},{"type":"Feature","geometry":{"type":"Polygon","coordinates":[[[-79.944354,40.411713],[-79.94433,40.411631],[-79.944706,40.411528],[-79.94478,40.411664],[-79.944454,40.411755],[-79.944424,40.411695],[-79.944354,40.411713]]]},"properties":{"parcel_id":"0056B00320000000","block_lot":"56-B-320"}},{"type":"Feature","geometry":{"type":"Polygon","coordinates":[[[-79.944254,40.411478],[-79.944643,40.411411],[-79.944706,40.411528],[-79.944313,40.411636],[-79.944254,40.411478]]]},"properties":{"parcel_id":"0056B00323000000","block_lot":"56-B-323"}},{"type":"Feature","geometry":{"type":"Polygon","coordinates":[[[-79.944139,40.411766],[-79.944062,40.411511],[-79.944254,40.411478],[-79.944313,40.411636],[-79.94433,40.411631],[-79.944354,40.411713],[-79.944139,40.411766]]]},"properties":{"parcel_id":"0056B00326000000","block_lot":"56-B-326"}},{"type":"Feature","geometry":{"type":"Polygon","coordinates":[[[-79.944062,40.411511],[-79.944139,40.411766],[-79.943995,40.411801],[-79.943871,40.411544],[-79.944062,40.411511]]]},"properties":{"parcel_id":"0056B00328000000","block_lot":"56-B-328"}},{"type":"Feature","geometry":{"type":"Polygon","coordinates":[[[-79.942752,40.411321],[-79.942871,40.4113],[-79.942947,40.411549],[-79.942855,40.411566],[-79.942752,40.411321]]]},"properties":{"parcel_id":"0056B00332000000","block_lot":"56-B-332"}},{"type":"Feature","geometry":{"type":"Polygon","coordinates":[[[-79.942446,40.411297],[-79.942552,40.411277],[-79.942707,40.411576],[-79.942601,40.411596],[-79.942446,40.411297]]]},"properties":{"parcel_id":"0056B00334000000","block_lot":"56-B-334"}},{"type":"Feature","geometry":{"type":"Polygon","coordinates":[[[-79.942601,40.411596],[-79.942515,40.411611],[-79.94236,40.411315],[-79.942446,40.411297],[-79.942601,40.411596]]]},"properties":{"parcel_id":"0056B00336000000","block_lot":"56-B-336"}},{"type":"Feature","geometry":{"type":"Polygon","coordinates":[[[-79.942269,40.411331],[-79.94236,40.411315],[-79.942515,40.411611],[-79.942426,40.411627],[-79.942269,40.411331]]]},"properties":{"parcel_id":"0056B00337000000","block_lot":"56-B-337"}},{"type":"Feature","geometry":{"type":"Polygon","coordinates":[[[-79.942227,40.411339],[-79.942269,40.411331],[-79.942426,40.411627],[-79.942382,40.411636],[-79.942227,40.411339]]]},"properties":{"parcel_id":"0056B00338000000","block_lot":"56-B-338"}},{"type":"Feature","geometry":{"type":"Polygon","coordinates":[[[-79.9421,40.411364],[-79.942227,40.411339],[-79.942382,40.411636],[-79.942251,40.411659],[-79.9421,40.411364]]]},"properties":{"parcel_id":"0056B00339000000","block_lot":"56-B-339"}},{"type":"Feature","geometry":{"type":"Polygon","coordinates":[[[-79.941937,40.411392],[-79.9421,40.411364],[-79.942251,40.411659],[-79.942119,40.411679],[-79.942095,40.411689],[-79.941937,40.411392]]]},"properties":{"parcel_id":"0056B00341000000","block_lot":"56-B-341"}},{"type":"Feature","geometry":{"type":"Polygon","coordinates":[[[-79.942095,40.411689],[-79.942012,40.411723],[-79.941845,40.411413],[-79.941937,40.411392],[-79.942095,40.411689]]]},"properties":{"parcel_id":"0056B00343000000","block_lot":"56-B-343"}},{"type":"Feature","geometry":{"type":"Polygon","coordinates":[[[-79.941763,40.41144],[-79.941845,40.411413],[-79.942012,40.411723],[-79.941928,40.411759],[-79.941763,40.41144]]]},"properties":{"parcel_id":"0056B00344000000","block_lot":"56-B-344"}},{"type":"Feature","geometry":{"type":"Polygon","coordinates":[[[-79.941668,40.411474],[-79.941763,40.41144],[-79.941928,40.411759],[-79.941842,40.411796],[-79.941668,40.411474]]]},"properties":{"parcel_id":"0056B00345000000","block_lot":"56-B-345"}},{"type":"Feature","geometry":{"type":"Polygon","coordinates":[[[-79.941534,40.411709],[-79.941115,40.411876],[-79.940909,40.411584],[-79.941494,40.411352],[-79.941749,40.411833],[-79.941648,40.411872],[-79.941534,40.411709]]]},"properties":{"parcel_id":"0056B00352000000","block_lot":"56-B-352"}},{"type":"Feature","geometry":{"type":"Polygon","coordinates":[[[-79.941474,40.411732],[-79.941534,40.411709],[-79.941648,40.411872],[-79.941585,40.411895],[-79.941474,40.411732]]]},"properties":{"parcel_id":"0056B00354000000","block_lot":"56-B-354"}},{"type":"Feature","geometry":{"type":"Polygon","coordinates":[[[-79.941404,40.41176],[-79.941474,40.411732],[-79.941585,40.411895],[-79.941517,40.411923],[-79.941404,40.41176]]]},"properties":{"parcel_id":"0056B00355000000","block_lot":"56-B-355"}},{"type":"Feature","geometry":{"type":"Polygon","coordinates":[[[-79.941327,40.41179],[-79.941404,40.41176],[-79.941517,40.411923],[-79.941448,40.411954],[-79.941423,40.411922],[-79.941412,40.411927],[-79.941327,40.41179]]]},"properties":{"parcel_id":"0056B00356000000","block_lot":"56-B-356"}},{"type":"Feature","geometry":{"type":"Polygon","coordinates":[[[-79.941258,40.411818],[-79.941327,40.41179],[-79.941412,40.411927],[-79.941423,40.411922],[-79.941448,40.411954],[-79.941367,40.41199],[-79.941258,40.411818]]]},"properties":{"parcel_id":"0056B00357000000","block_lot":"56-B-357"}},{"type":"Feature","geometry":{"type":"Polygon","coordinates":[[[-79.941367,40.41199],[-79.941234,40.412041],[-79.941115,40.411876],[-79.941258,40.411818],[-79.941367,40.41199]]]},"properties":{"parcel_id":"0056B00358000000","block_lot":"56-B-358"}},{"type":"Feature","geometry":{"type":"Polygon","coordinates":[[[-79.938033,40.411327],[-79.93812,40.411308],[-79.938226,40.411557],[-79.938146,40.411593],[-79.938033,40.411327]]]},"properties":{"parcel_id":"0056C00001000000","block_lot":"56-C-1"}},{"type":"Feature","geometry":{"type":"Polygon","coordinates":[[[-79.937877,40.411362],[-79.938033,40.411327],[-79.938146,40.411593],[-79.937993,40.411663],[-79.937877,40.411362]]]},"properties":{"parcel_id":"0056C00002000000","block_lot":"56-C-2"}},{"type":"Feature","geometry":{"type":"Polygon","coordinates":[[[-79.937913,40.411699],[-79.937788,40.411382],[-79.937877,40.411362],[-79.937993,40.411663],[-79.937913,40.411699]]]},"properties":{"parcel_id":"0056C00004000000","block_lot":"56-C-4"}},{"type":"Feature","geometry":{"type":"Polygon","coordinates":[[[-79.937815,40.411683],[-79.937706,40.411401],[-79.937788,40.411382],[-79.937913,40.411699],[-79.937815,40.411683]]]},"properties":{"parcel_id":"0056C00005000000","block_lot":"56-C-5"}},{"type":"Feature","geometry":{"type":"Polygon","coordinates":[[[-79.937725,40.411669],[-79.937623,40.41142],[-79.937706,40.411401],[-79.937815,40.411683],[-79.937725,40.411669]]]},"properties":{"parcel_id":"0056C00006000000","block_lot":"56-C-6"}},{"type":"Feature","geometry":{"type":"Polygon","coordinates":[[[-79.937623,40.411652],[-79.937541,40.411438],[-79.937623,40.41142],[-79.937725,40.411669],[-79.937623,40.411652]]]},"properties":{"parcel_id":"0056C00007000000","block_lot":"56-C-7"}},{"type":"Feature","geometry":{"type":"Polygon","coordinates":[[[-79.937435,40.411622],[-79.937373,40.411476],[-79.937541,40.411438],[-79.937623,40.411652],[-79.937435,40.411622]]]},"properties":{"parcel_id":"0056C00008000000","block_lot":"56-C-8"}},{"type":"Feature","geometry":{"type":"Polygon","coordinates":[[[-79.937373,40.411476],[-79.937435,40.411622],[-79.937157,40.411577],[-79.937149,40.411526],[-79.937373,40.411476]]]},"properties":{"parcel_id":"0056C00010000000","block_lot":"56-C-10"}},{"type":"Feature","geometry":{"type":"Polygon","coordinates":[[[-79.939173,40.411558],[-79.93911,40.411586],[-79.938904,40.411319],[-79.938959,40.411293],[-79.939173,40.411558]]]},"properties":{"parcel_id":"0056C00037000000","block_lot":"56-C-37"}},{"type":"Feature","geometry":{"type":"Polygon","coordinates":[[[-79.93911,40.411586],[-79.939055,40.41161],[-79.938851,40.411343],[-79.938904,40.411319],[-79.93911,40.411586]]]},"properties":{"parcel_id":"0056C00038000000","block_lot":"56-C-38"}},{"type":"Feature","geometry":{"type":"Polygon","coordinates":[[[-79.93879,40.41137],[-79.938851,40.411343],[-79.939066,40.411625],[-79.939011,40.41165],[-79.93879,40.41137]]]},"properties":{"parcel_id":"0056C00039000000","block_lot":"56-C-39"}},{"type":"Feature","geometry":{"type":"Polygon","coordinates":[[[-79.938735,40.411395],[-79.93879,40.41137],[-79.939011,40.41165],[-79.938953,40.411676],[-79.938735,40.411395]]]},"properties":{"parcel_id":"0056C00040000000","block_lot":"56-C-40"}},{"type":"Feature","geometry":{"type":"Polygon","coordinates":[[[-79.938735,40.411395],[-79.938953,40.411676],[-79.9389,40.411701],[-79.938683,40.411419],[-79.938735,40.411395]]]},"properties":{"parcel_id":"0056C00041000000","block_lot":"56-C-41"}},{"type":"Feature","geometry":{"type":"Polygon","coordinates":[[[-79.938625,40.411445],[-79.938683,40.411419],[-79.9389,40.411701],[-79.938846,40.411726],[-79.938625,40.411445]]]},"properties":{"parcel_id":"0056C00042000000","block_lot":"56-C-42"}},{"type":"Feature","geometry":{"type":"Polygon","coordinates":[[[-79.93857,40.411471],[-79.938625,40.411445],[-79.938846,40.411726],[-79.938785,40.411754],[-79.93857,40.411471]]]},"properties":{"parcel_id":"0056C00043000000","block_lot":"56-C-43"}},{"type":"Feature","geometry":{"type":"Polygon","coordinates":[[[-79.93852,40.411491],[-79.93857,40.411471],[-79.938785,40.411754],[-79.938736,40.411774],[-79.93852,40.411491]]]},"properties":{"parcel_id":"0056C00044000000","block_lot":"56-C-44"}},{"type":"Feature","geometry":{"type":"Polygon","coordinates":[[[-79.938458,40.41152],[-79.93852,40.411491],[-79.938736,40.411774],[-79.938671,40.411805],[-79.938458,40.41152]]]},"properties":{"parcel_id":"0056C00045000000","block_lot":"56-C-45"}},{"type":"Feature","geometry":{"type":"Polygon","coordinates":[[[-79.938618,40.411829],[-79.938404,40.411545],[-79.938458,40.41152],[-79.938671,40.411805],[-79.938618,40.411829]]]},"properties":{"parcel_id":"0056C00046000000","block_lot":"56-C-46"}},{"type":"Feature","geometry":{"type":"Polygon","coordinates":[[[-79.938547,40.411862],[-79.938327,40.411579],[-79.938404,40.411545],[-79.938618,40.411829],[-79.938547,40.411862]]]},"properties":{"parcel_id":"0056C00047000000","block_lot":"56-C-47"}},{"type":"Feature","geometry":{"type":"Polygon","coordinates":[[[-79.938498,40.411884],[-79.938277,40.411603],[-79.938327,40.411579],[-79.938547,40.411862],[-79.938498,40.411884]]]},"properties":{"parcel_id":"0056C00049000000","block_lot":"56-C-49"}},{"type":"Feature","geometry":{"type":"Polygon","coordinates":[[[-79.938449,40.411906],[-79.938223,40.411627],[-79.938277,40.411603],[-79.938498,40.411884],[-79.938449,40.411906]]]},"properties":{"parcel_id":"0056C00050000000","block_lot":"56-C-50"}},{"type":"Feature","geometry":{"type":"Polygon","coordinates":[[[-79.938173,40.41165],[-79.938223,40.411627],[-79.938449,40.411906],[-79.938395,40.411931],[-79.938173,40.41165]]]},"properties":{"parcel_id":"0056C00051000000","block_lot":"56-C-51"}},{"type":"Feature","geometry":{"type":"Polygon","coordinates":[[[-79.938119,40.411674],[-79.938173,40.41165],[-79.938395,40.411931],[-79.938345,40.411954],[-79.938119,40.411674]]]},"properties":{"parcel_id":"0056C00052000000","block_lot":"56-C-52"}},{"type":"Feature","geometry":{"type":"Polygon","coordinates":[[[-79.938069,40.411697],[-79.938119,40.411674],[-79.938345,40.411954],[-79.938286,40.411981],[-79.938069,40.411697]]]},"properties":{"parcel_id":"0056C00053000000","block_lot":"56-C-53"}},{"type":"Feature","geometry":{"type":"Polygon","coordinates":[[[-79.938005,40.411727],[-79.938069,40.411697],[-79.938286,40.411981],[-79.93823,40.412007],[-79.938005,40.411727]]]},"properties":{"parcel_id":"0056C00054000000","block_lot":"56-C-54"}},{"type":"Feature","geometry":{"type":"Polygon","coordinates":[[[-79.938184,40.412028],[-79.937967,40.411744],[-79.938005,40.411727],[-79.93823,40.412007],[-79.938184,40.412028]]]},"properties":{"parcel_id":"0056C00055000000","block_lot":"56-C-55"}},{"type":"Feature","geometry":{"type":"Polygon","coordinates":[[[-79.93814,40.412049],[-79.93794,40.411756],[-79.937967,40.411744],[-79.938184,40.412028],[-79.93814,40.412049]]]},"properties":{"parcel_id":"0056C00056000000","block_lot":"56-C-56"}},{"type":"Feature","geometry":{"type":"Polygon","coordinates":[[[-79.937916,40.412035],[-79.937984,40.411822],[-79.93814,40.412049],[-79.938107,40.412064],[-79.937916,40.412035]]]},"properties":{"parcel_id":"0056C00057000000","block_lot":"56-C-57"}},{"type":"Feature","geometry":{"type":"Polygon","coordinates":[[[-79.93767,40.411998],[-79.937735,40.411726],[-79.93794,40.411756],[-79.937984,40.411822],[-79.937916,40.412035],[-79.93767,40.411998]]]},"properties":{"parcel_id":"0056C00059000000","block_lot":"56-C-59"}},{"type":"Feature","geometry":{"type":"Polygon","coordinates":[[[-79.937581,40.411984],[-79.937645,40.411713],[-79.937735,40.411726],[-79.93767,40.411998],[-79.937581,40.411984]]]},"properties":{"parcel_id":"0056C00062000000","block_lot":"56-C-62"}},{"type":"Feature","geometry":{"type":"Polygon","coordinates":[[[-79.937494,40.411971],[-79.937565,40.411701],[-79.937645,40.411713],[-79.937581,40.411984],[-79.937494,40.411971]]]},"properties":{"parcel_id":"0056C00063000000","block_lot":"56-C-63"}},{"type":"Feature","geometry":{"type":"Polygon","coordinates":[[[-79.937444,40.411964],[-79.93751,40.411693],[-79.937565,40.411701],[-79.937494,40.411971],[-79.937444,40.411964]]]},"properties":{"parcel_id":"0056C00064000000","block_lot":"56-C-64"}},{"type":"Feature","geometry":{"type":"Polygon","coordinates":[[[-79.937386,40.411955],[-79.937459,40.411685],[-79.93751,40.411693],[-79.937444,40.411964],[-79.937386,40.411955]]]},"properties":{"parcel_id":"0056C00064000A00","block_lot":"56-C-64-A"}},{"type":"Feature","geometry":{"type":"Polygon","coordinates":[[[-79.937325,40.411946],[-79.937402,40.411677],[-79.937459,40.411685],[-79.937386,40.411955],[-79.937325,40.411946]]]},"properties":{"parcel_id":"0056C00065000000","block_lot":"56-C-65"}},{"type":"Feature","geometry":{"type":"Polygon","coordinates":[[[-79.937263,40.411937],[-79.93733,40.411666],[-79.937402,40.411677],[-79.937325,40.411946],[-79.937263,40.411937]]]},"properties":{"parcel_id":"0056C00066000000","block_lot":"56-C-66"}},{"type":"Feature","geometry":{"type":"Polygon","coordinates":[[[-79.937127,40.411916],[-79.937195,40.411647],[-79.93727,40.411658],[-79.937204,40.411928],[-79.937127,40.411916]]]},"properties":{"parcel_id":"0056C00067000000","block_lot":"56-C-67"}},{"type":"Feature","geometry":{"type":"Polygon","coordinates":[[[-79.937204,40.411928],[-79.93727,40.411658],[-79.93733,40.411666],[-79.937263,40.411937],[-79.937204,40.411928]]]},"properties":{"parcel_id":"0056C00068000000","block_lot":"56-C-68"}},{"type":"Feature","geometry":{"type":"Polygon","coordinates":[[[-79.937061,40.411906],[-79.937126,40.411636],[-79.937195,40.411647],[-79.937127,40.411916],[-79.937061,40.411906]]]},"properties":{"parcel_id":"0056C00069000000","block_lot":"56-C-69"}},{"type":"Feature","geometry":{"type":"Polygon","coordinates":[[[-79.936984,40.411895],[-79.937051,40.411625],[-79.937126,40.411636],[-79.937061,40.411906],[-79.936984,40.411895]]]},"properties":{"parcel_id":"0056C00070000000","block_lot":"56-C-70"}},{"type":"Feature","geometry":{"type":"Polygon","coordinates":[[[-79.936931,40.411887],[-79.936999,40.411618],[-79.937051,40.411625],[-79.936984,40.411895],[-79.936931,40.411887]]]},"properties":{"parcel_id":"0056C00071000000","block_lot":"56-C-71"}},{"type":"Feature","geometry":{"type":"Polygon","coordinates":[[[-79.936941,40.412264],[-79.936875,40.412257],[-79.936926,40.412031],[-79.937,40.412042],[-79.936941,40.412264]]]},"properties":{"parcel_id":"0056C00073000000","block_lot":"56-C-73"}},{"type":"Feature","geometry":{"type":"Polygon","coordinates":[[[-79.936941,40.412264],[-79.937,40.412042],[-79.937063,40.412052],[-79.937012,40.412272],[-79.936941,40.412264]]]},"properties":{"parcel_id":"0056C00074000000","block_lot":"56-C-74"}},{"type":"Feature","geometry":{"type":"Polygon","coordinates":[[[-79.937012,40.412272],[-79.937063,40.412052],[-79.937138,40.412063],[-79.937083,40.41228],[-79.937012,40.412272]]]},"properties":{"parcel_id":"0056C00075000000","block_lot":"56-C-75"}},{"type":"Feature","geometry":{"type":"Polygon","coordinates":[[[-79.937158,40.412289],[-79.937083,40.41228],[-79.937138,40.412063],[-79.937213,40.412075],[-79.937158,40.412289]]]},"properties":{"parcel_id":"0056C00076000000","block_lot":"56-C-76"}},{"type":"Feature","geometry":{"type":"Polygon","coordinates":[[[-79.937845,40.412172],[-79.937683,40.412227],[-79.93762,40.412137],[-79.937845,40.412172]]]},"properties":{"parcel_id":"0056C00079000000","block_lot":"56-C-79"}},{"type":"Feature","geometry":{"type":"Polygon","coordinates":[[[-79.937683,40.412227],[-79.937615,40.412251],[-79.937535,40.412125],[-79.93762,40.412137],[-79.937683,40.412227]]]},"properties":{"parcel_id":"0056C00081000000","block_lot":"56-C-81"}},{"type":"Feature","geometry":{"type":"Polygon","coordinates":[[[-79.937615,40.412251],[-79.937553,40.412272],[-79.937449,40.412111],[-79.937535,40.412125],[-79.937615,40.412251]]]},"properties":{"parcel_id":"0056C00082000000","block_lot":"56-C-82"}},{"type":"Feature","geometry":{"type":"Polygon","coordinates":[[[-79.937553,40.412272],[-79.937492,40.412293],[-79.937378,40.4121],[-79.937449,40.412111],[-79.937553,40.412272]]]},"properties":{"parcel_id":"0056C00083000000","block_lot":"56-C-83"}},{"type":"Feature","geometry":{"type":"Polygon","coordinates":[[[-79.937492,40.412293],[-79.937397,40.412325],[-79.937371,40.412177],[-79.93731,40.41209],[-79.937378,40.4121],[-79.937492,40.412293]]]},"properties":{"parcel_id":"0056C00084000000","block_lot":"56-C-84"}},{"type":"Feature","geometry":{"type":"Polygon","coordinates":[[[-79.937397,40.412325],[-79.93727,40.412369],[-79.93722,40.412296],[-79.937158,40.412289],[-79.937213,40.412075],[-79.93731,40.41209],[-79.937371,40.412177],[-79.937397,40.412325]]]},"properties":{"parcel_id":"0056C00085000000","block_lot":"56-C-85"}},{"type":"Feature","geometry":{"type":"Polygon","coordinates":[[[-79.937113,40.412283],[-79.93722,40.412296],[-79.93727,40.412369],[-79.937185,40.4124],[-79.937113,40.412283]]]},"properties":{"parcel_id":"0056C00087000000","block_lot":"56-C-87"}},{"type":"Feature","geometry":{"type":"Polygon","coordinates":[[[-79.937012,40.412272],[-79.937113,40.412283],[-79.937185,40.4124],[-79.937108,40.412429],[-79.937012,40.412272]]]},"properties":{"parcel_id":"0056C00088000000","block_lot":"56-C-88"}},{"type":"Feature","geometry":{"type":"Polygon","coordinates":[[[-79.93703,40.412458],[-79.936972,40.412362],[-79.936909,40.41226],[-79.937012,40.412272],[-79.937108,40.412429],[-79.93703,40.412458]]]},"properties":{"parcel_id":"0056C00089000000","block_lot":"56-C-89"}},{"type":"Feature","geometry":{"type":"Polygon","coordinates":[[[-79.938334,40.41374],[-79.938642,40.413543],[-79.938757,40.413648],[-79.938455,40.413849],[-79.938334,40.41374]]]},"properties":{"parcel_id":"0056C00115000000","block_lot":"56-C-115"}},{"type":"Feature","geometry":{"type":"Polygon","coordinates":[[[-79.938274,40.413686],[-79.938582,40.413487],[-79.938642,40.413543],[-79.938334,40.41374],[-79.938274,40.413686]]]},"properties":{"parcel_id":"0056C00118000000","block_lot":"56-C-118"}},{"type":"Feature","geometry":{"type":"Polygon","coordinates":[[[-79.938213,40.413631],[-79.938524,40.413434],[-79.938582,40.413487],[-79.938274,40.413686],[-79.938213,40.413631]]]},"properties":{"parcel_id":"0056C00119000000","block_lot":"56-C-119"}},{"type":"Feature","geometry":{"type":"Polygon","coordinates":[[[-79.938165,40.413588],[-79.938473,40.413387],[-79.938524,40.413434],[-79.938213,40.413631],[-79.938165,40.413588]]]},"properties":{"parcel_id":"0056C00120000000","block_lot":"56-C-120"}},{"type":"Feature","geometry":{"type":"Polygon","coordinates":[[[-79.937994,40.413434],[-79.938307,40.413234],[-79.938473,40.413387],[-79.938165,40.413588],[-79.937994,40.413434]]]},"properties":{"parcel_id":"0056C00121000000","block_lot":"56-C-121"}},{"type":"Feature","geometry":{"type":"Polygon","coordinates":[[[-79.937945,40.41339],[-79.938254,40.413185],[-79.938307,40.413234],[-79.937994,40.413434],[-79.937945,40.41339]]]},"properties":{"parcel_id":"0056C00124000000","block_lot":"56-C-124"}},{"type":"Feature","geometry":{"type":"Polygon","coordinates":[[[-79.937883,40.413334],[-79.9382,40.413135],[-79.938254,40.413185],[-79.937945,40.41339],[-79.937883,40.413334]]]},"properties":{"parcel_id":"0056C00125000000","block_lot":"56-C-125"}},{"type":"Feature","geometry":{"type":"Polygon","coordinates":[[[-79.937715,40.413183],[-79.938033,40.412981],[-79.9382,40.413135],[-79.937883,40.413334],[-79.937715,40.413183]]]},"properties":{"parcel_id":"0056C00126000000","block_lot":"56-C-126"}},{"type":"Feature","geometry":{"type":"Polygon","coordinates":[[[-79.937658,40.413132],[-79.937977,40.41293],[-79.938033,40.412981],[-79.937715,40.413183],[-79.937658,40.413132]]]},"properties":{"parcel_id":"0056C00129000000","block_lot":"56-C-129"}},{"type":"Feature","geometry":{"type":"Polygon","coordinates":[[[-79.937602,40.413082],[-79.937922,40.412879],[-79.937977,40.41293],[-79.937658,40.413132],[-79.937602,40.413082]]]},"properties":{"parcel_id":"0056C00130000000","block_lot":"56-C-130"}},{"type":"Feature","geometry":{"type":"Polygon","coordinates":[[[-79.93749,40.41298],[-79.937811,40.412776],[-79.937922,40.412879],[-79.937602,40.413082],[-79.93749,40.41298]]]},"properties":{"parcel_id":"0056C00131000000","block_lot":"56-C-131"}},{"type":"Feature","geometry":{"type":"Polygon","coordinates":[[[-79.937435,40.412931],[-79.937757,40.412727],[-79.937811,40.412776],[-79.93749,40.41298],[-79.937435,40.412931]]]},"properties":{"parcel_id":"0056C00133000000","block_lot":"56-C-133"}},{"type":"Feature","geometry":{"type":"Polygon","coordinates":[[[-79.937378,40.41288],[-79.937701,40.412675],[-79.937757,40.412727],[-79.937435,40.412931],[-79.937378,40.41288]]]},"properties":{"parcel_id":"0056C00134000000","block_lot":"56-C-134"}},{"type":"Feature","geometry":{"type":"Polygon","coordinates":[[[-79.93727,40.412783],[-79.937595,40.412577],[-79.937701,40.412675],[-79.937378,40.41288],[-79.93727,40.412783]]]},"properties":{"parcel_id":"0056C00135000000","block_lot":"56-C-135"}},{"type":"Feature","geometry":{"type":"Polygon","coordinates":[[[-79.937151,40.412676],[-79.937481,40.412472],[-79.937595,40.412577],[-79.93727,40.412783],[-79.937151,40.412676]]]},"properties":{"parcel_id":"0056C00137000000","block_lot":"56-C-137"}},{"type":"Feature","geometry":{"type":"Polygon","coordinates":[[[-79.937481,40.412472],[-79.937151,40.412676],[-79.937056,40.412591],[-79.937452,40.412445],[-79.937481,40.412472]]]},"properties":{"parcel_id":"0056C00139000000","block_lot":"56-C-139"}},{"type":"Feature","geometry":{"type":"Polygon","coordinates":[[[-79.93892,40.413698],[-79.939247,40.413489],[-79.939339,40.413572],[-79.939099,40.413862],[-79.93892,40.413698]]]},"properties":{"parcel_id":"0056C00195000000","block_lot":"56-C-195"}},{"type":"Feature","geometry":{"type":"Polygon","coordinates":[[[-79.938865,40.413648],[-79.939197,40.413443],[-79.939247,40.413489],[-79.93892,40.413698],[-79.938865,40.413648]]]},"properties":{"parcel_id":"0056C00196000000","block_lot":"56-C-196"}},{"type":"Feature","geometry":{"type":"Polygon","coordinates":[[[-79.938811,40.413598],[-79.939142,40.413393],[-79.939197,40.413443],[-79.938865,40.413648],[-79.938811,40.413598]]]},"properties":{"parcel_id":"0056C00197000000","block_lot":"56-C-197"}},{"type":"Feature","geometry":{"type":"Polygon","coordinates":[[[-79.938703,40.4135],[-79.939028,40.41329],[-79.939142,40.413393],[-79.938811,40.413598],[-79.938703,40.4135]]]},"properties":{"parcel_id":"0056C00198000000","block_lot":"56-C-198"}},{"type":"Feature","geometry":{"type":"Polygon","coordinates":[[[-79.938534,40.413345],[-79.938861,40.413139],[-79.939028,40.41329],[-79.938703,40.4135],[-79.938534,40.413345]]]},"properties":{"parcel_id":"0056C00200000000","block_lot":"56-C-200"}},{"type":"Feature","geometry":{"type":"Polygon","coordinates":[[[-79.93848,40.413295],[-79.938807,40.41309],[-79.938861,40.413139],[-79.938534,40.413345],[-79.93848,40.413295]]]},"properties":{"parcel_id":"0056C00203000000","block_lot":"56-C-203"}},{"type":"Feature","geometry":{"type":"Polygon","coordinates":[[[-79.938428,40.413248],[-79.938752,40.41304],[-79.938807,40.41309],[-79.93848,40.413295],[-79.938428,40.413248]]]},"properties":{"parcel_id":"0056C00204000000","block_lot":"56-C-204"}},{"type":"Feature","geometry":{"type":"Polygon","coordinates":[[[-79.938281,40.413113],[-79.938604,40.412905],[-79.938752,40.41304],[-79.938428,40.413248],[-79.938281,40.413113]]]},"properties":{"parcel_id":"0056C00205000000","block_lot":"56-C-205"}},{"type":"Feature","geometry":{"type":"Polygon","coordinates":[[[-79.938281,40.413113],[-79.938238,40.413074],[-79.938564,40.412869],[-79.938604,40.412905],[-79.938281,40.413113]]]},"properties":{"parcel_id":"0056C00207000000","block_lot":"56-C-207"}},{"type":"Feature","geometry":{"type":"Polygon","coordinates":[[[-79.938202,40.413042],[-79.938528,40.412836],[-79.938564,40.412869],[-79.938238,40.413074],[-79.938202,40.413042]]]},"properties":{"parcel_id":"0056C00208000000","block_lot":"56-C-208"}},{"type":"Feature","geometry":{"type":"Polygon","coordinates":[[[-79.938095,40.412943],[-79.938418,40.412736],[-79.938528,40.412836],[-79.938202,40.413042],[-79.938095,40.412943]]]},"properties":{"parcel_id":"0056C00209000000","block_lot":"56-C-209"}},{"type":"Feature","geometry":{"type":"Polygon","coordinates":[[[-79.93798,40.412838],[-79.938306,40.412635],[-79.938418,40.412736],[-79.938095,40.412943],[-79.93798,40.412838]]]},"properties":{"parcel_id":"0056C00211000000","block_lot":"56-C-211"}},{"type":"Feature","geometry":{"type":"Polygon","coordinates":[[[-79.93798,40.412838],[-79.937923,40.412786],[-79.938247,40.412581],[-79.938306,40.412635],[-79.93798,40.412838]]]},"properties":{"parcel_id":"0056C00213000000","block_lot":"56-C-213"}},{"type":"Feature","geometry":{"type":"Polygon","coordinates":[[[-79.937923,40.412786],[-79.93787,40.412738],[-79.938198,40.412536],[-79.938247,40.412581],[-79.937923,40.412786]]]},"properties":{"parcel_id":"0056C00214000000","block_lot":"56-C-214"}},{"type":"Feature","geometry":{"type":"Polygon","coordinates":[[[-79.93787,40.412738],[-79.937815,40.412687],[-79.938141,40.412484],[-79.938198,40.412536],[-79.93787,40.412738]]]},"properties":{"parcel_id":"0056C00215000000","block_lot":"56-C-215"}},{"type":"Feature","geometry":{"type":"Polygon","coordinates":[[[-79.937762,40.412638],[-79.938083,40.412432],[-79.938141,40.412484],[-79.937815,40.412687],[-79.937762,40.412638]]]},"properties":{"parcel_id":"0056C00216000000","block_lot":"56-C-216"}},{"type":"Feature","geometry":{"type":"Polygon","coordinates":[[[-79.937704,40.412586],[-79.93803,40.412384],[-79.938083,40.412432],[-79.937762,40.412638],[-79.937704,40.412586]]]},"properties":{"parcel_id":"0056C00217000000","block_lot":"56-C-217"}},{"type":"Feature","geometry":{"type":"Polygon","coordinates":[[[-79.93765,40.412536],[-79.937974,40.412333],[-79.93803,40.412384],[-79.937704,40.412586],[-79.93765,40.412536]]]},"properties":{"parcel_id":"0056C00218000000","block_lot":"56-C-218"}},{"type":"Feature","geometry":{"type":"Polygon","coordinates":[[[-79.937974,40.412333],[-79.93765,40.412536],[-79.937517,40.412415],[-79.937908,40.412273],[-79.937974,40.412333]]]},"properties":{"parcel_id":"0056C00219000000","block_lot":"56-C-219"}},{"type":"Feature","geometry":{"type":"Polygon","coordinates":[[[-79.938237,40.41238],[-79.938319,40.412347],[-79.938378,40.412412],[-79.93831,40.412443],[-79.938237,40.41238]]]},"properties":{"parcel_id":"0056C00220000000","block_lot":"56-C-220"}},{"type":"Feature","geometry":{"type":"Polygon","coordinates":[[[-79.938186,40.412193],[-79.938319,40.412347],[-79.938237,40.41238],[-79.938077,40.412243],[-79.938186,40.412193]]]},"properties":{"parcel_id":"0056C00221000000","block_lot":"56-C-221"}},{"type":"Feature","geometry":{"type":"Polygon","coordinates":[[[-79.938319,40.412347],[-79.938186,40.412193],[-79.93827,40.412154],[-79.938447,40.412382],[-79.938378,40.412412],[-79.938319,40.412347]]]},"properties":{"parcel_id":"0056C00222000000","block_lot":"56-C-222"}},{"type":"Feature","geometry":{"type":"Polygon","coordinates":[[[-79.938516,40.412351],[-79.938447,40.412382],[-79.93827,40.412154],[-79.938338,40.412123],[-79.938516,40.412351]]]},"properties":{"parcel_id":"0056C00223000000","block_lot":"56-C-223"}},{"type":"Feature","geometry":{"type":"Polygon","coordinates":[[[-79.938338,40.412123],[-79.93841,40.41209],[-79.938597,40.412315],[-79.938516,40.412351],[-79.938338,40.412123]]]},"properties":{"parcel_id":"0056C00224000000","block_lot":"56-C-224"}},{"type":"Feature","geometry":{"type":"Polygon","coordinates":[[[-79.93841,40.41209],[-79.938484,40.412055],[-79.938661,40.412286],[-79.938597,40.412315],[-79.93841,40.41209]]]},"properties":{"parcel_id":"0056C00225000000","block_lot":"56-C-225"}},{"type":"Feature","geometry":{"type":"Polygon","coordinates":[[[-79.938661,40.412286],[-79.938484,40.412055],[-79.938539,40.41203],[-79.938716,40.412261],[-79.938661,40.412286]]]},"properties":{"parcel_id":"0056C00226000000","block_lot":"56-C-226"}},{"type":"Feature","geometry":{"type":"Polygon","coordinates":[[[-79.938716,40.412261],[-79.938539,40.41203],[-79.938584,40.412009],[-79.938765,40.412239],[-79.938716,40.412261]]]},"properties":{"parcel_id":"0056C00227000000","block_lot":"56-C-227"}},{"type":"Feature","geometry":{"type":"Polygon","coordinates":[[[-79.938765,40.412239],[-79.938584,40.412009],[-79.938634,40.411986],[-79.938811,40.412219],[-79.938765,40.412239]]]},"properties":{"parcel_id":"0056C00228000000","block_lot":"56-C-228"}},{"type":"Feature","geometry":{"type":"Polygon","coordinates":[[[-79.938811,40.412219],[-79.938634,40.411986],[-79.938708,40.411952],[-79.938887,40.412185],[-79.938811,40.412219]]]},"properties":{"parcel_id":"0056C00229000000","block_lot":"56-C-229"}},{"type":"Feature","geometry":{"type":"Polygon","coordinates":[[[-79.938708,40.411952],[-79.938779,40.411919],[-79.938961,40.412152],[-79.938887,40.412185],[-79.938708,40.411952]]]},"properties":{"parcel_id":"0056C00230000000","block_lot":"56-C-230"}},{"type":"Feature","geometry":{"type":"Polygon","coordinates":[[[-79.938779,40.411919],[-79.938925,40.411851],[-79.939105,40.412088],[-79.938961,40.412152],[-79.938779,40.411919]]]},"properties":{"parcel_id":"0056C00232000000","block_lot":"56-C-232"}},{"type":"Feature","geometry":{"type":"Polygon","coordinates":[[[-79.938925,40.411851],[-79.93899,40.411821],[-79.939173,40.412057],[-79.939105,40.412088],[-79.938925,40.411851]]]},"properties":{"parcel_id":"0056C00233000000","block_lot":"56-C-233"}},{"type":"Feature","geometry":{"type":"Polygon","coordinates":[[[-79.93899,40.411821],[-79.939063,40.411787],[-79.939244,40.412026],[-79.939173,40.412057],[-79.93899,40.411821]]]},"properties":{"parcel_id":"0056C00234000000","block_lot":"56-C-234"}},{"type":"Feature","geometry":{"type":"Polygon","coordinates":[[[-79.939063,40.411787],[-79.939136,40.411753],[-79.939319,40.411992],[-79.939244,40.412026],[-79.939063,40.411787]]]},"properties":{"parcel_id":"0056C00235000000","block_lot":"56-C-235"}},{"type":"Feature","geometry":{"type":"Polygon","coordinates":[[[-79.939131,40.411745],[-79.939237,40.411699],[-79.939304,40.41179],[-79.939356,40.411906],[-79.939397,40.411961],[-79.939319,40.411992],[-79.939131,40.411745]]]},"properties":{"parcel_id":"0056C00236000000","block_lot":"56-C-236"}},{"type":"Feature","geometry":{"type":"Polygon","coordinates":[[[-79.939316,40.411817],[-79.939304,40.41179],[-79.939237,40.411699],[-79.939352,40.411648],[-79.939436,40.411763],[-79.939316,40.411817]]]},"properties":{"parcel_id":"0056C00237000000","block_lot":"56-C-237"}},{"type":"Feature","geometry":{"type":"Polygon","coordinates":[[[-79.939397,40.411961],[-79.939356,40.411906],[-79.939316,40.411817],[-79.939436,40.411763],[-79.939538,40.411899],[-79.939397,40.411961]]]},"properties":{"parcel_id":"0056C00238000000","block_lot":"56-C-238"}},{"type":"Feature","geometry":{"type":"Polygon","coordinates":[[[-79.939449,40.411605],[-79.939633,40.411857],[-79.939538,40.411899],[-79.939352,40.411648],[-79.939449,40.411605]]]},"properties":{"parcel_id":"0056C00239000000","block_lot":"56-C-239"}},{"type":"Feature","geometry":{"type":"Polygon","coordinates":[[[-79.939449,40.411605],[-79.939548,40.411562],[-79.939734,40.411812],[-79.939633,40.411857],[-79.939449,40.411605]]]},"properties":{"parcel_id":"0056C00240000000","block_lot":"56-C-240"}},{"type":"Feature","geometry":{"type":"Polygon","coordinates":[[[-79.939548,40.411562],[-79.939646,40.411518],[-79.939812,40.411778],[-79.939734,40.411812],[-79.939548,40.411562]]]},"properties":{"parcel_id":"0056C00241000000","block_lot":"56-C-241"}},{"type":"Feature","geometry":{"type":"Polygon","coordinates":[[[-79.939711,40.412071],[-79.939598,40.411872],[-79.939812,40.411778],[-79.939646,40.411518],[-79.939852,40.411428],[-79.940182,40.411885],[-79.939711,40.412071]]]},"properties":{"parcel_id":"0056C00245000000","block_lot":"56-C-245"}},{"type":"Feature","geometry":{"type":"Polygon","coordinates":[[[-79.940028,40.411349],[-79.94034,40.411809],[-79.940182,40.411885],[-79.939852,40.411428],[-79.940028,40.411349]]]},"properties":{"parcel_id":"0056C00252000000","block_lot":"56-C-252"}},{"type":"Feature","geometry":{"type":"Polygon","coordinates":[[[-79.940597,40.411707],[-79.94034,40.411809],[-79.940028,40.411349],[-79.940243,40.41125],[-79.940597,40.411707]]]},"properties":{"parcel_id":"0056C00256000000","block_lot":"56-C-256"}},{"type":"Feature","geometry":{"type":"Polygon","coordinates":[[[-79.940681,40.411674],[-79.940597,40.411707],[-79.940243,40.41125],[-79.940324,40.411213],[-79.940681,40.411674]]]},"properties":{"parcel_id":"0056C00257000000","block_lot":"56-C-257"}},{"type":"Feature","geometry":{"type":"Polygon","coordinates":[[[-79.939494,40.412391],[-79.939281,40.412138],[-79.939656,40.411972],[-79.939711,40.412071],[-79.939835,40.412252],[-79.939494,40.412391]]]},"properties":{"parcel_id":"0056C00259000000","block_lot":"56-C-259"}},{"type":"Feature","geometry":{"type":"Polygon","coordinates":[[[-79.939062,40.412237],[-79.939281,40.412138],[-79.939494,40.412391],[-79.939364,40.412611],[-79.939062,40.412237]]]},"properties":{"parcel_id":"0056C00264000000","block_lot":"56-C-264"}},{"type":"Feature","geometry":{"type":"Polygon","coordinates":[[[-79.939062,40.412237],[-79.939364,40.412611],[-79.939285,40.412745],[-79.938835,40.41234],[-79.939062,40.412237]]]},"properties":{"parcel_id":"0056C00270000000","block_lot":"56-C-270"}},{"type":"Feature","geometry":{"type":"Polygon","coordinates":[[[-79.938701,40.412399],[-79.938737,40.41244],[-79.938675,40.41248],[-79.938656,40.412461],[-79.938447,40.412581],[-79.938397,40.412535],[-79.938701,40.412399]]]},"properties":{"parcel_id":"0056C00274000000","block_lot":"56-C-274"}},{"type":"Feature","geometry":{"type":"Polygon","coordinates":[[[-79.938447,40.412581],[-79.938656,40.412461],[-79.938675,40.41248],[-79.938737,40.41244],[-79.938701,40.412399],[-79.938761,40.412372],[-79.938809,40.412416],[-79.938483,40.412614],[-79.938447,40.412581]]]},"properties":{"parcel_id":"0056C00275000000","block_lot":"56-C-275"}},{"type":"Feature","geometry":{"type":"Polygon","coordinates":[[[-79.938483,40.412614],[-79.938809,40.412416],[-79.938847,40.412451],[-79.938519,40.412647],[-79.938483,40.412614]]]},"properties":{"parcel_id":"0056C00276000000","block_lot":"56-C-276"}},{"type":"Feature","geometry":{"type":"Polygon","coordinates":[[[-79.938519,40.412647],[-79.938847,40.412451],[-79.938954,40.412549],[-79.938631,40.41275],[-79.938519,40.412647]]]},"properties":{"parcel_id":"0056C00278000000","block_lot":"56-C-278"}},{"type":"Feature","geometry":{"type":"Polygon","coordinates":[[[-79.938631,40.41275],[-79.938954,40.412549],[-79.93905,40.412637],[-79.938715,40.412827],[-79.938631,40.41275]]]},"properties":{"parcel_id":"0056C00283000000","block_lot":"56-C-283"}},{"type":"Feature","geometry":{"type":"Polygon","coordinates":[[[-79.938715,40.412827],[-79.93905,40.412637],[-79.939083,40.412667],[-79.938752,40.412861],[-79.938715,40.412827]]]},"properties":{"parcel_id":"0056C00284000000","block_lot":"56-C-284"}},{"type":"Feature","geometry":{"type":"Polygon","coordinates":[[[-79.938752,40.412861],[-79.939083,40.412667],[-79.939119,40.412699],[-79.938793,40.412899],[-79.938752,40.412861]]]},"properties":{"parcel_id":"0056C00285000000","block_lot":"56-C-285"}},{"type":"Feature","geometry":{"type":"Polygon","coordinates":[[[-79.938793,40.412899],[-79.939119,40.412699],[-79.939228,40.4128],[-79.938904,40.413],[-79.938793,40.412899]]]},"properties":{"parcel_id":"0056C00288000000","block_lot":"56-C-288"}},{"type":"Feature","geometry":{"type":"Polygon","coordinates":[[[-79.938904,40.413],[-79.939228,40.4128],[-79.939246,40.412816],[-79.939188,40.412915],[-79.938958,40.41305],[-79.938904,40.413]]]},"properties":{"parcel_id":"0056C00290000000","block_lot":"56-C-290"}},{"type":"Feature","geometry":{"type":"Polygon","coordinates":[[[-79.938958,40.41305],[-79.939188,40.412915],[-79.939055,40.413139],[-79.938958,40.41305]]]},"properties":{"parcel_id":"0056C00292000000","block_lot":"56-C-292"}},{"type":"Feature","geometry":{"type":"Polygon","coordinates":[[[-79.939168,40.413102],[-79.939485,40.413208],[-79.939365,40.413416],[-79.939112,40.413196],[-79.939168,40.413102]]]},"properties":{"parcel_id":"0056C00296000000","block_lot":"56-C-296"}},{"type":"Feature","geometry":{"type":"Polygon","coordinates":[[[-79.939168,40.413102],[-79.939234,40.412992],[-79.93955,40.413097],[-79.939485,40.413208],[-79.939168,40.413102]]]},"properties":{"parcel_id":"0056C00298000000","block_lot":"56-C-298"}},{"type":"Feature","geometry":{"type":"Polygon","coordinates":[[[-79.939234,40.412992],[-79.939269,40.412931],[-79.939583,40.41304],[-79.93955,40.413097],[-79.939234,40.412992]]]},"properties":{"parcel_id":"0056C00299000000","block_lot":"56-C-299"}},{"type":"Feature","geometry":{"type":"Polygon","coordinates":[[[-79.939269,40.412931],[-79.939305,40.412871],[-79.939621,40.412973],[-79.939583,40.41304],[-79.939269,40.412931]]]},"properties":{"parcel_id":"0056C00300000000","block_lot":"56-C-300"}},{"type":"Feature","geometry":{"type":"Polygon","coordinates":[[[-79.939621,40.412973],[-79.939305,40.412871],[-79.939357,40.412783],[-79.939673,40.412884],[-79.939621,40.412973]]]},"properties":{"parcel_id":"0056C00302000000","block_lot":"56-C-302"}},{"type":"Feature","geometry":{"type":"Polygon","coordinates":[[[-79.939357,40.412783],[-79.939414,40.412688],[-79.939723,40.412796],[-79.939673,40.412884],[-79.939357,40.412783]]]},"properties":{"parcel_id":"0056C00304000000","block_lot":"56-C-304"}},{"type":"Feature","geometry":{"type":"Polygon","coordinates":[[[-79.939414,40.412688],[-79.939567,40.412429],[-79.939829,40.412614],[-79.939723,40.412796],[-79.939414,40.412688]]]},"properties":{"parcel_id":"0056C00306000000","block_lot":"56-C-306"}},{"type":"Feature","geometry":{"type":"Polygon","coordinates":[[[-79.939567,40.412429],[-79.939866,40.412304],[-79.940019,40.412538],[-79.939829,40.412614],[-79.939567,40.412429]]]},"properties":{"parcel_id":"0056C00311000000","block_lot":"56-C-311"}},{"type":"Feature","geometry":{"type":"Polygon","coordinates":[[[-79.940019,40.412538],[-79.939835,40.412252],[-79.939711,40.412071],[-79.939838,40.41202],[-79.940166,40.412474],[-79.940019,40.412538]]]},"properties":{"parcel_id":"0056C00313000000","block_lot":"56-C-313"}},{"type":"Feature","geometry":{"type":"Polygon","coordinates":[[[-79.939838,40.41202],[-79.93998,40.411965],[-79.9403,40.412419],[-79.940166,40.412474],[-79.939838,40.41202]]]},"properties":{"parcel_id":"0056C00315000000","block_lot":"56-C-315"}},{"type":"Feature","geometry":{"type":"Polygon","coordinates":[[[-79.93998,40.411965],[-79.940182,40.411885],[-79.940494,40.412341],[-79.9403,40.412419],[-79.93998,40.411965]]]},"properties":{"parcel_id":"0056C00319000000","block_lot":"56-C-319"}},{"type":"Feature","geometry":{"type":"Polygon","coordinates":[[[-79.940182,40.411885],[-79.940325,40.411816],[-79.940648,40.41228],[-79.940494,40.412341],[-79.940182,40.411885]]]},"properties":{"parcel_id":"0056C00322000000","block_lot":"56-C-322"}},{"type":"Feature","geometry":{"type":"Polygon","coordinates":[[[-79.940325,40.411816],[-79.940473,40.411757],[-79.940791,40.412223],[-79.940648,40.41228],[-79.940325,40.411816]]]},"properties":{"parcel_id":"0056C00324000000","block_lot":"56-C-324"}},{"type":"Feature","geometry":{"type":"Polygon","coordinates":[[[-79.940855,40.412196],[-79.940791,40.412223],[-79.940473,40.411757],[-79.940536,40.411732],[-79.940855,40.412196]]]},"properties":{"parcel_id":"0056C00325000000","block_lot":"56-C-325"}},{"type":"Feature","geometry":{"type":"Polygon","coordinates":[[[-79.940922,40.412171],[-79.940855,40.412196],[-79.940536,40.411732],[-79.940597,40.411707],[-79.940922,40.412171]]]},"properties":{"parcel_id":"0056C00326000000","block_lot":"56-C-326"}},{"type":"Feature","geometry":{"type":"Polygon","coordinates":[[[-79.940597,40.411707],[-79.940707,40.411664],[-79.94103,40.412124],[-79.940922,40.412171],[-79.940597,40.411707]]]},"properties":{"parcel_id":"0056C00328000000","block_lot":"56-C-328"}},{"type":"Feature","geometry":{"type":"Polygon","coordinates":[[[-79.940707,40.411664],[-79.940807,40.411624],[-79.941129,40.412082],[-79.94103,40.412124],[-79.940707,40.411664]]]},"properties":{"parcel_id":"0056C00330000000","block_lot":"56-C-330"}},{"type":"Feature","geometry":{"type":"Polygon","coordinates":[[[-79.940807,40.411624],[-79.940909,40.411584],[-79.941234,40.412041],[-79.941129,40.412082],[-79.940807,40.411624]]]},"properties":{"parcel_id":"0056C00332000000","block_lot":"56-C-332"}},{"type":"Feature","geometry":{"type":"Polygon","coordinates":[[[-79.941124,40.412244],[-79.941428,40.412811],[-79.941448,40.412805],[-79.941465,40.412837],[-79.941431,40.412848],[-79.941457,40.412896],[-79.941686,40.412825],[-79.942117,40.413658],[-79.942204,40.413631],[-79.942425,40.414037],[-79.942142,40.414125],[-79.942259,40.414342],[-79.941798,40.414457],[-79.941203,40.413656],[-79.940507,40.412495],[-79.941124,40.412244]]]},"properties":{"parcel_id":"0056C00334000000","block_lot":"56-C-334"}},{"type":"Feature","geometry":{"type":"Polygon","coordinates":[[[-79.941124,40.412244],[-79.94175,40.411988],[-79.94257,40.413515],[-79.942117,40.413658],[-79.941686,40.412825],[-79.941457,40.412896],[-79.941431,40.412848],[-79.941465,40.412837],[-79.941448,40.412805],[-79.941428,40.412811],[-79.941124,40.412244]]]},"properties":{"parcel_id":"0056C00338000000","block_lot":"56-C-338"}},{"type":"Feature","geometry":{"type":"Polygon","coordinates":[[[-79.940353,40.413709],[-79.940757,40.413341],[-79.940829,40.413275],[-79.940997,40.413546],[-79.940353,40.413709]]]},"properties":{"parcel_id":"0056C00350000000","block_lot":"56-C-350"}},{"type":"Feature","geometry":{"type":"Polygon","coordinates":[[[-79.939566,40.413563],[-79.939776,40.413281],[-79.940507,40.413569],[-79.940353,40.413709],[-79.939516,40.413922],[-79.939566,40.413563]]]},"properties":{"parcel_id":"0056C00353000000","block_lot":"56-C-353"}},{"type":"Feature","geometry":{"type":"Polygon","coordinates":[[[-79.940325,40.41293],[-79.940065,40.412691],[-79.940391,40.412566],[-79.940829,40.413275],[-79.940757,40.413341],[-79.940325,40.41293]]]},"properties":{"parcel_id":"0056C00360000000","block_lot":"56-C-360"}},{"type":"Feature","geometry":{"type":"Polygon","coordinates":[[[-79.940325,40.41293],[-79.940232,40.412958],[-79.940004,40.412735],[-79.940065,40.412691],[-79.940325,40.41293]]]},"properties":{"parcel_id":"0056C00365000000","block_lot":"56-C-365"}},{"type":"Feature","geometry":{"type":"Polygon","coordinates":[[[-79.939566,40.413563],[-79.939591,40.413378],[-79.939896,40.412857],[-79.939931,40.412789],[-79.940004,40.412735],[-79.940232,40.412958],[-79.940325,40.41293],[-79.940757,40.413341],[-79.940507,40.413569],[-79.939776,40.413281],[-79.939566,40.413563]]]},"properties":{"parcel_id":"0056C00367000000","block_lot":"56-C-367"}},{"type":"Feature","geometry":{"type":"Polygon","coordinates":[[[-79.937137,40.412884],[-79.936691,40.412712],[-79.936864,40.412641],[-79.937137,40.412884]]]},"properties":{"parcel_id":"0056D00001000000","block_lot":"56-D-1"}},{"type":"Feature","geometry":{"type":"Polygon","coordinates":[[[-79.936691,40.412712],[-79.937137,40.412884],[-79.938311,40.413927],[-79.936003,40.414543],[-79.935841,40.414144],[-79.935452,40.413221],[-79.936691,40.412712]]]},"properties":{"parcel_id":"0056D00004000000","block_lot":"56-D-4"}},{"type":"Feature","geometry":{"type":"Polygon","coordinates":[[[-79.935227,40.413849],[-79.934949,40.413928],[-79.934842,40.413672],[-79.935383,40.413535],[-79.935609,40.414062],[-79.935357,40.41413],[-79.935242,40.413849],[-79.935227,40.413849]]]},"properties":{"parcel_id":"0056D00035000000","block_lot":"56-D-35"}},{"type":"Feature","geometry":{"type":"Polygon","coordinates":[[[-79.934763,40.413692],[-79.934842,40.413672],[-79.934949,40.413928],[-79.934877,40.413948],[-79.934763,40.413692]]]},"properties":{"parcel_id":"0056D00036000000","block_lot":"56-D-36"}},{"type":"Feature","geometry":{"type":"Polygon","coordinates":[[[-79.934499,40.413759],[-79.934763,40.413692],[-79.934877,40.413948],[-79.93461,40.414024],[-79.934499,40.413759]]]},"properties":{"parcel_id":"0056D00037000000","block_lot":"56-D-37"}},{"type":"Feature","geometry":{"type":"Polygon","coordinates":[[[-79.935063,40.413282],[-79.935279,40.413267],[-79.935342,40.413425],[-79.935136,40.413475],[-79.935063,40.413282]]]},"properties":{"parcel_id":"0056D00042000000","block_lot":"56-D-42"}},{"type":"Feature","geometry":{"type":"Polygon","coordinates":[[[-79.935136,40.413475],[-79.935069,40.413491],[-79.934981,40.413288],[-79.935063,40.413282],[-79.935136,40.413475]]]},"properties":{"parcel_id":"0056D00045000000","block_lot":"56-D-45"}},{"type":"Feature","geometry":{"type":"Polygon","coordinates":[[[-79.935069,40.413491],[-79.934926,40.413526],[-79.934836,40.413298],[-79.934981,40.413288],[-79.935069,40.413491]]]},"properties":{"parcel_id":"0056D00046000000","block_lot":"56-D-46"}},{"type":"Feature","geometry":{"type":"Polygon","coordinates":[[[-79.934926,40.413526],[-79.934862,40.413541],[-79.934765,40.413303],[-79.934836,40.413298],[-79.934926,40.413526]]]},"properties":{"parcel_id":"0056D00048000000","block_lot":"56-D-48"}},{"type":"Feature","geometry":{"type":"Polygon","coordinates":[[[-79.934862,40.413541],[-79.934797,40.413557],[-79.934696,40.413307],[-79.934765,40.413303],[-79.934862,40.413541]]]},"properties":{"parcel_id":"0056D00049000000","block_lot":"56-D-49"}},{"type":"Feature","geometry":{"type":"Polygon","coordinates":[[[-79.934797,40.413557],[-79.934727,40.413574],[-79.934613,40.413313],[-79.934696,40.413307],[-79.934797,40.413557]]]},"properties":{"parcel_id":"0056D00050000000","block_lot":"56-D-50"}},{"type":"Feature","geometry":{"type":"Polygon","coordinates":[[[-79.934544,40.413318],[-79.934613,40.413313],[-79.934727,40.413574],[-79.934659,40.413591],[-79.934544,40.413318]]]},"properties":{"parcel_id":"0056D00051000000","block_lot":"56-D-51"}},{"type":"Feature","geometry":{"type":"Polygon","coordinates":[[[-79.934475,40.413323],[-79.934544,40.413318],[-79.934659,40.413591],[-79.934593,40.413607],[-79.934475,40.413323]]]},"properties":{"parcel_id":"0056D00052000000","block_lot":"56-D-52"}},{"type":"Feature","geometry":{"type":"Polygon","coordinates":[[[-79.934593,40.413607],[-79.934515,40.413626],[-79.934395,40.413328],[-79.934475,40.413323],[-79.934593,40.413607]]]},"properties":{"parcel_id":"0056D00053000000","block_lot":"56-D-53"}},{"type":"Feature","geometry":{"type":"Polygon","coordinates":[[[-79.934248,40.413339],[-79.934395,40.413328],[-79.934515,40.413626],[-79.934384,40.413657],[-79.934248,40.413339]]]},"properties":{"parcel_id":"0056D00054000000","block_lot":"56-D-54"}},{"type":"Feature","geometry":{"type":"Polygon","coordinates":[[[-79.934251,40.413689],[-79.934104,40.413361],[-79.934248,40.413339],[-79.934384,40.413657],[-79.934251,40.413689]]]},"properties":{"parcel_id":"0056D00056000000","block_lot":"56-D-56"}},{"type":"Feature","geometry":{"type":"Polygon","coordinates":[[[-79.934251,40.413689],[-79.934115,40.413723],[-79.934042,40.413558],[-79.934179,40.413529],[-79.934251,40.413689]]]},"properties":{"parcel_id":"0056D00058000000","block_lot":"56-D-58"}},{"type":"Feature","geometry":{"type":"Polygon","coordinates":[[[-79.934044,40.41374],[-79.933885,40.413396],[-79.933965,40.413384],[-79.934115,40.413723],[-79.934044,40.41374]]]},"properties":{"parcel_id":"0056D00060000000","block_lot":"56-D-60"}},{"type":"Feature","geometry":{"type":"Polygon","coordinates":[[[-79.933561,40.413526],[-79.933826,40.413414],[-79.933903,40.41359],[-79.933966,40.413571],[-79.934044,40.41374],[-79.933692,40.413825],[-79.933561,40.413526]]]},"properties":{"parcel_id":"0056D00065000000","block_lot":"56-D-65"}},{"type":"Feature","geometry":{"type":"Polygon","coordinates":[[[-79.93338,40.413604],[-79.933561,40.413526],[-79.933692,40.413825],[-79.933501,40.413872],[-79.93338,40.413604]]]},"properties":{"parcel_id":"0056D00066000000","block_lot":"56-D-66"}},{"type":"Feature","geometry":{"type":"Polygon","coordinates":[[[-79.93338,40.413604],[-79.933501,40.413872],[-79.933434,40.413888],[-79.933313,40.413632],[-79.93338,40.413604]]]},"properties":{"parcel_id":"0056D00069000000","block_lot":"56-D-69"}},{"type":"Feature","geometry":{"type":"Polygon","coordinates":[[[-79.933965,40.413384],[-79.934104,40.413361],[-79.934179,40.413529],[-79.934042,40.413558],[-79.933965,40.413384]]]},"properties":{"parcel_id":"0056D00077000000","block_lot":"56-D-77"}},{"type":"Feature","geometry":{"type":"Polygon","coordinates":[[[-79.933826,40.413414],[-79.933856,40.413401],[-79.933885,40.413396],[-79.933966,40.413571],[-79.933903,40.41359],[-79.933826,40.413414]]]},"properties":{"parcel_id":"0056D00080000000","block_lot":"56-D-80"}},{"type":"Feature","geometry":{"type":"Polygon","coordinates":[[[-79.933053,40.413734],[-79.933266,40.413686],[-79.933365,40.41392],[-79.933154,40.413968],[-79.933053,40.413734]]]},"properties":{"parcel_id":"0056D00088000000","block_lot":"56-D-88"}},{"type":"Feature","geometry":{"type":"Polygon","coordinates":[[[-79.932984,40.413749],[-79.933053,40.413734],[-79.933154,40.413968],[-79.933081,40.413984],[-79.932984,40.413749]]]},"properties":{"parcel_id":"0056D00091000000","block_lot":"56-D-91"}},{"type":"Feature","geometry":{"type":"Polygon","coordinates":[[[-79.933081,40.413984],[-79.932903,40.414024],[-79.932801,40.41379],[-79.932984,40.413749],[-79.933081,40.413984]]]},"properties":{"parcel_id":"0056D00092000000","block_lot":"56-D-92"}},{"type":"Feature","geometry":{"type":"Polygon","coordinates":[[[-79.93272,40.413767],[-79.932653,40.413639],[-79.932818,40.413565],[-79.932914,40.413765],[-79.932801,40.41379],[-79.93281,40.41381],[-79.932744,40.413821],[-79.93272,40.413767]]]},"properties":{"parcel_id":"0056D00097000000","block_lot":"56-D-97"}},{"type":"Feature","geometry":{"type":"Polygon","coordinates":[[[-79.932818,40.413565],[-79.933069,40.41344],[-79.933191,40.413703],[-79.932914,40.413765],[-79.932818,40.413565]]]},"properties":{"parcel_id":"0056D00101000000","block_lot":"56-D-101"}},{"type":"Feature","geometry":{"type":"Polygon","coordinates":[[[-79.933069,40.41344],[-79.933404,40.413275],[-79.933477,40.413258],[-79.933311,40.413453],[-79.933402,40.413549],[-79.933235,40.413612],[-79.933266,40.413686],[-79.933191,40.413703],[-79.933069,40.41344]]]},"properties":{"parcel_id":"0056D00103000000","block_lot":"56-D-103"}},{"type":"Feature","geometry":{"type":"Polygon","coordinates":[[[-79.933707,40.41319],[-79.933772,40.413343],[-79.933505,40.413451],[-79.933707,40.41319]]]},"properties":{"parcel_id":"0056D00106000000","block_lot":"56-D-106"}},{"type":"Feature","geometry":{"type":"Polygon","coordinates":[[[-79.933772,40.413343],[-79.933707,40.41319],[-79.933716,40.413178],[-79.933778,40.413158],[-79.933837,40.413317],[-79.933772,40.413343]]]},"properties":{"parcel_id":"0056D00107000000","block_lot":"56-D-107"}},{"type":"Feature","geometry":{"type":"Polygon","coordinates":[[[-79.933778,40.413158],[-79.933848,40.413135],[-79.93391,40.413298],[-79.933837,40.413317],[-79.933778,40.413158]]]},"properties":{"parcel_id":"0056D00108000000","block_lot":"56-D-108"}},{"type":"Feature","geometry":{"type":"Polygon","coordinates":[[[-79.933848,40.413135],[-79.933914,40.413114],[-79.933987,40.41328],[-79.93391,40.413298],[-79.933848,40.413135]]]},"properties":{"parcel_id":"0056D00109000000","block_lot":"56-D-109"}},{"type":"Feature","geometry":{"type":"Polygon","coordinates":[[[-79.933914,40.413114],[-79.934046,40.41307],[-79.93412,40.413247],[-79.933987,40.41328],[-79.933914,40.413114]]]},"properties":{"parcel_id":"0056D00111000000","block_lot":"56-D-111"}},{"type":"Feature","geometry":{"type":"Polygon","coordinates":[[[-79.934046,40.41307],[-79.934455,40.412936],[-79.934572,40.413219],[-79.93412,40.413247],[-79.934046,40.41307]]]},"properties":{"parcel_id":"0056D00117000000","block_lot":"56-D-117"}},{"type":"Feature","geometry":{"type":"Polygon","coordinates":[[[-79.934455,40.412936],[-79.934529,40.412912],[-79.934643,40.413215],[-79.934572,40.413219],[-79.934455,40.412936]]]},"properties":{"parcel_id":"0056D00118000000","block_lot":"56-D-118"}},{"type":"Feature","geometry":{"type":"Polygon","coordinates":[[[-79.934529,40.412912],[-79.934669,40.412867],[-79.934809,40.413205],[-79.934643,40.413215],[-79.934529,40.412912]]]},"properties":{"parcel_id":"0056D00120000000","block_lot":"56-D-120"}},{"type":"Feature","geometry":{"type":"Polygon","coordinates":[[[-79.934809,40.413205],[-79.934669,40.412867],[-79.93474,40.412844],[-79.934893,40.4132],[-79.934809,40.413205]]]},"properties":{"parcel_id":"0056D00121000000","block_lot":"56-D-121"}},{"type":"Feature","geometry":{"type":"Polygon","coordinates":[[[-79.934893,40.4132],[-79.93474,40.412844],[-79.934806,40.412823],[-79.934967,40.413195],[-79.934893,40.4132]]]},"properties":{"parcel_id":"0056D00122000000","block_lot":"56-D-122"}},{"type":"Feature","geometry":{"type":"Polygon","coordinates":[[[-79.934806,40.412823],[-79.934865,40.412803],[-79.935029,40.413191],[-79.934967,40.413195],[-79.934806,40.412823]]]},"properties":{"parcel_id":"0056D00123000000","block_lot":"56-D-123"}},{"type":"Feature","geometry":{"type":"Polygon","coordinates":[[[-79.934865,40.412803],[-79.934923,40.412784],[-79.935093,40.413188],[-79.935029,40.413191],[-79.934865,40.412803]]]},"properties":{"parcel_id":"0056D00124000000","block_lot":"56-D-124"}},{"type":"Feature","geometry":{"type":"Polygon","coordinates":[[[-79.934923,40.412784],[-79.934989,40.412763],[-79.935169,40.413183],[-79.935093,40.413188],[-79.934923,40.412784]]]},"properties":{"parcel_id":"0056D00125000000","block_lot":"56-D-125"}},{"type":"Feature","geometry":{"type":"Polygon","coordinates":[[[-79.934989,40.412763],[-79.935075,40.412721],[-79.935267,40.413177],[-79.935169,40.413183],[-79.934989,40.412763]]]},"properties":{"parcel_id":"0056D00126000000","block_lot":"56-D-126"}},{"type":"Feature","geometry":{"type":"Polygon","coordinates":[[[-79.935075,40.412721],[-79.935147,40.412687],[-79.935346,40.413143],[-79.935267,40.413177],[-79.935075,40.412721]]]},"properties":{"parcel_id":"0056D00127000000","block_lot":"56-D-127"}},{"type":"Feature","geometry":{"type":"Polygon","coordinates":[[[-79.935147,40.412687],[-79.935267,40.412623],[-79.935574,40.413043],[-79.935346,40.413143],[-79.935147,40.412687]]]},"properties":{"parcel_id":"0056D00129000000","block_lot":"56-D-129"}},{"type":"Feature","geometry":{"type":"Polygon","coordinates":[[[-79.9354,40.412805],[-79.935447,40.412785],[-79.935627,40.413021],[-79.935574,40.413043],[-79.9354,40.412805]]]},"properties":{"parcel_id":"0056D00131000000","block_lot":"56-D-131"}},{"type":"Feature","geometry":{"type":"Polygon","coordinates":[[[-79.935447,40.412785],[-79.935525,40.412753],[-79.935698,40.412992],[-79.935627,40.413021],[-79.935447,40.412785]]]},"properties":{"parcel_id":"0056D00132000000","block_lot":"56-D-132"}},{"type":"Feature","geometry":{"type":"Polygon","coordinates":[[[-79.935698,40.412992],[-79.935388,40.412564],[-79.935428,40.412545],[-79.935598,40.41272],[-79.935682,40.41269],[-79.935846,40.41293],[-79.935698,40.412992]]]},"properties":{"parcel_id":"0056D00134000000","block_lot":"56-D-134"}},{"type":"Feature","geometry":{"type":"Polygon","coordinates":[[[-79.935656,40.412699],[-79.935487,40.412517],[-79.935535,40.412494],[-79.935718,40.41267],[-79.935758,40.412656],[-79.935923,40.412899],[-79.935846,40.41293],[-79.935682,40.41269],[-79.935656,40.412699]]]},"properties":{"parcel_id":"0056D00135000000","block_lot":"56-D-135"}},{"type":"Feature","geometry":{"type":"Polygon","coordinates":[[[-79.935923,40.412899],[-79.935758,40.412656],[-79.935718,40.41267],[-79.935535,40.412494],[-79.9356,40.412463],[-79.935775,40.41265],[-79.935832,40.412628],[-79.935998,40.412868],[-79.935923,40.412899]]]},"properties":{"parcel_id":"0056D00136000B00","block_lot":"56-D-136-B"}},{"type":"Feature","geometry":{"type":"Polygon","coordinates":[[[-79.935923,40.412899],[-79.935758,40.412656],[-79.935718,40.41267],[-79.935535,40.412494],[-79.9356,40.412463],[-79.935775,40.41265],[-79.935832,40.412628],[-79.935998,40.412868],[-79.935923,40.412899]]]},"properties":{"parcel_id":"0056D00136000L00","block_lot":"56-D-136-L"}},{"type":"Feature","geometry":{"type":"Polygon","coordinates":[[[-79.935832,40.412628],[-79.935902,40.412596],[-79.936078,40.412835],[-79.935998,40.412868],[-79.935832,40.412628]]]},"properties":{"parcel_id":"0056D00137000000","block_lot":"56-D-137"}},{"type":"Feature","geometry":{"type":"Polygon","coordinates":[[[-79.935902,40.412596],[-79.935983,40.412562],[-79.936154,40.412803],[-79.936078,40.412835],[-79.935902,40.412596]]]},"properties":{"parcel_id":"0056D00138000000","block_lot":"56-D-138"}},{"type":"Feature","geometry":{"type":"Polygon","coordinates":[[[-79.935943,40.412579],[-79.935755,40.412389],[-79.935803,40.412355],[-79.935998,40.412549],[-79.936057,40.412526],[-79.936229,40.412772],[-79.936154,40.412803],[-79.935983,40.412562],[-79.935943,40.412579]]]},"properties":{"parcel_id":"0056D00139000000","block_lot":"56-D-139"}},{"type":"Feature","geometry":{"type":"Polygon","coordinates":[[[-79.936057,40.412526],[-79.935847,40.412324],[-79.935898,40.412289],[-79.936107,40.412502],[-79.936133,40.412496],[-79.936303,40.412742],[-79.936229,40.412772],[-79.936057,40.412526]]]},"properties":{"parcel_id":"0056D00140000000","block_lot":"56-D-140"}},{"type":"Feature","geometry":{"type":"Polygon","coordinates":[[[-79.935898,40.412289],[-79.935946,40.412255],[-79.93617,40.41248],[-79.936206,40.412469],[-79.936378,40.412711],[-79.936303,40.412742],[-79.936133,40.412496],[-79.936107,40.412502],[-79.935898,40.412289]]]},"properties":{"parcel_id":"0056D00141000000","block_lot":"56-D-141"}},{"type":"Feature","geometry":{"type":"Polygon","coordinates":[[[-79.93627,40.412436],[-79.936459,40.412676],[-79.936378,40.412711],[-79.936206,40.412469],[-79.93617,40.41248],[-79.935946,40.412255],[-79.93599,40.412223],[-79.936226,40.412451],[-79.93627,40.412436]]]},"properties":{"parcel_id":"0056D00142000000","block_lot":"56-D-142"}},{"type":"Feature","geometry":{"type":"Polygon","coordinates":[[[-79.936204,40.412354],[-79.936441,40.412223],[-79.936785,40.412541],[-79.936459,40.412676],[-79.93627,40.412436],[-79.936279,40.412433],[-79.936204,40.412354]]]},"properties":{"parcel_id":"0056D00148000000","block_lot":"56-D-148"}},{"type":"Feature","geometry":{"type":"Polygon","coordinates":[[[-79.935267,40.412623],[-79.935388,40.412564],[-79.935525,40.412753],[-79.9354,40.412805],[-79.935267,40.412623]]]},"properties":{"parcel_id":"0056D00164000000","block_lot":"56-D-164"}},{"type":"Feature","geometry":{"type":"Polygon","coordinates":[[[-79.935428,40.412545],[-79.935487,40.412517],[-79.935656,40.412699],[-79.935598,40.41272],[-79.935428,40.412545]]]},"properties":{"parcel_id":"0056D00166000000","block_lot":"56-D-166"}},{"type":"Feature","geometry":{"type":"Polygon","coordinates":[[[-79.9356,40.412463],[-79.935646,40.412441],[-79.935832,40.412628],[-79.935775,40.41265],[-79.9356,40.412463]]]},"properties":{"parcel_id":"0056D00169000000","block_lot":"56-D-169"}},{"type":"Feature","geometry":{"type":"Polygon","coordinates":[[[-79.935646,40.412441],[-79.935699,40.412416],[-79.93588,40.412605],[-79.935832,40.412628],[-79.935646,40.412441]]]},"properties":{"parcel_id":"0056D00170000000","block_lot":"56-D-170"}},{"type":"Feature","geometry":{"type":"Polygon","coordinates":[[[-79.935943,40.412579],[-79.93588,40.412605],[-79.935699,40.412416],[-79.935755,40.412389],[-79.935943,40.412579]]]},"properties":{"parcel_id":"0056D00171000000","block_lot":"56-D-171"}},{"type":"Feature","geometry":{"type":"Polygon","coordinates":[[[-79.935803,40.412355],[-79.935847,40.412324],[-79.936057,40.412526],[-79.935998,40.412549],[-79.935803,40.412355]]]},"properties":{"parcel_id":"0056D00173000000","block_lot":"56-D-173"}},{"type":"Feature","geometry":{"type":"Polygon","coordinates":[[[-79.936279,40.412433],[-79.936226,40.412451],[-79.93599,40.412223],[-79.936043,40.412185],[-79.936279,40.412433]]]},"properties":{"parcel_id":"0056D00177000000","block_lot":"56-D-177"}},{"type":"Feature","geometry":{"type":"Polygon","coordinates":[[[-79.936204,40.412354],[-79.936043,40.412185],[-79.936086,40.412155],[-79.936268,40.412319],[-79.936204,40.412354]]]},"properties":{"parcel_id":"0056D00178000000","block_lot":"56-D-178"}},{"type":"Feature","geometry":{"type":"Polygon","coordinates":[[[-79.936086,40.412155],[-79.936136,40.41212],[-79.936316,40.412292],[-79.936268,40.412319],[-79.936086,40.412155]]]},"properties":{"parcel_id":"0056D00179000000","block_lot":"56-D-179"}},{"type":"Feature","geometry":{"type":"Polygon","coordinates":[[[-79.936136,40.41212],[-79.936184,40.412086],[-79.936372,40.412261],[-79.936316,40.412292],[-79.936136,40.41212]]]},"properties":{"parcel_id":"0056D00180000000","block_lot":"56-D-180"}},{"type":"Feature","geometry":{"type":"Polygon","coordinates":[[[-79.936372,40.412261],[-79.936184,40.412086],[-79.936246,40.412043],[-79.936441,40.412223],[-79.936372,40.412261]]]},"properties":{"parcel_id":"0056D00181000000","block_lot":"56-D-181"}},{"type":"Feature","geometry":{"type":"Polygon","coordinates":[[[-79.936886,40.412462],[-79.937002,40.412411],[-79.93703,40.412458],[-79.936925,40.412497],[-79.936886,40.412462]]]},"properties":{"parcel_id":"0056D00183000000","block_lot":"56-D-183"}},{"type":"Feature","geometry":{"type":"Polygon","coordinates":[[[-79.936838,40.41242],[-79.936972,40.412362],[-79.937002,40.412411],[-79.936886,40.412462],[-79.936838,40.41242]]]},"properties":{"parcel_id":"0056D00183000A00","block_lot":"56-D-183-A"}},{"type":"Feature","geometry":{"type":"Polygon","coordinates":[[[-79.936772,40.412361],[-79.936799,40.412248],[-79.936909,40.41226],[-79.936972,40.412362],[-79.936838,40.41242],[-79.936772,40.412361]]]},"properties":{"parcel_id":"0056D00184000000","block_lot":"56-D-184"}},{"type":"Feature","geometry":{"type":"Polygon","coordinates":[[[-79.936705,40.412302],[-79.936784,40.412009],[-79.936854,40.41202],[-79.936772,40.412361],[-79.936705,40.412302]]]},"properties":{"parcel_id":"0056D00186000000","block_lot":"56-D-186"}},{"type":"Feature","geometry":{"type":"Polygon","coordinates":[[[-79.936646,40.412249],[-79.936713,40.411998],[-79.936784,40.412009],[-79.936705,40.412302],[-79.936646,40.412249]]]},"properties":{"parcel_id":"0056D00187000000","block_lot":"56-D-187"}},{"type":"Feature","geometry":{"type":"Polygon","coordinates":[[[-79.936591,40.4122],[-79.936644,40.411987],[-79.936713,40.411998],[-79.936646,40.412249],[-79.936591,40.4122]]]},"properties":{"parcel_id":"0056D00188000000","block_lot":"56-D-188"}},{"type":"Feature","geometry":{"type":"Polygon","coordinates":[[[-79.936533,40.412149],[-79.936571,40.411976],[-79.936644,40.411987],[-79.936591,40.4122],[-79.936533,40.412149]]]},"properties":{"parcel_id":"0056D00189000000","block_lot":"56-D-189"}},{"type":"Feature","geometry":{"type":"Polygon","coordinates":[[[-79.936426,40.411954],[-79.936542,40.412106],[-79.936533,40.412149],[-79.936324,40.411963],[-79.93635,40.411942],[-79.936426,40.411954]]]},"properties":{"parcel_id":"0056D00190000000","block_lot":"56-D-190"}},{"type":"Feature","geometry":{"type":"Polygon","coordinates":[[[-79.936542,40.412106],[-79.936426,40.411954],[-79.936571,40.411976],[-79.936542,40.412106]]]},"properties":{"parcel_id":"0056D00191000000","block_lot":"56-D-191"}},{"type":"Feature","geometry":{"type":"Polygon","coordinates":[[[-79.936799,40.412248],[-79.936854,40.41202],[-79.936926,40.412031],[-79.936875,40.412257],[-79.936799,40.412248]]]},"properties":{"parcel_id":"0056D00195000000","block_lot":"56-D-195"}},{"type":"Feature","geometry":{"type":"Polygon","coordinates":[[[-79.936893,40.411881],[-79.936952,40.411611],[-79.936999,40.411618],[-79.936931,40.411887],[-79.936893,40.411881]]]},"properties":{"parcel_id":"0056D00196000000","block_lot":"56-D-196"}},{"type":"Feature","geometry":{"type":"Polygon","coordinates":[[[-79.936833,40.411872],[-79.936899,40.411603],[-79.936952,40.411611],[-79.936893,40.411881],[-79.936833,40.411872]]]},"properties":{"parcel_id":"0056D00197000000","block_lot":"56-D-197"}},{"type":"Feature","geometry":{"type":"Polygon","coordinates":[[[-79.936641,40.411843],[-79.936656,40.411754],[-79.936877,40.4116],[-79.936899,40.411603],[-79.936833,40.411872],[-79.936641,40.411843]]]},"properties":{"parcel_id":"0056D00198000000","block_lot":"56-D-198"}},{"type":"Feature","geometry":{"type":"Polygon","coordinates":[[[-79.936656,40.411754],[-79.936641,40.411843],[-79.936548,40.411829],[-79.936656,40.411754]]]},"properties":{"parcel_id":"0056D00200000000","block_lot":"56-D-200"}},{"type":"Feature","geometry":{"type":"Polygon","coordinates":[[[-79.935767,40.411319],[-79.935864,40.411037],[-79.936354,40.411343],[-79.936512,40.411595],[-79.936341,40.411775],[-79.936326,40.411786],[-79.935767,40.411319]]]},"properties":{"parcel_id":"0056D00201000000","block_lot":"56-D-201"}},{"type":"Feature","geometry":{"type":"Polygon","coordinates":[[[-79.935739,40.411398],[-79.935767,40.411319],[-79.936326,40.411786],[-79.93626,40.411834],[-79.935739,40.411398]]]},"properties":{"parcel_id":"0056D00206000000","block_lot":"56-D-206"}},{"type":"Feature","geometry":{"type":"Polygon","coordinates":[[[-79.935688,40.411447],[-79.935739,40.411398],[-79.93626,40.411834],[-79.93619,40.411884],[-79.935688,40.411447]]]},"properties":{"parcel_id":"0056D00207000000","block_lot":"56-D-207"}},{"type":"Feature","geometry":{"type":"Polygon","coordinates":[[[-79.936009,40.412014],[-79.935522,40.411606],[-79.935688,40.411447],[-79.93619,40.411884],[-79.936009,40.412014]]]},"properties":{"parcel_id":"0056D00208000000","block_lot":"56-D-208"}},{"type":"Feature","geometry":{"type":"Polygon","coordinates":[[[-79.935884,40.412105],[-79.935413,40.41171],[-79.935522,40.411606],[-79.936009,40.412014],[-79.935884,40.412105]]]},"properties":{"parcel_id":"0056D00211000000","block_lot":"56-D-211"}},{"type":"Feature","geometry":{"type":"Polygon","coordinates":[[[-79.935759,40.412195],[-79.935304,40.411814],[-79.935413,40.41171],[-79.935884,40.412105],[-79.935759,40.412195]]]},"properties":{"parcel_id":"0056D00213000000","block_lot":"56-D-213"}},{"type":"Feature","geometry":{"type":"Polygon","coordinates":[[[-79.935304,40.411814],[-79.935759,40.412195],[-79.935615,40.412298],[-79.935062,40.412544],[-79.934888,40.412123],[-79.93521,40.411904],[-79.935304,40.411814]]]},"properties":{"parcel_id":"0056D00215000000","block_lot":"56-D-215"}},{"type":"Feature","geometry":{"type":"Polygon","coordinates":[[[-79.93482,40.412419],[-79.934923,40.412388],[-79.935004,40.412577],[-79.934924,40.412616],[-79.93482,40.412419]]]},"properties":{"parcel_id":"0056D00223000000","block_lot":"56-D-223"}},{"type":"Feature","geometry":{"type":"Polygon","coordinates":[[[-79.934676,40.412461],[-79.93482,40.412419],[-79.934924,40.412616],[-79.934908,40.412624],[-79.934783,40.412666],[-79.934676,40.412461]]]},"properties":{"parcel_id":"0056D00224000000","block_lot":"56-D-224"}},{"type":"Feature","geometry":{"type":"Polygon","coordinates":[[[-79.934613,40.41248],[-79.934676,40.412461],[-79.934783,40.412666],[-79.93472,40.412687],[-79.934613,40.41248]]]},"properties":{"parcel_id":"0056D00226000000","block_lot":"56-D-226"}},{"type":"Feature","geometry":{"type":"Polygon","coordinates":[[[-79.934485,40.412518],[-79.934613,40.41248],[-79.93472,40.412687],[-79.934596,40.412728],[-79.934485,40.412518]]]},"properties":{"parcel_id":"0056D00227000000","block_lot":"56-D-227"}},{"type":"Feature","geometry":{"type":"Polygon","coordinates":[[[-79.934278,40.412579],[-79.934485,40.412518],[-79.934596,40.412728],[-79.93439,40.412797],[-79.934278,40.412579]]]},"properties":{"parcel_id":"0056D00229000000","block_lot":"56-D-229"}},{"type":"Feature","geometry":{"type":"Polygon","coordinates":[[[-79.934212,40.412598],[-79.934278,40.412579],[-79.93439,40.412797],[-79.934325,40.412818],[-79.934212,40.412598]]]},"properties":{"parcel_id":"0056D00232000000","block_lot":"56-D-232"}},{"type":"Feature","geometry":{"type":"Polygon","coordinates":[[[-79.933871,40.412699],[-79.934212,40.412598],[-79.934325,40.412818],[-79.933989,40.41293],[-79.933871,40.412699]]]},"properties":{"parcel_id":"0056D00233000000","block_lot":"56-D-233"}},{"type":"Feature","geometry":{"type":"Polygon","coordinates":[[[-79.933806,40.412718],[-79.933871,40.412699],[-79.933989,40.41293],[-79.933928,40.412951],[-79.933806,40.412718]]]},"properties":{"parcel_id":"0056D00238000000","block_lot":"56-D-238"}},{"type":"Feature","geometry":{"type":"Polygon","coordinates":[[[-79.933686,40.412754],[-79.933806,40.412718],[-79.933928,40.412951],[-79.933801,40.412993],[-79.933686,40.412754]]]},"properties":{"parcel_id":"0056D00239000000","block_lot":"56-D-239"}},{"type":"Feature","geometry":{"type":"Polygon","coordinates":[[[-79.933611,40.412776],[-79.933686,40.412754],[-79.933801,40.412993],[-79.933735,40.413015],[-79.933611,40.412776]]]},"properties":{"parcel_id":"0056D00241000000","block_lot":"56-D-241"}},{"type":"Feature","geometry":{"type":"Polygon","coordinates":[[[-79.933313,40.413155],[-79.932855,40.413369],[-79.93267,40.413124],[-79.932802,40.413061],[-79.933165,40.412908],[-79.933611,40.412776],[-79.933735,40.413015],[-79.933313,40.413155]]]},"properties":{"parcel_id":"0056D00242000000","block_lot":"56-D-242"}},{"type":"Feature","geometry":{"type":"Polygon","coordinates":[[[-79.932723,40.412809],[-79.932741,40.412801],[-79.932784,40.412789],[-79.932962,40.412993],[-79.932897,40.413021],[-79.932801,40.412907],[-79.932723,40.412809]]]},"properties":{"parcel_id":"0056D00257000000","block_lot":"56-D-257"}},{"type":"Feature","geometry":{"type":"Polygon","coordinates":[[[-79.932784,40.412789],[-79.932802,40.412783],[-79.932852,40.412762],[-79.933028,40.412965],[-79.932962,40.412993],[-79.932784,40.412789]]]},"properties":{"parcel_id":"0056D00258000000","block_lot":"56-D-258"}},{"type":"Feature","geometry":{"type":"Polygon","coordinates":[[[-79.933028,40.412965],[-79.932852,40.412762],[-79.932967,40.412712],[-79.933165,40.412908],[-79.933028,40.412965]]]},"properties":{"parcel_id":"0056D00260000000","block_lot":"56-D-260"}},{"type":"Feature","geometry":{"type":"Polygon","coordinates":[[[-79.933165,40.412908],[-79.932967,40.412712],[-79.932996,40.412699],[-79.933084,40.412673],[-79.933203,40.412896],[-79.933165,40.412908]]]},"properties":{"parcel_id":"0056D00262000000","block_lot":"56-D-262"}},{"type":"Feature","geometry":{"type":"Polygon","coordinates":[[[-79.933203,40.412896],[-79.933084,40.412673],[-79.933224,40.41263],[-79.933339,40.412856],[-79.933203,40.412896]]]},"properties":{"parcel_id":"0056D00264000000","block_lot":"56-D-264"}},{"type":"Feature","geometry":{"type":"Polygon","coordinates":[[[-79.933224,40.41263],[-79.933279,40.412614],[-79.933405,40.412836],[-79.933339,40.412856],[-79.933224,40.41263]]]},"properties":{"parcel_id":"0056D00265000000","block_lot":"56-D-265"}},{"type":"Feature","geometry":{"type":"Polygon","coordinates":[[[-79.933279,40.412614],[-79.933357,40.41259],[-79.933472,40.412817],[-79.933405,40.412836],[-79.933279,40.412614]]]},"properties":{"parcel_id":"0056D00266000000","block_lot":"56-D-266"}},{"type":"Feature","geometry":{"type":"Polygon","coordinates":[[[-79.933357,40.41259],[-79.933687,40.412491],[-79.933806,40.412718],[-79.933472,40.412817],[-79.933357,40.41259]]]},"properties":{"parcel_id":"0056D00271000000","block_lot":"56-D-271"}},{"type":"Feature","geometry":{"type":"Polygon","coordinates":[[[-79.933687,40.412491],[-79.933753,40.412471],[-79.933871,40.412699],[-79.933806,40.412718],[-79.933687,40.412491]]]},"properties":{"parcel_id":"0056D00272000000","block_lot":"56-D-272"}},{"type":"Feature","geometry":{"type":"Polygon","coordinates":[[[-79.933753,40.412471],[-79.933825,40.412449],[-79.933937,40.412679],[-79.933871,40.412699],[-79.933753,40.412471]]]},"properties":{"parcel_id":"0056D00273000000","block_lot":"56-D-273"}},{"type":"Feature","geometry":{"type":"Polygon","coordinates":[[[-79.933825,40.412449],[-79.933888,40.41243],[-79.934013,40.412657],[-79.933937,40.412679],[-79.933825,40.412449]]]},"properties":{"parcel_id":"0056D00274000000","block_lot":"56-D-274"}},{"type":"Feature","geometry":{"type":"Polygon","coordinates":[[[-79.933888,40.41243],[-79.933957,40.412409],[-79.934079,40.412637],[-79.934013,40.412657],[-79.933888,40.41243]]]},"properties":{"parcel_id":"0056D00275000000","block_lot":"56-D-275"}},{"type":"Feature","geometry":{"type":"Polygon","coordinates":[[[-79.933957,40.412409],[-79.93402,40.41239],[-79.934142,40.412619],[-79.934079,40.412637],[-79.933957,40.412409]]]},"properties":{"parcel_id":"0056D00276000000","block_lot":"56-D-276"}},{"type":"Feature","geometry":{"type":"Polygon","coordinates":[[[-79.934142,40.412619],[-79.93402,40.41239],[-79.934094,40.412368],[-79.934212,40.412598],[-79.934142,40.412619]]]},"properties":{"parcel_id":"0056D00277000000","block_lot":"56-D-277"}},{"type":"Feature","geometry":{"type":"Polygon","coordinates":[[[-79.934212,40.412598],[-79.934094,40.412368],[-79.934159,40.412348],[-79.934278,40.412579],[-79.934212,40.412598]]]},"properties":{"parcel_id":"0056D00278000000","block_lot":"56-D-278"}},{"type":"Feature","geometry":{"type":"Polygon","coordinates":[[[-79.934278,40.412579],[-79.934159,40.412348],[-79.934362,40.412287],[-79.934485,40.412518],[-79.934278,40.412579]]]},"properties":{"parcel_id":"0056D00281000000","block_lot":"56-D-281"}},{"type":"Feature","geometry":{"type":"Polygon","coordinates":[[[-79.934547,40.412499],[-79.934485,40.412518],[-79.934362,40.412287],[-79.934427,40.412267],[-79.934547,40.412499]]]},"properties":{"parcel_id":"0056D00282000000","block_lot":"56-D-282"}},{"type":"Feature","geometry":{"type":"Polygon","coordinates":[[[-79.934613,40.41248],[-79.934547,40.412499],[-79.934427,40.412267],[-79.934494,40.412247],[-79.934613,40.41248]]]},"properties":{"parcel_id":"0056D00283000000","block_lot":"56-D-283"}},{"type":"Feature","geometry":{"type":"Polygon","coordinates":[[[-79.934613,40.41248],[-79.934494,40.412247],[-79.934553,40.412229],[-79.934676,40.412461],[-79.934613,40.41248]]]},"properties":{"parcel_id":"0056D00284000000","block_lot":"56-D-284"}},{"type":"Feature","geometry":{"type":"Polygon","coordinates":[[[-79.934676,40.412461],[-79.934553,40.412229],[-79.934631,40.412206],[-79.934745,40.412441],[-79.934676,40.412461]]]},"properties":{"parcel_id":"0056D00285000000","block_lot":"56-D-285"}},{"type":"Feature","geometry":{"type":"Polygon","coordinates":[[[-79.934631,40.412206],[-79.934822,40.412148],[-79.934923,40.412388],[-79.934745,40.412441],[-79.934631,40.412206]]]},"properties":{"parcel_id":"0056D00288000000","block_lot":"56-D-288"}},{"type":"Feature","geometry":{"type":"Polygon","coordinates":[[[-79.935233,40.411447],[-79.935602,40.411353],[-79.935599,40.411363],[-79.935309,40.411627],[-79.935233,40.411447]]]},"properties":{"parcel_id":"0056D00307000000","block_lot":"56-D-307"}},{"type":"Feature","geometry":{"type":"Polygon","coordinates":[[[-79.934712,40.411507],[-79.935129,40.411403],[-79.935248,40.411684],[-79.935103,40.411814],[-79.934904,40.411949],[-79.934712,40.411507]]]},"properties":{"parcel_id":"0056D00309000000","block_lot":"56-D-309"}},{"type":"Feature","geometry":{"type":"Polygon","coordinates":[[[-79.934575,40.4121],[-79.93472,40.41192],[-79.934777,40.41204],[-79.934575,40.4121]]]},"properties":{"parcel_id":"0056D00316000000","block_lot":"56-D-316"}},{"type":"Feature","geometry":{"type":"Polygon","coordinates":[[[-79.934626,40.411692],[-79.934659,40.411769],[-79.934541,40.411917],[-79.934223,40.411776],[-79.934626,40.411692]]]},"properties":{"parcel_id":"0056D00320000000","block_lot":"56-D-320"}},{"type":"Feature","geometry":{"type":"Polygon","coordinates":[[[-79.93414,40.411799],[-79.934216,40.411706],[-79.934191,40.411682],[-79.934582,40.41159],[-79.934626,40.411692],[-79.934223,40.411776],[-79.934541,40.411917],[-79.934499,40.41197],[-79.93414,40.411799]]]},"properties":{"parcel_id":"0056D00321000000","block_lot":"56-D-321"}},{"type":"Feature","geometry":{"type":"Polygon","coordinates":[[[-79.93413,40.411623],[-79.93455,40.411513],[-79.934582,40.41159],[-79.934191,40.411682],[-79.93413,40.411623]]]},"properties":{"parcel_id":"0056D00323000000","block_lot":"56-D-323"}},{"type":"Feature","geometry":{"type":"Polygon","coordinates":[[[-79.934079,40.411572],[-79.93452,40.41145],[-79.93455,40.411513],[-79.93413,40.411623],[-79.934079,40.411572]]]},"properties":{"parcel_id":"0056D00324000000","block_lot":"56-D-324"}},{"type":"Feature","geometry":{"type":"Polygon","coordinates":[[[-79.933957,40.411455],[-79.934475,40.411339],[-79.93452,40.41145],[-79.934079,40.411572],[-79.933957,40.411455]]]},"properties":{"parcel_id":"0056D00325000000","block_lot":"56-D-325"}},{"type":"Feature","geometry":{"type":"Polygon","coordinates":[[[-79.934499,40.41197],[-79.934425,40.412063],[-79.934066,40.411891],[-79.93414,40.411799],[-79.934499,40.41197]]]},"properties":{"parcel_id":"0056D00333000000","block_lot":"56-D-333"}},{"type":"Feature","geometry":{"type":"Polygon","coordinates":[[[-79.934425,40.412063],[-79.934388,40.412109],[-79.934025,40.411941],[-79.934066,40.411891],[-79.934425,40.412063]]]},"properties":{"parcel_id":"0056D00335000000","block_lot":"56-D-335"}},{"type":"Feature","geometry":{"type":"Polygon","coordinates":[[[-79.934388,40.412109],[-79.934353,40.412153],[-79.93399,40.411985],[-79.934025,40.411941],[-79.934388,40.412109]]]},"properties":{"parcel_id":"0056D00336000000","block_lot":"56-D-336"}},{"type":"Feature","geometry":{"type":"Polygon","coordinates":[[[-79.933947,40.412039],[-79.93399,40.411985],[-79.934353,40.412153],[-79.93434,40.412169],[-79.934283,40.412186],[-79.933947,40.412039]]]},"properties":{"parcel_id":"0056D00337000000","block_lot":"56-D-337"}},{"type":"Feature","geometry":{"type":"Polygon","coordinates":[[[-79.933913,40.412081],[-79.933947,40.412039],[-79.934283,40.412186],[-79.934191,40.412214],[-79.933913,40.412081]]]},"properties":{"parcel_id":"0056D00338000000","block_lot":"56-D-338"}},{"type":"Feature","geometry":{"type":"Polygon","coordinates":[[[-79.933872,40.412131],[-79.933913,40.412081],[-79.934191,40.412214],[-79.9341,40.412241],[-79.933872,40.412131]]]},"properties":{"parcel_id":"0056D00339000000","block_lot":"56-D-339"}},{"type":"Feature","geometry":{"type":"Polygon","coordinates":[[[-79.9341,40.412241],[-79.933681,40.412367],[-79.933872,40.412131],[-79.9341,40.412241]]]},"properties":{"parcel_id":"0056D00340000000","block_lot":"56-D-340"}},{"type":"Feature","geometry":{"type":"Polygon","coordinates":[[[-79.932894,40.412112],[-79.932964,40.412093],[-79.933066,40.412312],[-79.933001,40.412332],[-79.932894,40.412112]]]},"properties":{"parcel_id":"0056D00357000000","block_lot":"56-D-357"}},{"type":"Feature","geometry":{"type":"Polygon","coordinates":[[[-79.932964,40.412093],[-79.933027,40.412077],[-79.93313,40.412292],[-79.933066,40.412312],[-79.932964,40.412093]]]},"properties":{"parcel_id":"0056D00358000000","block_lot":"56-D-358"}},{"type":"Feature","geometry":{"type":"Polygon","coordinates":[[[-79.933027,40.412077],[-79.933159,40.412042],[-79.93326,40.412251],[-79.93313,40.412292],[-79.933027,40.412077]]]},"properties":{"parcel_id":"0056D00360000000","block_lot":"56-D-360"}},{"type":"Feature","geometry":{"type":"Polygon","coordinates":[[[-79.933237,40.412021],[-79.933301,40.412005],[-79.933403,40.412219],[-79.933331,40.412239],[-79.933237,40.412021]]]},"properties":{"parcel_id":"0056D00362000000","block_lot":"56-D-362"}},{"type":"Feature","geometry":{"type":"Polygon","coordinates":[[[-79.933403,40.412219],[-79.933301,40.412005],[-79.933372,40.411986],[-79.933473,40.4122],[-79.933403,40.412219]]]},"properties":{"parcel_id":"0056D00363000000","block_lot":"56-D-363"}},{"type":"Feature","geometry":{"type":"Polygon","coordinates":[[[-79.933473,40.4122],[-79.933372,40.411986],[-79.933926,40.41184],[-79.933683,40.412143],[-79.933473,40.4122]]]},"properties":{"parcel_id":"0056D00364000000","block_lot":"56-D-364"}},{"type":"Feature","geometry":{"type":"Polygon","coordinates":[[[-79.933526,40.411822],[-79.933408,40.411531],[-79.933765,40.411457],[-79.934029,40.411686],[-79.933526,40.411822]]]},"properties":{"parcel_id":"0056D00371000000","block_lot":"56-D-371"}},{"type":"Feature","geometry":{"type":"Polygon","coordinates":[[[-79.9334,40.411695],[-79.933468,40.411679],[-79.933526,40.411822],[-79.933463,40.411839],[-79.9334,40.411695]]]},"properties":{"parcel_id":"0056D00377000000","block_lot":"56-D-377"}},{"type":"Feature","geometry":{"type":"Polygon","coordinates":[[[-79.933321,40.411878],[-79.933264,40.411727],[-79.9334,40.411695],[-79.933463,40.411839],[-79.933321,40.411878]]]},"properties":{"parcel_id":"0056D00378000000","block_lot":"56-D-378"}},{"type":"Feature","geometry":{"type":"Polygon","coordinates":[[[-79.933251,40.411897],[-79.933197,40.411742],[-79.933264,40.411727],[-79.933321,40.411878],[-79.933251,40.411897]]]},"properties":{"parcel_id":"0056D00380000000","block_lot":"56-D-380"}},{"type":"Feature","geometry":{"type":"Polygon","coordinates":[[[-79.933187,40.411914],[-79.933129,40.411758],[-79.933197,40.411742],[-79.933251,40.411897],[-79.933187,40.411914]]]},"properties":{"parcel_id":"0056D00381000000","block_lot":"56-D-381"}},{"type":"Feature","geometry":{"type":"Polygon","coordinates":[[[-79.933109,40.411935],[-79.933053,40.411776],[-79.933129,40.411758],[-79.933187,40.411914],[-79.933109,40.411935]]]},"properties":{"parcel_id":"0056D00382000000","block_lot":"56-D-382"}},{"type":"Feature","geometry":{"type":"Polygon","coordinates":[[[-79.932989,40.411791],[-79.933053,40.411776],[-79.933109,40.411935],[-79.933048,40.411952],[-79.932989,40.411791]]]},"properties":{"parcel_id":"0056D00383000000","block_lot":"56-D-383"}},{"type":"Feature","geometry":{"type":"Polygon","coordinates":[[[-79.932919,40.411807],[-79.932989,40.411791],[-79.933048,40.411952],[-79.932976,40.411971],[-79.932919,40.411807]]]},"properties":{"parcel_id":"0056D00384000000","block_lot":"56-D-384"}},{"type":"Feature","geometry":{"type":"Polygon","coordinates":[[[-79.932871,40.411818],[-79.932919,40.411807],[-79.932976,40.411971],[-79.932929,40.411984],[-79.932871,40.411818]]]},"properties":{"parcel_id":"0056D00385000000","block_lot":"56-D-385"}},{"type":"Feature","geometry":{"type":"Polygon","coordinates":[[[-79.932813,40.411655],[-79.932862,40.411645],[-79.932919,40.411807],[-79.932871,40.411818],[-79.932813,40.411655]]]},"properties":{"parcel_id":"0056D00388000000","block_lot":"56-D-388"}},{"type":"Feature","geometry":{"type":"Polygon","coordinates":[[[-79.932862,40.411645],[-79.932929,40.411631],[-79.932989,40.411791],[-79.932919,40.411807],[-79.932862,40.411645]]]},"properties":{"parcel_id":"0056D00389000000","block_lot":"56-D-389"}},{"type":"Feature","geometry":{"type":"Polygon","coordinates":[[[-79.932929,40.411631],[-79.932997,40.411617],[-79.933053,40.411776],[-79.932989,40.411791],[-79.932929,40.411631]]]},"properties":{"parcel_id":"0056D00390000000","block_lot":"56-D-390"}},{"type":"Feature","geometry":{"type":"Polygon","coordinates":[[[-79.932997,40.411617],[-79.93307,40.411601],[-79.933129,40.411758],[-79.933053,40.411776],[-79.932997,40.411617]]]},"properties":{"parcel_id":"0056D00391000000","block_lot":"56-D-391"}},{"type":"Feature","geometry":{"type":"Polygon","coordinates":[[[-79.93307,40.411601],[-79.933142,40.411587],[-79.933197,40.411742],[-79.933129,40.411758],[-79.93307,40.411601]]]},"properties":{"parcel_id":"0056D00392000000","block_lot":"56-D-392"}},{"type":"Feature","geometry":{"type":"Polygon","coordinates":[[[-79.933142,40.411587],[-79.933205,40.411573],[-79.933264,40.411727],[-79.933197,40.411742],[-79.933142,40.411587]]]},"properties":{"parcel_id":"0056D00393000000","block_lot":"56-D-393"}},{"type":"Feature","geometry":{"type":"Polygon","coordinates":[[[-79.933331,40.411711],[-79.933264,40.411727],[-79.933205,40.411573],[-79.933278,40.411558],[-79.933331,40.411711]]]},"properties":{"parcel_id":"0056D00394000000","block_lot":"56-D-394"}},{"type":"Feature","geometry":{"type":"Polygon","coordinates":[[[-79.933468,40.411679],[-79.933331,40.411711],[-79.933278,40.411558],[-79.933408,40.411531],[-79.933468,40.411679]]]},"properties":{"parcel_id":"0056D00395000000","block_lot":"56-D-395"}},{"type":"Feature","geometry":{"type":"Polygon","coordinates":[[[-79.94719,40.407899],[-79.947772,40.408917],[-79.947781,40.408938],[-79.947786,40.408961],[-79.947786,40.408984],[-79.947781,40.409007],[-79.947771,40.409028],[-79.947757,40.409049],[-79.947738,40.409067],[-79.947716,40.409082],[-79.94769,40.409094],[-79.947663,40.409103],[-79.947976,40.410343],[-79.947821,40.410376],[-79.947776,40.4103],[-79.947753,40.410275],[-79.947737,40.410264],[-79.9477,40.41025],[-79.947659,40.410247],[-79.947619,40.410253],[-79.946974,40.410425],[-79.94702,40.410657],[-79.946775,40.410709],[-79.946463,40.409189],[-79.946444,40.40912],[-79.94642,40.409059],[-79.94639,40.409001],[-79.946353,40.408944],[-79.945802,40.408202],[-79.946023,40.408154],[-79.946101,40.408267],[-79.947072,40.408102],[-79.946946,40.407952],[-79.94719,40.407899]]]},"properties":{"parcel_id":"0056E00002000000","block_lot":"56-E-2"}},{"type":"Feature","geometry":{"type":"Polygon","coordinates":[[[-79.946817,40.413129],[-79.947772,40.412938],[-79.948076,40.413942],[-79.947354,40.414161],[-79.947438,40.414416],[-79.947274,40.414467],[-79.947225,40.414316],[-79.946817,40.413129]]]},"properties":{"parcel_id":"0056E00006000000","block_lot":"56-E-6"}},{"type":"Feature","geometry":{"type":"Polygon","coordinates":[[[-79.948998,40.412631],[-79.94797,40.412842],[-79.947797,40.412224],[-79.947087,40.410903],[-79.947625,40.410784],[-79.94768,40.410775],[-79.947737,40.410773],[-79.947793,40.410778],[-79.947847,40.410789],[-79.947899,40.410807],[-79.947946,40.410831],[-79.947987,40.410861],[-79.948021,40.410895],[-79.948048,40.410933],[-79.948067,40.410974],[-79.948161,40.411229],[-79.948223,40.411388],[-79.948292,40.411544],[-79.94837,40.411699],[-79.948456,40.411851],[-79.948549,40.412],[-79.948649,40.412147],[-79.948998,40.412631]]]},"properties":{"parcel_id":"0056E00008000000","block_lot":"56-E-8"}},{"type":"Feature","geometry":{"type":"Polygon","coordinates":[[[-79.94797,40.412842],[-79.948581,40.412717],[-79.948657,40.412944],[-79.948554,40.412966],[-79.948578,40.413032],[-79.948408,40.413067],[-79.948352,40.413141],[-79.948305,40.413152],[-79.948367,40.41333],[-79.948125,40.41338],[-79.94797,40.412842]]]},"properties":{"parcel_id":"0056E00009000000","block_lot":"56-E-9"}},{"type":"Feature","geometry":{"type":"Polygon","coordinates":[[[-79.950652,40.416625],[-79.950641,40.416874],[-79.950626,40.417004],[-79.95061,40.417133],[-79.950535,40.41764],[-79.949978,40.417618],[-79.949453,40.416583],[-79.949314,40.416323],[-79.949909,40.416157],[-79.949948,40.416144],[-79.94999,40.416135],[-79.950032,40.41613],[-79.950075,40.41613],[-79.950637,40.416165],[-79.950645,40.416272],[-79.950651,40.416448],[-79.950652,40.416625]]]},"properties":{"parcel_id":"0056E00012000000","block_lot":"56-E-12"}},{"type":"Feature","geometry":{"type":"Polygon","coordinates":[[[-79.950468,40.41521],[-79.950504,40.415358],[-79.950582,40.41577],[-79.950605,40.415901],[-79.950623,40.416033],[-79.950637,40.416165],[-79.950075,40.41613],[-79.950032,40.41613],[-79.94999,40.416135],[-79.949948,40.416144],[-79.949909,40.416157],[-79.949314,40.416323],[-79.948616,40.414947],[-79.948281,40.413834],[-79.948199,40.413531],[-79.949474,40.413272],[-79.949744,40.413635],[-79.949828,40.413759],[-79.949911,40.413889],[-79.949984,40.414021],[-79.95005,40.414157],[-79.950318,40.414767],[-79.950365,40.414886],[-79.950408,40.415007],[-79.950468,40.41521]]]},"properties":{"parcel_id":"0056E00014000000","block_lot":"56-E-14"}},{"type":"Feature","geometry":{"type":"Polygon","coordinates":[[[-79.948554,40.412966],[-79.948797,40.412916],[-79.948819,40.412982],[-79.948865,40.412973],[-79.94888,40.413008],[-79.948922,40.413001],[-79.948929,40.413022],[-79.948967,40.413014],[-79.949028,40.413196],[-79.948367,40.41333],[-79.948305,40.413152],[-79.948352,40.413141],[-79.948408,40.413067],[-79.948578,40.413032],[-79.948554,40.412966]]]},"properties":{"parcel_id":"0056E00023000000","block_lot":"56-E-23"}},{"type":"Feature","geometry":{"type":"Polygon","coordinates":[[[-79.948657,40.412944],[-79.948581,40.412717],[-79.948998,40.412631],[-79.949361,40.413128],[-79.949028,40.413196],[-79.948967,40.413014],[-79.948929,40.413022],[-79.948922,40.413001],[-79.94888,40.413008],[-79.948865,40.412973],[-79.948819,40.412982],[-79.948797,40.412916],[-79.948657,40.412944]]]},"properties":{"parcel_id":"0056E00025000000","block_lot":"56-E-25"}},{"type":"Feature","geometry":{"type":"Polygon","coordinates":[[[-79.945303,40.410986],[-79.945268,40.410827],[-79.946762,40.410646],[-79.946775,40.410709],[-79.94673,40.410719],[-79.946737,40.410738],[-79.945379,40.411035],[-79.945354,40.411033],[-79.945332,40.411024],[-79.945315,40.41101],[-79.945308,40.411002],[-79.945303,40.410986]]]},"properties":{"parcel_id":"0056E00058000000","block_lot":"56-E-58"}},{"type":"Feature","geometry":{"type":"Polygon","coordinates":[[[-79.944988,40.409524],[-79.946463,40.409189],[-79.946762,40.410646],[-79.945268,40.410827],[-79.944988,40.409524]]]},"properties":{"parcel_id":"0056E00075000000","block_lot":"56-E-75"}},{"type":"Feature","geometry":{"type":"Polygon","coordinates":[[[-79.947976,40.410343],[-79.947663,40.409103],[-79.94769,40.409094],[-79.947716,40.409082],[-79.947738,40.409067],[-79.947757,40.409049],[-79.947771,40.409028],[-79.947781,40.409007],[-79.947786,40.408984],[-79.947786,40.408961],[-79.947781,40.408938],[-79.947772,40.408917],[-79.94719,40.407899],[-79.94826,40.407666],[-79.948238,40.407599],[-79.948858,40.407463],[-79.948836,40.407401],[-79.948679,40.40685],[-79.949038,40.40697],[-79.949073,40.406963],[-79.949227,40.407383],[-79.949244,40.407379],[-79.94927,40.407445],[-79.949304,40.407517],[-79.950299,40.409555],[-79.950436,40.409824],[-79.950461,40.409892],[-79.950435,40.409898],[-79.950463,40.409963],[-79.950609,40.410733],[-79.950596,40.410519],[-79.950575,40.410306],[-79.950547,40.410093],[-79.950511,40.40988],[-79.950558,40.409868],[-79.95069,40.410866],[-79.950714,40.411263],[-79.950877,40.412115],[-79.94914,40.412462],[-79.948851,40.41207],[-79.948716,40.411878],[-79.948632,40.411739],[-79.948546,40.411581],[-79.948468,40.411421],[-79.948375,40.411198],[-79.948344,40.411112],[-79.948314,40.411023],[-79.948293,40.410933],[-79.94828,40.410842],[-79.948275,40.41075],[-79.948274,40.410572],[-79.948271,40.410542],[-79.948261,40.410513],[-79.948247,40.410486],[-79.948226,40.41046],[-79.948202,40.410438],[-79.948099,40.410373],[-79.948081,40.410359],[-79.948053,40.410326],[-79.947976,40.410343]]]},"properties":{"parcel_id":"0056E00080000000","block_lot":"56-E-80"}},{"type":"Feature","geometry":{"type":"Polygon","coordinates":[[[-79.947821,40.410376],[-79.947824,40.410394],[-79.947824,40.410412],[-79.947819,40.41043],[-79.947811,40.410447],[-79.947799,40.410463],[-79.947784,40.410477],[-79.947766,40.410488],[-79.947746,40.410498],[-79.947724,40.410505],[-79.94702,40.410657],[-79.946974,40.410425],[-79.947619,40.410253],[-79.947659,40.410247],[-79.9477,40.41025],[-79.947719,40.410256],[-79.947753,40.410275],[-79.947776,40.4103],[-79.947821,40.410376]]]},"properties":{"parcel_id":"0056E00086000000","block_lot":"56-E-86"}},{"type":"Feature","geometry":{"type":"Polygon","coordinates":[[[-79.944933,40.411172],[-79.944398,40.408521],[-79.94455,40.408489],[-79.94511,40.411126],[-79.944933,40.411172]]]},"properties":{"parcel_id":"0056F00040000000","block_lot":"56-F-40"}},{"type":"Feature","geometry":{"type":"Polygon","coordinates":[[[-79.943895,40.408912],[-79.944461,40.408833],[-79.944561,40.409326],[-79.944029,40.409389],[-79.943895,40.408912]]]},"properties":{"parcel_id":"0056F00054000000","block_lot":"56-F-54"}},{"type":"Feature","geometry":{"type":"Polygon","coordinates":[[[-79.944029,40.409389],[-79.944561,40.409326],[-79.944611,40.409574],[-79.9441,40.40964],[-79.944029,40.409389]]]},"properties":{"parcel_id":"0056F00065000000","block_lot":"56-F-65"}},{"type":"Feature","geometry":{"type":"Polygon","coordinates":[[[-79.9441,40.40964],[-79.944611,40.409574],[-79.944671,40.409873],[-79.944194,40.409974],[-79.9441,40.40964]]]},"properties":{"parcel_id":"0056F00072000000","block_lot":"56-F-72"}},{"type":"Feature","geometry":{"type":"Polygon","coordinates":[[[-79.944194,40.409974],[-79.944671,40.409873],[-79.944693,40.409983],[-79.944234,40.410077],[-79.944194,40.409974]]]},"properties":{"parcel_id":"0056F00074000000","block_lot":"56-F-74"}},{"type":"Feature","geometry":{"type":"Polygon","coordinates":[[[-79.944234,40.410077],[-79.944693,40.409983],[-79.944715,40.41009],[-79.944275,40.410187],[-79.944234,40.410077]]]},"properties":{"parcel_id":"0056F00076000000","block_lot":"56-F-76"}},{"type":"Feature","geometry":{"type":"Polygon","coordinates":[[[-79.944275,40.410187],[-79.944715,40.41009],[-79.944732,40.410175],[-79.944307,40.410269],[-79.944275,40.410187]]]},"properties":{"parcel_id":"0056F00078000000","block_lot":"56-F-78"}},{"type":"Feature","geometry":{"type":"Polygon","coordinates":[[[-79.944307,40.410269],[-79.944732,40.410175],[-79.944749,40.41026],[-79.94434,40.410354],[-79.944307,40.410269]]]},"properties":{"parcel_id":"0056F00080000000","block_lot":"56-F-80"}},{"type":"Feature","geometry":{"type":"Polygon","coordinates":[[[-79.944377,40.410437],[-79.944353,40.410391],[-79.94434,40.410354],[-79.944749,40.41026],[-79.944766,40.410343],[-79.944377,40.410437]]]},"properties":{"parcel_id":"0056F00082000000","block_lot":"56-F-82"}},{"type":"Feature","geometry":{"type":"Polygon","coordinates":[[[-79.944377,40.410437],[-79.944766,40.410343],[-79.944775,40.410389],[-79.944399,40.410478],[-79.944377,40.410437]]]},"properties":{"parcel_id":"0056F00083000000","block_lot":"56-F-83"}},{"type":"Feature","geometry":{"type":"Polygon","coordinates":[[[-79.944399,40.410478],[-79.944775,40.410389],[-79.944793,40.410475],[-79.94444,40.410558],[-79.944399,40.410478]]]},"properties":{"parcel_id":"0056F00084000000","block_lot":"56-F-84"}},{"type":"Feature","geometry":{"type":"Polygon","coordinates":[[[-79.94446,40.410596],[-79.944802,40.410524],[-79.944811,40.410569],[-79.944482,40.410639],[-79.94446,40.410596]]]},"properties":{"parcel_id":"0056F00085000000","block_lot":"56-F-85"}},{"type":"Feature","geometry":{"type":"Polygon","coordinates":[[[-79.94446,40.410596],[-79.94444,40.410558],[-79.944793,40.410475],[-79.944802,40.410524],[-79.94446,40.410596]]]},"properties":{"parcel_id":"0056F00085000A00","block_lot":"56-F-85-A"}},{"type":"Feature","geometry":{"type":"Polygon","coordinates":[[[-79.944482,40.410639],[-79.944811,40.410569],[-79.94483,40.410659],[-79.944526,40.410724],[-79.944482,40.410639]]]},"properties":{"parcel_id":"0056F00086000000","block_lot":"56-F-86"}},{"type":"Feature","geometry":{"type":"Polygon","coordinates":[[[-79.944584,40.410835],[-79.944526,40.410724],[-79.94483,40.410659],[-79.944852,40.41077],[-79.944584,40.410835]]]},"properties":{"parcel_id":"0056F00088000000","block_lot":"56-F-88"}},{"type":"Feature","geometry":{"type":"Polygon","coordinates":[[[-79.94488,40.410912],[-79.944653,40.410969],[-79.944584,40.410835],[-79.944852,40.41077],[-79.94488,40.410912]]]},"properties":{"parcel_id":"0056F00090000000","block_lot":"56-F-90"}},{"type":"Feature","geometry":{"type":"Polygon","coordinates":[[[-79.944653,40.410969],[-79.94488,40.410912],[-79.944892,40.41097],[-79.944681,40.411021],[-79.944653,40.410969]]]},"properties":{"parcel_id":"0056F00091000000","block_lot":"56-F-91"}},{"type":"Feature","geometry":{"type":"Polygon","coordinates":[[[-79.944681,40.411021],[-79.944892,40.41097],[-79.944905,40.411033],[-79.944708,40.411074],[-79.944681,40.411021]]]},"properties":{"parcel_id":"0056F00092000000","block_lot":"56-F-92"}},{"type":"Feature","geometry":{"type":"Polygon","coordinates":[[[-79.944933,40.411172],[-79.944778,40.411207],[-79.944708,40.411074],[-79.944905,40.411033],[-79.944933,40.411172]]]},"properties":{"parcel_id":"0056F00094000000","block_lot":"56-F-94"}},{"type":"Feature","geometry":{"type":"Polygon","coordinates":[[[-79.944493,40.411097],[-79.944553,40.411219],[-79.94422,40.411282],[-79.944185,40.411198],[-79.944493,40.411097]]]},"properties":{"parcel_id":"0056F00096000000","block_lot":"56-F-96"}},{"type":"Feature","geometry":{"type":"Polygon","coordinates":[[[-79.944462,40.411033],[-79.944493,40.411097],[-79.944185,40.411198],[-79.944149,40.411132],[-79.944462,40.411033]]]},"properties":{"parcel_id":"0056F00099000000","block_lot":"56-F-99"}},{"type":"Feature","geometry":{"type":"Polygon","coordinates":[[[-79.944429,40.410965],[-79.944462,40.411033],[-79.944149,40.411132],[-79.944117,40.411073],[-79.944429,40.410965]]]},"properties":{"parcel_id":"0056F00100000000","block_lot":"56-F-100"}},{"type":"Feature","geometry":{"type":"Polygon","coordinates":[[[-79.944369,40.410844],[-79.944429,40.410965],[-79.944117,40.411073],[-79.944051,40.41095],[-79.944369,40.410844]]]},"properties":{"parcel_id":"0056F00101000000","block_lot":"56-F-101"}},{"type":"Feature","geometry":{"type":"Polygon","coordinates":[[[-79.944336,40.410778],[-79.944369,40.410844],[-79.944051,40.41095],[-79.944014,40.410881],[-79.944336,40.410778]]]},"properties":{"parcel_id":"0056F00103000000","block_lot":"56-F-103"}},{"type":"Feature","geometry":{"type":"Polygon","coordinates":[[[-79.94427,40.410642],[-79.944336,40.410778],[-79.944014,40.410881],[-79.943944,40.410745],[-79.94427,40.410642]]]},"properties":{"parcel_id":"0056F00104000000","block_lot":"56-F-104"}},{"type":"Feature","geometry":{"type":"Polygon","coordinates":[[[-79.94424,40.410583],[-79.94427,40.410642],[-79.943944,40.410745],[-79.943913,40.410686],[-79.94424,40.410583]]]},"properties":{"parcel_id":"0056F00106000000","block_lot":"56-F-106"}},{"type":"Feature","geometry":{"type":"Polygon","coordinates":[[[-79.94421,40.410521],[-79.94424,40.410583],[-79.943913,40.410686],[-79.94388,40.410627],[-79.94421,40.410521]]]},"properties":{"parcel_id":"0056F00107000000","block_lot":"56-F-107"}},{"type":"Feature","geometry":{"type":"Polygon","coordinates":[[[-79.944182,40.410464],[-79.94421,40.410521],[-79.94388,40.410627],[-79.943849,40.410569],[-79.944182,40.410464]]]},"properties":{"parcel_id":"0056F00108000000","block_lot":"56-F-108"}},{"type":"Feature","geometry":{"type":"Polygon","coordinates":[[[-79.944157,40.410414],[-79.944182,40.410464],[-79.943849,40.410569],[-79.943829,40.410538],[-79.943813,40.410495],[-79.944157,40.410414]]]},"properties":{"parcel_id":"0056F00109000000","block_lot":"56-F-109"}},{"type":"Feature","geometry":{"type":"Polygon","coordinates":[[[-79.943813,40.410495],[-79.943787,40.410434],[-79.944132,40.410352],[-79.944157,40.410414],[-79.943813,40.410495]]]},"properties":{"parcel_id":"0056F00110000000","block_lot":"56-F-110"}},{"type":"Feature","geometry":{"type":"Polygon","coordinates":[[[-79.943659,40.410128],[-79.944005,40.410045],[-79.944132,40.410352],[-79.943787,40.410434],[-79.943659,40.410128]]]},"properties":{"parcel_id":"0056F00115000000","block_lot":"56-F-115"}},{"type":"Feature","geometry":{"type":"Polygon","coordinates":[[[-79.94357,40.409884],[-79.943745,40.40985],[-79.943747,40.409856],[-79.943926,40.409824],[-79.943959,40.409943],[-79.943617,40.410015],[-79.94357,40.409884]]]},"properties":{"parcel_id":"0056F00118000000","block_lot":"56-F-118"}},{"type":"Feature","geometry":{"type":"Polygon","coordinates":[[[-79.943562,40.40986],[-79.943919,40.409798],[-79.943926,40.409824],[-79.943747,40.409856],[-79.943745,40.40985],[-79.94357,40.409884],[-79.943562,40.40986]]]},"properties":{"parcel_id":"0056F00120000000","block_lot":"56-F-120"}},{"type":"Feature","geometry":{"type":"Polygon","coordinates":[[[-79.943562,40.40986],[-79.943539,40.409798],[-79.943901,40.409735],[-79.943919,40.409798],[-79.943562,40.40986]]]},"properties":{"parcel_id":"0056F00121000000","block_lot":"56-F-121"}},{"type":"Feature","geometry":{"type":"Polygon","coordinates":[[[-79.943901,40.409735],[-79.943539,40.409798],[-79.943498,40.409683],[-79.943868,40.409617],[-79.943901,40.409735]]]},"properties":{"parcel_id":"0056F00122000000","block_lot":"56-F-122"}},{"type":"Feature","geometry":{"type":"Polygon","coordinates":[[[-79.943868,40.409617],[-79.943498,40.409683],[-79.943368,40.409321],[-79.943764,40.409241],[-79.943868,40.409617]]]},"properties":{"parcel_id":"0056F00125000000","block_lot":"56-F-125"}},{"type":"Feature","geometry":{"type":"Polygon","coordinates":[[[-79.942728,40.409316],[-79.942648,40.409335],[-79.942544,40.409064],[-79.942629,40.409043],[-79.942728,40.409316]]]},"properties":{"parcel_id":"0056F00140000000","block_lot":"56-F-140"}},{"type":"Feature","geometry":{"type":"Polygon","coordinates":[[[-79.942456,40.40907],[-79.94254,40.40905],[-79.942648,40.409335],[-79.942563,40.409355],[-79.942456,40.40907]]]},"properties":{"parcel_id":"0056F00141000000","block_lot":"56-F-141"}},{"type":"Feature","geometry":{"type":"Polygon","coordinates":[[[-79.942264,40.40911],[-79.942454,40.409066],[-79.942563,40.409355],[-79.942372,40.4094],[-79.942264,40.40911]]]},"properties":{"parcel_id":"0056F00142000000","block_lot":"56-F-142"}},{"type":"Feature","geometry":{"type":"Polygon","coordinates":[[[-79.94176,40.409027],[-79.942027,40.408972],[-79.94205,40.409033],[-79.941786,40.409094],[-79.94176,40.409027]]]},"properties":{"parcel_id":"0056F00147000000","block_lot":"56-F-147"}},{"type":"Feature","geometry":{"type":"Polygon","coordinates":[[[-79.941877,40.409073],[-79.94205,40.409033],[-79.942075,40.409103],[-79.941903,40.409142],[-79.941877,40.409073]]]},"properties":{"parcel_id":"0056F00148000000","block_lot":"56-F-148"}},{"type":"Feature","geometry":{"type":"Polygon","coordinates":[[[-79.941786,40.409094],[-79.941877,40.409073],[-79.941903,40.409142],[-79.941812,40.409162],[-79.941786,40.409094]]]},"properties":{"parcel_id":"0056F00148000100","block_lot":"56-F-148-1"}},{"type":"Feature","geometry":{"type":"Polygon","coordinates":[[[-79.941903,40.409142],[-79.942075,40.409103],[-79.942196,40.409431],[-79.942028,40.409467],[-79.941903,40.409142]]]},"properties":{"parcel_id":"0056F00150000000","block_lot":"56-F-150"}},{"type":"Feature","geometry":{"type":"Polygon","coordinates":[[[-79.941812,40.409162],[-79.941903,40.409142],[-79.942028,40.409467],[-79.941938,40.409487],[-79.941812,40.409162]]]},"properties":{"parcel_id":"0056F00152000000","block_lot":"56-F-152"}},{"type":"Feature","geometry":{"type":"Polygon","coordinates":[[[-79.941681,40.409043],[-79.94176,40.409027],[-79.941938,40.409487],[-79.941851,40.409505],[-79.941681,40.409043]]]},"properties":{"parcel_id":"0056F00153000000","block_lot":"56-F-153"}},{"type":"Feature","geometry":{"type":"Polygon","coordinates":[[[-79.941851,40.409505],[-79.941765,40.409524],[-79.941594,40.409061],[-79.941681,40.409043],[-79.941851,40.409505]]]},"properties":{"parcel_id":"0056F00154000000","block_lot":"56-F-154"}},{"type":"Feature","geometry":{"type":"Polygon","coordinates":[[[-79.941765,40.409524],[-79.941682,40.409542],[-79.941513,40.409077],[-79.941594,40.409061],[-79.941765,40.409524]]]},"properties":{"parcel_id":"0056F00155000000","block_lot":"56-F-155"}},{"type":"Feature","geometry":{"type":"Polygon","coordinates":[[[-79.941423,40.409095],[-79.941513,40.409077],[-79.941682,40.409542],[-79.941592,40.409562],[-79.941423,40.409095]]]},"properties":{"parcel_id":"0056F00156000000","block_lot":"56-F-156"}},{"type":"Feature","geometry":{"type":"Polygon","coordinates":[[[-79.941331,40.409114],[-79.941423,40.409095],[-79.941592,40.409562],[-79.941505,40.409581],[-79.941331,40.409114]]]},"properties":{"parcel_id":"0056F00157000000","block_lot":"56-F-157"}},{"type":"Feature","geometry":{"type":"Polygon","coordinates":[[[-79.941505,40.409581],[-79.941418,40.4096],[-79.941242,40.409132],[-79.941331,40.409114],[-79.941505,40.409581]]]},"properties":{"parcel_id":"0056F00158000000","block_lot":"56-F-158"}},{"type":"Feature","geometry":{"type":"Polygon","coordinates":[[[-79.941418,40.4096],[-79.941334,40.409618],[-79.941152,40.40915],[-79.941242,40.409132],[-79.941418,40.4096]]]},"properties":{"parcel_id":"0056F00159000000","block_lot":"56-F-159"}},{"type":"Feature","geometry":{"type":"Polygon","coordinates":[[[-79.941334,40.409618],[-79.94124,40.409638],[-79.941073,40.409167],[-79.941152,40.40915],[-79.941334,40.409618]]]},"properties":{"parcel_id":"0056F00160000000","block_lot":"56-F-160"}},{"type":"Feature","geometry":{"type":"Polygon","coordinates":[[[-79.941209,40.410128],[-79.94109,40.409811],[-79.941141,40.4098],[-79.941261,40.410117],[-79.941209,40.410128]]]},"properties":{"parcel_id":"0056F00163000000","block_lot":"56-F-163"}},{"type":"Feature","geometry":{"type":"Polygon","coordinates":[[[-79.941141,40.4098],[-79.941204,40.409785],[-79.94132,40.410104],[-79.941261,40.410117],[-79.941141,40.4098]]]},"properties":{"parcel_id":"0056F00164000000","block_lot":"56-F-164"}},{"type":"Feature","geometry":{"type":"Polygon","coordinates":[[[-79.941204,40.409785],[-79.94126,40.409773],[-79.941355,40.410024],[-79.941342,40.410026],[-79.941364,40.410095],[-79.94132,40.410104],[-79.941204,40.409785]]]},"properties":{"parcel_id":"0056F00165000000","block_lot":"56-F-165"}},{"type":"Feature","geometry":{"type":"Polygon","coordinates":[[[-79.94126,40.409773],[-79.941319,40.409759],[-79.94141,40.410009],[-79.941397,40.410012],[-79.941422,40.410082],[-79.941364,40.410095],[-79.941342,40.410026],[-79.941355,40.410024],[-79.94126,40.409773]]]},"properties":{"parcel_id":"0056F00165000A00","block_lot":"56-F-165-A"}},{"type":"Feature","geometry":{"type":"Polygon","coordinates":[[[-79.941319,40.409759],[-79.941373,40.409747],[-79.941489,40.410068],[-79.941422,40.410082],[-79.941397,40.410012],[-79.94141,40.410009],[-79.941319,40.409759]]]},"properties":{"parcel_id":"0056F00166000000","block_lot":"56-F-166"}},{"type":"Feature","geometry":{"type":"Polygon","coordinates":[[[-79.941581,40.410048],[-79.941489,40.410068],[-79.941373,40.409747],[-79.941454,40.409728],[-79.941581,40.410048]]]},"properties":{"parcel_id":"0056F00167000000","block_lot":"56-F-167"}},{"type":"Feature","geometry":{"type":"Polygon","coordinates":[[[-79.941633,40.410037],[-79.941581,40.410048],[-79.941454,40.409728],[-79.94151,40.409715],[-79.941633,40.410037]]]},"properties":{"parcel_id":"0056F00168000000","block_lot":"56-F-168"}},{"type":"Feature","geometry":{"type":"Polygon","coordinates":[[[-79.941687,40.410026],[-79.941633,40.410037],[-79.94151,40.409715],[-79.94156,40.409704],[-79.941687,40.410026]]]},"properties":{"parcel_id":"0056F00169000000","block_lot":"56-F-169"}},{"type":"Feature","geometry":{"type":"Polygon","coordinates":[[[-79.941795,40.410002],[-79.941734,40.410015],[-79.941613,40.409692],[-79.941668,40.409679],[-79.941795,40.410002]]]},"properties":{"parcel_id":"0056F00171000000","block_lot":"56-F-171"}},{"type":"Feature","geometry":{"type":"Polygon","coordinates":[[[-79.941668,40.409679],[-79.941725,40.409666],[-79.941845,40.409992],[-79.941795,40.410002],[-79.941668,40.409679]]]},"properties":{"parcel_id":"0056F00171000A00","block_lot":"56-F-171-A"}},{"type":"Feature","geometry":{"type":"Polygon","coordinates":[[[-79.941734,40.410015],[-79.941687,40.410026],[-79.94156,40.409704],[-79.941613,40.409692],[-79.941734,40.410015]]]},"properties":{"parcel_id":"0056F00171000B00","block_lot":"56-F-171-B"}},{"type":"Feature","geometry":{"type":"Polygon","coordinates":[[[-79.941725,40.409666],[-79.941806,40.409648],[-79.941863,40.40981],[-79.941787,40.409834],[-79.941725,40.409666]]]},"properties":{"parcel_id":"0056F00172000000","block_lot":"56-F-172"}},{"type":"Feature","geometry":{"type":"Polygon","coordinates":[[[-79.941787,40.409834],[-79.941863,40.40981],[-79.941874,40.409842],[-79.941892,40.409838],[-79.941937,40.409972],[-79.941845,40.409992],[-79.941787,40.409834]]]},"properties":{"parcel_id":"0056F00172000A00","block_lot":"56-F-172-A"}},{"type":"Feature","geometry":{"type":"Polygon","coordinates":[[[-79.941874,40.409842],[-79.941806,40.409648],[-79.941854,40.409637],[-79.941927,40.40983],[-79.941874,40.409842]]]},"properties":{"parcel_id":"0056F00173000000","block_lot":"56-F-173"}},{"type":"Feature","geometry":{"type":"Polygon","coordinates":[[[-79.941854,40.409637],[-79.941907,40.409625],[-79.941979,40.409819],[-79.941927,40.40983],[-79.941854,40.409637]]]},"properties":{"parcel_id":"0056F00173000A00","block_lot":"56-F-173-A"}},{"type":"Feature","geometry":{"type":"Polygon","coordinates":[[[-79.941907,40.409625],[-79.941949,40.409615],[-79.942026,40.409808],[-79.941979,40.409819],[-79.941907,40.409625]]]},"properties":{"parcel_id":"0056F00174000000","block_lot":"56-F-174"}},{"type":"Feature","geometry":{"type":"Polygon","coordinates":[[[-79.941949,40.409615],[-79.941993,40.409605],[-79.94207,40.409798],[-79.942026,40.409808],[-79.941949,40.409615]]]},"properties":{"parcel_id":"0056F00175000000","block_lot":"56-F-175"}},{"type":"Feature","geometry":{"type":"Polygon","coordinates":[[[-79.941993,40.409605],[-79.942052,40.409592],[-79.942127,40.409786],[-79.94207,40.409798],[-79.941993,40.409605]]]},"properties":{"parcel_id":"0056F00176000000","block_lot":"56-F-176"}},{"type":"Feature","geometry":{"type":"Polygon","coordinates":[[[-79.94225,40.409603],[-79.942071,40.409642],[-79.942052,40.409592],[-79.942232,40.409551],[-79.94225,40.409603]]]},"properties":{"parcel_id":"0056F00178000000","block_lot":"56-F-178"}},{"type":"Feature","geometry":{"type":"Polygon","coordinates":[[[-79.942112,40.409747],[-79.942287,40.409707],[-79.942302,40.409747],[-79.942127,40.409786],[-79.942112,40.409747]]]},"properties":{"parcel_id":"0056F0017900A100","block_lot":"56-F-179-A1"}},{"type":"Feature","geometry":{"type":"Polygon","coordinates":[[[-79.942097,40.409709],[-79.942274,40.409669],[-79.942287,40.409707],[-79.942112,40.409747],[-79.942097,40.409709]]]},"properties":{"parcel_id":"0056F0017900B100","block_lot":"56-F-179-B1"}},{"type":"Feature","geometry":{"type":"Polygon","coordinates":[[[-79.942085,40.409677],[-79.942262,40.409637],[-79.942274,40.409669],[-79.942097,40.409709],[-79.942085,40.409677]]]},"properties":{"parcel_id":"0056F0017900C100","block_lot":"56-F-179-C1"}},{"type":"Feature","geometry":{"type":"Polygon","coordinates":[[[-79.942071,40.409642],[-79.94225,40.409603],[-79.942262,40.409637],[-79.942085,40.409677],[-79.942071,40.409642]]]},"properties":{"parcel_id":"0056F0017900D100","block_lot":"56-F-179-D1"}},{"type":"Feature","geometry":{"type":"Polygon","coordinates":[[[-79.942473,40.409518],[-79.942529,40.409681],[-79.942482,40.409691],[-79.942422,40.409529],[-79.942473,40.409518]]]},"properties":{"parcel_id":"0056F00180000000","block_lot":"56-F-180"}},{"type":"Feature","geometry":{"type":"Polygon","coordinates":[[[-79.942473,40.409518],[-79.942521,40.409507],[-79.942585,40.409669],[-79.942529,40.409681],[-79.942473,40.409518]]]},"properties":{"parcel_id":"0056F00181000000","block_lot":"56-F-181"}},{"type":"Feature","geometry":{"type":"Polygon","coordinates":[[[-79.942585,40.409669],[-79.942521,40.409507],[-79.942575,40.409495],[-79.942637,40.409658],[-79.942585,40.409669]]]},"properties":{"parcel_id":"0056F00182000000","block_lot":"56-F-182"}},{"type":"Feature","geometry":{"type":"Polygon","coordinates":[[[-79.942637,40.409658],[-79.942575,40.409495],[-79.942635,40.409483],[-79.942693,40.409646],[-79.942637,40.409658]]]},"properties":{"parcel_id":"0056F00183000000","block_lot":"56-F-183"}},{"type":"Feature","geometry":{"type":"Polygon","coordinates":[[[-79.942693,40.409646],[-79.942635,40.409483],[-79.942674,40.409474],[-79.942735,40.409637],[-79.942693,40.409646]]]},"properties":{"parcel_id":"0056F00184000000","block_lot":"56-F-184"}},{"type":"Feature","geometry":{"type":"Polygon","coordinates":[[[-79.942735,40.409637],[-79.942674,40.409474],[-79.94273,40.409462],[-79.942787,40.409626],[-79.942735,40.409637]]]},"properties":{"parcel_id":"0056F00185000000","block_lot":"56-F-185"}},{"type":"Feature","geometry":{"type":"Polygon","coordinates":[[[-79.94273,40.409462],[-79.942784,40.40945],[-79.942844,40.409614],[-79.942787,40.409626],[-79.94273,40.409462]]]},"properties":{"parcel_id":"0056F00186000000","block_lot":"56-F-186"}},{"type":"Feature","geometry":{"type":"Polygon","coordinates":[[[-79.942784,40.40945],[-79.942835,40.409439],[-79.942895,40.409603],[-79.942844,40.409614],[-79.942784,40.40945]]]},"properties":{"parcel_id":"0056F00187000000","block_lot":"56-F-187"}},{"type":"Feature","geometry":{"type":"Polygon","coordinates":[[[-79.942954,40.409763],[-79.942835,40.409439],[-79.942941,40.409416],[-79.943061,40.40974],[-79.942954,40.409763]]]},"properties":{"parcel_id":"0056F00189000000","block_lot":"56-F-189"}},{"type":"Feature","geometry":{"type":"Polygon","coordinates":[[[-79.942941,40.409416],[-79.94304,40.409394],[-79.94316,40.409718],[-79.943061,40.40974],[-79.942941,40.409416]]]},"properties":{"parcel_id":"0056F00191000000","block_lot":"56-F-191"}},{"type":"Feature","geometry":{"type":"Polygon","coordinates":[[[-79.943231,40.409703],[-79.94316,40.409718],[-79.94304,40.409394],[-79.94311,40.409379],[-79.943231,40.409703]]]},"properties":{"parcel_id":"0056F00192000000","block_lot":"56-F-192"}},{"type":"Feature","geometry":{"type":"Polygon","coordinates":[[[-79.94311,40.409379],[-79.943185,40.409363],[-79.943302,40.409688],[-79.943231,40.409703],[-79.94311,40.409379]]]},"properties":{"parcel_id":"0056F00193000000","block_lot":"56-F-193"}},{"type":"Feature","geometry":{"type":"Polygon","coordinates":[[[-79.943185,40.409363],[-79.943302,40.409337],[-79.943424,40.409662],[-79.943302,40.409688],[-79.943185,40.409363]]]},"properties":{"parcel_id":"0056F00195000000","block_lot":"56-F-195"}},{"type":"Feature","geometry":{"type":"Polygon","coordinates":[[[-79.942844,40.409614],[-79.942895,40.409603],[-79.942954,40.409763],[-79.942903,40.409774],[-79.942844,40.409614]]]},"properties":{"parcel_id":"0056F00202000000","block_lot":"56-F-202"}},{"type":"Feature","geometry":{"type":"Polygon","coordinates":[[[-79.942787,40.409626],[-79.942844,40.409614],[-79.942903,40.409774],[-79.942844,40.409786],[-79.942787,40.409626]]]},"properties":{"parcel_id":"0056F00203000000","block_lot":"56-F-203"}},{"type":"Feature","geometry":{"type":"Polygon","coordinates":[[[-79.942844,40.409786],[-79.942795,40.409797],[-79.942735,40.409637],[-79.942787,40.409626],[-79.942844,40.409786]]]},"properties":{"parcel_id":"0056F00204000000","block_lot":"56-F-204"}},{"type":"Feature","geometry":{"type":"Polygon","coordinates":[[[-79.94275,40.409806],[-79.942693,40.409646],[-79.942735,40.409637],[-79.942795,40.409797],[-79.94275,40.409806]]]},"properties":{"parcel_id":"0056F00205000000","block_lot":"56-F-205"}},{"type":"Feature","geometry":{"type":"Polygon","coordinates":[[[-79.942708,40.409689],[-79.942499,40.409737],[-79.942482,40.409691],[-79.942693,40.409646],[-79.942708,40.409689]]]},"properties":{"parcel_id":"0056F00207000000","block_lot":"56-F-207"}},{"type":"Feature","geometry":{"type":"Polygon","coordinates":[[[-79.942499,40.409737],[-79.942708,40.409689],[-79.942723,40.40973],[-79.942513,40.409774],[-79.942499,40.409737]]]},"properties":{"parcel_id":"0056F00208000000","block_lot":"56-F-208"}},{"type":"Feature","geometry":{"type":"Polygon","coordinates":[[[-79.942513,40.409774],[-79.942723,40.40973],[-79.942737,40.40977],[-79.942527,40.409812],[-79.942513,40.409774]]]},"properties":{"parcel_id":"0056F00209000000","block_lot":"56-F-209"}},{"type":"Feature","geometry":{"type":"Polygon","coordinates":[[[-79.942527,40.409812],[-79.942737,40.40977],[-79.94275,40.409806],[-79.942541,40.409851],[-79.942527,40.409812]]]},"properties":{"parcel_id":"0056F00210000000","block_lot":"56-F-210"}},{"type":"Feature","geometry":{"type":"Polygon","coordinates":[[[-79.941892,40.409838],[-79.942302,40.409747],[-79.94235,40.409884],[-79.941937,40.409972],[-79.941892,40.409838]]]},"properties":{"parcel_id":"0056F00212000000","block_lot":"56-F-212"}},{"type":"Feature","geometry":{"type":"Polygon","coordinates":[[[-79.943166,40.409783],[-79.943453,40.409722],[-79.943571,40.410025],[-79.943275,40.410091],[-79.943166,40.409783]]]},"properties":{"parcel_id":"0056F00225000000","block_lot":"56-F-225"}},{"type":"Feature","geometry":{"type":"Polygon","coordinates":[[[-79.943073,40.409803],[-79.943166,40.409783],[-79.943275,40.410091],[-79.943194,40.410109],[-79.943073,40.409803]]]},"properties":{"parcel_id":"0056F00230000000","block_lot":"56-F-230"}},{"type":"Feature","geometry":{"type":"Polygon","coordinates":[[[-79.942929,40.410169],[-79.942813,40.409859],[-79.943073,40.409803],[-79.943194,40.410109],[-79.942929,40.410169]]]},"properties":{"parcel_id":"0056F00232000000","block_lot":"56-F-232"}},{"type":"Feature","geometry":{"type":"Polygon","coordinates":[[[-79.94259,40.409985],[-79.94284,40.409931],[-79.942851,40.409961],[-79.942601,40.410016],[-79.94259,40.409985]]]},"properties":{"parcel_id":"0056F00234000000","block_lot":"56-F-234"}},{"type":"Feature","geometry":{"type":"Polygon","coordinates":[[[-79.942813,40.409859],[-79.942827,40.409896],[-79.942578,40.40995],[-79.942564,40.409913],[-79.942813,40.409859]]]},"properties":{"parcel_id":"0056F00234000A00","block_lot":"56-F-234-A"}},{"type":"Feature","geometry":{"type":"Polygon","coordinates":[[[-79.942578,40.40995],[-79.942827,40.409896],[-79.94284,40.409931],[-79.94259,40.409985],[-79.942578,40.40995]]]},"properties":{"parcel_id":"0056F00234000B00","block_lot":"56-F-234-B"}},{"type":"Feature","geometry":{"type":"Polygon","coordinates":[[[-79.942601,40.410016],[-79.942851,40.409961],[-79.94287,40.410012],[-79.942619,40.410065],[-79.942601,40.410016]]]},"properties":{"parcel_id":"0056F00235000000","block_lot":"56-F-235"}},{"type":"Feature","geometry":{"type":"Polygon","coordinates":[[[-79.942619,40.410065],[-79.94287,40.410012],[-79.942929,40.410169],[-79.942676,40.410226],[-79.942619,40.410065]]]},"properties":{"parcel_id":"0056F00237000000","block_lot":"56-F-237"}},{"type":"Feature","geometry":{"type":"Polygon","coordinates":[[[-79.942246,40.41031],[-79.942122,40.409996],[-79.942385,40.409939],[-79.942497,40.410255],[-79.942246,40.41031]]]},"properties":{"parcel_id":"0056F00238000000","block_lot":"56-F-238"}},{"type":"Feature","geometry":{"type":"Polygon","coordinates":[[[-79.942134,40.410147],[-79.942177,40.410135],[-79.942246,40.41031],[-79.9422,40.41032],[-79.942134,40.410147]]]},"properties":{"parcel_id":"0056F00241000000","block_lot":"56-F-241"}},{"type":"Feature","geometry":{"type":"Polygon","coordinates":[[[-79.942034,40.410015],[-79.942122,40.409996],[-79.942177,40.410135],[-79.942088,40.41016],[-79.942034,40.410015]]]},"properties":{"parcel_id":"0056F00241000A00","block_lot":"56-F-241-A"}},{"type":"Feature","geometry":{"type":"Polygon","coordinates":[[[-79.942088,40.41016],[-79.942134,40.410147],[-79.9422,40.41032],[-79.942151,40.410331],[-79.942088,40.41016]]]},"properties":{"parcel_id":"0056F00241000B00","block_lot":"56-F-241-B"}},{"type":"Feature","geometry":{"type":"Polygon","coordinates":[[[-79.941949,40.410034],[-79.942034,40.410015],[-79.942151,40.410331],[-79.942071,40.410348],[-79.941949,40.410034]]]},"properties":{"parcel_id":"0056F00242000000","block_lot":"56-F-242"}},{"type":"Feature","geometry":{"type":"Polygon","coordinates":[[[-79.941876,40.41005],[-79.941949,40.410034],[-79.942071,40.410348],[-79.941992,40.410365],[-79.941876,40.41005]]]},"properties":{"parcel_id":"0056F00243000000","block_lot":"56-F-243"}},{"type":"Feature","geometry":{"type":"Polygon","coordinates":[[[-79.941943,40.410376],[-79.941826,40.410061],[-79.941876,40.41005],[-79.941992,40.410365],[-79.941943,40.410376]]]},"properties":{"parcel_id":"0056F00244000000","block_lot":"56-F-244"}},{"type":"Feature","geometry":{"type":"Polygon","coordinates":[[[-79.941779,40.410071],[-79.941826,40.410061],[-79.941943,40.410376],[-79.941893,40.410387],[-79.941779,40.410071]]]},"properties":{"parcel_id":"0056F00245000000","block_lot":"56-F-245"}},{"type":"Feature","geometry":{"type":"Polygon","coordinates":[[[-79.941692,40.41009],[-79.941779,40.410071],[-79.941893,40.410387],[-79.941801,40.410407],[-79.941692,40.41009]]]},"properties":{"parcel_id":"0056F00246000000","block_lot":"56-F-246"}},{"type":"Feature","geometry":{"type":"Polygon","coordinates":[[[-79.941607,40.410108],[-79.941692,40.41009],[-79.941801,40.410407],[-79.941722,40.410424],[-79.941607,40.410108]]]},"properties":{"parcel_id":"0056F00247000000","block_lot":"56-F-247"}},{"type":"Feature","geometry":{"type":"Polygon","coordinates":[[[-79.941667,40.410436],[-79.941548,40.410121],[-79.941607,40.410108],[-79.941722,40.410424],[-79.941667,40.410436]]]},"properties":{"parcel_id":"0056F00248000000","block_lot":"56-F-248"}},{"type":"Feature","geometry":{"type":"Polygon","coordinates":[[[-79.94161,40.410449],[-79.9415,40.410132],[-79.941548,40.410121],[-79.941667,40.410436],[-79.94161,40.410449]]]},"properties":{"parcel_id":"0056F00249000000","block_lot":"56-F-249"}},{"type":"Feature","geometry":{"type":"Polygon","coordinates":[[[-79.941554,40.410465],[-79.941439,40.410145],[-79.9415,40.410132],[-79.94161,40.410449],[-79.941569,40.410458],[-79.941554,40.410465]]]},"properties":{"parcel_id":"0056F00250000000","block_lot":"56-F-250"}},{"type":"Feature","geometry":{"type":"Polygon","coordinates":[[[-79.941502,40.410489],[-79.941377,40.410158],[-79.941439,40.410145],[-79.941554,40.410465],[-79.941502,40.410489]]]},"properties":{"parcel_id":"0056F00251000000","block_lot":"56-F-251"}},{"type":"Feature","geometry":{"type":"Polygon","coordinates":[[[-79.941449,40.410514],[-79.941329,40.410169],[-79.941377,40.410158],[-79.941502,40.410489],[-79.941449,40.410514]]]},"properties":{"parcel_id":"0056F00252000000","block_lot":"56-F-252"}},{"type":"Feature","geometry":{"type":"Polygon","coordinates":[[[-79.941384,40.410544],[-79.94126,40.410184],[-79.941329,40.410169],[-79.941449,40.410514],[-79.941384,40.410544]]]},"properties":{"parcel_id":"0056F00253000000","block_lot":"56-F-253"}},{"type":"Feature","geometry":{"type":"Polygon","coordinates":[[[-79.94126,40.410184],[-79.941384,40.410544],[-79.941154,40.410653],[-79.941008,40.410241],[-79.94126,40.410184]]]},"properties":{"parcel_id":"0056F00254000000","block_lot":"56-F-254"}},{"type":"Feature","geometry":{"type":"Polygon","coordinates":[[[-79.940993,40.41155],[-79.941398,40.411274],[-79.941439,40.411247],[-79.941494,40.411352],[-79.940993,40.41155]]]},"properties":{"parcel_id":"0056F00258000000","block_lot":"56-F-258"}},{"type":"Feature","geometry":{"type":"Polygon","coordinates":[[[-79.941325,40.411324],[-79.940994,40.410906],[-79.941073,40.41087],[-79.941398,40.411274],[-79.941325,40.411324]]]},"properties":{"parcel_id":"0056F00263000000","block_lot":"56-F-263"}},{"type":"Feature","geometry":{"type":"Polygon","coordinates":[[[-79.941073,40.41087],[-79.941147,40.410836],[-79.941432,40.411234],[-79.941439,40.411247],[-79.941398,40.411274],[-79.941073,40.41087]]]},"properties":{"parcel_id":"0056F00264000000","block_lot":"56-F-264"}},{"type":"Feature","geometry":{"type":"Polygon","coordinates":[[[-79.941662,40.411075],[-79.941537,40.411236],[-79.941467,40.411105],[-79.941375,40.411126],[-79.941432,40.411234],[-79.941147,40.410836],[-79.94142,40.410711],[-79.941556,40.410903],[-79.941534,40.410911],[-79.941662,40.411075]]]},"properties":{"parcel_id":"0056F00269000000","block_lot":"56-F-269"}},{"type":"Feature","geometry":{"type":"Polygon","coordinates":[[[-79.941726,40.410993],[-79.941662,40.411075],[-79.941534,40.410911],[-79.941556,40.410903],[-79.94142,40.410711],[-79.941484,40.410682],[-79.941726,40.410993]]]},"properties":{"parcel_id":"0056F00271000000","block_lot":"56-F-271"}},{"type":"Feature","geometry":{"type":"Polygon","coordinates":[[[-79.941833,40.410855],[-79.941726,40.410993],[-79.941484,40.410682],[-79.941664,40.410578],[-79.941833,40.410855]]]},"properties":{"parcel_id":"0056F00275000000","block_lot":"56-F-275"}},{"type":"Feature","geometry":{"type":"Polygon","coordinates":[[[-79.941664,40.410578],[-79.941765,40.410556],[-79.941873,40.410807],[-79.941833,40.410855],[-79.941664,40.410578]]]},"properties":{"parcel_id":"0056F00276000000","block_lot":"56-F-276"}},{"type":"Feature","geometry":{"type":"Polygon","coordinates":[[[-79.941765,40.410556],[-79.941824,40.410543],[-79.941928,40.410795],[-79.941873,40.410807],[-79.941765,40.410556]]]},"properties":{"parcel_id":"0056F00277000000","block_lot":"56-F-277"}},{"type":"Feature","geometry":{"type":"Polygon","coordinates":[[[-79.941824,40.410543],[-79.941876,40.410532],[-79.941976,40.410784],[-79.941928,40.410795],[-79.941824,40.410543]]]},"properties":{"parcel_id":"0056F00278000000","block_lot":"56-F-278"}},{"type":"Feature","geometry":{"type":"Polygon","coordinates":[[[-79.942027,40.410773],[-79.941976,40.410784],[-79.941876,40.410532],[-79.941925,40.410521],[-79.942027,40.410773]]]},"properties":{"parcel_id":"0056F00279000000","block_lot":"56-F-279"}},{"type":"Feature","geometry":{"type":"Polygon","coordinates":[[[-79.942071,40.410764],[-79.942027,40.410773],[-79.941925,40.410521],[-79.941973,40.410511],[-79.942071,40.410764]]]},"properties":{"parcel_id":"0056F00280000000","block_lot":"56-F-280"}},{"type":"Feature","geometry":{"type":"Polygon","coordinates":[[[-79.94212,40.410753],[-79.942071,40.410764],[-79.941973,40.410511],[-79.942021,40.4105],[-79.94212,40.410753]]]},"properties":{"parcel_id":"0056F00281000000","block_lot":"56-F-281"}},{"type":"Feature","geometry":{"type":"Polygon","coordinates":[[[-79.942021,40.4105],[-79.942079,40.410488],[-79.942174,40.410741],[-79.94212,40.410753],[-79.942021,40.4105]]]},"properties":{"parcel_id":"0056F00282000000","block_lot":"56-F-282"}},{"type":"Feature","geometry":{"type":"Polygon","coordinates":[[[-79.942079,40.410488],[-79.942421,40.410414],[-79.942473,40.410543],[-79.942129,40.410622],[-79.942079,40.410488]]]},"properties":{"parcel_id":"0056F00289000000","block_lot":"56-F-289"}},{"type":"Feature","geometry":{"type":"Polygon","coordinates":[[[-79.942421,40.410414],[-79.942476,40.410402],[-79.942526,40.410531],[-79.942473,40.410543],[-79.942421,40.410414]]]},"properties":{"parcel_id":"0056F00290000000","block_lot":"56-F-290"}},{"type":"Feature","geometry":{"type":"Polygon","coordinates":[[[-79.942476,40.410402],[-79.942531,40.41039],[-79.942579,40.410519],[-79.942526,40.410531],[-79.942476,40.410402]]]},"properties":{"parcel_id":"0056F00291000000","block_lot":"56-F-291"}},{"type":"Feature","geometry":{"type":"Polygon","coordinates":[[[-79.942579,40.410519],[-79.942531,40.41039],[-79.942576,40.41038],[-79.942625,40.410509],[-79.942579,40.410519]]]},"properties":{"parcel_id":"0056F00292000000","block_lot":"56-F-292"}},{"type":"Feature","geometry":{"type":"Polygon","coordinates":[[[-79.942576,40.41038],[-79.942624,40.41037],[-79.942672,40.410498],[-79.942625,40.410509],[-79.942576,40.41038]]]},"properties":{"parcel_id":"0056F00293000000","block_lot":"56-F-293"}},{"type":"Feature","geometry":{"type":"Polygon","coordinates":[[[-79.942624,40.41037],[-79.94267,40.41036],[-79.94272,40.410487],[-79.942672,40.410498],[-79.942624,40.41037]]]},"properties":{"parcel_id":"0056F00293000A00","block_lot":"56-F-293-A"}},{"type":"Feature","geometry":{"type":"Polygon","coordinates":[[[-79.94267,40.41036],[-79.94272,40.410349],[-79.942772,40.410475],[-79.94272,40.410487],[-79.94267,40.41036]]]},"properties":{"parcel_id":"0056F00294000000","block_lot":"56-F-294"}},{"type":"Feature","geometry":{"type":"Polygon","coordinates":[[[-79.942781,40.410336],[-79.94283,40.410325],[-79.942877,40.410451],[-79.942826,40.410463],[-79.942781,40.410336]]]},"properties":{"parcel_id":"0056F00294000A00","block_lot":"56-F-294-A"}},{"type":"Feature","geometry":{"type":"Polygon","coordinates":[[[-79.94272,40.410349],[-79.942781,40.410336],[-79.942826,40.410463],[-79.942772,40.410475],[-79.94272,40.410349]]]},"properties":{"parcel_id":"0056F00294000B00","block_lot":"56-F-294-B"}},{"type":"Feature","geometry":{"type":"Polygon","coordinates":[[[-79.94283,40.410325],[-79.942878,40.410315],[-79.942925,40.41044],[-79.942877,40.410451],[-79.94283,40.410325]]]},"properties":{"parcel_id":"0056F00295000000","block_lot":"56-F-295"}},{"type":"Feature","geometry":{"type":"Polygon","coordinates":[[[-79.942878,40.410315],[-79.942923,40.410305],[-79.942971,40.410429],[-79.942925,40.41044],[-79.942878,40.410315]]]},"properties":{"parcel_id":"0056F00296000000","block_lot":"56-F-296"}},{"type":"Feature","geometry":{"type":"Polygon","coordinates":[[[-79.942923,40.410305],[-79.942973,40.410294],[-79.943021,40.410418],[-79.942971,40.410429],[-79.942923,40.410305]]]},"properties":{"parcel_id":"0056F00297000000","block_lot":"56-F-297"}},{"type":"Feature","geometry":{"type":"Polygon","coordinates":[[[-79.943021,40.410418],[-79.942973,40.410294],[-79.94302,40.410284],[-79.943071,40.410407],[-79.943021,40.410418]]]},"properties":{"parcel_id":"0056F00298000000","block_lot":"56-F-298"}},{"type":"Feature","geometry":{"type":"Polygon","coordinates":[[[-79.943071,40.410407],[-79.94302,40.410284],[-79.943066,40.410274],[-79.943114,40.410397],[-79.943071,40.410407]]]},"properties":{"parcel_id":"0056F00299000000","block_lot":"56-F-299"}},{"type":"Feature","geometry":{"type":"Polygon","coordinates":[[[-79.943114,40.410397],[-79.943066,40.410274],[-79.943112,40.410264],[-79.943163,40.410386],[-79.943114,40.410397]]]},"properties":{"parcel_id":"0056F00300000000","block_lot":"56-F-300"}},{"type":"Feature","geometry":{"type":"Polygon","coordinates":[[[-79.942129,40.410622],[-79.942182,40.41061],[-79.942228,40.410729],[-79.942174,40.410741],[-79.942129,40.410622]]]},"properties":{"parcel_id":"0056F00301000000","block_lot":"56-F-301"}},{"type":"Feature","geometry":{"type":"Polygon","coordinates":[[[-79.942279,40.410717],[-79.942228,40.410729],[-79.942182,40.41061],[-79.942229,40.410599],[-79.942279,40.410717]]]},"properties":{"parcel_id":"0056F00302000000","block_lot":"56-F-302"}},{"type":"Feature","geometry":{"type":"Polygon","coordinates":[[[-79.942323,40.410708],[-79.942279,40.410717],[-79.942229,40.410599],[-79.942277,40.410588],[-79.942323,40.410708]]]},"properties":{"parcel_id":"0056F00303000000","block_lot":"56-F-303"}},{"type":"Feature","geometry":{"type":"Polygon","coordinates":[[[-79.942277,40.410588],[-79.942328,40.410577],[-79.942372,40.410697],[-79.942323,40.410708],[-79.942277,40.410588]]]},"properties":{"parcel_id":"0056F00304000000","block_lot":"56-F-304"}},{"type":"Feature","geometry":{"type":"Polygon","coordinates":[[[-79.942328,40.410577],[-79.942375,40.410566],[-79.942422,40.410686],[-79.942372,40.410697],[-79.942328,40.410577]]]},"properties":{"parcel_id":"0056F00305000000","block_lot":"56-F-305"}},{"type":"Feature","geometry":{"type":"Polygon","coordinates":[[[-79.942472,40.410675],[-79.942422,40.410686],[-79.942375,40.410566],[-79.942428,40.410554],[-79.942472,40.410675]]]},"properties":{"parcel_id":"0056F00306000000","block_lot":"56-F-306"}},{"type":"Feature","geometry":{"type":"Polygon","coordinates":[[[-79.942428,40.410554],[-79.942473,40.410543],[-79.942521,40.410664],[-79.942472,40.410675],[-79.942428,40.410554]]]},"properties":{"parcel_id":"0056F00307000000","block_lot":"56-F-307"}},{"type":"Feature","geometry":{"type":"Polygon","coordinates":[[[-79.942473,40.410543],[-79.942526,40.410531],[-79.942572,40.410653],[-79.942521,40.410664],[-79.942473,40.410543]]]},"properties":{"parcel_id":"0056F00308000000","block_lot":"56-F-308"}},{"type":"Feature","geometry":{"type":"Polygon","coordinates":[[[-79.942526,40.410531],[-79.942579,40.410519],[-79.942623,40.410641],[-79.942572,40.410653],[-79.942526,40.410531]]]},"properties":{"parcel_id":"0056F00309000000","block_lot":"56-F-309"}},{"type":"Feature","geometry":{"type":"Polygon","coordinates":[[[-79.942579,40.410519],[-79.942625,40.410509],[-79.942673,40.41063],[-79.942623,40.410641],[-79.942579,40.410519]]]},"properties":{"parcel_id":"0056F00310000000","block_lot":"56-F-310"}},{"type":"Feature","geometry":{"type":"Polygon","coordinates":[[[-79.942719,40.41062],[-79.942673,40.41063],[-79.942625,40.410509],[-79.942672,40.410498],[-79.942719,40.41062]]]},"properties":{"parcel_id":"0056F00311000000","block_lot":"56-F-311"}},{"type":"Feature","geometry":{"type":"Polygon","coordinates":[[[-79.942767,40.410609],[-79.942719,40.41062],[-79.942672,40.410498],[-79.94272,40.410487],[-79.942767,40.410609]]]},"properties":{"parcel_id":"0056F00312000000","block_lot":"56-F-312"}},{"type":"Feature","geometry":{"type":"Polygon","coordinates":[[[-79.94272,40.410487],[-79.942772,40.410475],[-79.942821,40.410597],[-79.942767,40.410609],[-79.94272,40.410487]]]},"properties":{"parcel_id":"0056F00313000000","block_lot":"56-F-313"}},{"type":"Feature","geometry":{"type":"Polygon","coordinates":[[[-79.942772,40.410475],[-79.942826,40.410463],[-79.94287,40.410586],[-79.942821,40.410597],[-79.942772,40.410475]]]},"properties":{"parcel_id":"0056F00314000000","block_lot":"56-F-314"}},{"type":"Feature","geometry":{"type":"Polygon","coordinates":[[[-79.942826,40.410463],[-79.942877,40.410451],[-79.942924,40.410574],[-79.94287,40.410586],[-79.942826,40.410463]]]},"properties":{"parcel_id":"0056F00315000000","block_lot":"56-F-315"}},{"type":"Feature","geometry":{"type":"Polygon","coordinates":[[[-79.942877,40.410451],[-79.942925,40.41044],[-79.942973,40.410564],[-79.942924,40.410574],[-79.942877,40.410451]]]},"properties":{"parcel_id":"0056F00316000000","block_lot":"56-F-316"}},{"type":"Feature","geometry":{"type":"Polygon","coordinates":[[[-79.942925,40.41044],[-79.942971,40.410429],[-79.943018,40.410554],[-79.942973,40.410564],[-79.942925,40.41044]]]},"properties":{"parcel_id":"0056F00317000000","block_lot":"56-F-317"}},{"type":"Feature","geometry":{"type":"Polygon","coordinates":[[[-79.942971,40.410429],[-79.943021,40.410418],[-79.943069,40.410542],[-79.943018,40.410554],[-79.942971,40.410429]]]},"properties":{"parcel_id":"0056F00318000000","block_lot":"56-F-318"}},{"type":"Feature","geometry":{"type":"Polygon","coordinates":[[[-79.943122,40.410531],[-79.943069,40.410542],[-79.943021,40.410418],[-79.943071,40.410407],[-79.943122,40.410531]]]},"properties":{"parcel_id":"0056F00319000000","block_lot":"56-F-319"}},{"type":"Feature","geometry":{"type":"Polygon","coordinates":[[[-79.943162,40.410522],[-79.943122,40.410531],[-79.943071,40.410407],[-79.943114,40.410397],[-79.943162,40.410522]]]},"properties":{"parcel_id":"0056F00319000A00","block_lot":"56-F-319-A"}},{"type":"Feature","geometry":{"type":"Polygon","coordinates":[[[-79.943162,40.410522],[-79.943114,40.410397],[-79.943163,40.410386],[-79.943215,40.41051],[-79.943162,40.410522]]]},"properties":{"parcel_id":"0056F00320000000","block_lot":"56-F-320"}},{"type":"Feature","geometry":{"type":"Polygon","coordinates":[[[-79.943255,40.410215],[-79.943392,40.410181],[-79.943495,40.410448],[-79.943359,40.410481],[-79.943255,40.410215]]]},"properties":{"parcel_id":"0056F00322000000","block_lot":"56-F-322"}},{"type":"Feature","geometry":{"type":"Polygon","coordinates":[[[-79.943661,40.410361],[-79.943677,40.410403],[-79.943495,40.410448],[-79.943392,40.410181],[-79.943494,40.410157],[-79.943584,40.410379],[-79.943661,40.410361]]]},"properties":{"parcel_id":"0056F00324000000","block_lot":"56-F-324"}},{"type":"Feature","geometry":{"type":"Polygon","coordinates":[[[-79.94357,40.410136],[-79.943661,40.410361],[-79.943584,40.410379],[-79.943494,40.410157],[-79.94357,40.410136]]]},"properties":{"parcel_id":"0056F00325000000","block_lot":"56-F-325"}},{"type":"Feature","geometry":{"type":"Polygon","coordinates":[[[-79.943677,40.410403],[-79.943704,40.410469],[-79.943383,40.410547],[-79.943359,40.410481],[-79.943677,40.410403]]]},"properties":{"parcel_id":"0056F00326000B00","block_lot":"56-F-326-B"}},{"type":"Feature","geometry":{"type":"Polygon","coordinates":[[[-79.943677,40.410403],[-79.943704,40.410469],[-79.943383,40.410547],[-79.943359,40.410481],[-79.943677,40.410403]]]},"properties":{"parcel_id":"0056F00326000L00","block_lot":"56-F-326-L"}},{"type":"Feature","geometry":{"type":"Polygon","coordinates":[[[-79.943704,40.410469],[-79.943735,40.410533],[-79.943411,40.410614],[-79.943383,40.410547],[-79.943704,40.410469]]]},"properties":{"parcel_id":"0056F00327000B00","block_lot":"56-F-327-B"}},{"type":"Feature","geometry":{"type":"Polygon","coordinates":[[[-79.943704,40.410469],[-79.943735,40.410533],[-79.943411,40.410614],[-79.943383,40.410547],[-79.943704,40.410469]]]},"properties":{"parcel_id":"0056F00327000L00","block_lot":"56-F-327-L"}},{"type":"Feature","geometry":{"type":"Polygon","coordinates":[[[-79.943762,40.410591],[-79.943444,40.410685],[-79.943422,40.410644],[-79.943411,40.410614],[-79.943735,40.410533],[-79.943762,40.410591]]]},"properties":{"parcel_id":"0056F00328000000","block_lot":"56-F-328"}},{"type":"Feature","geometry":{"type":"Polygon","coordinates":[[[-79.943762,40.410591],[-79.943799,40.410657],[-79.943477,40.41075],[-79.943444,40.410685],[-79.943762,40.410591]]]},"properties":{"parcel_id":"0056F00329000000","block_lot":"56-F-329"}},{"type":"Feature","geometry":{"type":"Polygon","coordinates":[[[-79.943799,40.410657],[-79.943824,40.410704],[-79.943504,40.410802],[-79.943477,40.41075],[-79.943799,40.410657]]]},"properties":{"parcel_id":"0056F00330000B00","block_lot":"56-F-330-B"}},{"type":"Feature","geometry":{"type":"Polygon","coordinates":[[[-79.943799,40.410657],[-79.943824,40.410704],[-79.943504,40.410802],[-79.943477,40.41075],[-79.943799,40.410657]]]},"properties":{"parcel_id":"0056F00330000L00","block_lot":"56-F-330-L"}},{"type":"Feature","geometry":{"type":"Polygon","coordinates":[[[-79.943824,40.410704],[-79.943866,40.41078],[-79.943545,40.410879],[-79.943504,40.410802],[-79.943824,40.410704]]]},"properties":{"parcel_id":"0056F00331000000","block_lot":"56-F-331"}},{"type":"Feature","geometry":{"type":"Polygon","coordinates":[[[-79.943866,40.41078],[-79.9439,40.410845],[-79.943578,40.410947],[-79.943545,40.410879],[-79.943866,40.41078]]]},"properties":{"parcel_id":"0056F00332000000","block_lot":"56-F-332"}},{"type":"Feature","geometry":{"type":"Polygon","coordinates":[[[-79.944017,40.41107],[-79.943675,40.411134],[-79.943578,40.410947],[-79.9439,40.410845],[-79.944017,40.41107]]]},"properties":{"parcel_id":"0056F00334000000","block_lot":"56-F-334"}},{"type":"Feature","geometry":{"type":"Polygon","coordinates":[[[-79.944017,40.41107],[-79.944155,40.411334],[-79.943983,40.411363],[-79.943844,40.411102],[-79.944017,40.41107]]]},"properties":{"parcel_id":"0056F00336000000","block_lot":"56-F-336"}},{"type":"Feature","geometry":{"type":"Polygon","coordinates":[[[-79.943675,40.411134],[-79.943844,40.411102],[-79.943983,40.411363],[-79.943812,40.411398],[-79.943675,40.411134]]]},"properties":{"parcel_id":"0056F00338000000","block_lot":"56-F-338"}},{"type":"Feature","geometry":{"type":"Polygon","coordinates":[[[-79.943471,40.41119],[-79.94354,40.411177],[-79.943661,40.411413],[-79.943549,40.411436],[-79.943471,40.41119]]]},"properties":{"parcel_id":"0056F00340000000","block_lot":"56-F-340"}},{"type":"Feature","geometry":{"type":"Polygon","coordinates":[[[-79.943385,40.411205],[-79.943471,40.41119],[-79.943549,40.411436],[-79.943462,40.411452],[-79.943385,40.411205]]]},"properties":{"parcel_id":"0056F00341000000","block_lot":"56-F-341"}},{"type":"Feature","geometry":{"type":"Polygon","coordinates":[[[-79.943296,40.411222],[-79.943385,40.411205],[-79.943462,40.411452],[-79.943373,40.41147],[-79.943296,40.411222]]]},"properties":{"parcel_id":"0056F00342000000","block_lot":"56-F-342"}},{"type":"Feature","geometry":{"type":"Polygon","coordinates":[[[-79.943202,40.411239],[-79.943296,40.411222],[-79.943373,40.41147],[-79.94328,40.411487],[-79.943202,40.411239]]]},"properties":{"parcel_id":"0056F00343000000","block_lot":"56-F-343"}},{"type":"Feature","geometry":{"type":"Polygon","coordinates":[[[-79.94308,40.411261],[-79.943202,40.411239],[-79.94328,40.411487],[-79.943155,40.41151],[-79.94308,40.411261]]]},"properties":{"parcel_id":"0056F00344000000","block_lot":"56-F-344"}},{"type":"Feature","geometry":{"type":"Polygon","coordinates":[[[-79.942983,40.411279],[-79.94308,40.411261],[-79.943155,40.41151],[-79.943059,40.411529],[-79.942983,40.411279]]]},"properties":{"parcel_id":"0056F00346000000","block_lot":"56-F-346"}},{"type":"Feature","geometry":{"type":"Polygon","coordinates":[[[-79.942871,40.4113],[-79.942983,40.411279],[-79.943059,40.411529],[-79.942947,40.411549],[-79.942871,40.4113]]]},"properties":{"parcel_id":"0056F00347000000","block_lot":"56-F-347"}},{"type":"Feature","geometry":{"type":"Polygon","coordinates":[[[-79.943065,40.411061],[-79.943419,40.410949],[-79.943526,40.411151],[-79.943152,40.41122],[-79.943065,40.411061]]]},"properties":{"parcel_id":"0056F00351000000","block_lot":"56-F-351"}},{"type":"Feature","geometry":{"type":"Polygon","coordinates":[[[-79.943033,40.411004],[-79.94339,40.41089],[-79.943419,40.410949],[-79.943065,40.411061],[-79.943033,40.411004]]]},"properties":{"parcel_id":"0056F00352000000","block_lot":"56-F-352"}},{"type":"Feature","geometry":{"type":"Polygon","coordinates":[[[-79.943001,40.410945],[-79.94336,40.410831],[-79.94339,40.41089],[-79.943033,40.411004],[-79.943001,40.410945]]]},"properties":{"parcel_id":"0056F00353000000","block_lot":"56-F-353"}},{"type":"Feature","geometry":{"type":"Polygon","coordinates":[[[-79.94336,40.410831],[-79.943001,40.410945],[-79.942965,40.41088],[-79.943325,40.410766],[-79.94336,40.410831]]]},"properties":{"parcel_id":"0056F00354000000","block_lot":"56-F-354"}},{"type":"Feature","geometry":{"type":"Polygon","coordinates":[[[-79.942866,40.410701],[-79.943252,40.410614],[-79.943325,40.410766],[-79.942965,40.41088],[-79.942866,40.410701]]]},"properties":{"parcel_id":"0056F00355000000","block_lot":"56-F-355"}},{"type":"Feature","geometry":{"type":"Polygon","coordinates":[[[-79.942866,40.410701],[-79.942908,40.410777],[-79.942521,40.410898],[-79.942463,40.410791],[-79.942866,40.410701]]]},"properties":{"parcel_id":"0056F00358000000","block_lot":"56-F-358"}},{"type":"Feature","geometry":{"type":"Polygon","coordinates":[[[-79.942908,40.410777],[-79.94295,40.410852],[-79.942562,40.410973],[-79.942521,40.410898],[-79.942908,40.410777]]]},"properties":{"parcel_id":"0056F00359000000","block_lot":"56-F-359"}},{"type":"Feature","geometry":{"type":"Polygon","coordinates":[[[-79.94295,40.410852],[-79.942992,40.41093],[-79.942603,40.411051],[-79.942562,40.410973],[-79.94295,40.410852]]]},"properties":{"parcel_id":"0056F00360000000","block_lot":"56-F-360"}},{"type":"Feature","geometry":{"type":"Polygon","coordinates":[[[-79.942603,40.411051],[-79.942992,40.41093],[-79.943026,40.410992],[-79.942637,40.411114],[-79.942603,40.411051]]]},"properties":{"parcel_id":"0056F00361000000","block_lot":"56-F-361"}},{"type":"Feature","geometry":{"type":"Polygon","coordinates":[[[-79.94305,40.411035],[-79.942663,40.411158],[-79.942637,40.411114],[-79.943026,40.410992],[-79.94305,40.411035]]]},"properties":{"parcel_id":"0056F00362000000","block_lot":"56-F-362"}},{"type":"Feature","geometry":{"type":"Polygon","coordinates":[[[-79.943084,40.411096],[-79.942688,40.411204],[-79.942663,40.411158],[-79.94305,40.411035],[-79.943084,40.411096]]]},"properties":{"parcel_id":"0056F00363000000","block_lot":"56-F-363"}},{"type":"Feature","geometry":{"type":"Polygon","coordinates":[[[-79.942688,40.411204],[-79.943084,40.411096],[-79.943133,40.411187],[-79.942717,40.411262],[-79.942688,40.411204]]]},"properties":{"parcel_id":"0056F00364000000","block_lot":"56-F-364"}},{"type":"Feature","geometry":{"type":"Polygon","coordinates":[[[-79.942048,40.411314],[-79.94217,40.411277],[-79.942207,40.411343],[-79.942073,40.411368],[-79.942048,40.411314]]]},"properties":{"parcel_id":"0056F00366000000","block_lot":"56-F-366"}},{"type":"Feature","geometry":{"type":"Polygon","coordinates":[[[-79.94217,40.411277],[-79.942497,40.411176],[-79.942552,40.411277],[-79.942207,40.411343],[-79.94217,40.411277]]]},"properties":{"parcel_id":"0056F00367000000","block_lot":"56-F-367"}},{"type":"Feature","geometry":{"type":"Polygon","coordinates":[[[-79.942005,40.411236],[-79.942457,40.411098],[-79.942497,40.411176],[-79.942048,40.411314],[-79.942005,40.411236]]]},"properties":{"parcel_id":"0056F00369000000","block_lot":"56-F-369"}},{"type":"Feature","geometry":{"type":"Polygon","coordinates":[[[-79.942005,40.411236],[-79.941969,40.41117],[-79.94242,40.411031],[-79.942457,40.411098],[-79.942005,40.411236]]]},"properties":{"parcel_id":"0056F00371000000","block_lot":"56-F-371"}},{"type":"Feature","geometry":{"type":"Polygon","coordinates":[[[-79.942056,40.411066],[-79.942386,40.410963],[-79.94242,40.411031],[-79.942092,40.411132],[-79.942056,40.411066]]]},"properties":{"parcel_id":"0056F00372000000","block_lot":"56-F-372"}},{"type":"Feature","geometry":{"type":"Polygon","coordinates":[[[-79.941976,40.410907],[-79.942025,40.410999],[-79.942352,40.4109],[-79.942386,40.410963],[-79.941935,40.411104],[-79.941886,40.411013],[-79.941976,40.410907]]]},"properties":{"parcel_id":"0056F00373000000","block_lot":"56-F-373"}},{"type":"Feature","geometry":{"type":"Polygon","coordinates":[[[-79.942352,40.4109],[-79.942025,40.410999],[-79.941976,40.410907],[-79.942316,40.410828],[-79.942352,40.4109]]]},"properties":{"parcel_id":"0056F00374000000","block_lot":"56-F-374"}},{"type":"Feature","geometry":{"type":"Polygon","coordinates":[[[-79.941969,40.41117],[-79.941935,40.411104],[-79.942056,40.411066],[-79.942092,40.411132],[-79.941969,40.41117]]]},"properties":{"parcel_id":"0056F00376000000","block_lot":"56-F-376"}},{"type":"Feature","geometry":{"type":"Polygon","coordinates":[[[-79.941791,40.411123],[-79.941886,40.411013],[-79.942048,40.411314],[-79.942073,40.411368],[-79.941937,40.411392],[-79.941791,40.411123]]]},"properties":{"parcel_id":"0056F00377000000","block_lot":"56-F-377"}},{"type":"Feature","geometry":{"type":"Polygon","coordinates":[[[-79.941845,40.411413],[-79.941727,40.411194],[-79.941791,40.411123],[-79.941937,40.411392],[-79.941845,40.411413]]]},"properties":{"parcel_id":"0056F00379000000","block_lot":"56-F-379"}},{"type":"Feature","geometry":{"type":"Polygon","coordinates":[[[-79.941763,40.41144],[-79.941669,40.411263],[-79.941727,40.411194],[-79.941845,40.411413],[-79.941763,40.41144]]]},"properties":{"parcel_id":"0056F00380000000","block_lot":"56-F-380"}},{"type":"Feature","geometry":{"type":"Polygon","coordinates":[[[-79.941669,40.411263],[-79.941763,40.41144],[-79.941668,40.411474],[-79.941597,40.411336],[-79.941669,40.411263]]]},"properties":{"parcel_id":"0056F00381000000","block_lot":"56-F-381"}},{"type":"Feature","geometry":{"type":"Polygon","coordinates":[[[-79.943462,40.411163],[-79.943526,40.411151],[-79.94354,40.411177],[-79.943471,40.41119],[-79.943462,40.411163]]]},"properties":{"parcel_id":"0056F00383000000","block_lot":"56-F-383"}},{"type":"Feature","geometry":{"type":"Polygon","coordinates":[[[-79.943376,40.411179],[-79.943462,40.411163],[-79.943471,40.41119],[-79.943385,40.411205],[-79.943376,40.411179]]]},"properties":{"parcel_id":"0056F00384000000","block_lot":"56-F-384"}},{"type":"Feature","geometry":{"type":"Polygon","coordinates":[[[-79.943288,40.411195],[-79.943376,40.411179],[-79.943385,40.411205],[-79.943296,40.411222],[-79.943288,40.411195]]]},"properties":{"parcel_id":"0056F00385000000","block_lot":"56-F-385"}},{"type":"Feature","geometry":{"type":"Polygon","coordinates":[[[-79.943194,40.411212],[-79.943288,40.411195],[-79.943296,40.411222],[-79.943202,40.411239],[-79.943194,40.411212]]]},"properties":{"parcel_id":"0056F00386000000","block_lot":"56-F-386"}},{"type":"Feature","geometry":{"type":"Polygon","coordinates":[[[-79.943152,40.41122],[-79.943194,40.411212],[-79.943202,40.411239],[-79.943166,40.411246],[-79.943152,40.41122]]]},"properties":{"parcel_id":"0056F00387000000","block_lot":"56-F-387"}},{"type":"Feature","geometry":{"type":"Polygon","coordinates":[[[-79.945303,40.410986],[-79.945308,40.411002],[-79.945315,40.41101],[-79.945332,40.411024],[-79.945354,40.411033],[-79.945379,40.411035],[-79.945232,40.411068],[-79.944669,40.408448],[-79.944752,40.40843],[-79.945303,40.410986]]]},"properties":{"parcel_id":"0056F00390000000","block_lot":"56-F-390"}},{"type":"Feature","geometry":{"type":"Polygon","coordinates":[[[-79.944752,40.40843],[-79.945802,40.408202],[-79.946353,40.408944],[-79.94639,40.409001],[-79.94642,40.409059],[-79.946444,40.40912],[-79.946463,40.409189],[-79.944988,40.409524],[-79.944752,40.40843]]]},"properties":{"parcel_id":"0056F00394000000","block_lot":"56-F-394"}},{"type":"Feature","geometry":{"type":"Polygon","coordinates":[[[-79.949328,40.419909],[-79.948816,40.418918],[-79.948718,40.418947],[-79.947819,40.417213],[-79.947023,40.415656],[-79.946065,40.413849],[-79.945547,40.412862],[-79.945649,40.412834],[-79.945407,40.412377],[-79.945138,40.411316],[-79.945432,40.411252],[-79.945449,40.411367],[-79.945471,40.411481],[-79.945498,40.411595],[-79.945531,40.411708],[-79.945904,40.412783],[-79.94598,40.41307],[-79.946015,40.413181],[-79.946056,40.41329],[-79.946103,40.413398],[-79.946155,40.413504],[-79.946675,40.414483],[-79.946747,40.414628],[-79.946683,40.414647],[-79.946795,40.414866],[-79.94853,40.418201],[-79.948863,40.41886],[-79.94937,40.419802],[-79.949509,40.420029],[-79.949655,40.420253],[-79.949819,40.420501],[-79.95003,40.420804],[-79.952148,40.423653],[-79.952132,40.423659],[-79.949802,40.420523],[-79.949328,40.419909]]]},"properties":{"parcel_id":"0056F00398000000","block_lot":"56-F-398"}},{"type":"Feature","geometry":{"type":"Polygon","coordinates":[[[-79.941201,40.411409],[-79.940853,40.410971],[-79.940994,40.410906],[-79.941325,40.411324],[-79.941201,40.411409]]]},"properties":{"parcel_id":"0056G00001000000","block_lot":"56-G-1"}},{"type":"Feature","geometry":{"type":"Polygon","coordinates":[[[-79.941124,40.411461],[-79.940774,40.411007],[-79.940853,40.410971],[-79.941201,40.411409],[-79.941124,40.411461]]]},"properties":{"parcel_id":"0056G00004000000","block_lot":"56-G-4"}},{"type":"Feature","geometry":{"type":"Polygon","coordinates":[[[-79.941057,40.411507],[-79.940696,40.411043],[-79.940774,40.411007],[-79.941124,40.411461],[-79.941057,40.411507]]]},"properties":{"parcel_id":"0056G00005000000","block_lot":"56-G-5"}},{"type":"Feature","geometry":{"type":"Polygon","coordinates":[[[-79.940993,40.41155],[-79.940619,40.411078],[-79.940696,40.411043],[-79.941057,40.411507],[-79.940993,40.41155]]]},"properties":{"parcel_id":"0056G00006000000","block_lot":"56-G-6"}},{"type":"Feature","geometry":{"type":"Polygon","coordinates":[[[-79.940544,40.411112],[-79.940619,40.411078],[-79.940993,40.41155],[-79.940909,40.411584],[-79.940544,40.411112]]]},"properties":{"parcel_id":"0056G00007000000","block_lot":"56-G-7"}},{"type":"Feature","geometry":{"type":"Polygon","coordinates":[[[-79.940463,40.411149],[-79.940544,40.411112],[-79.940909,40.411584],[-79.940827,40.411616],[-79.940463,40.411149]]]},"properties":{"parcel_id":"0056G00008000000","block_lot":"56-G-8"}},{"type":"Feature","geometry":{"type":"Polygon","coordinates":[[[-79.940387,40.411184],[-79.940463,40.411149],[-79.940827,40.411616],[-79.940744,40.411649],[-79.940387,40.411184]]]},"properties":{"parcel_id":"0056G00009000000","block_lot":"56-G-9"}},{"type":"Feature","geometry":{"type":"Polygon","coordinates":[[[-79.940324,40.411213],[-79.940387,40.411184],[-79.940744,40.411649],[-79.940681,40.411674],[-79.940324,40.411213]]]},"properties":{"parcel_id":"0056G00010000000","block_lot":"56-G-10"}},{"type":"Feature","geometry":{"type":"Polygon","coordinates":[[[-79.939223,40.411536],[-79.939173,40.411558],[-79.938959,40.411293],[-79.939009,40.41127],[-79.939223,40.411536]]]},"properties":{"parcel_id":"0056G00013000000","block_lot":"56-G-13"}},{"type":"Feature","geometry":{"type":"Polygon","coordinates":[[[-79.939266,40.411517],[-79.939223,40.411536],[-79.939009,40.41127],[-79.939064,40.411247],[-79.939266,40.411517]]]},"properties":{"parcel_id":"0056G00014000000","block_lot":"56-G-14"}},{"type":"Feature","geometry":{"type":"Polygon","coordinates":[[[-79.939338,40.411486],[-79.939266,40.411517],[-79.939064,40.411247],[-79.939133,40.411216],[-79.939338,40.411486]]]},"properties":{"parcel_id":"0056G00015000000","block_lot":"56-G-15"}},{"type":"Feature","geometry":{"type":"Polygon","coordinates":[[[-79.939399,40.411458],[-79.939338,40.411486],[-79.939133,40.411216],[-79.939191,40.41119],[-79.939399,40.411458]]]},"properties":{"parcel_id":"0056G00016000000","block_lot":"56-G-16"}},{"type":"Feature","geometry":{"type":"Polygon","coordinates":[[[-79.939451,40.411436],[-79.939399,40.411458],[-79.939191,40.41119],[-79.939249,40.411163],[-79.939451,40.411436]]]},"properties":{"parcel_id":"0056G00017000000","block_lot":"56-G-17"}},{"type":"Feature","geometry":{"type":"Polygon","coordinates":[[[-79.939543,40.411395],[-79.939451,40.411436],[-79.939249,40.411163],[-79.939331,40.411126],[-79.939543,40.411395]]]},"properties":{"parcel_id":"0056G00018000000","block_lot":"56-G-18"}},{"type":"Feature","geometry":{"type":"Polygon","coordinates":[[[-79.939609,40.411366],[-79.939543,40.411395],[-79.939331,40.411126],[-79.939395,40.411097],[-79.939609,40.411366]]]},"properties":{"parcel_id":"0056G00019000000","block_lot":"56-G-19"}},{"type":"Feature","geometry":{"type":"Polygon","coordinates":[[[-79.939683,40.411334],[-79.939609,40.411366],[-79.939395,40.411097],[-79.93947,40.411063],[-79.939683,40.411334]]]},"properties":{"parcel_id":"0056G00020000000","block_lot":"56-G-20"}},{"type":"Feature","geometry":{"type":"Polygon","coordinates":[[[-79.939824,40.41127],[-79.939683,40.411334],[-79.93947,40.411063],[-79.939613,40.410998],[-79.939824,40.41127]]]},"properties":{"parcel_id":"0056G00022000000","block_lot":"56-G-22"}},{"type":"Feature","geometry":{"type":"Polygon","coordinates":[[[-79.939613,40.410998],[-79.93969,40.410963],[-79.939906,40.411242],[-79.939831,40.411276],[-79.939613,40.410998]]]},"properties":{"parcel_id":"0056G00023000000","block_lot":"56-G-23"}},{"type":"Feature","geometry":{"type":"Polygon","coordinates":[[[-79.93969,40.410963],[-79.939778,40.410923],[-79.939999,40.411199],[-79.939906,40.411242],[-79.93969,40.410963]]]},"properties":{"parcel_id":"0056G00024000000","block_lot":"56-G-24"}},{"type":"Feature","geometry":{"type":"Polygon","coordinates":[[[-79.939778,40.410923],[-79.939839,40.410896],[-79.940053,40.411174],[-79.939999,40.411199],[-79.939778,40.410923]]]},"properties":{"parcel_id":"0056G00025000000","block_lot":"56-G-25"}},{"type":"Feature","geometry":{"type":"Polygon","coordinates":[[[-79.939839,40.410896],[-79.939912,40.410862],[-79.940127,40.41114],[-79.940053,40.411174],[-79.939839,40.410896]]]},"properties":{"parcel_id":"0056G00026000000","block_lot":"56-G-26"}},{"type":"Feature","geometry":{"type":"Polygon","coordinates":[[[-79.939912,40.410862],[-79.939988,40.410828],[-79.940202,40.411106],[-79.940127,40.41114],[-79.939912,40.410862]]]},"properties":{"parcel_id":"0056G00027000000","block_lot":"56-G-27"}},{"type":"Feature","geometry":{"type":"Polygon","coordinates":[[[-79.939988,40.410828],[-79.940066,40.410792],[-79.940282,40.411069],[-79.940202,40.411106],[-79.939988,40.410828]]]},"properties":{"parcel_id":"0056G00028000000","block_lot":"56-G-28"}},{"type":"Feature","geometry":{"type":"Polygon","coordinates":[[[-79.940066,40.410792],[-79.940175,40.410743],[-79.940386,40.411022],[-79.940282,40.411069],[-79.940066,40.410792]]]},"properties":{"parcel_id":"0056G00030000000","block_lot":"56-G-30"}},{"type":"Feature","geometry":{"type":"Polygon","coordinates":[[[-79.940175,40.410743],[-79.940286,40.410692],[-79.940501,40.410969],[-79.940386,40.411022],[-79.940175,40.410743]]]},"properties":{"parcel_id":"0056G00032000000","block_lot":"56-G-32"}},{"type":"Feature","geometry":{"type":"Polygon","coordinates":[[[-79.940286,40.410692],[-79.940361,40.410658],[-79.940573,40.410936],[-79.940501,40.410969],[-79.940286,40.410692]]]},"properties":{"parcel_id":"0056G00033000000","block_lot":"56-G-33"}},{"type":"Feature","geometry":{"type":"Polygon","coordinates":[[[-79.940361,40.410658],[-79.940508,40.410591],[-79.940622,40.410914],[-79.940573,40.410936],[-79.940361,40.410658]]]},"properties":{"parcel_id":"0056G00034000000","block_lot":"56-G-34"}},{"type":"Feature","geometry":{"type":"Polygon","coordinates":[[[-79.940714,40.410621],[-79.940793,40.410587],[-79.940863,40.410803],[-79.940793,40.410835],[-79.940714,40.410621]]]},"properties":{"parcel_id":"0056G00036000000","block_lot":"56-G-36"}},{"type":"Feature","geometry":{"type":"Polygon","coordinates":[[[-79.940863,40.410803],[-79.940789,40.410574],[-79.940782,40.410577],[-79.940744,40.410479],[-79.940801,40.410453],[-79.940924,40.410774],[-79.940863,40.410803]]]},"properties":{"parcel_id":"0056G00037000000","block_lot":"56-G-37"}},{"type":"Feature","geometry":{"type":"Polygon","coordinates":[[[-79.940801,40.410453],[-79.940872,40.410422],[-79.940994,40.410741],[-79.940924,40.410774],[-79.940801,40.410453]]]},"properties":{"parcel_id":"0056G00038000000","block_lot":"56-G-38"}},{"type":"Feature","geometry":{"type":"Polygon","coordinates":[[[-79.940994,40.410741],[-79.940872,40.410422],[-79.940943,40.41039],[-79.941061,40.41071],[-79.940994,40.410741]]]},"properties":{"parcel_id":"0056G00039000000","block_lot":"56-G-39"}},{"type":"Feature","geometry":{"type":"Polygon","coordinates":[[[-79.941061,40.41071],[-79.940943,40.41039],[-79.941013,40.410359],[-79.941127,40.410679],[-79.941061,40.41071]]]},"properties":{"parcel_id":"0056G00040000000","block_lot":"56-G-40"}},{"type":"Feature","geometry":{"type":"Polygon","coordinates":[[[-79.940744,40.410479],[-79.940782,40.410577],[-79.940789,40.410574],[-79.940793,40.410587],[-79.940714,40.410621],[-79.940674,40.41051],[-79.940744,40.410479]]]},"properties":{"parcel_id":"0056G00041000000","block_lot":"56-G-41"}},{"type":"Feature","geometry":{"type":"Polygon","coordinates":[[[-79.940926,40.410023],[-79.941153,40.409979],[-79.941209,40.410128],[-79.940982,40.410176],[-79.940926,40.410023]]]},"properties":{"parcel_id":"0056G00065000000","block_lot":"56-G-65"}},{"type":"Feature","geometry":{"type":"Polygon","coordinates":[[[-79.940925,40.409849],[-79.94098,40.410013],[-79.940926,40.410023],[-79.940867,40.409862],[-79.940925,40.409849]]]},"properties":{"parcel_id":"0056G00066000000","block_lot":"56-G-66"}},{"type":"Feature","geometry":{"type":"Polygon","coordinates":[[[-79.940925,40.409849],[-79.940974,40.409838],[-79.941036,40.410002],[-79.94098,40.410013],[-79.940925,40.409849]]]},"properties":{"parcel_id":"0056G00067000000","block_lot":"56-G-67"}},{"type":"Feature","geometry":{"type":"Polygon","coordinates":[[[-79.940974,40.409838],[-79.941043,40.409822],[-79.941106,40.409988],[-79.941036,40.410002],[-79.940974,40.409838]]]},"properties":{"parcel_id":"0056G00068000000","block_lot":"56-G-68"}},{"type":"Feature","geometry":{"type":"Polygon","coordinates":[[[-79.941153,40.409979],[-79.941106,40.409988],[-79.941043,40.409822],[-79.94109,40.409811],[-79.941153,40.409979]]]},"properties":{"parcel_id":"0056G00069000000","block_lot":"56-G-69"}},{"type":"Feature","geometry":{"type":"Polygon","coordinates":[[[-79.94124,40.409638],[-79.941179,40.409651],[-79.940994,40.409183],[-79.941073,40.409167],[-79.94124,40.409638]]]},"properties":{"parcel_id":"0056G00071000000","block_lot":"56-G-71"}},{"type":"Feature","geometry":{"type":"Polygon","coordinates":[[[-79.941179,40.409651],[-79.94109,40.409671],[-79.940905,40.40921],[-79.940994,40.409183],[-79.941179,40.409651]]]},"properties":{"parcel_id":"0056G00072000000","block_lot":"56-G-72"}},{"type":"Feature","geometry":{"type":"Polygon","coordinates":[[[-79.940818,40.409233],[-79.940905,40.40921],[-79.94109,40.409671],[-79.940991,40.409692],[-79.940818,40.409233]]]},"properties":{"parcel_id":"0056G00073000000","block_lot":"56-G-73"}},{"type":"Feature","geometry":{"type":"Polygon","coordinates":[[[-79.940744,40.409251],[-79.940818,40.409233],[-79.940991,40.409692],[-79.94092,40.409708],[-79.940744,40.409251]]]},"properties":{"parcel_id":"0056G00074000000","block_lot":"56-G-74"}},{"type":"Feature","geometry":{"type":"Polygon","coordinates":[[[-79.940647,40.409272],[-79.940744,40.409251],[-79.94092,40.409708],[-79.94081,40.409732],[-79.940647,40.409272]]]},"properties":{"parcel_id":"0056G00075000000","block_lot":"56-G-75"}},{"type":"Feature","geometry":{"type":"Polygon","coordinates":[[[-79.940947,40.409198],[-79.940777,40.408924],[-79.941105,40.408872],[-79.941186,40.409144],[-79.940994,40.409183],[-79.940947,40.409198]]]},"properties":{"parcel_id":"0056G00077000000","block_lot":"56-G-77"}},{"type":"Feature","geometry":{"type":"Polygon","coordinates":[[[-79.940195,40.409001],[-79.940735,40.408964],[-79.940786,40.409049],[-79.940203,40.409081],[-79.940195,40.409001]]]},"properties":{"parcel_id":"0056G00081000000","block_lot":"56-G-81"}},{"type":"Feature","geometry":{"type":"Polygon","coordinates":[[[-79.940203,40.409081],[-79.940786,40.409049],[-79.940833,40.409128],[-79.940211,40.40915],[-79.940203,40.409081]]]},"properties":{"parcel_id":"0056G00082000000","block_lot":"56-G-82"}},{"type":"Feature","geometry":{"type":"Polygon","coordinates":[[[-79.940211,40.40915],[-79.940833,40.409128],[-79.940873,40.409195],[-79.940219,40.409229],[-79.940211,40.40915]]]},"properties":{"parcel_id":"0056G00083000000","block_lot":"56-G-83"}},{"type":"Feature","geometry":{"type":"Polygon","coordinates":[[[-79.940219,40.409229],[-79.940873,40.409195],[-79.940885,40.409216],[-79.940724,40.409256],[-79.940226,40.409285],[-79.940219,40.409229]]]},"properties":{"parcel_id":"0056G00084000000","block_lot":"56-G-84"}},{"type":"Feature","geometry":{"type":"Polygon","coordinates":[[[-79.940724,40.409256],[-79.940647,40.409272],[-79.940614,40.409282],[-79.940241,40.409359],[-79.940226,40.409285],[-79.940724,40.409256]]]},"properties":{"parcel_id":"0056G00085000000","block_lot":"56-G-85"}},{"type":"Feature","geometry":{"type":"Polygon","coordinates":[[[-79.940634,40.409337],[-79.940265,40.409417],[-79.940241,40.409359],[-79.940614,40.409282],[-79.940634,40.409337]]]},"properties":{"parcel_id":"0056G00086000000","block_lot":"56-G-86"}},{"type":"Feature","geometry":{"type":"Polygon","coordinates":[[[-79.940265,40.409417],[-79.940634,40.409337],[-79.940657,40.409402],[-79.940289,40.409481],[-79.940265,40.409417]]]},"properties":{"parcel_id":"0056G00087000000","block_lot":"56-G-87"}},{"type":"Feature","geometry":{"type":"Polygon","coordinates":[[[-79.940289,40.409481],[-79.940657,40.409402],[-79.940685,40.409478],[-79.940317,40.409558],[-79.940289,40.409481]]]},"properties":{"parcel_id":"0056G00088000000","block_lot":"56-G-88"}},{"type":"Feature","geometry":{"type":"Polygon","coordinates":[[[-79.940317,40.409558],[-79.940685,40.409478],[-79.940707,40.40954],[-79.940339,40.409618],[-79.940317,40.409558]]]},"properties":{"parcel_id":"0056G00089000000","block_lot":"56-G-89"}},{"type":"Feature","geometry":{"type":"Polygon","coordinates":[[[-79.940339,40.409618],[-79.940707,40.40954],[-79.940722,40.409584],[-79.940357,40.40967],[-79.940339,40.409618]]]},"properties":{"parcel_id":"0056G00090000000","block_lot":"56-G-90"}},{"type":"Feature","geometry":{"type":"Polygon","coordinates":[[[-79.940357,40.40967],[-79.940722,40.409584],[-79.94074,40.409631],[-79.940374,40.409712],[-79.940357,40.40967]]]},"properties":{"parcel_id":"0056G00091000000","block_lot":"56-G-91"}},{"type":"Feature","geometry":{"type":"Polygon","coordinates":[[[-79.940374,40.409712],[-79.94074,40.409631],[-79.94076,40.409689],[-79.940395,40.40977],[-79.940374,40.409712]]]},"properties":{"parcel_id":"0056G00092000000","block_lot":"56-G-92"}},{"type":"Feature","geometry":{"type":"Polygon","coordinates":[[[-79.940395,40.40977],[-79.94076,40.409689],[-79.940785,40.40976],[-79.940423,40.409842],[-79.940395,40.40977]]]},"properties":{"parcel_id":"0056G00093000000","block_lot":"56-G-93"}},{"type":"Feature","geometry":{"type":"Polygon","coordinates":[[[-79.940423,40.409842],[-79.940785,40.40976],[-79.940829,40.409879],[-79.940649,40.409921],[-79.940465,40.40996],[-79.940423,40.409842]]]},"properties":{"parcel_id":"0056G00095000000","block_lot":"56-G-95"}},{"type":"Feature","geometry":{"type":"Polygon","coordinates":[[[-79.940465,40.40996],[-79.940649,40.409921],[-79.940669,40.40997],[-79.940484,40.410013],[-79.940465,40.40996]]]},"properties":{"parcel_id":"0056G00096000000","block_lot":"56-G-96"}},{"type":"Feature","geometry":{"type":"Polygon","coordinates":[[[-79.940484,40.410013],[-79.940669,40.40997],[-79.940682,40.410002],[-79.940495,40.410043],[-79.940484,40.410013]]]},"properties":{"parcel_id":"0056G00096000A00","block_lot":"56-G-96-A"}},{"type":"Feature","geometry":{"type":"Polygon","coordinates":[[[-79.940495,40.410043],[-79.940682,40.410002],[-79.940705,40.41006],[-79.940514,40.410094],[-79.940495,40.410043]]]},"properties":{"parcel_id":"0056G00097000000","block_lot":"56-G-97"}},{"type":"Feature","geometry":{"type":"Polygon","coordinates":[[[-79.940705,40.41006],[-79.940669,40.40997],[-79.940847,40.409929],[-79.940882,40.410024],[-79.940748,40.410053],[-79.940705,40.41006]]]},"properties":{"parcel_id":"0056G00098000000","block_lot":"56-G-98"}},{"type":"Feature","geometry":{"type":"Polygon","coordinates":[[[-79.940771,40.410115],[-79.940541,40.410168],[-79.940514,40.410094],[-79.940748,40.410053],[-79.940771,40.410115]]]},"properties":{"parcel_id":"0056G00098000A00","block_lot":"56-G-98-A"}},{"type":"Feature","geometry":{"type":"Polygon","coordinates":[[[-79.940649,40.409921],[-79.940829,40.409879],[-79.940847,40.409929],[-79.940669,40.40997],[-79.940649,40.409921]]]},"properties":{"parcel_id":"0056G00098000B00","block_lot":"56-G-98-B"}},{"type":"Feature","geometry":{"type":"Polygon","coordinates":[[[-79.940786,40.410161],[-79.940748,40.410053],[-79.940882,40.410024],[-79.940921,40.410131],[-79.940786,40.410161]]]},"properties":{"parcel_id":"0056G00099000000","block_lot":"56-G-99"}},{"type":"Feature","geometry":{"type":"Polygon","coordinates":[[[-79.940541,40.410168],[-79.940771,40.410115],[-79.940786,40.410161],[-79.940921,40.410131],[-79.940932,40.410163],[-79.940568,40.41024],[-79.940541,40.410168]]]},"properties":{"parcel_id":"0056G00100000000","block_lot":"56-G-100"}},{"type":"Feature","geometry":{"type":"Polygon","coordinates":[[[-79.940568,40.41024],[-79.940932,40.410163],[-79.94095,40.410208],[-79.940583,40.410279],[-79.940568,40.41024]]]},"properties":{"parcel_id":"0056G00101000000","block_lot":"56-G-101"}},{"type":"Feature","geometry":{"type":"Polygon","coordinates":[[[-79.940973,40.410273],[-79.940608,40.41035],[-79.940583,40.410279],[-79.94095,40.410208],[-79.940973,40.410273]]]},"properties":{"parcel_id":"0056G00102000000","block_lot":"56-G-102"}},{"type":"Feature","geometry":{"type":"Polygon","coordinates":[[[-79.940608,40.41035],[-79.940973,40.410273],[-79.940982,40.410302],[-79.940646,40.410453],[-79.940608,40.41035]]]},"properties":{"parcel_id":"0056G00103000000","block_lot":"56-G-103"}},{"type":"Feature","geometry":{"type":"Polygon","coordinates":[[[-79.940071,40.410488],[-79.940426,40.410406],[-79.940475,40.410539],[-79.940145,40.410685],[-79.940071,40.410488]]]},"properties":{"parcel_id":"0056G00104000000","block_lot":"56-G-104"}},{"type":"Feature","geometry":{"type":"Polygon","coordinates":[[[-79.940022,40.410359],[-79.94038,40.410282],[-79.940426,40.410406],[-79.940071,40.410488],[-79.940022,40.410359]]]},"properties":{"parcel_id":"0056G00107000000","block_lot":"56-G-107"}},{"type":"Feature","geometry":{"type":"Polygon","coordinates":[[[-79.94038,40.410282],[-79.940022,40.410359],[-79.939853,40.409913],[-79.940215,40.409837],[-79.94038,40.410282]]]},"properties":{"parcel_id":"0056G00109000000","block_lot":"56-G-109"}},{"type":"Feature","geometry":{"type":"Polygon","coordinates":[[[-79.939853,40.409913],[-79.93979,40.409743],[-79.940152,40.409662],[-79.940215,40.409837],[-79.939853,40.409913]]]},"properties":{"parcel_id":"0056G00116000000","block_lot":"56-G-116"}},{"type":"Feature","geometry":{"type":"Polygon","coordinates":[[[-79.939766,40.409683],[-79.940129,40.409602],[-79.940152,40.409662],[-79.93979,40.409743],[-79.939766,40.409683]]]},"properties":{"parcel_id":"0056G00118000000","block_lot":"56-G-118"}},{"type":"Feature","geometry":{"type":"Polygon","coordinates":[[[-79.939741,40.409616],[-79.940103,40.409538],[-79.940129,40.409602],[-79.939766,40.409683],[-79.939741,40.409616]]]},"properties":{"parcel_id":"0056G00119000000","block_lot":"56-G-119"}},{"type":"Feature","geometry":{"type":"Polygon","coordinates":[[[-79.940103,40.409538],[-79.939741,40.409616],[-79.939723,40.409553],[-79.940085,40.409478],[-79.940103,40.409538]]]},"properties":{"parcel_id":"0056G00120000000","block_lot":"56-G-120"}},{"type":"Feature","geometry":{"type":"Polygon","coordinates":[[[-79.94005,40.409397],[-79.939622,40.409503],[-79.939592,40.409231],[-79.940029,40.409207],[-79.94005,40.409397]]]},"properties":{"parcel_id":"0056G00122000000","block_lot":"56-G-122"}},{"type":"Feature","geometry":{"type":"Polygon","coordinates":[[[-79.939582,40.409142],[-79.94002,40.409122],[-79.940029,40.409207],[-79.939592,40.409231],[-79.939582,40.409142]]]},"properties":{"parcel_id":"0056G00126000000","block_lot":"56-G-126"}},{"type":"Feature","geometry":{"type":"Polygon","coordinates":[[[-79.939574,40.409062],[-79.94001,40.409036],[-79.94002,40.409122],[-79.939582,40.409142],[-79.939574,40.409062]]]},"properties":{"parcel_id":"0056G00128000000","block_lot":"56-G-128"}},{"type":"Feature","geometry":{"type":"Polygon","coordinates":[[[-79.939515,40.409061],[-79.939293,40.409072],[-79.939288,40.409014],[-79.939509,40.409004],[-79.939515,40.409061]]]},"properties":{"parcel_id":"0056G00131000000","block_lot":"56-G-131"}},{"type":"Feature","geometry":{"type":"Polygon","coordinates":[[[-79.939299,40.40912],[-79.939293,40.409072],[-79.939515,40.409061],[-79.93952,40.409111],[-79.939299,40.40912]]]},"properties":{"parcel_id":"0056G00132000000","block_lot":"56-G-132"}},{"type":"Feature","geometry":{"type":"Polygon","coordinates":[[[-79.939306,40.409179],[-79.939299,40.40912],[-79.93952,40.409111],[-79.939526,40.40917],[-79.939306,40.409179]]]},"properties":{"parcel_id":"0056G00133000000","block_lot":"56-G-133"}},{"type":"Feature","geometry":{"type":"Polygon","coordinates":[[[-79.939312,40.409247],[-79.939306,40.409179],[-79.939526,40.40917],[-79.939532,40.409238],[-79.939312,40.409247]]]},"properties":{"parcel_id":"0056G00134000000","block_lot":"56-G-134"}},{"type":"Feature","geometry":{"type":"Polygon","coordinates":[[[-79.939332,40.409436],[-79.939312,40.409247],[-79.939532,40.409238],[-79.939551,40.409418],[-79.939332,40.409436]]]},"properties":{"parcel_id":"0056G00137000000","block_lot":"56-G-137"}},{"type":"Feature","geometry":{"type":"Polygon","coordinates":[[[-79.939332,40.409436],[-79.939551,40.409418],[-79.939556,40.409456],[-79.939339,40.409499],[-79.939332,40.409436]]]},"properties":{"parcel_id":"0056G00138000000","block_lot":"56-G-138"}},{"type":"Feature","geometry":{"type":"Polygon","coordinates":[[[-79.93905,40.40906],[-79.939291,40.409047],[-79.939297,40.409101],[-79.939056,40.409114],[-79.93905,40.40906]]]},"properties":{"parcel_id":"0056G00141000000","block_lot":"56-G-141"}},{"type":"Feature","geometry":{"type":"Polygon","coordinates":[[[-79.939056,40.409114],[-79.939297,40.409101],[-79.939303,40.409156],[-79.939062,40.409167],[-79.939056,40.409114]]]},"properties":{"parcel_id":"0056G00142000000","block_lot":"56-G-142"}},{"type":"Feature","geometry":{"type":"Polygon","coordinates":[[[-79.939062,40.409167],[-79.939303,40.409156],[-79.939309,40.409213],[-79.939068,40.409226],[-79.939062,40.409167]]]},"properties":{"parcel_id":"0056G00143000000","block_lot":"56-G-143"}},{"type":"Feature","geometry":{"type":"Polygon","coordinates":[[[-79.939068,40.409226],[-79.939309,40.409213],[-79.939315,40.409272],[-79.939074,40.409283],[-79.939068,40.409226]]]},"properties":{"parcel_id":"0056G00144000000","block_lot":"56-G-144"}},{"type":"Feature","geometry":{"type":"Polygon","coordinates":[[[-79.939285,40.408994],[-79.939045,40.409006],[-79.939039,40.408951],[-79.93928,40.40894],[-79.939285,40.408994]]]},"properties":{"parcel_id":"0056G00145000000","block_lot":"56-G-145"}},{"type":"Feature","geometry":{"type":"Polygon","coordinates":[[[-79.939045,40.409006],[-79.939285,40.408994],[-79.939291,40.409047],[-79.93905,40.40906],[-79.939045,40.409006]]]},"properties":{"parcel_id":"0056G00146000000","block_lot":"56-G-146"}},{"type":"Feature","geometry":{"type":"Polygon","coordinates":[[[-79.939331,40.409425],[-79.93909,40.409438],[-79.939074,40.409283],[-79.939315,40.409272],[-79.939331,40.409425]]]},"properties":{"parcel_id":"0056G00147000000","block_lot":"56-G-147"}},{"type":"Feature","geometry":{"type":"Polygon","coordinates":[[[-79.93909,40.409438],[-79.939331,40.409425],[-79.939339,40.409499],[-79.939103,40.409551],[-79.93909,40.409438]]]},"properties":{"parcel_id":"0056G00149000000","block_lot":"56-G-149"}},{"type":"Feature","geometry":{"type":"Polygon","coordinates":[[[-79.939501,40.410352],[-79.939214,40.409597],[-79.939547,40.409523],[-79.939727,40.409996],[-79.939501,40.410352]]]},"properties":{"parcel_id":"0056G00158000000","block_lot":"56-G-158"}},{"type":"Feature","geometry":{"type":"Polygon","coordinates":[[[-79.940063,40.41072],[-79.939813,40.410834],[-79.939525,40.410544],[-79.939567,40.41052],[-79.939828,40.410101],[-79.940063,40.41072]]]},"properties":{"parcel_id":"0056G00160000000","block_lot":"56-G-160"}},{"type":"Feature","geometry":{"type":"Polygon","coordinates":[[[-79.939111,40.410788],[-79.939184,40.410745],[-79.939441,40.411004],[-79.939362,40.41104],[-79.939111,40.410788]]]},"properties":{"parcel_id":"0056G00175000000","block_lot":"56-G-175"}},{"type":"Feature","geometry":{"type":"Polygon","coordinates":[[[-79.938973,40.410869],[-79.939111,40.410788],[-79.939362,40.41104],[-79.939209,40.411109],[-79.938973,40.410869]]]},"properties":{"parcel_id":"0056G00176000000","block_lot":"56-G-176"}},{"type":"Feature","geometry":{"type":"Polygon","coordinates":[[[-79.938374,40.411489],[-79.938293,40.411269],[-79.938973,40.410869],[-79.939209,40.411109],[-79.938374,40.411489]]]},"properties":{"parcel_id":"0056G00179000000","block_lot":"56-G-179"}},{"type":"Feature","geometry":{"type":"Polygon","coordinates":[[[-79.938226,40.411557],[-79.93812,40.411308],[-79.938293,40.411269],[-79.938374,40.411489],[-79.938226,40.411557]]]},"properties":{"parcel_id":"0056G00192000000","block_lot":"56-G-192"}},{"type":"Feature","geometry":{"type":"Polygon","coordinates":[[[-79.939448,40.410446],[-79.93916,40.410617],[-79.938819,40.409735],[-79.939155,40.409665],[-79.939448,40.410446]]]},"properties":{"parcel_id":"0056G00194000000","block_lot":"56-G-194"}},{"type":"Feature","geometry":{"type":"Polygon","coordinates":[[[-79.938398,40.409378],[-79.938892,40.409343],[-79.938918,40.409589],[-79.938432,40.409691],[-79.938398,40.409378]]]},"properties":{"parcel_id":"0056G00208000000","block_lot":"56-G-208"}},{"type":"Feature","geometry":{"type":"Polygon","coordinates":[[[-79.93838,40.409211],[-79.938874,40.409173],[-79.938892,40.409343],[-79.938398,40.409378],[-79.93838,40.409211]]]},"properties":{"parcel_id":"0056G00214000000","block_lot":"56-G-214"}},{"type":"Feature","geometry":{"type":"Polygon","coordinates":[[[-79.93838,40.409211],[-79.938371,40.409125],[-79.938865,40.409087],[-79.938874,40.409173],[-79.93838,40.409211]]]},"properties":{"parcel_id":"0056G00215000000","block_lot":"56-G-215"}},{"type":"Feature","geometry":{"type":"Polygon","coordinates":[[[-79.938865,40.409087],[-79.938371,40.409125],[-79.938362,40.409043],[-79.938857,40.409009],[-79.938865,40.409087]]]},"properties":{"parcel_id":"0056G00216000000","block_lot":"56-G-216"}},{"type":"Feature","geometry":{"type":"Polygon","coordinates":[[[-79.937852,40.408928],[-79.938199,40.408905],[-79.938212,40.409032],[-79.937866,40.409058],[-79.937852,40.408928]]]},"properties":{"parcel_id":"0056G00228000000","block_lot":"56-G-228"}},{"type":"Feature","geometry":{"type":"Polygon","coordinates":[[[-79.937866,40.409058],[-79.938212,40.409032],[-79.938227,40.40917],[-79.937882,40.409199],[-79.937866,40.409058]]]},"properties":{"parcel_id":"0056G00230000000","block_lot":"56-G-230"}},{"type":"Feature","geometry":{"type":"Polygon","coordinates":[[[-79.937882,40.409199],[-79.938227,40.40917],[-79.938249,40.409375],[-79.937904,40.409399],[-79.937882,40.409199]]]},"properties":{"parcel_id":"0056G00234000000","block_lot":"56-G-234"}},{"type":"Feature","geometry":{"type":"Polygon","coordinates":[[[-79.937904,40.409399],[-79.938249,40.409375],[-79.938257,40.409449],[-79.937911,40.409469],[-79.937904,40.409399]]]},"properties":{"parcel_id":"0056G00235000000","block_lot":"56-G-235"}},{"type":"Feature","geometry":{"type":"Polygon","coordinates":[[[-79.937911,40.409469],[-79.938257,40.409449],[-79.938272,40.409584],[-79.937926,40.409606],[-79.937911,40.409469]]]},"properties":{"parcel_id":"0056G00237000000","block_lot":"56-G-237"}},{"type":"Feature","geometry":{"type":"Polygon","coordinates":[[[-79.938272,40.409584],[-79.938287,40.409728],[-79.937947,40.409799],[-79.937926,40.409606],[-79.938272,40.409584]]]},"properties":{"parcel_id":"0056G00240000000","block_lot":"56-G-240"}},{"type":"Feature","geometry":{"type":"Polygon","coordinates":[[[-79.9387,40.409855],[-79.938361,40.409926],[-79.938329,40.40984],[-79.938666,40.409765],[-79.9387,40.409855]]]},"properties":{"parcel_id":"0056G00242000000","block_lot":"56-G-242"}},{"type":"Feature","geometry":{"type":"Polygon","coordinates":[[[-79.938774,40.410047],[-79.938435,40.41012],[-79.938361,40.409926],[-79.9387,40.409855],[-79.938774,40.410047]]]},"properties":{"parcel_id":"0056G00245000000","block_lot":"56-G-245"}},{"type":"Feature","geometry":{"type":"Polygon","coordinates":[[[-79.938461,40.410187],[-79.938435,40.41012],[-79.938774,40.410047],[-79.938799,40.410114],[-79.938461,40.410187]]]},"properties":{"parcel_id":"0056G00246000000","block_lot":"56-G-246"}},{"type":"Feature","geometry":{"type":"Polygon","coordinates":[[[-79.938484,40.410248],[-79.938461,40.410187],[-79.938799,40.410114],[-79.938822,40.410174],[-79.938484,40.410248]]]},"properties":{"parcel_id":"0056G00247000000","block_lot":"56-G-247"}},{"type":"Feature","geometry":{"type":"Polygon","coordinates":[[[-79.938484,40.410248],[-79.938822,40.410174],[-79.938871,40.410303],[-79.938533,40.410376],[-79.938484,40.410248]]]},"properties":{"parcel_id":"0056G00249000000","block_lot":"56-G-249"}},{"type":"Feature","geometry":{"type":"Polygon","coordinates":[[[-79.938533,40.410376],[-79.938871,40.410303],[-79.938939,40.410482],[-79.938604,40.410565],[-79.938533,40.410376]]]},"properties":{"parcel_id":"0056G00252000000","block_lot":"56-G-252"}},{"type":"Feature","geometry":{"type":"Polygon","coordinates":[[[-79.938604,40.410565],[-79.938939,40.410482],[-79.938965,40.41055],[-79.938628,40.410626],[-79.938604,40.410565]]]},"properties":{"parcel_id":"0056G00253000000","block_lot":"56-G-253"}},{"type":"Feature","geometry":{"type":"Polygon","coordinates":[[[-79.938628,40.410626],[-79.938965,40.41055],[-79.93901,40.410669],[-79.938675,40.410751],[-79.938628,40.410626]]]},"properties":{"parcel_id":"0056G00255000000","block_lot":"56-G-255"}},{"type":"Feature","geometry":{"type":"Polygon","coordinates":[[[-79.938675,40.410751],[-79.93901,40.410669],[-79.93902,40.410693],[-79.93872,40.410869],[-79.938675,40.410751]]]},"properties":{"parcel_id":"0056G00257000000","block_lot":"56-G-257"}},{"type":"Feature","geometry":{"type":"Polygon","coordinates":[[[-79.937726,40.409199],[-79.937036,40.409251],[-79.936918,40.408907],[-79.937691,40.408868],[-79.937726,40.409199]]]},"properties":{"parcel_id":"0056G00258000000","block_lot":"56-G-258"}},{"type":"Feature","geometry":{"type":"Polygon","coordinates":[[[-79.937156,40.409582],[-79.937036,40.409251],[-79.937726,40.409199],[-79.937765,40.40955],[-79.937156,40.409582]]]},"properties":{"parcel_id":"0056G00266000000","block_lot":"56-G-266"}},{"type":"Feature","geometry":{"type":"Polygon","coordinates":[[[-79.937156,40.409582],[-79.937765,40.40955],[-79.937801,40.409882],[-79.93778,40.409895],[-79.937307,40.409997],[-79.937156,40.409582]]]},"properties":{"parcel_id":"0056G00272000000","block_lot":"56-G-272"}},{"type":"Feature","geometry":{"type":"Polygon","coordinates":[[[-79.937932,40.410299],[-79.93778,40.409895],[-79.937801,40.409882],[-79.938164,40.409816],[-79.938315,40.410217],[-79.937932,40.410299]]]},"properties":{"parcel_id":"0056G00279000000","block_lot":"56-G-279"}},{"type":"Feature","geometry":{"type":"Polygon","coordinates":[[[-79.937932,40.410299],[-79.938315,40.410217],[-79.938386,40.410406],[-79.938004,40.410493],[-79.937932,40.410299]]]},"properties":{"parcel_id":"0056G00283000000","block_lot":"56-G-283"}},{"type":"Feature","geometry":{"type":"Polygon","coordinates":[[[-79.938037,40.41058],[-79.938004,40.410493],[-79.938386,40.410406],[-79.938479,40.410654],[-79.938102,40.410735],[-79.938037,40.41058]]]},"properties":{"parcel_id":"0056G00288000000","block_lot":"56-G-288"}},{"type":"Feature","geometry":{"type":"Polygon","coordinates":[[[-79.938102,40.410735],[-79.938479,40.410654],[-79.938502,40.410715],[-79.93813,40.410801],[-79.938102,40.410735]]]},"properties":{"parcel_id":"0056G00289000000","block_lot":"56-G-289"}},{"type":"Feature","geometry":{"type":"Polygon","coordinates":[[[-79.937731,40.410992],[-79.938156,40.4109],[-79.938175,40.410922],[-79.938546,40.41083],[-79.938589,40.410945],[-79.938213,40.411167],[-79.937826,40.411249],[-79.937731,40.410992]]]},"properties":{"parcel_id":"0056G00290000000","block_lot":"56-G-290"}},{"type":"Feature","geometry":{"type":"Polygon","coordinates":[[[-79.938156,40.4109],[-79.938141,40.410828],[-79.93813,40.410801],[-79.938502,40.410715],[-79.938546,40.41083],[-79.938175,40.410922],[-79.938156,40.4109]]]},"properties":{"parcel_id":"0056G00291000000","block_lot":"56-G-291"}},{"type":"Feature","geometry":{"type":"Polygon","coordinates":[[[-79.937732,40.411211],[-79.937659,40.411007],[-79.937731,40.410992],[-79.937826,40.411249],[-79.937732,40.411211]]]},"properties":{"parcel_id":"0056G00300000000","block_lot":"56-G-300"}},{"type":"Feature","geometry":{"type":"Polygon","coordinates":[[[-79.937621,40.411167],[-79.937574,40.411026],[-79.937659,40.411007],[-79.937732,40.411211],[-79.937621,40.411167]]]},"properties":{"parcel_id":"0056G00301000000","block_lot":"56-G-301"}},{"type":"Feature","geometry":{"type":"Polygon","coordinates":[[[-79.937574,40.411026],[-79.937621,40.411167],[-79.937374,40.411069],[-79.937574,40.411026]]]},"properties":{"parcel_id":"0056G00302000000","block_lot":"56-G-302"}},{"type":"Feature","geometry":{"type":"Polygon","coordinates":[[[-79.937312,40.411144],[-79.937662,40.411285],[-79.937381,40.411347],[-79.937312,40.411144]]]},"properties":{"parcel_id":"0056G00304000000","block_lot":"56-G-304"}},{"type":"Feature","geometry":{"type":"Polygon","coordinates":[[[-79.937123,40.411125],[-79.937212,40.411104],[-79.937312,40.411144],[-79.937381,40.411347],[-79.937211,40.411385],[-79.937123,40.411125]]]},"properties":{"parcel_id":"0056G00307000000","block_lot":"56-G-307"}},{"type":"Feature","geometry":{"type":"Polygon","coordinates":[[[-79.937048,40.411141],[-79.937123,40.411125],[-79.937211,40.411385],[-79.937128,40.411403],[-79.937048,40.411141]]]},"properties":{"parcel_id":"0056G00309000000","block_lot":"56-G-309"}},{"type":"Feature","geometry":{"type":"Polygon","coordinates":[[[-79.936794,40.411199],[-79.937048,40.411141],[-79.937128,40.411403],[-79.936886,40.411457],[-79.936794,40.411199]]]},"properties":{"parcel_id":"0056G00310000000","block_lot":"56-G-310"}},{"type":"Feature","geometry":{"type":"Polygon","coordinates":[[[-79.93762,40.410671],[-79.937718,40.410923],[-79.937265,40.411025],[-79.936856,40.410871],[-79.936665,40.410739],[-79.936929,40.410822],[-79.93762,40.410671]]]},"properties":{"parcel_id":"0056G00320000000","block_lot":"56-G-320"}},{"type":"Feature","geometry":{"type":"Polygon","coordinates":[[[-79.93762,40.410671],[-79.938037,40.41058],[-79.938141,40.410828],[-79.937718,40.410923],[-79.93762,40.410671]]]},"properties":{"parcel_id":"0056G00326000000","block_lot":"56-G-326"}},{"type":"Feature","geometry":{"type":"Polygon","coordinates":[[[-79.937445,40.410387],[-79.93778,40.410306],[-79.937854,40.41051],[-79.937519,40.410585],[-79.937445,40.410387]]]},"properties":{"parcel_id":"0056G00328000000","block_lot":"56-G-328"}},{"type":"Feature","geometry":{"type":"Polygon","coordinates":[[[-79.93778,40.410306],[-79.937445,40.410387],[-79.937323,40.41006],[-79.937662,40.409986],[-79.93778,40.410306]]]},"properties":{"parcel_id":"0056G00332000000","block_lot":"56-G-332"}},{"type":"Feature","geometry":{"type":"Polygon","coordinates":[[[-79.937158,40.410096],[-79.937247,40.410077],[-79.937331,40.410313],[-79.937247,40.410331],[-79.937158,40.410096]]]},"properties":{"parcel_id":"0056G00339000000","block_lot":"56-G-339"}},{"type":"Feature","geometry":{"type":"Polygon","coordinates":[[[-79.936994,40.410127],[-79.937158,40.410096],[-79.937247,40.410331],[-79.937078,40.410369],[-79.936994,40.410127]]]},"properties":{"parcel_id":"0056G00340000000","block_lot":"56-G-340"}},{"type":"Feature","geometry":{"type":"Polygon","coordinates":[[[-79.936994,40.410388],[-79.936903,40.410147],[-79.936994,40.410127],[-79.937078,40.410369],[-79.936994,40.410388]]]},"properties":{"parcel_id":"0056G00342000000","block_lot":"56-G-342"}},{"type":"Feature","geometry":{"type":"Polygon","coordinates":[[[-79.936931,40.41046],[-79.937348,40.410367],[-79.937436,40.410602],[-79.937029,40.410697],[-79.936931,40.41046]]]},"properties":{"parcel_id":"0056G00344000000","block_lot":"56-G-344"}},{"type":"Feature","geometry":{"type":"Polygon","coordinates":[[[-79.93685,40.410478],[-79.936931,40.41046],[-79.937029,40.410697],[-79.936945,40.410716],[-79.93685,40.410478]]]},"properties":{"parcel_id":"0056H00001000000","block_lot":"56-H-1"}},{"type":"Feature","geometry":{"type":"Polygon","coordinates":[[[-79.936945,40.410716],[-79.936925,40.410721],[-79.936837,40.410691],[-79.936767,40.410496],[-79.93685,40.410478],[-79.936945,40.410716]]]},"properties":{"parcel_id":"0056H00002000000","block_lot":"56-H-2"}},{"type":"Feature","geometry":{"type":"Polygon","coordinates":[[[-79.936837,40.410691],[-79.936462,40.410563],[-79.936767,40.410496],[-79.936837,40.410691]]]},"properties":{"parcel_id":"0056H00003000000","block_lot":"56-H-3"}},{"type":"Feature","geometry":{"type":"Polygon","coordinates":[[[-79.936817,40.410166],[-79.936903,40.410147],[-79.936994,40.410388],[-79.936908,40.410407],[-79.936817,40.410166]]]},"properties":{"parcel_id":"0056H00007000000","block_lot":"56-H-7"}},{"type":"Feature","geometry":{"type":"Polygon","coordinates":[[[-79.936738,40.410184],[-79.936817,40.410166],[-79.936908,40.410407],[-79.936832,40.410424],[-79.936738,40.410184]]]},"properties":{"parcel_id":"0056H00008000000","block_lot":"56-H-8"}},{"type":"Feature","geometry":{"type":"Polygon","coordinates":[[[-79.936671,40.41046],[-79.936577,40.41022],[-79.936738,40.410184],[-79.936832,40.410424],[-79.936671,40.41046]]]},"properties":{"parcel_id":"0056H00009000000","block_lot":"56-H-9"}},{"type":"Feature","geometry":{"type":"Polygon","coordinates":[[[-79.936063,40.410335],[-79.936577,40.41022],[-79.936671,40.41046],[-79.936363,40.410528],[-79.936063,40.410335]]]},"properties":{"parcel_id":"0056H00011000000","block_lot":"56-H-11"}},{"type":"Feature","geometry":{"type":"Polygon","coordinates":[[[-79.93528,40.410509],[-79.935719,40.410411],[-79.935473,40.410633],[-79.93528,40.410509]]]},"properties":{"parcel_id":"0056H00036000000","block_lot":"56-H-36"}},{"type":"Feature","geometry":{"type":"Polygon","coordinates":[[[-79.935473,40.410633],[-79.935719,40.410411],[-79.935868,40.410378],[-79.935546,40.410679],[-79.935473,40.410633]]]},"properties":{"parcel_id":"0056H00037000000","block_lot":"56-H-37"}},{"type":"Feature","geometry":{"type":"Polygon","coordinates":[[[-79.935546,40.410679],[-79.935868,40.410378],[-79.935905,40.41037],[-79.936487,40.410739],[-79.936134,40.411055],[-79.935546,40.410679]]]},"properties":{"parcel_id":"0056H00046000000","block_lot":"56-H-46"}},{"type":"Feature","geometry":{"type":"Polygon","coordinates":[[[-79.936134,40.411055],[-79.936487,40.410739],[-79.936551,40.410779],[-79.936211,40.411104],[-79.936134,40.411055]]]},"properties":{"parcel_id":"0056H00047000000","block_lot":"56-H-47"}},{"type":"Feature","geometry":{"type":"Polygon","coordinates":[[[-79.936211,40.411104],[-79.936551,40.410779],[-79.936617,40.410821],[-79.936267,40.411139],[-79.936211,40.411104]]]},"properties":{"parcel_id":"0056H00048000000","block_lot":"56-H-48"}},{"type":"Feature","geometry":{"type":"Polygon","coordinates":[[[-79.936267,40.411139],[-79.936617,40.410821],[-79.936688,40.410866],[-79.936344,40.411188],[-79.936267,40.411139]]]},"properties":{"parcel_id":"0056H00049000000","block_lot":"56-H-49"}},{"type":"Feature","geometry":{"type":"Polygon","coordinates":[[[-79.936344,40.411188],[-79.936688,40.410866],[-79.936829,40.410956],[-79.937097,40.411066],[-79.936393,40.411219],[-79.936344,40.411188]]]},"properties":{"parcel_id":"0056H00050000000","block_lot":"56-H-50"}},{"type":"Feature","geometry":{"type":"Polygon","coordinates":[[[-79.936715,40.411217],[-79.936794,40.411199],[-79.936886,40.411457],[-79.936805,40.411475],[-79.936715,40.411217]]]},"properties":{"parcel_id":"0056H00055000000","block_lot":"56-H-55"}},{"type":"Feature","geometry":{"type":"Polygon","coordinates":[[[-79.936715,40.411217],[-79.936805,40.411475],[-79.936631,40.411514],[-79.936473,40.411272],[-79.936715,40.411217]]]},"properties":{"parcel_id":"0056H00056000000","block_lot":"56-H-56"}},{"type":"Feature","geometry":{"type":"Polygon","coordinates":[[[-79.935233,40.411447],[-79.934877,40.410594],[-79.93511,40.410547],[-79.935744,40.410951],[-79.935602,40.411353],[-79.935233,40.411447]]]},"properties":{"parcel_id":"0056H00080000000","block_lot":"56-H-80"}},{"type":"Feature","geometry":{"type":"Polygon","coordinates":[[[-79.935051,40.411218],[-79.934634,40.411326],[-79.934364,40.410705],[-79.934794,40.41061],[-79.935051,40.411218]]]},"properties":{"parcel_id":"0056H00114000000","block_lot":"56-H-114"}},{"type":"Feature","geometry":{"type":"Polygon","coordinates":[[[-79.934634,40.411326],[-79.935051,40.411218],[-79.935129,40.411403],[-79.934712,40.411507],[-79.934634,40.411326]]]},"properties":{"parcel_id":"0056H00115000000","block_lot":"56-H-115"}},{"type":"Feature","geometry":{"type":"Polygon","coordinates":[[[-79.933957,40.411455],[-79.933897,40.411397],[-79.934449,40.411278],[-79.934475,40.411339],[-79.933957,40.411455]]]},"properties":{"parcel_id":"0056H00120000000","block_lot":"56-H-120"}},{"type":"Feature","geometry":{"type":"Polygon","coordinates":[[[-79.934035,40.411164],[-79.934373,40.411091],[-79.934438,40.41125],[-79.934162,40.411305],[-79.934035,40.411164]]]},"properties":{"parcel_id":"0056H00122000000","block_lot":"56-H-122"}},{"type":"Feature","geometry":{"type":"Polygon","coordinates":[[[-79.933789,40.411304],[-79.933994,40.411114],[-79.934352,40.411041],[-79.934373,40.411091],[-79.934035,40.411164],[-79.933838,40.411336],[-79.933789,40.411304]]]},"properties":{"parcel_id":"0056H00125000000","block_lot":"56-H-125"}},{"type":"Feature","geometry":{"type":"Polygon","coordinates":[[[-79.933789,40.411304],[-79.933735,40.411269],[-79.933935,40.411068],[-79.93433,40.410987],[-79.934352,40.411041],[-79.933994,40.411114],[-79.933789,40.411304]]]},"properties":{"parcel_id":"0056H00126000000","block_lot":"56-H-126"}},{"type":"Feature","geometry":{"type":"Polygon","coordinates":[[[-79.93433,40.410987],[-79.933935,40.411068],[-79.933854,40.410962],[-79.934282,40.410871],[-79.93433,40.410987]]]},"properties":{"parcel_id":"0056H00127000000","block_lot":"56-H-127"}},{"type":"Feature","geometry":{"type":"Polygon","coordinates":[[[-79.934282,40.410871],[-79.933854,40.410962],[-79.933765,40.410867],[-79.93424,40.410768],[-79.934282,40.410871]]]},"properties":{"parcel_id":"0056H00130000000","block_lot":"56-H-130"}},{"type":"Feature","geometry":{"type":"Polygon","coordinates":[[[-79.933838,40.411336],[-79.934035,40.411164],[-79.934162,40.411305],[-79.933879,40.411362],[-79.933838,40.411336]]]},"properties":{"parcel_id":"0056H00136000000","block_lot":"56-H-136"}},{"type":"Feature","geometry":{"type":"Polygon","coordinates":[[[-79.933935,40.411068],[-79.933735,40.411269],[-79.933621,40.411195],[-79.933859,40.410968],[-79.933935,40.411068]]]},"properties":{"parcel_id":"0056H00139000000","block_lot":"56-H-139"}},{"type":"Feature","geometry":{"type":"Polygon","coordinates":[[[-79.933455,40.411088],[-79.933729,40.410832],[-79.933859,40.410968],[-79.933621,40.411195],[-79.933455,40.411088]]]},"properties":{"parcel_id":"0056H00141000000","block_lot":"56-H-141"}},{"type":"Feature","geometry":{"type":"Polygon","coordinates":[[[-79.933288,40.410869],[-79.934198,40.410667],[-79.93424,40.410768],[-79.933765,40.410867],[-79.933729,40.410832],[-79.933455,40.411088],[-79.933336,40.41101],[-79.933288,40.410869]]]},"properties":{"parcel_id":"0056H00144000000","block_lot":"56-H-144"}},{"type":"Feature","geometry":{"type":"Polygon","coordinates":[[[-79.932897,40.411263],[-79.932812,40.41105],[-79.93293,40.411024],[-79.933001,40.41124],[-79.932897,40.411263]]]},"properties":{"parcel_id":"0056H00151000000","block_lot":"56-H-151"}},{"type":"Feature","geometry":{"type":"Polygon","coordinates":[[[-79.933215,40.411193],[-79.933001,40.41124],[-79.93293,40.411024],[-79.933075,40.410992],[-79.933648,40.411359],[-79.933311,40.411432],[-79.933215,40.411193]]]},"properties":{"parcel_id":"0056H00155000000","block_lot":"56-H-155"}},{"type":"Feature","geometry":{"type":"Polygon","coordinates":[[[-79.933076,40.411223],[-79.933215,40.411193],[-79.933311,40.411432],[-79.933167,40.411464],[-79.933076,40.411223]]]},"properties":{"parcel_id":"0056H00159000000","block_lot":"56-H-159"}},{"type":"Feature","geometry":{"type":"Polygon","coordinates":[[[-79.93294,40.411253],[-79.933076,40.411223],[-79.933167,40.411464],[-79.933031,40.411493],[-79.93294,40.411253]]]},"properties":{"parcel_id":"0056H00161000000","block_lot":"56-H-161"}},{"type":"Feature","geometry":{"type":"Polygon","coordinates":[[[-79.932618,40.411322],[-79.93294,40.411253],[-79.933031,40.411493],[-79.932698,40.411567],[-79.932618,40.411322]]]},"properties":{"parcel_id":"0056H00163000000","block_lot":"56-H-163"}},{"type":"Feature","geometry":{"type":"Polygon","coordinates":[[[-79.945204,40.408214],[-79.945145,40.408022],[-79.945193,40.40801],[-79.945251,40.408204],[-79.945204,40.408214]]]},"properties":{"parcel_id":"0056J00035000000","block_lot":"56-J-35"}},{"type":"Feature","geometry":{"type":"Polygon","coordinates":[[[-79.945193,40.40801],[-79.945438,40.407952],[-79.945443,40.407963],[-79.945692,40.407902],[-79.945772,40.408092],[-79.945251,40.408204],[-79.945193,40.40801]]]},"properties":{"parcel_id":"0056J00038000000","block_lot":"56-J-38"}},{"type":"Feature","geometry":{"type":"Polygon","coordinates":[[[-79.945108,40.407509],[-79.94549,40.407413],[-79.945509,40.40746],[-79.945123,40.407553],[-79.945108,40.407509]]]},"properties":{"parcel_id":"0056J00047000000","block_lot":"56-J-47"}},{"type":"Feature","geometry":{"type":"Polygon","coordinates":[[[-79.945092,40.407462],[-79.94547,40.407365],[-79.94549,40.407413],[-79.945108,40.407509],[-79.945092,40.407462]]]},"properties":{"parcel_id":"0056J00048000000","block_lot":"56-J-48"}},{"type":"Feature","geometry":{"type":"Polygon","coordinates":[[[-79.945075,40.407412],[-79.945448,40.407311],[-79.94547,40.407365],[-79.945092,40.407462],[-79.945075,40.407412]]]},"properties":{"parcel_id":"0056J00049000000","block_lot":"56-J-49"}},{"type":"Feature","geometry":{"type":"Polygon","coordinates":[[[-79.945878,40.407117],[-79.946042,40.40709],[-79.946118,40.407272],[-79.945965,40.407312],[-79.945878,40.407117]]]},"properties":{"parcel_id":"0056J00055000000","block_lot":"56-J-55"}},{"type":"Feature","geometry":{"type":"Polygon","coordinates":[[[-79.945878,40.407117],[-79.945965,40.407312],[-79.945712,40.407378],[-79.945621,40.40716],[-79.945878,40.407117]]]},"properties":{"parcel_id":"0056J00057000000","block_lot":"56-J-57"}},{"type":"Feature","geometry":{"type":"Polygon","coordinates":[[[-79.945759,40.407493],[-79.945712,40.407378],[-79.946118,40.407272],[-79.946172,40.407398],[-79.945759,40.407493]]]},"properties":{"parcel_id":"0056J00058000000","block_lot":"56-J-58"}},{"type":"Feature","geometry":{"type":"Polygon","coordinates":[[[-79.946186,40.407433],[-79.945759,40.407493],[-79.946172,40.407398],[-79.946186,40.407433]]]},"properties":{"parcel_id":"0056J00059000000","block_lot":"56-J-59"}},{"type":"Feature","geometry":{"type":"Polygon","coordinates":[[[-79.945759,40.407493],[-79.946186,40.407433],[-79.946196,40.407455],[-79.945769,40.407516],[-79.945759,40.407493]]]},"properties":{"parcel_id":"0056J00060000000","block_lot":"56-J-60"}},{"type":"Feature","geometry":{"type":"Polygon","coordinates":[[[-79.945769,40.407516],[-79.946196,40.407455],[-79.94621,40.407489],[-79.945798,40.407588],[-79.945769,40.407516]]]},"properties":{"parcel_id":"0056J00061000000","block_lot":"56-J-61"}},{"type":"Feature","geometry":{"type":"Polygon","coordinates":[[[-79.945798,40.407588],[-79.94621,40.407489],[-79.946238,40.407555],[-79.945822,40.407643],[-79.945798,40.407588]]]},"properties":{"parcel_id":"0056J00062000000","block_lot":"56-J-62"}},{"type":"Feature","geometry":{"type":"Polygon","coordinates":[[[-79.945822,40.407643],[-79.946033,40.407599],[-79.946057,40.407653],[-79.945847,40.407706],[-79.945822,40.407643]]]},"properties":{"parcel_id":"0056J00063000000","block_lot":"56-J-63"}},{"type":"Feature","geometry":{"type":"Polygon","coordinates":[[[-79.946033,40.407599],[-79.946238,40.407555],[-79.946258,40.407603],[-79.946057,40.407653],[-79.946033,40.407599]]]},"properties":{"parcel_id":"0056J00063000A00","block_lot":"56-J-63-A"}},{"type":"Feature","geometry":{"type":"Polygon","coordinates":[[[-79.945847,40.407706],[-79.946258,40.407603],[-79.946288,40.407674],[-79.945873,40.407769],[-79.945847,40.407706]]]},"properties":{"parcel_id":"0056J00064000000","block_lot":"56-J-64"}},{"type":"Feature","geometry":{"type":"Polygon","coordinates":[[[-79.945873,40.407769],[-79.946288,40.407674],[-79.946315,40.407738],[-79.945902,40.407838],[-79.945873,40.407769]]]},"properties":{"parcel_id":"0056J00066000000","block_lot":"56-J-66"}},{"type":"Feature","geometry":{"type":"Polygon","coordinates":[[[-79.945902,40.407838],[-79.946315,40.407738],[-79.946399,40.40794],[-79.945981,40.408027],[-79.945902,40.407838]]]},"properties":{"parcel_id":"0056J00069000000","block_lot":"56-J-69"}},{"type":"Feature","geometry":{"type":"Polygon","coordinates":[[[-79.946181,40.407224],[-79.946122,40.407082],[-79.946182,40.407071],[-79.94624,40.407209],[-79.946181,40.407224]]]},"properties":{"parcel_id":"0056J00086000000","block_lot":"56-J-86"}},{"type":"Feature","geometry":{"type":"Polygon","coordinates":[[[-79.946182,40.407071],[-79.946248,40.407059],[-79.946304,40.407193],[-79.94624,40.407209],[-79.946182,40.407071]]]},"properties":{"parcel_id":"0056J00087000000","block_lot":"56-J-87"}},{"type":"Feature","geometry":{"type":"Polygon","coordinates":[[[-79.946248,40.407059],[-79.946315,40.407047],[-79.94637,40.407176],[-79.946304,40.407193],[-79.946248,40.407059]]]},"properties":{"parcel_id":"0056J00088000000","block_lot":"56-J-88"}},{"type":"Feature","geometry":{"type":"Polygon","coordinates":[[[-79.946181,40.407224],[-79.946352,40.407181],[-79.946373,40.407232],[-79.946203,40.407275],[-79.946181,40.407224]]]},"properties":{"parcel_id":"0056J00089000000","block_lot":"56-J-89"}},{"type":"Feature","geometry":{"type":"Polygon","coordinates":[[[-79.946203,40.407275],[-79.946373,40.407232],[-79.946394,40.407282],[-79.946223,40.407325],[-79.946203,40.407275]]]},"properties":{"parcel_id":"0056J00090000000","block_lot":"56-J-90"}},{"type":"Feature","geometry":{"type":"Polygon","coordinates":[[[-79.946223,40.407325],[-79.946394,40.407282],[-79.946415,40.407332],[-79.946245,40.407375],[-79.946223,40.407325]]]},"properties":{"parcel_id":"0056J00091000000","block_lot":"56-J-91"}},{"type":"Feature","geometry":{"type":"Polygon","coordinates":[[[-79.946245,40.407375],[-79.946415,40.407332],[-79.946442,40.407396],[-79.946267,40.407426],[-79.946245,40.407375]]]},"properties":{"parcel_id":"0056J00092000000","block_lot":"56-J-92"}},{"type":"Feature","geometry":{"type":"Polygon","coordinates":[[[-79.946293,40.407487],[-79.946272,40.407439],[-79.946469,40.407406],[-79.946484,40.40744],[-79.946293,40.407487]]]},"properties":{"parcel_id":"0056J00093000000","block_lot":"56-J-93"}},{"type":"Feature","geometry":{"type":"Polygon","coordinates":[[[-79.946308,40.407523],[-79.946293,40.407487],[-79.946484,40.40744],[-79.946499,40.407475],[-79.946308,40.407523]]]},"properties":{"parcel_id":"0056J00094000000","block_lot":"56-J-94"}},{"type":"Feature","geometry":{"type":"Polygon","coordinates":[[[-79.946322,40.407558],[-79.946308,40.407523],[-79.946499,40.407475],[-79.946513,40.40751],[-79.946322,40.407558]]]},"properties":{"parcel_id":"0056J00095000000","block_lot":"56-J-95"}},{"type":"Feature","geometry":{"type":"Polygon","coordinates":[[[-79.946338,40.407593],[-79.946322,40.407558],[-79.946513,40.40751],[-79.946529,40.407545],[-79.946338,40.407593]]]},"properties":{"parcel_id":"0056J00096000000","block_lot":"56-J-96"}},{"type":"Feature","geometry":{"type":"Polygon","coordinates":[[[-79.946353,40.407628],[-79.946338,40.407593],[-79.946529,40.407545],[-79.946544,40.407579],[-79.946353,40.407628]]]},"properties":{"parcel_id":"0056J00097000000","block_lot":"56-J-97"}},{"type":"Feature","geometry":{"type":"Polygon","coordinates":[[[-79.946368,40.407663],[-79.946353,40.407628],[-79.946544,40.407579],[-79.946559,40.407614],[-79.946368,40.407663]]]},"properties":{"parcel_id":"0056J00098000000","block_lot":"56-J-98"}},{"type":"Feature","geometry":{"type":"Polygon","coordinates":[[[-79.946368,40.407663],[-79.946559,40.407614],[-79.946573,40.407649],[-79.946383,40.407698],[-79.946368,40.407663]]]},"properties":{"parcel_id":"0056J00099000000","block_lot":"56-J-99"}},{"type":"Feature","geometry":{"type":"Polygon","coordinates":[[[-79.946383,40.407698],[-79.946573,40.407649],[-79.946594,40.407697],[-79.946401,40.407739],[-79.946383,40.407698]]]},"properties":{"parcel_id":"0056J00100000000","block_lot":"56-J-100"}},{"type":"Feature","geometry":{"type":"Polygon","coordinates":[[[-79.946023,40.408154],[-79.946946,40.407952],[-79.947072,40.408102],[-79.946101,40.408267],[-79.946023,40.408154]]]},"properties":{"parcel_id":"0056J00102000000","block_lot":"56-J-102"}},{"type":"Feature","geometry":{"type":"Polygon","coordinates":[[[-79.946401,40.407739],[-79.946822,40.407647],[-79.946904,40.407839],[-79.946483,40.407931],[-79.946401,40.407739]]]},"properties":{"parcel_id":"0056J00104000000","block_lot":"56-J-104"}},{"type":"Feature","geometry":{"type":"Polygon","coordinates":[[[-79.946576,40.407656],[-79.946801,40.4076],[-79.946822,40.407647],[-79.946594,40.407697],[-79.946576,40.407656]]]},"properties":{"parcel_id":"0056J00108000000","block_lot":"56-J-108"}},{"type":"Feature","geometry":{"type":"Polygon","coordinates":[[[-79.946561,40.40762],[-79.946786,40.407563],[-79.946801,40.4076],[-79.946576,40.407656],[-79.946561,40.40762]]]},"properties":{"parcel_id":"0056J00109000000","block_lot":"56-J-109"}},{"type":"Feature","geometry":{"type":"Polygon","coordinates":[[[-79.946546,40.407583],[-79.94677,40.407527],[-79.946786,40.407563],[-79.946561,40.40762],[-79.946546,40.407583]]]},"properties":{"parcel_id":"0056J00110000000","block_lot":"56-J-110"}},{"type":"Feature","geometry":{"type":"Polygon","coordinates":[[[-79.94653,40.407548],[-79.946754,40.407491],[-79.94677,40.407527],[-79.946546,40.407583],[-79.94653,40.407548]]]},"properties":{"parcel_id":"0056J00110000A00","block_lot":"56-J-110-A"}},{"type":"Feature","geometry":{"type":"Polygon","coordinates":[[[-79.946499,40.407475],[-79.946723,40.407418],[-79.946739,40.407455],[-79.946514,40.407511],[-79.946499,40.407475]]]},"properties":{"parcel_id":"0056J00111000000","block_lot":"56-J-111"}},{"type":"Feature","geometry":{"type":"Polygon","coordinates":[[[-79.946514,40.407511],[-79.946739,40.407455],[-79.946754,40.407491],[-79.94653,40.407548],[-79.946514,40.407511]]]},"properties":{"parcel_id":"0056J00111000A00","block_lot":"56-J-111-A"}},{"type":"Feature","geometry":{"type":"Polygon","coordinates":[[[-79.946499,40.407475],[-79.946469,40.407406],[-79.946701,40.407368],[-79.946723,40.407418],[-79.946499,40.407475]]]},"properties":{"parcel_id":"0056J00112000000","block_lot":"56-J-112"}},{"type":"Feature","geometry":{"type":"Polygon","coordinates":[[[-79.946272,40.407439],[-79.946267,40.407426],[-79.946442,40.407396],[-79.946696,40.407355],[-79.946701,40.407368],[-79.946272,40.407439]]]},"properties":{"parcel_id":"0056J00113000000","block_lot":"56-J-113"}},{"type":"Feature","geometry":{"type":"Polygon","coordinates":[[[-79.946421,40.407346],[-79.946674,40.407304],[-79.946696,40.407355],[-79.946442,40.407396],[-79.946421,40.407346]]]},"properties":{"parcel_id":"0056J00114000000","block_lot":"56-J-114"}},{"type":"Feature","geometry":{"type":"Polygon","coordinates":[[[-79.946421,40.407346],[-79.9464,40.407295],[-79.946652,40.407253],[-79.946674,40.407304],[-79.946421,40.407346]]]},"properties":{"parcel_id":"0056J00115000000","block_lot":"56-J-115"}},{"type":"Feature","geometry":{"type":"Polygon","coordinates":[[[-79.9464,40.407295],[-79.94638,40.407247],[-79.946631,40.407204],[-79.946652,40.407253],[-79.9464,40.407295]]]},"properties":{"parcel_id":"0056J00116000000","block_lot":"56-J-116"}},{"type":"Feature","geometry":{"type":"Polygon","coordinates":[[[-79.94638,40.407247],[-79.946359,40.407196],[-79.94661,40.407154],[-79.946631,40.407204],[-79.94638,40.407247]]]},"properties":{"parcel_id":"0056J00117000000","block_lot":"56-J-117"}},{"type":"Feature","geometry":{"type":"Polygon","coordinates":[[[-79.946352,40.407181],[-79.94637,40.407176],[-79.946355,40.407143],[-79.946589,40.407104],[-79.94661,40.407154],[-79.946359,40.407196],[-79.946352,40.407181]]]},"properties":{"parcel_id":"0056J00118000000","block_lot":"56-J-118"}},{"type":"Feature","geometry":{"type":"Polygon","coordinates":[[[-79.946334,40.407092],[-79.946568,40.407053],[-79.946589,40.407104],[-79.946355,40.407143],[-79.946334,40.407092]]]},"properties":{"parcel_id":"0056J00119000000","block_lot":"56-J-119"}},{"type":"Feature","geometry":{"type":"Polygon","coordinates":[[[-79.946315,40.407047],[-79.946547,40.407005],[-79.946568,40.407053],[-79.946334,40.407092],[-79.946315,40.407047]]]},"properties":{"parcel_id":"0056J00120000000","block_lot":"56-J-120"}},{"type":"Feature","geometry":{"type":"Polygon","coordinates":[[[-79.946985,40.406933],[-79.946999,40.406985],[-79.946742,40.407026],[-79.946722,40.406977],[-79.946985,40.406933]]]},"properties":{"parcel_id":"0056J00122000000","block_lot":"56-J-122"}},{"type":"Feature","geometry":{"type":"Polygon","coordinates":[[[-79.946742,40.407026],[-79.946999,40.406985],[-79.947013,40.40704],[-79.946763,40.407075],[-79.946742,40.407026]]]},"properties":{"parcel_id":"0056J00123000000","block_lot":"56-J-123"}},{"type":"Feature","geometry":{"type":"Polygon","coordinates":[[[-79.946782,40.40712],[-79.946763,40.407075],[-79.947013,40.40704],[-79.947025,40.407082],[-79.946782,40.40712]]]},"properties":{"parcel_id":"0056J00124000000","block_lot":"56-J-124"}},{"type":"Feature","geometry":{"type":"Polygon","coordinates":[[[-79.947088,40.407124],[-79.946803,40.407171],[-79.946782,40.40712],[-79.947071,40.407074],[-79.947088,40.407124]]]},"properties":{"parcel_id":"0056J00125000000","block_lot":"56-J-125"}},{"type":"Feature","geometry":{"type":"Polygon","coordinates":[[[-79.946803,40.407171],[-79.947088,40.407124],[-79.947107,40.407178],[-79.946824,40.40722],[-79.946803,40.407171]]]},"properties":{"parcel_id":"0056J00126000000","block_lot":"56-J-126"}},{"type":"Feature","geometry":{"type":"Polygon","coordinates":[[[-79.946824,40.40722],[-79.947107,40.407178],[-79.947125,40.407228],[-79.946846,40.407275],[-79.946824,40.40722]]]},"properties":{"parcel_id":"0056J00127000000","block_lot":"56-J-127"}},{"type":"Feature","geometry":{"type":"Polygon","coordinates":[[[-79.946846,40.407275],[-79.947125,40.407228],[-79.947142,40.407278],[-79.946868,40.407327],[-79.946846,40.407275]]]},"properties":{"parcel_id":"0056J00128000000","block_lot":"56-J-128"}},{"type":"Feature","geometry":{"type":"Polygon","coordinates":[[[-79.946868,40.407327],[-79.947354,40.40724],[-79.947369,40.40729],[-79.946901,40.407405],[-79.946868,40.407327]]]},"properties":{"parcel_id":"0056J00130000000","block_lot":"56-J-130"}},{"type":"Feature","geometry":{"type":"Polygon","coordinates":[[[-79.946901,40.407405],[-79.947369,40.40729],[-79.947392,40.407362],[-79.946926,40.407467],[-79.946901,40.407405]]]},"properties":{"parcel_id":"0056J00131000000","block_lot":"56-J-131"}},{"type":"Feature","geometry":{"type":"Polygon","coordinates":[[[-79.946926,40.407467],[-79.947392,40.407362],[-79.947412,40.407425],[-79.946955,40.407536],[-79.946926,40.407467]]]},"properties":{"parcel_id":"0056J00132000000","block_lot":"56-J-132"}},{"type":"Feature","geometry":{"type":"Polygon","coordinates":[[[-79.946955,40.407536],[-79.947201,40.407476],[-79.947215,40.407515],[-79.946971,40.407573],[-79.946955,40.407536]]]},"properties":{"parcel_id":"0056J00133000000","block_lot":"56-J-133"}},{"type":"Feature","geometry":{"type":"Polygon","coordinates":[[[-79.946971,40.407573],[-79.947215,40.407515],[-79.947228,40.407553],[-79.946985,40.407608],[-79.946971,40.407573]]]},"properties":{"parcel_id":"0056J00133000A00","block_lot":"56-J-133-A"}},{"type":"Feature","geometry":{"type":"Polygon","coordinates":[[[-79.946985,40.407608],[-79.947228,40.407553],[-79.947243,40.407596],[-79.947002,40.407648],[-79.946985,40.407608]]]},"properties":{"parcel_id":"0056J00134000000","block_lot":"56-J-134"}},{"type":"Feature","geometry":{"type":"Polygon","coordinates":[[[-79.947002,40.407648],[-79.947061,40.407635],[-79.947105,40.407787],[-79.947064,40.407796],[-79.947002,40.407648]]]},"properties":{"parcel_id":"0056J00135000000","block_lot":"56-J-135"}},{"type":"Feature","geometry":{"type":"Polygon","coordinates":[[[-79.947105,40.407787],[-79.947061,40.407635],[-79.947113,40.407624],[-79.947152,40.407776],[-79.947105,40.407787]]]},"properties":{"parcel_id":"0056J00136000000","block_lot":"56-J-136"}},{"type":"Feature","geometry":{"type":"Polygon","coordinates":[[[-79.947152,40.407776],[-79.947113,40.407624],[-79.947161,40.407614],[-79.947212,40.407763],[-79.947152,40.407776]]]},"properties":{"parcel_id":"0056J00137000000","block_lot":"56-J-137"}},{"type":"Feature","geometry":{"type":"Polygon","coordinates":[[[-79.947161,40.407614],[-79.947207,40.407604],[-79.947253,40.407754],[-79.947212,40.407763],[-79.947161,40.407614]]]},"properties":{"parcel_id":"0056J00138000000","block_lot":"56-J-138"}},{"type":"Feature","geometry":{"type":"Polygon","coordinates":[[[-79.947207,40.407604],[-79.94726,40.407593],[-79.947302,40.407744],[-79.947253,40.407754],[-79.947207,40.407604]]]},"properties":{"parcel_id":"0056J00139000000","block_lot":"56-J-139"}},{"type":"Feature","geometry":{"type":"Polygon","coordinates":[[[-79.94726,40.407593],[-79.947302,40.407584],[-79.94735,40.407733],[-79.947302,40.407744],[-79.94726,40.407593]]]},"properties":{"parcel_id":"0056J00140000000","block_lot":"56-J-140"}},{"type":"Feature","geometry":{"type":"Polygon","coordinates":[[[-79.947302,40.407584],[-79.947352,40.407573],[-79.947395,40.407723],[-79.94735,40.407733],[-79.947302,40.407584]]]},"properties":{"parcel_id":"0056J00141000000","block_lot":"56-J-141"}},{"type":"Feature","geometry":{"type":"Polygon","coordinates":[[[-79.947498,40.407701],[-79.947395,40.407723],[-79.947352,40.407573],[-79.947452,40.407552],[-79.947498,40.407701]]]},"properties":{"parcel_id":"0056J00143000000","block_lot":"56-J-143"}},{"type":"Feature","geometry":{"type":"Polygon","coordinates":[[[-79.947228,40.407553],[-79.947437,40.407505],[-79.947452,40.407552],[-79.947243,40.407596],[-79.947228,40.407553]]]},"properties":{"parcel_id":"0056J00144000000","block_lot":"56-J-144"}},{"type":"Feature","geometry":{"type":"Polygon","coordinates":[[[-79.947215,40.407515],[-79.947425,40.407465],[-79.947437,40.407505],[-79.947228,40.407553],[-79.947215,40.407515]]]},"properties":{"parcel_id":"0056J00145000000","block_lot":"56-J-145"}},{"type":"Feature","geometry":{"type":"Polygon","coordinates":[[[-79.947201,40.407476],[-79.947412,40.407425],[-79.947425,40.407465],[-79.947215,40.407515],[-79.947201,40.407476]]]},"properties":{"parcel_id":"0056J00146000000","block_lot":"56-J-146"}},{"type":"Feature","geometry":{"type":"Polygon","coordinates":[[[-79.947142,40.407278],[-79.947125,40.407228],[-79.947339,40.407193],[-79.947354,40.40724],[-79.947142,40.407278]]]},"properties":{"parcel_id":"0056J00149000000","block_lot":"56-J-149"}},{"type":"Feature","geometry":{"type":"Polygon","coordinates":[[[-79.947107,40.407178],[-79.947324,40.407146],[-79.947339,40.407193],[-79.947125,40.407228],[-79.947107,40.407178]]]},"properties":{"parcel_id":"0056J00150000000","block_lot":"56-J-150"}},{"type":"Feature","geometry":{"type":"Polygon","coordinates":[[[-79.947088,40.407124],[-79.947306,40.407088],[-79.947324,40.407146],[-79.947107,40.407178],[-79.947088,40.407124]]]},"properties":{"parcel_id":"0056J00151000000","block_lot":"56-J-151"}},{"type":"Feature","geometry":{"type":"Polygon","coordinates":[[[-79.947306,40.407088],[-79.947088,40.407124],[-79.947071,40.407074],[-79.94729,40.407039],[-79.947306,40.407088]]]},"properties":{"parcel_id":"0056J00152000000","block_lot":"56-J-152"}},{"type":"Feature","geometry":{"type":"Polygon","coordinates":[[[-79.947025,40.407082],[-79.946985,40.406933],[-79.94705,40.406922],[-79.947089,40.407071],[-79.947025,40.407082]]]},"properties":{"parcel_id":"0056J00153000000","block_lot":"56-J-153"}},{"type":"Feature","geometry":{"type":"Polygon","coordinates":[[[-79.94705,40.406922],[-79.947115,40.406911],[-79.94716,40.40706],[-79.947089,40.407071],[-79.94705,40.406922]]]},"properties":{"parcel_id":"0056J00154000000","block_lot":"56-J-154"}},{"type":"Feature","geometry":{"type":"Polygon","coordinates":[[[-79.947115,40.406911],[-79.947184,40.406899],[-79.947227,40.407049],[-79.94716,40.40706],[-79.947115,40.406911]]]},"properties":{"parcel_id":"0056J00155000000","block_lot":"56-J-155"}},{"type":"Feature","geometry":{"type":"Polygon","coordinates":[[[-79.947184,40.406899],[-79.947243,40.406889],[-79.94729,40.407039],[-79.947227,40.407049],[-79.947184,40.406899]]]},"properties":{"parcel_id":"0056J00156000000","block_lot":"56-J-156"}},{"type":"Feature","geometry":{"type":"Polygon","coordinates":[[[-79.94756,40.406841],[-79.947576,40.406897],[-79.947338,40.406933],[-79.947322,40.406879],[-79.94756,40.406841]]]},"properties":{"parcel_id":"0056J00158000000","block_lot":"56-J-158"}},{"type":"Feature","geometry":{"type":"Polygon","coordinates":[[[-79.947589,40.406942],[-79.947352,40.40698],[-79.947338,40.406933],[-79.947576,40.406897],[-79.947589,40.406942]]]},"properties":{"parcel_id":"0056J00159000000","block_lot":"56-J-159"}},{"type":"Feature","geometry":{"type":"Polygon","coordinates":[[[-79.947367,40.407027],[-79.947352,40.40698],[-79.947589,40.406942],[-79.947604,40.406988],[-79.947367,40.407027]]]},"properties":{"parcel_id":"0056J00160000000","block_lot":"56-J-160"}},{"type":"Feature","geometry":{"type":"Polygon","coordinates":[[[-79.947617,40.407035],[-79.947382,40.407075],[-79.947367,40.407027],[-79.947604,40.406988],[-79.947617,40.407035]]]},"properties":{"parcel_id":"0056J00161000000","block_lot":"56-J-161"}},{"type":"Feature","geometry":{"type":"Polygon","coordinates":[[[-79.947394,40.407112],[-79.947382,40.407075],[-79.947617,40.407035],[-79.94763,40.407076],[-79.947394,40.407112]]]},"properties":{"parcel_id":"0056J00162000000","block_lot":"56-J-162"}},{"type":"Feature","geometry":{"type":"Polygon","coordinates":[[[-79.947394,40.407112],[-79.94763,40.407076],[-79.947643,40.40712],[-79.947408,40.407157],[-79.947394,40.407112]]]},"properties":{"parcel_id":"0056J00163000000","block_lot":"56-J-163"}},{"type":"Feature","geometry":{"type":"Polygon","coordinates":[[[-79.947408,40.407157],[-79.947643,40.40712],[-79.947655,40.407163],[-79.947422,40.4072],[-79.947408,40.407157]]]},"properties":{"parcel_id":"0056J00164000000","block_lot":"56-J-164"}},{"type":"Feature","geometry":{"type":"Polygon","coordinates":[[[-79.947693,40.407288],[-79.947461,40.407325],[-79.947422,40.4072],[-79.947655,40.407163],[-79.947693,40.407288]]]},"properties":{"parcel_id":"0056J00167000000","block_lot":"56-J-167"}},{"type":"Feature","geometry":{"type":"Polygon","coordinates":[[[-79.947503,40.407453],[-79.947727,40.407416],[-79.947749,40.407487],[-79.947525,40.407523],[-79.947503,40.407453]]]},"properties":{"parcel_id":"0056J00171000000","block_lot":"56-J-171"}},{"type":"Feature","geometry":{"type":"Polygon","coordinates":[[[-79.947734,40.407489],[-79.947778,40.407482],[-79.947834,40.407629],[-79.947789,40.407639],[-79.947734,40.407489]]]},"properties":{"parcel_id":"0056J00172000000","block_lot":"56-J-172"}},{"type":"Feature","geometry":{"type":"Polygon","coordinates":[[[-79.947525,40.407523],[-79.947621,40.407507],[-79.947671,40.407664],[-79.947576,40.407685],[-79.947525,40.407523]]]},"properties":{"parcel_id":"0056J00173000000","block_lot":"56-J-173"}},{"type":"Feature","geometry":{"type":"Polygon","coordinates":[[[-79.947621,40.407507],[-79.947692,40.407496],[-79.947742,40.407649],[-79.947671,40.407664],[-79.947621,40.407507]]]},"properties":{"parcel_id":"0056J00175000000","block_lot":"56-J-175"}},{"type":"Feature","geometry":{"type":"Polygon","coordinates":[[[-79.947778,40.407482],[-79.947825,40.407474],[-79.94788,40.407619],[-79.947834,40.407629],[-79.947778,40.407482]]]},"properties":{"parcel_id":"0056J00175000A00","block_lot":"56-J-175-A"}},{"type":"Feature","geometry":{"type":"Polygon","coordinates":[[[-79.947692,40.407496],[-79.947734,40.407489],[-79.947789,40.407639],[-79.947742,40.407649],[-79.947692,40.407496]]]},"properties":{"parcel_id":"0056J00175000B00","block_lot":"56-J-175-B"}},{"type":"Feature","geometry":{"type":"Polygon","coordinates":[[[-79.947825,40.407474],[-79.947867,40.407467],[-79.947929,40.407609],[-79.94788,40.407619],[-79.947825,40.407474]]]},"properties":{"parcel_id":"0056J00175000C00","block_lot":"56-J-175-C"}},{"type":"Feature","geometry":{"type":"Polygon","coordinates":[[[-79.947922,40.407459],[-79.947977,40.40745],[-79.948017,40.40759],[-79.947968,40.4076],[-79.947922,40.407459]]]},"properties":{"parcel_id":"0056J00176000000","block_lot":"56-J-176"}},{"type":"Feature","geometry":{"type":"Polygon","coordinates":[[[-79.947867,40.407467],[-79.947922,40.407459],[-79.947968,40.4076],[-79.947929,40.407609],[-79.947867,40.407467]]]},"properties":{"parcel_id":"0056J00176000A00","block_lot":"56-J-176-A"}},{"type":"Feature","geometry":{"type":"Polygon","coordinates":[[[-79.947727,40.407416],[-79.947957,40.407378],[-79.947977,40.40745],[-79.947749,40.407487],[-79.947727,40.407416]]]},"properties":{"parcel_id":"0056J00178000000","block_lot":"56-J-178"}},{"type":"Feature","geometry":{"type":"Polygon","coordinates":[[[-79.947503,40.407453],[-79.947461,40.407325],[-79.94792,40.407251],[-79.947957,40.407378],[-79.947503,40.407453]]]},"properties":{"parcel_id":"0056J00179000000","block_lot":"56-J-179"}},{"type":"Feature","geometry":{"type":"Polygon","coordinates":[[[-79.94792,40.407251],[-79.947693,40.407288],[-79.94768,40.407244],[-79.947909,40.407212],[-79.94792,40.407251]]]},"properties":{"parcel_id":"0056J00182000000","block_lot":"56-J-182"}},{"type":"Feature","geometry":{"type":"Polygon","coordinates":[[[-79.94768,40.407244],[-79.947667,40.407201],[-79.947896,40.407167],[-79.947909,40.407212],[-79.94768,40.407244]]]},"properties":{"parcel_id":"0056J00183000000","block_lot":"56-J-183"}},{"type":"Feature","geometry":{"type":"Polygon","coordinates":[[[-79.947667,40.407201],[-79.947655,40.407163],[-79.947885,40.407125],[-79.947896,40.407167],[-79.947667,40.407201]]]},"properties":{"parcel_id":"0056J00184000000","block_lot":"56-J-184"}},{"type":"Feature","geometry":{"type":"Polygon","coordinates":[[[-79.947643,40.40712],[-79.947872,40.407084],[-79.947885,40.407125],[-79.947655,40.407163],[-79.947643,40.40712]]]},"properties":{"parcel_id":"0056J00185000000","block_lot":"56-J-185"}},{"type":"Feature","geometry":{"type":"Polygon","coordinates":[[[-79.94763,40.407076],[-79.94786,40.407041],[-79.947872,40.407084],[-79.947643,40.40712],[-79.94763,40.407076]]]},"properties":{"parcel_id":"0056J00186000000","block_lot":"56-J-186"}},{"type":"Feature","geometry":{"type":"Polygon","coordinates":[[[-79.94763,40.407076],[-79.947617,40.407035],[-79.947848,40.406995],[-79.94786,40.407041],[-79.94763,40.407076]]]},"properties":{"parcel_id":"0056J00187000000","block_lot":"56-J-187"}},{"type":"Feature","geometry":{"type":"Polygon","coordinates":[[[-79.947848,40.406995],[-79.947617,40.407035],[-79.947604,40.406988],[-79.947835,40.40695],[-79.947848,40.406995]]]},"properties":{"parcel_id":"0056J00188000000","block_lot":"56-J-188"}},{"type":"Feature","geometry":{"type":"Polygon","coordinates":[[[-79.947589,40.406942],[-79.947822,40.406904],[-79.947835,40.40695],[-79.947604,40.406988],[-79.947589,40.406942]]]},"properties":{"parcel_id":"0056J00189000000","block_lot":"56-J-189"}},{"type":"Feature","geometry":{"type":"Polygon","coordinates":[[[-79.947576,40.406897],[-79.94781,40.406862],[-79.947822,40.406904],[-79.947589,40.406942],[-79.947576,40.406897]]]},"properties":{"parcel_id":"0056J00190000000","block_lot":"56-J-190"}},{"type":"Feature","geometry":{"type":"Polygon","coordinates":[[[-79.94756,40.406841],[-79.947794,40.406804],[-79.94781,40.406862],[-79.947576,40.406897],[-79.94756,40.406841]]]},"properties":{"parcel_id":"0056J00191000000","block_lot":"56-J-191"}},{"type":"Feature","geometry":{"type":"Polygon","coordinates":[[[-79.947689,40.406596],[-79.947723,40.40659],[-79.947764,40.406737],[-79.947729,40.406743],[-79.947689,40.406596]]]},"properties":{"parcel_id":"0056J00192000000","block_lot":"56-J-192"}},{"type":"Feature","geometry":{"type":"Polygon","coordinates":[[[-79.947637,40.406604],[-79.947689,40.406596],[-79.947729,40.406743],[-79.947686,40.406751],[-79.947637,40.406604]]]},"properties":{"parcel_id":"0056J00193000000","block_lot":"56-J-193"}},{"type":"Feature","geometry":{"type":"Polygon","coordinates":[[[-79.947686,40.406751],[-79.947648,40.406757],[-79.947602,40.40661],[-79.947637,40.406604],[-79.947686,40.406751]]]},"properties":{"parcel_id":"0056J00194000000","block_lot":"56-J-194"}},{"type":"Feature","geometry":{"type":"Polygon","coordinates":[[[-79.947555,40.406618],[-79.947602,40.40661],[-79.947648,40.406757],[-79.947599,40.406765],[-79.947555,40.406618]]]},"properties":{"parcel_id":"0056J00195000000","block_lot":"56-J-195"}},{"type":"Feature","geometry":{"type":"Polygon","coordinates":[[[-79.947599,40.406765],[-79.947558,40.406772],[-79.947514,40.406625],[-79.947555,40.406618],[-79.947599,40.406765]]]},"properties":{"parcel_id":"0056J00196000000","block_lot":"56-J-196"}},{"type":"Feature","geometry":{"type":"Polygon","coordinates":[[[-79.947477,40.406631],[-79.947514,40.406625],[-79.947558,40.406772],[-79.947522,40.406778],[-79.947477,40.406631]]]},"properties":{"parcel_id":"0056J00197000000","block_lot":"56-J-197"}},{"type":"Feature","geometry":{"type":"Polygon","coordinates":[[[-79.94743,40.406639],[-79.947477,40.406631],[-79.947522,40.406778],[-79.947475,40.406786],[-79.94743,40.406639]]]},"properties":{"parcel_id":"0056J00198000000","block_lot":"56-J-198"}},{"type":"Feature","geometry":{"type":"Polygon","coordinates":[[[-79.94739,40.406645],[-79.94743,40.406639],[-79.947475,40.406786],[-79.947433,40.406793],[-79.94739,40.406645]]]},"properties":{"parcel_id":"0056J00199000000","block_lot":"56-J-199"}},{"type":"Feature","geometry":{"type":"Polygon","coordinates":[[[-79.947348,40.406652],[-79.94739,40.406645],[-79.947433,40.406793],[-79.94739,40.4068],[-79.947348,40.406652]]]},"properties":{"parcel_id":"0056J00200000000","block_lot":"56-J-200"}},{"type":"Feature","geometry":{"type":"Polygon","coordinates":[[[-79.947309,40.406658],[-79.947348,40.406652],[-79.94739,40.4068],[-79.947352,40.406807],[-79.947309,40.406658]]]},"properties":{"parcel_id":"0056J00201000000","block_lot":"56-J-201"}},{"type":"Feature","geometry":{"type":"Polygon","coordinates":[[[-79.947266,40.406666],[-79.947309,40.406658],[-79.947352,40.406807],[-79.947312,40.406813],[-79.947266,40.406666]]]},"properties":{"parcel_id":"0056J00202000000","block_lot":"56-J-202"}},{"type":"Feature","geometry":{"type":"Polygon","coordinates":[[[-79.947216,40.406674],[-79.947266,40.406666],[-79.947312,40.406813],[-79.947257,40.406822],[-79.947216,40.406674]]]},"properties":{"parcel_id":"0056J00203000000","block_lot":"56-J-203"}},{"type":"Feature","geometry":{"type":"Polygon","coordinates":[[[-79.947085,40.406521],[-79.94717,40.406507],[-79.947257,40.406822],[-79.947176,40.406836],[-79.947085,40.406521]]]},"properties":{"parcel_id":"0056J00205000000","block_lot":"56-J-205"}},{"type":"Feature","geometry":{"type":"Polygon","coordinates":[[[-79.947005,40.406535],[-79.947085,40.406521],[-79.947176,40.406836],[-79.947095,40.40685],[-79.947005,40.406535]]]},"properties":{"parcel_id":"0056J00206000000","block_lot":"56-J-206"}},{"type":"Feature","geometry":{"type":"Polygon","coordinates":[[[-79.947001,40.406865],[-79.946917,40.40688],[-79.94689,40.406757],[-79.946966,40.406743],[-79.947001,40.406865]]]},"properties":{"parcel_id":"0056J00207000000","block_lot":"56-J-207"}},{"type":"Feature","geometry":{"type":"Polygon","coordinates":[[[-79.947005,40.406535],[-79.947095,40.40685],[-79.947001,40.406865],[-79.946966,40.406743],[-79.94689,40.406757],[-79.946917,40.40688],[-79.946692,40.406917],[-79.946566,40.406607],[-79.947005,40.406535]]]},"properties":{"parcel_id":"0056J00208000000","block_lot":"56-J-208"}},{"type":"Feature","geometry":{"type":"Polygon","coordinates":[[[-79.946352,40.406804],[-79.946449,40.406789],[-79.946516,40.406946],[-79.946399,40.406966],[-79.946352,40.406804]]]},"properties":{"parcel_id":"0056J00214000000","block_lot":"56-J-214"}},{"type":"Feature","geometry":{"type":"Polygon","coordinates":[[[-79.945901,40.407049],[-79.945867,40.406938],[-79.945845,40.406894],[-79.946015,40.406864],[-79.946056,40.407023],[-79.945901,40.407049]]]},"properties":{"parcel_id":"0056J00220000000","block_lot":"56-J-220"}},{"type":"Feature","geometry":{"type":"Polygon","coordinates":[[[-79.946352,40.406804],[-79.94631,40.406655],[-79.946386,40.406643],[-79.946449,40.406789],[-79.946352,40.406804]]]},"properties":{"parcel_id":"0056J00222000000","block_lot":"56-J-222"}},{"type":"Feature","geometry":{"type":"Polygon","coordinates":[[[-79.946316,40.40698],[-79.946228,40.406669],[-79.94631,40.406655],[-79.946399,40.406966],[-79.946316,40.40698]]]},"properties":{"parcel_id":"0056J00223000000","block_lot":"56-J-223"}},{"type":"Feature","geometry":{"type":"Polygon","coordinates":[[[-79.946226,40.406995],[-79.946138,40.406684],[-79.946228,40.406669],[-79.946316,40.40698],[-79.946226,40.406995]]]},"properties":{"parcel_id":"0056J00224000000","block_lot":"56-J-224"}},{"type":"Feature","geometry":{"type":"Polygon","coordinates":[[[-79.946136,40.40701],[-79.946057,40.406697],[-79.946138,40.406684],[-79.946226,40.406995],[-79.946136,40.40701]]]},"properties":{"parcel_id":"0056J00225000000","block_lot":"56-J-225"}},{"type":"Feature","geometry":{"type":"Polygon","coordinates":[[[-79.946056,40.407023],[-79.945974,40.40671],[-79.946057,40.406697],[-79.946136,40.40701],[-79.946056,40.407023]]]},"properties":{"parcel_id":"0056J00226000000","block_lot":"56-J-226"}},{"type":"Feature","geometry":{"type":"Polygon","coordinates":[[[-79.945913,40.40672],[-79.945974,40.40671],[-79.946015,40.406864],[-79.945958,40.406874],[-79.945913,40.40672]]]},"properties":{"parcel_id":"0056J00227000000","block_lot":"56-J-227"}},{"type":"Feature","geometry":{"type":"Polygon","coordinates":[[[-79.945865,40.406728],[-79.945913,40.40672],[-79.945958,40.406874],[-79.945908,40.406883],[-79.945865,40.406728]]]},"properties":{"parcel_id":"0056J00228000000","block_lot":"56-J-228"}},{"type":"Feature","geometry":{"type":"Polygon","coordinates":[[[-79.945845,40.406894],[-79.945791,40.40674],[-79.945865,40.406728],[-79.945908,40.406883],[-79.945845,40.406894]]]},"properties":{"parcel_id":"0056J00229000000","block_lot":"56-J-229"}},{"type":"Feature","geometry":{"type":"Polygon","coordinates":[[[-79.94557,40.407053],[-79.945886,40.407001],[-79.945901,40.407049],[-79.945591,40.407101],[-79.94557,40.407053]]]},"properties":{"parcel_id":"0056J00230000000","block_lot":"56-J-230"}},{"type":"Feature","geometry":{"type":"Polygon","coordinates":[[[-79.94557,40.407053],[-79.945549,40.407002],[-79.94587,40.406948],[-79.945886,40.407001],[-79.94557,40.407053]]]},"properties":{"parcel_id":"0056J00231000000","block_lot":"56-J-231"}},{"type":"Feature","geometry":{"type":"Polygon","coordinates":[[[-79.945527,40.406951],[-79.945845,40.406894],[-79.94587,40.406948],[-79.945549,40.407002],[-79.945527,40.406951]]]},"properties":{"parcel_id":"0056J00232000000","block_lot":"56-J-232"}},{"type":"Feature","geometry":{"type":"Polygon","coordinates":[[[-79.945506,40.406897],[-79.945826,40.406838],[-79.945845,40.406894],[-79.945527,40.406951],[-79.945506,40.406897]]]},"properties":{"parcel_id":"0056J00233000000","block_lot":"56-J-233"}},{"type":"Feature","geometry":{"type":"Polygon","coordinates":[[[-79.945485,40.406848],[-79.945808,40.406789],[-79.945826,40.406838],[-79.945506,40.406897],[-79.945485,40.406848]]]},"properties":{"parcel_id":"0056J00234000000","block_lot":"56-J-234"}},{"type":"Feature","geometry":{"type":"Polygon","coordinates":[[[-79.945791,40.40674],[-79.945808,40.406789],[-79.945485,40.406848],[-79.945462,40.406793],[-79.945791,40.40674]]]},"properties":{"parcel_id":"0056J00235000000","block_lot":"56-J-235"}},{"type":"Feature","geometry":{"type":"Polygon","coordinates":[[[-79.948238,40.407599],[-79.948223,40.407547],[-79.947956,40.406609],[-79.948679,40.40685],[-79.948836,40.407401],[-79.948858,40.407463],[-79.948238,40.407599]]]},"properties":{"parcel_id":"0056J00325000003","block_lot":"56-J-325-0-3"}},{"type":"Feature","geometry":{"type":"Polygon","coordinates":[[[-79.944931,40.408105],[-79.94516,40.408071],[-79.945204,40.408214],[-79.944985,40.408264],[-79.944931,40.408105]]]},"properties":{"parcel_id":"0056K00025000000","block_lot":"56-K-25"}},{"type":"Feature","geometry":{"type":"Polygon","coordinates":[[[-79.944856,40.408116],[-79.944931,40.408105],[-79.944985,40.408264],[-79.944911,40.40828],[-79.944856,40.408116]]]},"properties":{"parcel_id":"0056K00027000000","block_lot":"56-K-27"}},{"type":"Feature","geometry":{"type":"Polygon","coordinates":[[[-79.944757,40.408129],[-79.944856,40.408116],[-79.944911,40.40828],[-79.9448,40.4083],[-79.944757,40.408129]]]},"properties":{"parcel_id":"0056K00028000000","block_lot":"56-K-28"}},{"type":"Feature","geometry":{"type":"Polygon","coordinates":[[[-79.944678,40.40814],[-79.944757,40.408129],[-79.9448,40.4083],[-79.944718,40.408315],[-79.944678,40.40814]]]},"properties":{"parcel_id":"0056K00029000000","block_lot":"56-K-29"}},{"type":"Feature","geometry":{"type":"Polygon","coordinates":[[[-79.944593,40.408151],[-79.944678,40.40814],[-79.944718,40.408315],[-79.944649,40.408328],[-79.944639,40.408326],[-79.94463,40.40832],[-79.944593,40.408151]]]},"properties":{"parcel_id":"0056K00030000000","block_lot":"56-K-30"}},{"type":"Feature","geometry":{"type":"Polygon","coordinates":[[[-79.944565,40.408011],[-79.944939,40.40796],[-79.944939,40.407964],[-79.945122,40.407941],[-79.94516,40.408071],[-79.944931,40.408105],[-79.944593,40.408151],[-79.944565,40.408011]]]},"properties":{"parcel_id":"0056K00031000000","block_lot":"56-K-31"}},{"type":"Feature","geometry":{"type":"Polygon","coordinates":[[[-79.94503,40.407625],[-79.945122,40.407941],[-79.944939,40.407964],[-79.944939,40.40796],[-79.944565,40.408011],[-79.944508,40.407729],[-79.945,40.407647],[-79.944995,40.40763],[-79.94503,40.407625]]]},"properties":{"parcel_id":"0056K00032000000","block_lot":"56-K-32"}},{"type":"Feature","geometry":{"type":"Polygon","coordinates":[[[-79.945145,40.408022],[-79.94503,40.407625],[-79.945142,40.407607],[-79.945123,40.407553],[-79.945509,40.40746],[-79.945657,40.407824],[-79.945692,40.407902],[-79.945443,40.407963],[-79.945438,40.407952],[-79.945145,40.408022]]]},"properties":{"parcel_id":"0056K00035000000","block_lot":"56-K-35"}},{"type":"Feature","geometry":{"type":"Polygon","coordinates":[[[-79.945022,40.407259],[-79.945142,40.407607],[-79.944504,40.407707],[-79.944431,40.407355],[-79.945022,40.407259]]]},"properties":{"parcel_id":"0056K00037000000","block_lot":"56-K-37"}},{"type":"Feature","geometry":{"type":"Polygon","coordinates":[[[-79.945054,40.40735],[-79.945427,40.407262],[-79.945448,40.407311],[-79.945075,40.407412],[-79.945054,40.40735]]]},"properties":{"parcel_id":"0056K00043000000","block_lot":"56-K-43"}},{"type":"Feature","geometry":{"type":"Polygon","coordinates":[[[-79.945054,40.40735],[-79.945022,40.407259],[-79.9454,40.407197],[-79.945427,40.407262],[-79.945054,40.40735]]]},"properties":{"parcel_id":"0056K00044000000","block_lot":"56-K-44"}},{"type":"Feature","geometry":{"type":"Polygon","coordinates":[[[-79.945149,40.407167],[-79.945099,40.406997],[-79.945301,40.406974],[-79.945365,40.407133],[-79.945149,40.407167]]]},"properties":{"parcel_id":"0056K00045000000","block_lot":"56-K-45"}},{"type":"Feature","geometry":{"type":"Polygon","coordinates":[[[-79.945099,40.406997],[-79.945058,40.406859],[-79.945244,40.40683],[-79.945301,40.406974],[-79.945099,40.406997]]]},"properties":{"parcel_id":"0056K00048000000","block_lot":"56-K-48"}},{"type":"Feature","geometry":{"type":"Polygon","coordinates":[[[-79.945149,40.407167],[-79.944895,40.407207],[-79.944806,40.4069],[-79.945058,40.406859],[-79.945149,40.407167]]]},"properties":{"parcel_id":"0056K00050000000","block_lot":"56-K-50"}},{"type":"Feature","geometry":{"type":"Polygon","coordinates":[[[-79.944806,40.4069],[-79.944895,40.407207],[-79.944412,40.407283],[-79.944351,40.406972],[-79.944806,40.4069]]]},"properties":{"parcel_id":"0056K00054000000","block_lot":"56-K-54"}},{"type":"Feature","geometry":{"type":"Polygon","coordinates":[[[-79.944988,40.406682],[-79.945181,40.406658],[-79.945189,40.406693],[-79.944997,40.406724],[-79.944988,40.406682]]]},"properties":{"parcel_id":"0056K00060000000","block_lot":"56-K-60"}},{"type":"Feature","geometry":{"type":"Polygon","coordinates":[[[-79.945181,40.406658],[-79.944988,40.406682],[-79.94498,40.406646],[-79.945173,40.406619],[-79.945181,40.406658]]]},"properties":{"parcel_id":"0056K00061000000","block_lot":"56-K-61"}},{"type":"Feature","geometry":{"type":"Polygon","coordinates":[[[-79.945173,40.406619],[-79.94498,40.406646],[-79.944973,40.406614],[-79.945167,40.406588],[-79.945173,40.406619]]]},"properties":{"parcel_id":"0056K00062000000","block_lot":"56-K-62"}},{"type":"Feature","geometry":{"type":"Polygon","coordinates":[[[-79.945167,40.406588],[-79.944973,40.406614],[-79.944966,40.406582],[-79.94516,40.406555],[-79.945167,40.406588]]]},"properties":{"parcel_id":"0056K00063000000","block_lot":"56-K-63"}},{"type":"Feature","geometry":{"type":"Polygon","coordinates":[[[-79.944884,40.40652],[-79.944951,40.406511],[-79.944997,40.406724],[-79.944934,40.406734],[-79.944884,40.40652]]]},"properties":{"parcel_id":"0056K00064000000","block_lot":"56-K-64"}},{"type":"Feature","geometry":{"type":"Polygon","coordinates":[[[-79.944848,40.406525],[-79.944884,40.40652],[-79.944934,40.406734],[-79.944892,40.40674],[-79.944848,40.406525]]]},"properties":{"parcel_id":"0056K00065000000","block_lot":"56-K-65"}},{"type":"Feature","geometry":{"type":"Polygon","coordinates":[[[-79.944806,40.406531],[-79.944848,40.406525],[-79.944892,40.40674],[-79.944851,40.406747],[-79.944806,40.406531]]]},"properties":{"parcel_id":"0056K00065000A00","block_lot":"56-K-65-A"}},{"type":"Feature","geometry":{"type":"Polygon","coordinates":[[[-79.944767,40.406537],[-79.944806,40.406531],[-79.944851,40.406747],[-79.944816,40.406752],[-79.944767,40.406537]]]},"properties":{"parcel_id":"0056K00066000000","block_lot":"56-K-66"}},{"type":"Feature","geometry":{"type":"Polygon","coordinates":[[[-79.944718,40.406543],[-79.944767,40.406537],[-79.944816,40.406752],[-79.944763,40.406761],[-79.944718,40.406543]]]},"properties":{"parcel_id":"0056K00067000000","block_lot":"56-K-67"}},{"type":"Feature","geometry":{"type":"Polygon","coordinates":[[[-79.944306,40.406577],[-79.944652,40.406533],[-79.944663,40.406588],[-79.944677,40.406742],[-79.944666,40.406753],[-79.944382,40.406801],[-79.944355,40.406801],[-79.94434,40.406791],[-79.94433,40.406686],[-79.944306,40.406577]]]},"properties":{"parcel_id":"0056K00068000000","block_lot":"56-K-68"}},{"type":"Feature","geometry":{"type":"Polygon","coordinates":[[[-79.943555,40.406623],[-79.943829,40.406583],[-79.943838,40.406621],[-79.943563,40.406654],[-79.943555,40.406623]]]},"properties":{"parcel_id":"0056K00072000000","block_lot":"56-K-72"}},{"type":"Feature","geometry":{"type":"Polygon","coordinates":[[[-79.943563,40.406654],[-79.943838,40.406621],[-79.943844,40.40665],[-79.943574,40.406691],[-79.943563,40.406654]]]},"properties":{"parcel_id":"0056K00073000000","block_lot":"56-K-73"}},{"type":"Feature","geometry":{"type":"Polygon","coordinates":[[[-79.943895,40.408912],[-79.943879,40.408854],[-79.944452,40.408786],[-79.944461,40.408833],[-79.943895,40.408912]]]},"properties":{"parcel_id":"0056K00106000000","block_lot":"56-K-106"}},{"type":"Feature","geometry":{"type":"Polygon","coordinates":[[[-79.943864,40.408802],[-79.944439,40.408726],[-79.944452,40.408786],[-79.943879,40.408854],[-79.943864,40.408802]]]},"properties":{"parcel_id":"0056K00107000000","block_lot":"56-K-107"}},{"type":"Feature","geometry":{"type":"Polygon","coordinates":[[[-79.943833,40.408692],[-79.944418,40.408618],[-79.944439,40.408726],[-79.943864,40.408802],[-79.943833,40.408692]]]},"properties":{"parcel_id":"0056K00108000000","block_lot":"56-K-108"}},{"type":"Feature","geometry":{"type":"Polygon","coordinates":[[[-79.944398,40.408521],[-79.944418,40.408618],[-79.943833,40.408692],[-79.94382,40.408645],[-79.944398,40.408521]]]},"properties":{"parcel_id":"0056K00110000000","block_lot":"56-K-110"}},{"type":"Feature","geometry":{"type":"Polygon","coordinates":[[[-79.944293,40.408388],[-79.943783,40.4085],[-79.943642,40.407998],[-79.944191,40.407911],[-79.944293,40.408388]]]},"properties":{"parcel_id":"0056K00112000000","block_lot":"56-K-112"}},{"type":"Feature","geometry":{"type":"Polygon","coordinates":[[[-79.943426,40.407236],[-79.943771,40.407176],[-79.943847,40.40745],[-79.943504,40.40751],[-79.943426,40.407236]]]},"properties":{"parcel_id":"0056K00120000000","block_lot":"56-K-120"}},{"type":"Feature","geometry":{"type":"Polygon","coordinates":[[[-79.943742,40.407073],[-79.943771,40.407176],[-79.943426,40.407236],[-79.943396,40.407131],[-79.943742,40.407073]]]},"properties":{"parcel_id":"0056K00122000000","block_lot":"56-K-122"}},{"type":"Feature","geometry":{"type":"Polygon","coordinates":[[[-79.944293,40.408388],[-79.944161,40.407773],[-79.944123,40.407779],[-79.943966,40.407036],[-79.944234,40.406991],[-79.944518,40.408339],[-79.944293,40.408388]]]},"properties":{"parcel_id":"0056K00134000A00","block_lot":"56-K-134-A"}},{"type":"Feature","geometry":{"type":"Polygon","coordinates":[[[-79.943504,40.40751],[-79.943847,40.40745],[-79.943742,40.407073],[-79.943966,40.407036],[-79.944123,40.407779],[-79.944161,40.407773],[-79.944191,40.407911],[-79.943642,40.407998],[-79.943504,40.40751]]]},"properties":{"parcel_id":"0056K00135000000","block_lot":"56-K-135"}},{"type":"Feature","geometry":{"type":"Polygon","coordinates":[[[-79.943891,40.406898],[-79.943355,40.406986],[-79.943343,40.406921],[-79.943879,40.406834],[-79.943891,40.406898]]]},"properties":{"parcel_id":"0056K00136000000","block_lot":"56-K-136"}},{"type":"Feature","geometry":{"type":"Polygon","coordinates":[[[-79.943302,40.406799],[-79.94386,40.406718],[-79.943874,40.406779],[-79.94332,40.406859],[-79.943302,40.406799]]]},"properties":{"parcel_id":"0056K00138000000","block_lot":"56-K-138"}},{"type":"Feature","geometry":{"type":"Polygon","coordinates":[[[-79.943284,40.406734],[-79.943844,40.40665],[-79.94386,40.406718],[-79.943302,40.406799],[-79.943284,40.406734]]]},"properties":{"parcel_id":"0056K00139000000","block_lot":"56-K-139"}},{"type":"Feature","geometry":{"type":"Polygon","coordinates":[[[-79.943265,40.406666],[-79.943555,40.406623],[-79.943574,40.406691],[-79.943284,40.406734],[-79.943265,40.406666]]]},"properties":{"parcel_id":"0056K00140000000","block_lot":"56-K-140"}},{"type":"Feature","geometry":{"type":"Polygon","coordinates":[[[-79.942,40.406415],[-79.942076,40.406395],[-79.942158,40.406719],[-79.942077,40.406739],[-79.942,40.406415]]]},"properties":{"parcel_id":"0056K00148000000","block_lot":"56-K-148"}},{"type":"Feature","geometry":{"type":"Polygon","coordinates":[[[-79.941952,40.406428],[-79.942,40.406415],[-79.942077,40.406739],[-79.942033,40.40675],[-79.941952,40.406428]]]},"properties":{"parcel_id":"0056K00149000000","block_lot":"56-K-149"}},{"type":"Feature","geometry":{"type":"Polygon","coordinates":[[[-79.941912,40.406438],[-79.941952,40.406428],[-79.942033,40.40675],[-79.941988,40.406761],[-79.941912,40.406438]]]},"properties":{"parcel_id":"0056K00149000100","block_lot":"56-K-149-1"}},{"type":"Feature","geometry":{"type":"Polygon","coordinates":[[[-79.941819,40.406462],[-79.941912,40.406438],[-79.941988,40.406761],[-79.941903,40.406783],[-79.941819,40.406462]]]},"properties":{"parcel_id":"0056K00150000000","block_lot":"56-K-150"}},{"type":"Feature","geometry":{"type":"Polygon","coordinates":[[[-79.941645,40.406508],[-79.941819,40.406462],[-79.941903,40.406783],[-79.941732,40.406826],[-79.941645,40.406508]]]},"properties":{"parcel_id":"0056K00151000000","block_lot":"56-K-151"}},{"type":"Feature","geometry":{"type":"Polygon","coordinates":[[[-79.941561,40.40653],[-79.941645,40.406508],[-79.941732,40.406826],[-79.941657,40.406845],[-79.941561,40.40653]]]},"properties":{"parcel_id":"0056K00153000000","block_lot":"56-K-153"}},{"type":"Feature","geometry":{"type":"Polygon","coordinates":[[[-79.941555,40.40687],[-79.941472,40.406553],[-79.941561,40.40653],[-79.941657,40.406845],[-79.941555,40.40687]]]},"properties":{"parcel_id":"0056K00154000000","block_lot":"56-K-154"}},{"type":"Feature","geometry":{"type":"Polygon","coordinates":[[[-79.941232,40.407365],[-79.941128,40.407382],[-79.941024,40.407052],[-79.941136,40.407034],[-79.941232,40.407365]]]},"properties":{"parcel_id":"0056K00160000000","block_lot":"56-K-160"}},{"type":"Feature","geometry":{"type":"Polygon","coordinates":[[[-79.941232,40.407365],[-79.941136,40.407034],[-79.941399,40.40699],[-79.941491,40.407322],[-79.941232,40.407365]]]},"properties":{"parcel_id":"0056K00164000000","block_lot":"56-K-164"}},{"type":"Feature","geometry":{"type":"Polygon","coordinates":[[[-79.942224,40.406702],[-79.942354,40.407186],[-79.94167,40.407295],[-79.941555,40.40687],[-79.942224,40.406702]]]},"properties":{"parcel_id":"0056K00180000000","block_lot":"56-K-180"}},{"type":"Feature","geometry":{"type":"Polygon","coordinates":[[[-79.942224,40.406702],[-79.942593,40.406609],[-79.942581,40.406562],[-79.942987,40.406459],[-79.943149,40.407059],[-79.942354,40.407186],[-79.942224,40.406702]]]},"properties":{"parcel_id":"0056K00182000002","block_lot":"56-K-182-0-2"}},{"type":"Feature","geometry":{"type":"Polygon","coordinates":[[[-79.942947,40.407606],[-79.942912,40.40748],[-79.943267,40.40742],[-79.943301,40.407548],[-79.942947,40.407606]]]},"properties":{"parcel_id":"0056K00184000000","block_lot":"56-K-184"}},{"type":"Feature","geometry":{"type":"Polygon","coordinates":[[[-79.942912,40.40748],[-79.942889,40.407397],[-79.943245,40.407337],[-79.943267,40.40742],[-79.942912,40.40748]]]},"properties":{"parcel_id":"0056K00186000000","block_lot":"56-K-186"}},{"type":"Feature","geometry":{"type":"Polygon","coordinates":[[[-79.94307,40.407367],[-79.943057,40.407329],[-79.943236,40.407302],[-79.943245,40.407337],[-79.94307,40.407367]]]},"properties":{"parcel_id":"0056K00187000000","block_lot":"56-K-187"}},{"type":"Feature","geometry":{"type":"Polygon","coordinates":[[[-79.942847,40.407249],[-79.943206,40.407188],[-79.943236,40.407302],[-79.943057,40.407329],[-79.94307,40.407367],[-79.942889,40.407397],[-79.942847,40.407249]]]},"properties":{"parcel_id":"0056K00189000000","block_lot":"56-K-189"}},{"type":"Feature","geometry":{"type":"Polygon","coordinates":[[[-79.942635,40.407285],[-79.942847,40.407249],[-79.942934,40.407557],[-79.942721,40.407592],[-79.942635,40.407285]]]},"properties":{"parcel_id":"0056K00192000000","block_lot":"56-K-192"}},{"type":"Feature","geometry":{"type":"Polygon","coordinates":[[[-79.942513,40.407306],[-79.942635,40.407285],[-79.942721,40.407592],[-79.942601,40.407612],[-79.942513,40.407306]]]},"properties":{"parcel_id":"0056K00195000000","block_lot":"56-K-195"}},{"type":"Feature","geometry":{"type":"Polygon","coordinates":[[[-79.94223,40.407355],[-79.942513,40.407306],[-79.942601,40.407612],[-79.942322,40.407658],[-79.94223,40.407355]]]},"properties":{"parcel_id":"0056K00197000000","block_lot":"56-K-197"}},{"type":"Feature","geometry":{"type":"Polygon","coordinates":[[[-79.942104,40.407376],[-79.94223,40.407355],[-79.942322,40.407658],[-79.942195,40.407679],[-79.942104,40.407376]]]},"properties":{"parcel_id":"0056K00201000000","block_lot":"56-K-201"}},{"type":"Feature","geometry":{"type":"Polygon","coordinates":[[[-79.942104,40.407376],[-79.942195,40.407679],[-79.942117,40.407692],[-79.942025,40.407389],[-79.942104,40.407376]]]},"properties":{"parcel_id":"0056K00203000000","block_lot":"56-K-203"}},{"type":"Feature","geometry":{"type":"Polygon","coordinates":[[[-79.941896,40.407411],[-79.942025,40.407389],[-79.942117,40.407692],[-79.941978,40.407715],[-79.941896,40.407411]]]},"properties":{"parcel_id":"0056K00204000000","block_lot":"56-K-204"}},{"type":"Feature","geometry":{"type":"Polygon","coordinates":[[[-79.941978,40.407715],[-79.941888,40.407729],[-79.941802,40.407427],[-79.941896,40.407411],[-79.941978,40.407715]]]},"properties":{"parcel_id":"0056K00206000000","block_lot":"56-K-206"}},{"type":"Feature","geometry":{"type":"Polygon","coordinates":[[[-79.941802,40.407427],[-79.941888,40.407729],[-79.941803,40.407743],[-79.941718,40.407442],[-79.941802,40.407427]]]},"properties":{"parcel_id":"0056K00207000000","block_lot":"56-K-207"}},{"type":"Feature","geometry":{"type":"Polygon","coordinates":[[[-79.941382,40.407483],[-79.941527,40.407459],[-79.941606,40.407743],[-79.941459,40.407767],[-79.941382,40.407483]]]},"properties":{"parcel_id":"0056K00210000000","block_lot":"56-K-210"}},{"type":"Feature","geometry":{"type":"Polygon","coordinates":[[[-79.941285,40.407499],[-79.941382,40.407483],[-79.941459,40.407767],[-79.941365,40.407782],[-79.941285,40.407499]]]},"properties":{"parcel_id":"0056K00212000000","block_lot":"56-K-212"}},{"type":"Feature","geometry":{"type":"Polygon","coordinates":[[[-79.941198,40.407514],[-79.941285,40.407499],[-79.941365,40.407782],[-79.941277,40.407797],[-79.941198,40.407514]]]},"properties":{"parcel_id":"0056K00213000000","block_lot":"56-K-213"}},{"type":"Feature","geometry":{"type":"Polygon","coordinates":[[[-79.941108,40.407529],[-79.941198,40.407514],[-79.941277,40.407797],[-79.941193,40.40781],[-79.941108,40.407529]]]},"properties":{"parcel_id":"0056K00214000000","block_lot":"56-K-214"}},{"type":"Feature","geometry":{"type":"Polygon","coordinates":[[[-79.941089,40.407885],[-79.941259,40.407856],[-79.94134,40.40814],[-79.941175,40.408167],[-79.941089,40.407885]]]},"properties":{"parcel_id":"0056K00218000000","block_lot":"56-K-218"}},{"type":"Feature","geometry":{"type":"Polygon","coordinates":[[[-79.941259,40.407856],[-79.941445,40.407825],[-79.941521,40.408111],[-79.94134,40.40814],[-79.941259,40.407856]]]},"properties":{"parcel_id":"0056K00220000000","block_lot":"56-K-220"}},{"type":"Feature","geometry":{"type":"Polygon","coordinates":[[[-79.941521,40.408111],[-79.941445,40.407825],[-79.941629,40.407794],[-79.941708,40.40808],[-79.941521,40.408111]]]},"properties":{"parcel_id":"0056K00222000000","block_lot":"56-K-222"}},{"type":"Feature","geometry":{"type":"Polygon","coordinates":[[[-79.941803,40.407743],[-79.941978,40.407715],[-79.942066,40.408034],[-79.941893,40.408062],[-79.941803,40.407743]]]},"properties":{"parcel_id":"0056K00225000000","block_lot":"56-K-225"}},{"type":"Feature","geometry":{"type":"Polygon","coordinates":[[[-79.942103,40.407694],[-79.942186,40.408013],[-79.942066,40.408034],[-79.941978,40.407715],[-79.942103,40.407694]]]},"properties":{"parcel_id":"0056K00227000000","block_lot":"56-K-227"}},{"type":"Feature","geometry":{"type":"Polygon","coordinates":[[[-79.942186,40.408013],[-79.942103,40.407694],[-79.942217,40.407675],[-79.942302,40.407994],[-79.942186,40.408013]]]},"properties":{"parcel_id":"0056K00228000000","block_lot":"56-K-228"}},{"type":"Feature","geometry":{"type":"Polygon","coordinates":[[[-79.942302,40.407994],[-79.942217,40.407675],[-79.942322,40.407658],[-79.942421,40.407974],[-79.942302,40.407994]]]},"properties":{"parcel_id":"0056K00230000000","block_lot":"56-K-230"}},{"type":"Feature","geometry":{"type":"Polygon","coordinates":[[[-79.942421,40.407974],[-79.942322,40.407658],[-79.942682,40.407599],[-79.942774,40.407915],[-79.942421,40.407974]]]},"properties":{"parcel_id":"0056K00235000000","block_lot":"56-K-235"}},{"type":"Feature","geometry":{"type":"Polygon","coordinates":[[[-79.942682,40.407599],[-79.942834,40.407574],[-79.942916,40.407891],[-79.942774,40.407915],[-79.942682,40.407599]]]},"properties":{"parcel_id":"0056K00237000000","block_lot":"56-K-237"}},{"type":"Feature","geometry":{"type":"Polygon","coordinates":[[[-79.942834,40.407574],[-79.942934,40.407557],[-79.943023,40.407873],[-79.942916,40.407891],[-79.942834,40.407574]]]},"properties":{"parcel_id":"0056K00239000000","block_lot":"56-K-239"}},{"type":"Feature","geometry":{"type":"Polygon","coordinates":[[[-79.943023,40.407873],[-79.942947,40.407606],[-79.943301,40.407548],[-79.943373,40.407814],[-79.943023,40.407873]]]},"properties":{"parcel_id":"0056K00244000000","block_lot":"56-K-244"}},{"type":"Feature","geometry":{"type":"Polygon","coordinates":[[[-79.943065,40.408058],[-79.94305,40.408003],[-79.943397,40.407945],[-79.943413,40.408005],[-79.943065,40.408058]]]},"properties":{"parcel_id":"0056K00246000000","block_lot":"56-K-246"}},{"type":"Feature","geometry":{"type":"Polygon","coordinates":[[[-79.943065,40.408058],[-79.943413,40.408005],[-79.943466,40.408198],[-79.943123,40.408254],[-79.943065,40.408058]]]},"properties":{"parcel_id":"0056K00248000000","block_lot":"56-K-248"}},{"type":"Feature","geometry":{"type":"Polygon","coordinates":[[[-79.943123,40.408254],[-79.943466,40.408198],[-79.943485,40.408266],[-79.943143,40.408323],[-79.943123,40.408254]]]},"properties":{"parcel_id":"0056K00249000000","block_lot":"56-K-249"}},{"type":"Feature","geometry":{"type":"Polygon","coordinates":[[[-79.943143,40.408323],[-79.943485,40.408266],[-79.943503,40.408332],[-79.943163,40.408391],[-79.943143,40.408323]]]},"properties":{"parcel_id":"0056K00251000000","block_lot":"56-K-251"}},{"type":"Feature","geometry":{"type":"Polygon","coordinates":[[[-79.943163,40.408391],[-79.943503,40.408332],[-79.943522,40.408398],[-79.943182,40.408456],[-79.943163,40.408391]]]},"properties":{"parcel_id":"0056K00252000000","block_lot":"56-K-252"}},{"type":"Feature","geometry":{"type":"Polygon","coordinates":[[[-79.943182,40.408456],[-79.943522,40.408398],[-79.943553,40.408512],[-79.943222,40.408591],[-79.943182,40.408456]]]},"properties":{"parcel_id":"0056K00254000000","block_lot":"56-K-254"}},{"type":"Feature","geometry":{"type":"Polygon","coordinates":[[[-79.942544,40.40884],[-79.94359,40.408615],[-79.943731,40.409094],[-79.942728,40.409316],[-79.942629,40.409043],[-79.942544,40.40884]]]},"properties":{"parcel_id":"0056K00255000000","block_lot":"56-K-255"}},{"type":"Feature","geometry":{"type":"Polygon","coordinates":[[[-79.942544,40.409064],[-79.942468,40.408859],[-79.942544,40.40884],[-79.942629,40.409043],[-79.942544,40.409064]]]},"properties":{"parcel_id":"0056K00274000000","block_lot":"56-K-274"}},{"type":"Feature","geometry":{"type":"Polygon","coordinates":[[[-79.942456,40.40907],[-79.942384,40.408878],[-79.942468,40.408859],[-79.94254,40.40905],[-79.942456,40.40907]]]},"properties":{"parcel_id":"0056K00275000000","block_lot":"56-K-275"}},{"type":"Feature","geometry":{"type":"Polygon","coordinates":[[[-79.942454,40.409066],[-79.942264,40.40911],[-79.942194,40.408922],[-79.942384,40.408878],[-79.942454,40.409066]]]},"properties":{"parcel_id":"0056K00276000000","block_lot":"56-K-276"}},{"type":"Feature","geometry":{"type":"Polygon","coordinates":[[[-79.942966,40.408384],[-79.943075,40.408366],[-79.94316,40.408602],[-79.943048,40.408626],[-79.942966,40.408384]]]},"properties":{"parcel_id":"0056K00277000000","block_lot":"56-K-277"}},{"type":"Feature","geometry":{"type":"Polygon","coordinates":[[[-79.942622,40.408717],[-79.942526,40.408457],[-79.942966,40.408384],[-79.943048,40.408626],[-79.942622,40.408717]]]},"properties":{"parcel_id":"0056K00278000000","block_lot":"56-K-278"}},{"type":"Feature","geometry":{"type":"Polygon","coordinates":[[[-79.942053,40.408541],[-79.942526,40.408457],[-79.942566,40.408565],[-79.9421,40.408664],[-79.942053,40.408541]]]},"properties":{"parcel_id":"0056K00279000000","block_lot":"56-K-279"}},{"type":"Feature","geometry":{"type":"Polygon","coordinates":[[[-79.942976,40.408322],[-79.9429,40.408038],[-79.942985,40.408025],[-79.943062,40.408308],[-79.942976,40.408322]]]},"properties":{"parcel_id":"0056K00288000000","block_lot":"56-K-288"}},{"type":"Feature","geometry":{"type":"Polygon","coordinates":[[[-79.942811,40.408052],[-79.9429,40.408038],[-79.942976,40.408322],[-79.942894,40.408335],[-79.942811,40.408052]]]},"properties":{"parcel_id":"0056K00289000000","block_lot":"56-K-289"}},{"type":"Feature","geometry":{"type":"Polygon","coordinates":[[[-79.942742,40.408063],[-79.942811,40.408052],[-79.942894,40.408335],[-79.942818,40.408347],[-79.942742,40.408063]]]},"properties":{"parcel_id":"0056K00290000000","block_lot":"56-K-290"}},{"type":"Feature","geometry":{"type":"Polygon","coordinates":[[[-79.942737,40.408366],[-79.942659,40.408076],[-79.942742,40.408063],[-79.942818,40.408347],[-79.942737,40.408366]]]},"properties":{"parcel_id":"0056K00290000100","block_lot":"56-K-290-1"}},{"type":"Feature","geometry":{"type":"Polygon","coordinates":[[[-79.942625,40.408385],[-79.942551,40.408093],[-79.942659,40.408076],[-79.942737,40.408366],[-79.942625,40.408385]]]},"properties":{"parcel_id":"0056K00293000000","block_lot":"56-K-293"}},{"type":"Feature","geometry":{"type":"Polygon","coordinates":[[[-79.942525,40.408402],[-79.942447,40.408109],[-79.942551,40.408093],[-79.942625,40.408385],[-79.942525,40.408402]]]},"properties":{"parcel_id":"0056K00294000000","block_lot":"56-K-294"}},{"type":"Feature","geometry":{"type":"Polygon","coordinates":[[[-79.942343,40.408125],[-79.942447,40.408109],[-79.942525,40.408402],[-79.942415,40.408421],[-79.942343,40.408125]]]},"properties":{"parcel_id":"0056K00296000000","block_lot":"56-K-296"}},{"type":"Feature","geometry":{"type":"Polygon","coordinates":[[[-79.942282,40.408444],[-79.942192,40.408149],[-79.942343,40.408125],[-79.942415,40.408421],[-79.942282,40.408444]]]},"properties":{"parcel_id":"0056K00298000000","block_lot":"56-K-298"}},{"type":"Feature","geometry":{"type":"Polygon","coordinates":[[[-79.941995,40.408373],[-79.942246,40.408325],[-79.942282,40.408444],[-79.942035,40.408488],[-79.941995,40.408373]]]},"properties":{"parcel_id":"0056K00300000000","block_lot":"56-K-300"}},{"type":"Feature","geometry":{"type":"Polygon","coordinates":[[[-79.942192,40.408149],[-79.942246,40.408325],[-79.941995,40.408373],[-79.941932,40.40819],[-79.942192,40.408149]]]},"properties":{"parcel_id":"0056K00302000000","block_lot":"56-K-302"}},{"type":"Feature","geometry":{"type":"Polygon","coordinates":[[[-79.941068,40.40833],[-79.941241,40.408301],[-79.941334,40.408618],[-79.941154,40.408647],[-79.941068,40.40833]]]},"properties":{"parcel_id":"0056K00308000000","block_lot":"56-K-308"}},{"type":"Feature","geometry":{"type":"Polygon","coordinates":[[[-79.941334,40.408618],[-79.941241,40.408301],[-79.941412,40.408273],[-79.941498,40.408591],[-79.941334,40.408618]]]},"properties":{"parcel_id":"0056K00311000000","block_lot":"56-K-311"}},{"type":"Feature","geometry":{"type":"Polygon","coordinates":[[[-79.941522,40.40838],[-79.94149,40.408264],[-79.941751,40.408222],[-79.94179,40.408327],[-79.941522,40.40838]]]},"properties":{"parcel_id":"0056K00314000000","block_lot":"56-K-314"}},{"type":"Feature","geometry":{"type":"Polygon","coordinates":[[[-79.941522,40.40838],[-79.94179,40.408327],[-79.941811,40.408386],[-79.941539,40.408443],[-79.941522,40.40838]]]},"properties":{"parcel_id":"0056K00315000000","block_lot":"56-K-315"}},{"type":"Feature","geometry":{"type":"Polygon","coordinates":[[[-79.941539,40.408443],[-79.941811,40.408386],[-79.941834,40.408448],[-79.941556,40.408504],[-79.941539,40.408443]]]},"properties":{"parcel_id":"0056K00316000000","block_lot":"56-K-316"}},{"type":"Feature","geometry":{"type":"Polygon","coordinates":[[[-79.941854,40.408503],[-79.941572,40.408561],[-79.941556,40.408504],[-79.941834,40.408448],[-79.941854,40.408503]]]},"properties":{"parcel_id":"0056K00317000000","block_lot":"56-K-317"}},{"type":"Feature","geometry":{"type":"Polygon","coordinates":[[[-79.941572,40.408561],[-79.941854,40.408503],[-79.941878,40.408569],[-79.941589,40.408625],[-79.941572,40.408561]]]},"properties":{"parcel_id":"0056K00318000000","block_lot":"56-K-318"}},{"type":"Feature","geometry":{"type":"Polygon","coordinates":[[[-79.941621,40.408619],[-79.941878,40.408569],[-79.941897,40.40862],[-79.941637,40.408682],[-79.941621,40.408619]]]},"properties":{"parcel_id":"0056K00319000000","block_lot":"56-K-319"}},{"type":"Feature","geometry":{"type":"Polygon","coordinates":[[[-79.941637,40.408682],[-79.941897,40.40862],[-79.941921,40.408684],[-79.941653,40.408742],[-79.941637,40.408682]]]},"properties":{"parcel_id":"0056K00320000000","block_lot":"56-K-320"}},{"type":"Feature","geometry":{"type":"Polygon","coordinates":[[[-79.941653,40.408742],[-79.941921,40.408684],[-79.941943,40.408744],[-79.94167,40.408808],[-79.941653,40.408742]]]},"properties":{"parcel_id":"0056K00321000000","block_lot":"56-K-321"}},{"type":"Feature","geometry":{"type":"Polygon","coordinates":[[[-79.94167,40.408808],[-79.941943,40.408744],[-79.941965,40.408803],[-79.941686,40.408866],[-79.94167,40.408808]]]},"properties":{"parcel_id":"0056K00322000000","block_lot":"56-K-322"}},{"type":"Feature","geometry":{"type":"Polygon","coordinates":[[[-79.941686,40.408866],[-79.941965,40.408803],[-79.941985,40.408859],[-79.941701,40.408924],[-79.941686,40.408866]]]},"properties":{"parcel_id":"0056K00323000000","block_lot":"56-K-323"}},{"type":"Feature","geometry":{"type":"Polygon","coordinates":[[[-79.941701,40.408924],[-79.941985,40.408859],[-79.942027,40.408972],[-79.94173,40.409033],[-79.941701,40.408924]]]},"properties":{"parcel_id":"0056K00326000000","block_lot":"56-K-326"}},{"type":"Feature","geometry":{"type":"Polygon","coordinates":[[[-79.941268,40.408691],[-79.941592,40.408637],[-79.941589,40.408625],[-79.941621,40.408619],[-79.94173,40.409033],[-79.941387,40.409103],[-79.941268,40.408691]]]},"properties":{"parcel_id":"0056K00330000000","block_lot":"56-K-330"}},{"type":"Feature","geometry":{"type":"Polygon","coordinates":[[[-79.941186,40.409144],[-79.941061,40.408726],[-79.941268,40.408691],[-79.941387,40.409103],[-79.941186,40.409144]]]},"properties":{"parcel_id":"0056K00340000000","block_lot":"56-K-340"}},{"type":"Feature","geometry":{"type":"Polygon","coordinates":[[[-79.943644,40.405372],[-79.943884,40.405342],[-79.944207,40.406847],[-79.943971,40.406885],[-79.943644,40.405372]]]},"properties":{"parcel_id":"0056K00350000A01","block_lot":"56-K-350-A-1"}},{"type":"Feature","geometry":{"type":"Polygon","coordinates":[[[-79.943644,40.405372],[-79.943351,40.404016],[-79.943836,40.403952],[-79.943773,40.404054],[-79.943774,40.404059],[-79.943747,40.404126],[-79.943633,40.404126],[-79.943884,40.405342],[-79.943644,40.405372]]]},"properties":{"parcel_id":"0056K00350000A02","block_lot":"56-K-350-A-2"}},{"type":"Feature","geometry":{"type":"Polygon","coordinates":[[[-79.94215,40.408654],[-79.942211,40.408805],[-79.942156,40.408817],[-79.9421,40.408664],[-79.94215,40.408654]]]},"properties":{"parcel_id":"0056K00381000000","block_lot":"56-K-381"}},{"type":"Feature","geometry":{"type":"Polygon","coordinates":[[[-79.94215,40.408654],[-79.942203,40.408642],[-79.94226,40.408794],[-79.942211,40.408805],[-79.94215,40.408654]]]},"properties":{"parcel_id":"0056K00383000000","block_lot":"56-K-383"}},{"type":"Feature","geometry":{"type":"Polygon","coordinates":[[[-79.942203,40.408642],[-79.942254,40.408632],[-79.942311,40.408783],[-79.94226,40.408794],[-79.942203,40.408642]]]},"properties":{"parcel_id":"0056K00385000000","block_lot":"56-K-385"}},{"type":"Feature","geometry":{"type":"Polygon","coordinates":[[[-79.942254,40.408632],[-79.942304,40.408621],[-79.942359,40.408773],[-79.942311,40.408783],[-79.942254,40.408632]]]},"properties":{"parcel_id":"0056K00387000000","block_lot":"56-K-387"}},{"type":"Feature","geometry":{"type":"Polygon","coordinates":[[[-79.942304,40.408621],[-79.942353,40.408611],[-79.94241,40.408762],[-79.942359,40.408773],[-79.942304,40.408621]]]},"properties":{"parcel_id":"0056K00389000000","block_lot":"56-K-389"}},{"type":"Feature","geometry":{"type":"Polygon","coordinates":[[[-79.942353,40.408611],[-79.942402,40.4086],[-79.942459,40.408751],[-79.94241,40.408762],[-79.942353,40.408611]]]},"properties":{"parcel_id":"0056K00391000000","block_lot":"56-K-391"}},{"type":"Feature","geometry":{"type":"Polygon","coordinates":[[[-79.942402,40.4086],[-79.942453,40.408589],[-79.94251,40.408741],[-79.942459,40.408751],[-79.942402,40.4086]]]},"properties":{"parcel_id":"0056K00393000000","block_lot":"56-K-393"}},{"type":"Feature","geometry":{"type":"Polygon","coordinates":[[[-79.942453,40.408589],[-79.942503,40.408579],[-79.942559,40.40873],[-79.94251,40.408741],[-79.942453,40.408589]]]},"properties":{"parcel_id":"0056K00395000000","block_lot":"56-K-395"}},{"type":"Feature","geometry":{"type":"Polygon","coordinates":[[[-79.942503,40.408579],[-79.942566,40.408565],[-79.942622,40.408717],[-79.942559,40.40873],[-79.942503,40.408579]]]},"properties":{"parcel_id":"0056K00397000000","block_lot":"56-K-397"}},{"type":"Feature","geometry":{"type":"Polygon","coordinates":[[[-79.940891,40.40836],[-79.941068,40.40833],[-79.941154,40.408647],[-79.940983,40.408675],[-79.940891,40.40836]]]},"properties":{"parcel_id":"0056L00008000000","block_lot":"56-L-8"}},{"type":"Feature","geometry":{"type":"Polygon","coordinates":[[[-79.940721,40.408388],[-79.940891,40.40836],[-79.940983,40.408675],[-79.940804,40.408704],[-79.940721,40.408388]]]},"properties":{"parcel_id":"0056L00010000000","block_lot":"56-L-10"}},{"type":"Feature","geometry":{"type":"Polygon","coordinates":[[[-79.940804,40.408704],[-79.940661,40.408728],[-79.94048,40.408428],[-79.940721,40.408388],[-79.940804,40.408704]]]},"properties":{"parcel_id":"0056L00012000000","block_lot":"56-L-12"}},{"type":"Feature","geometry":{"type":"Polygon","coordinates":[[[-79.941105,40.408872],[-79.940777,40.408924],[-79.940693,40.408788],[-79.941061,40.408726],[-79.941105,40.408872]]]},"properties":{"parcel_id":"0056L00015000000","block_lot":"56-L-15"}},{"type":"Feature","geometry":{"type":"Polygon","coordinates":[[[-79.940735,40.408964],[-79.940195,40.409001],[-79.940185,40.408915],[-79.940692,40.408891],[-79.940735,40.408964]]]},"properties":{"parcel_id":"0056L00018000000","block_lot":"56-L-18"}},{"type":"Feature","geometry":{"type":"Polygon","coordinates":[[[-79.940185,40.408915],[-79.940177,40.408838],[-79.940646,40.408814],[-79.940692,40.408891],[-79.940185,40.408915]]]},"properties":{"parcel_id":"0056L00019000000","block_lot":"56-L-19"}},{"type":"Feature","geometry":{"type":"Polygon","coordinates":[[[-79.940169,40.408765],[-79.940605,40.408747],[-79.940646,40.408814],[-79.940177,40.408838],[-79.940169,40.408765]]]},"properties":{"parcel_id":"0056L00020000000","block_lot":"56-L-20"}},{"type":"Feature","geometry":{"type":"Polygon","coordinates":[[[-79.940161,40.40869],[-79.940561,40.408672],[-79.940605,40.408747],[-79.940169,40.408765],[-79.940161,40.40869]]]},"properties":{"parcel_id":"0056L00022000000","block_lot":"56-L-22"}},{"type":"Feature","geometry":{"type":"Polygon","coordinates":[[[-79.940153,40.408615],[-79.940518,40.408599],[-79.940561,40.408672],[-79.940161,40.40869],[-79.940153,40.408615]]]},"properties":{"parcel_id":"0056L00023000000","block_lot":"56-L-23"}},{"type":"Feature","geometry":{"type":"Polygon","coordinates":[[[-79.940518,40.408599],[-79.940153,40.408615],[-79.940139,40.408489],[-79.940424,40.408442],[-79.940518,40.408599]]]},"properties":{"parcel_id":"0056L00024000000","block_lot":"56-L-24"}},{"type":"Feature","geometry":{"type":"Polygon","coordinates":[[[-79.940619,40.407963],[-79.940696,40.408245],[-79.940129,40.408337],[-79.940106,40.408049],[-79.940619,40.407963]]]},"properties":{"parcel_id":"0056L00033000000","block_lot":"56-L-33"}},{"type":"Feature","geometry":{"type":"Polygon","coordinates":[[[-79.940696,40.408245],[-79.940619,40.407963],[-79.940752,40.407941],[-79.940839,40.408222],[-79.940696,40.408245]]]},"properties":{"parcel_id":"0056L00035000000","block_lot":"56-L-35"}},{"type":"Feature","geometry":{"type":"Polygon","coordinates":[[[-79.940839,40.408222],[-79.940752,40.407941],[-79.940922,40.407912],[-79.941001,40.408195],[-79.940839,40.408222]]]},"properties":{"parcel_id":"0056L00037000000","block_lot":"56-L-37"}},{"type":"Feature","geometry":{"type":"Polygon","coordinates":[[[-79.941001,40.408195],[-79.940922,40.407912],[-79.941089,40.407885],[-79.941175,40.408167],[-79.941001,40.408195]]]},"properties":{"parcel_id":"0056L00038000000","block_lot":"56-L-38"}},{"type":"Feature","geometry":{"type":"Polygon","coordinates":[[[-79.940271,40.407668],[-79.940357,40.407946],[-79.940087,40.40799],[-79.940067,40.407702],[-79.940271,40.407668]]]},"properties":{"parcel_id":"0056L00044000000","block_lot":"56-L-44"}},{"type":"Feature","geometry":{"type":"Polygon","coordinates":[[[-79.940271,40.407668],[-79.940352,40.407654],[-79.940443,40.407932],[-79.940357,40.407946],[-79.940271,40.407668]]]},"properties":{"parcel_id":"0056L00045000000","block_lot":"56-L-45"}},{"type":"Feature","geometry":{"type":"Polygon","coordinates":[[[-79.940443,40.407932],[-79.940352,40.407654],[-79.94044,40.40764],[-79.940522,40.407919],[-79.940443,40.407932]]]},"properties":{"parcel_id":"0056L00046000000","block_lot":"56-L-46"}},{"type":"Feature","geometry":{"type":"Polygon","coordinates":[[[-79.94044,40.40764],[-79.940618,40.40761],[-79.940696,40.407891],[-79.940522,40.407919],[-79.94044,40.40764]]]},"properties":{"parcel_id":"0056L00048000000","block_lot":"56-L-48"}},{"type":"Feature","geometry":{"type":"Polygon","coordinates":[[[-79.940618,40.40761],[-79.940703,40.407596],[-79.940782,40.407877],[-79.940696,40.407891],[-79.940618,40.40761]]]},"properties":{"parcel_id":"0056L00049000000","block_lot":"56-L-49"}},{"type":"Feature","geometry":{"type":"Polygon","coordinates":[[[-79.940782,40.407877],[-79.940703,40.407596],[-79.940785,40.407582],[-79.940871,40.407863],[-79.940782,40.407877]]]},"properties":{"parcel_id":"0056L00050000000","block_lot":"56-L-50"}},{"type":"Feature","geometry":{"type":"Polygon","coordinates":[[[-79.940871,40.407863],[-79.940785,40.407582],[-79.940845,40.407572],[-79.940931,40.407853],[-79.940871,40.407863]]]},"properties":{"parcel_id":"0056L00051000000","block_lot":"56-L-51"}},{"type":"Feature","geometry":{"type":"Polygon","coordinates":[[[-79.940845,40.407572],[-79.940915,40.407561],[-79.940988,40.407844],[-79.940931,40.407853],[-79.940845,40.407572]]]},"properties":{"parcel_id":"0056L00052000000","block_lot":"56-L-52"}},{"type":"Feature","geometry":{"type":"Polygon","coordinates":[[[-79.940915,40.407561],[-79.94104,40.40754],[-79.941116,40.407823],[-79.940988,40.407844],[-79.940915,40.407561]]]},"properties":{"parcel_id":"0056L00054000000","block_lot":"56-L-54"}},{"type":"Feature","geometry":{"type":"Polygon","coordinates":[[[-79.94104,40.40754],[-79.941108,40.407529],[-79.941193,40.40781],[-79.941116,40.407823],[-79.94104,40.40754]]]},"properties":{"parcel_id":"0056L00055000000","block_lot":"56-L-55"}},{"type":"Feature","geometry":{"type":"Polygon","coordinates":[[[-79.941128,40.407382],[-79.941047,40.407396],[-79.940958,40.407063],[-79.941024,40.407052],[-79.941128,40.407382]]]},"properties":{"parcel_id":"0056L00058000000","block_lot":"56-L-58"}},{"type":"Feature","geometry":{"type":"Polygon","coordinates":[[[-79.941047,40.407396],[-79.940962,40.40741],[-79.940875,40.407077],[-79.940958,40.407063],[-79.941047,40.407396]]]},"properties":{"parcel_id":"0056L00059000000","block_lot":"56-L-59"}},{"type":"Feature","geometry":{"type":"Polygon","coordinates":[[[-79.940962,40.40741],[-79.940831,40.407431],[-79.940748,40.407098],[-79.940875,40.407077],[-79.940962,40.40741]]]},"properties":{"parcel_id":"0056L00060000000","block_lot":"56-L-60"}},{"type":"Feature","geometry":{"type":"Polygon","coordinates":[[[-79.940831,40.407431],[-79.940704,40.407452],[-79.940615,40.40712],[-79.940748,40.407098],[-79.940831,40.407431]]]},"properties":{"parcel_id":"0056L00062000000","block_lot":"56-L-62"}},{"type":"Feature","geometry":{"type":"Polygon","coordinates":[[[-79.940438,40.40715],[-79.940615,40.40712],[-79.940704,40.407452],[-79.940523,40.407482],[-79.940438,40.40715]]]},"properties":{"parcel_id":"0056L00065000000","block_lot":"56-L-65"}},{"type":"Feature","geometry":{"type":"Polygon","coordinates":[[[-79.940337,40.407161],[-79.940428,40.407138],[-79.940438,40.40715],[-79.940523,40.407482],[-79.940435,40.407497],[-79.940337,40.407161]]]},"properties":{"parcel_id":"0056L00067000000","block_lot":"56-L-67"}},{"type":"Feature","geometry":{"type":"Polygon","coordinates":[[[-79.940339,40.407513],[-79.940245,40.407184],[-79.940293,40.407172],[-79.940385,40.407505],[-79.940339,40.407513]]]},"properties":{"parcel_id":"0056L00068000000","block_lot":"56-L-68"}},{"type":"Feature","geometry":{"type":"Polygon","coordinates":[[[-79.940293,40.407172],[-79.940337,40.407161],[-79.940435,40.407497],[-79.940385,40.407505],[-79.940293,40.407172]]]},"properties":{"parcel_id":"0056L00068000A00","block_lot":"56-L-68-A"}},{"type":"Feature","geometry":{"type":"Polygon","coordinates":[[[-79.940224,40.40732],[-79.940282,40.407312],[-79.940339,40.407513],[-79.940279,40.407523],[-79.940224,40.40732]]]},"properties":{"parcel_id":"0056L00069000000","block_lot":"56-L-69"}},{"type":"Feature","geometry":{"type":"Polygon","coordinates":[[[-79.940166,40.407327],[-79.940224,40.40732],[-79.940279,40.407523],[-79.940213,40.407533],[-79.940166,40.407327]]]},"properties":{"parcel_id":"0056L00070000000","block_lot":"56-L-70"}},{"type":"Feature","geometry":{"type":"Polygon","coordinates":[[[-79.940102,40.407335],[-79.940166,40.407327],[-79.940213,40.407533],[-79.940154,40.407543],[-79.940102,40.407335]]]},"properties":{"parcel_id":"0056L00071000000","block_lot":"56-L-71"}},{"type":"Feature","geometry":{"type":"Polygon","coordinates":[[[-79.940154,40.407543],[-79.940105,40.407551],[-79.940044,40.407342],[-79.940102,40.407335],[-79.940154,40.407543]]]},"properties":{"parcel_id":"0056L00072000000","block_lot":"56-L-72"}},{"type":"Feature","geometry":{"type":"Polygon","coordinates":[[[-79.940105,40.407551],[-79.94004,40.407562],[-79.939998,40.407348],[-79.940044,40.407342],[-79.940105,40.407551]]]},"properties":{"parcel_id":"0056L00072000A00","block_lot":"56-L-72-A"}},{"type":"Feature","geometry":{"type":"Polygon","coordinates":[[[-79.939989,40.407299],[-79.940268,40.407265],[-79.940282,40.407312],[-79.939998,40.407348],[-79.939989,40.407299]]]},"properties":{"parcel_id":"0056L00073000000","block_lot":"56-L-73"}},{"type":"Feature","geometry":{"type":"Polygon","coordinates":[[[-79.939979,40.40725],[-79.940245,40.407184],[-79.940268,40.407265],[-79.939989,40.407299],[-79.939979,40.40725]]]},"properties":{"parcel_id":"0056L00074000000","block_lot":"56-L-74"}},{"type":"Feature","geometry":{"type":"Polygon","coordinates":[[[-79.940321,40.406796],[-79.940332,40.406833],[-79.940174,40.406769],[-79.940245,40.407184],[-79.939979,40.40725],[-79.93988,40.406738],[-79.939869,40.406714],[-79.939878,40.406683],[-79.939892,40.406663],[-79.939921,40.406648],[-79.939967,40.406657],[-79.940321,40.406796]]]},"properties":{"parcel_id":"0056L00075000000","block_lot":"56-L-75"}},{"type":"Feature","geometry":{"type":"Polygon","coordinates":[[[-79.940332,40.406833],[-79.940428,40.407138],[-79.940245,40.407184],[-79.940174,40.406769],[-79.940332,40.406833]]]},"properties":{"parcel_id":"0056L00085000000","block_lot":"56-L-85"}},{"type":"Feature","geometry":{"type":"Polygon","coordinates":[[[-79.940438,40.40715],[-79.940428,40.407138],[-79.940321,40.406796],[-79.940414,40.406833],[-79.940479,40.406816],[-79.940574,40.407127],[-79.940438,40.40715]]]},"properties":{"parcel_id":"0056L00087000000","block_lot":"56-L-87"}},{"type":"Feature","geometry":{"type":"Polygon","coordinates":[[[-79.940748,40.407098],[-79.940574,40.407127],[-79.940479,40.406816],[-79.940653,40.406772],[-79.940748,40.407098]]]},"properties":{"parcel_id":"0056L00089000000","block_lot":"56-L-89"}},{"type":"Feature","geometry":{"type":"Polygon","coordinates":[[[-79.940856,40.40708],[-79.940748,40.407098],[-79.940653,40.406772],[-79.94076,40.406745],[-79.940856,40.40708]]]},"properties":{"parcel_id":"0056L00090000000","block_lot":"56-L-90"}},{"type":"Feature","geometry":{"type":"Polygon","coordinates":[[[-79.941399,40.40699],[-79.940856,40.40708],[-79.94076,40.406745],[-79.941294,40.40661],[-79.941399,40.40699]]]},"properties":{"parcel_id":"0056L00091000001","block_lot":"56-L-91-0-1"}},{"type":"Feature","geometry":{"type":"Polygon","coordinates":[[[-79.939139,40.406742],[-79.939366,40.406409],[-79.939446,40.406441],[-79.939211,40.406773],[-79.939185,40.406758],[-79.939139,40.406742]]]},"properties":{"parcel_id":"0056L00099000000","block_lot":"56-L-99"}},{"type":"Feature","geometry":{"type":"Polygon","coordinates":[[[-79.939211,40.406773],[-79.939446,40.406441],[-79.939536,40.406478],[-79.939353,40.406746],[-79.939247,40.406806],[-79.939225,40.40678],[-79.939211,40.406773]]]},"properties":{"parcel_id":"0056L00100000000","block_lot":"56-L-100"}},{"type":"Feature","geometry":{"type":"Polygon","coordinates":[[[-79.939353,40.406746],[-79.939536,40.406478],[-79.939651,40.406524],[-79.939686,40.406706],[-79.939353,40.406746]]]},"properties":{"parcel_id":"0056L00104000000","block_lot":"56-L-104"}},{"type":"Feature","geometry":{"type":"Polygon","coordinates":[[[-79.939247,40.406806],[-79.939353,40.406746],[-79.939686,40.406706],[-79.939699,40.406772],[-79.939257,40.406818],[-79.939247,40.406806]]]},"properties":{"parcel_id":"0056L00105000000","block_lot":"56-L-105"}},{"type":"Feature","geometry":{"type":"Polygon","coordinates":[[[-79.939714,40.406852],[-79.939288,40.406906],[-79.939278,40.406867],[-79.939257,40.406818],[-79.939699,40.406772],[-79.939714,40.406852]]]},"properties":{"parcel_id":"0056L00106000000","block_lot":"56-L-106"}},{"type":"Feature","geometry":{"type":"Polygon","coordinates":[[[-79.939288,40.406906],[-79.939714,40.406852],[-79.939733,40.406945],[-79.939305,40.406992],[-79.939288,40.406906]]]},"properties":{"parcel_id":"0056L00107000000","block_lot":"56-L-107"}},{"type":"Feature","geometry":{"type":"Polygon","coordinates":[[[-79.939305,40.406992],[-79.939733,40.406945],[-79.939765,40.407112],[-79.939337,40.407158],[-79.939305,40.406992]]]},"properties":{"parcel_id":"0056L00111000000","block_lot":"56-L-111"}},{"type":"Feature","geometry":{"type":"Polygon","coordinates":[[[-79.939337,40.407158],[-79.939765,40.407112],[-79.939781,40.407194],[-79.939352,40.407238],[-79.939337,40.407158]]]},"properties":{"parcel_id":"0056L00112000000","block_lot":"56-L-112"}},{"type":"Feature","geometry":{"type":"Polygon","coordinates":[[[-79.939352,40.407238],[-79.939781,40.407194],[-79.939799,40.407289],[-79.939369,40.407328],[-79.939352,40.407238]]]},"properties":{"parcel_id":"0056L00114000000","block_lot":"56-L-114"}},{"type":"Feature","geometry":{"type":"Polygon","coordinates":[[[-79.939369,40.407328],[-79.939799,40.407289],[-79.939815,40.407372],[-79.939558,40.407403],[-79.939369,40.407328]]]},"properties":{"parcel_id":"0056L00115000000","block_lot":"56-L-115"}},{"type":"Feature","geometry":{"type":"Polygon","coordinates":[[[-79.939558,40.407403],[-79.939815,40.407372],[-79.939843,40.407517],[-79.939558,40.407403]]]},"properties":{"parcel_id":"0056L00117000000","block_lot":"56-L-117"}},{"type":"Feature","geometry":{"type":"Polygon","coordinates":[[[-79.939065,40.407208],[-79.939215,40.406987],[-79.939277,40.407294],[-79.939065,40.407208]]]},"properties":{"parcel_id":"0056L00126000000","block_lot":"56-L-126"}},{"type":"Feature","geometry":{"type":"Polygon","coordinates":[[[-79.938961,40.407166],[-79.939173,40.40685],[-79.939196,40.406899],[-79.939215,40.406987],[-79.939065,40.407208],[-79.938961,40.407166]]]},"properties":{"parcel_id":"0056L00128000000","block_lot":"56-L-128"}},{"type":"Feature","geometry":{"type":"Polygon","coordinates":[[[-79.938851,40.407121],[-79.9391,40.406749],[-79.939128,40.40676],[-79.939108,40.406794],[-79.939136,40.406806],[-79.939154,40.406822],[-79.939173,40.40685],[-79.938961,40.407166],[-79.938851,40.407121]]]},"properties":{"parcel_id":"0056L00129000000","block_lot":"56-L-129"}},{"type":"Feature","geometry":{"type":"Polygon","coordinates":[[[-79.9391,40.406749],[-79.938851,40.407121],[-79.938766,40.407086],[-79.939023,40.406718],[-79.9391,40.406749]]]},"properties":{"parcel_id":"0056L00130000000","block_lot":"56-L-130"}},{"type":"Feature","geometry":{"type":"Polygon","coordinates":[[[-79.938667,40.407046],[-79.93892,40.406677],[-79.939023,40.406718],[-79.938766,40.407086],[-79.938667,40.407046]]]},"properties":{"parcel_id":"0056L00131000000","block_lot":"56-L-131"}},{"type":"Feature","geometry":{"type":"Polygon","coordinates":[[[-79.938566,40.407005],[-79.93882,40.406637],[-79.93892,40.406677],[-79.938667,40.407046],[-79.938566,40.407005]]]},"properties":{"parcel_id":"0056L00132000000","block_lot":"56-L-132"}},{"type":"Feature","geometry":{"type":"Polygon","coordinates":[[[-79.93846,40.406961],[-79.938708,40.406592],[-79.93882,40.406637],[-79.938566,40.407005],[-79.93846,40.406961]]]},"properties":{"parcel_id":"0056L00133000000","block_lot":"56-L-133"}},{"type":"Feature","geometry":{"type":"Polygon","coordinates":[[[-79.938592,40.406546],[-79.938708,40.406592],[-79.93846,40.406961],[-79.938348,40.406916],[-79.938592,40.406546]]]},"properties":{"parcel_id":"0056L00134000000","block_lot":"56-L-134"}},{"type":"Feature","geometry":{"type":"Polygon","coordinates":[[[-79.938348,40.406916],[-79.938244,40.406873],[-79.938494,40.406506],[-79.938592,40.406546],[-79.938348,40.406916]]]},"properties":{"parcel_id":"0056L00135000B00","block_lot":"56-L-135-B"}},{"type":"Feature","geometry":{"type":"Polygon","coordinates":[[[-79.938592,40.406546],[-79.938348,40.406916],[-79.938244,40.406873],[-79.938494,40.406506],[-79.938592,40.406546]]]},"properties":{"parcel_id":"0056L00135000L00","block_lot":"56-L-135-L"}},{"type":"Feature","geometry":{"type":"Polygon","coordinates":[[[-79.938146,40.406834],[-79.938384,40.406462],[-79.938494,40.406506],[-79.938244,40.406873],[-79.938146,40.406834]]]},"properties":{"parcel_id":"0056L00136000000","block_lot":"56-L-136"}},{"type":"Feature","geometry":{"type":"Polygon","coordinates":[[[-79.937952,40.406754],[-79.938211,40.406393],[-79.938384,40.406462],[-79.938146,40.406834],[-79.937952,40.406754]]]},"properties":{"parcel_id":"0056L00137000000","block_lot":"56-L-137"}},{"type":"Feature","geometry":{"type":"Polygon","coordinates":[[[-79.936904,40.406724],[-79.937033,40.406538],[-79.937083,40.406559],[-79.936954,40.406743],[-79.936904,40.406724]]]},"properties":{"parcel_id":"0056L00139000000","block_lot":"56-L-139"}},{"type":"Feature","geometry":{"type":"Polygon","coordinates":[[[-79.936954,40.406743],[-79.937083,40.406559],[-79.937134,40.40658],[-79.937005,40.406762],[-79.936954,40.406743]]]},"properties":{"parcel_id":"0056L00140000000","block_lot":"56-L-140"}},{"type":"Feature","geometry":{"type":"Polygon","coordinates":[[[-79.937115,40.406803],[-79.937053,40.40678],[-79.937182,40.406599],[-79.93724,40.406623],[-79.937115,40.406803]]]},"properties":{"parcel_id":"0056L00141000000","block_lot":"56-L-141"}},{"type":"Feature","geometry":{"type":"Polygon","coordinates":[[[-79.937005,40.406762],[-79.937134,40.40658],[-79.937182,40.406599],[-79.937053,40.40678],[-79.937005,40.406762]]]},"properties":{"parcel_id":"0056L00142000000","block_lot":"56-L-142"}},{"type":"Feature","geometry":{"type":"Polygon","coordinates":[[[-79.937022,40.40693],[-79.93707,40.406867],[-79.93724,40.406623],[-79.937308,40.406651],[-79.937087,40.406957],[-79.937022,40.40693]]]},"properties":{"parcel_id":"0056L00143000000","block_lot":"56-L-143"}},{"type":"Feature","geometry":{"type":"Polygon","coordinates":[[[-79.937466,40.406716],[-79.937251,40.407024],[-79.937087,40.406957],[-79.937308,40.406651],[-79.937466,40.406716]]]},"properties":{"parcel_id":"0056L00145000000","block_lot":"56-L-145"}},{"type":"Feature","geometry":{"type":"Polygon","coordinates":[[[-79.937251,40.407024],[-79.937466,40.406716],[-79.937547,40.406749],[-79.937332,40.407057],[-79.937251,40.407024]]]},"properties":{"parcel_id":"0056L00146000000","block_lot":"56-L-146"}},{"type":"Feature","geometry":{"type":"Polygon","coordinates":[[[-79.937332,40.407057],[-79.937547,40.406749],[-79.937608,40.406774],[-79.93739,40.407081],[-79.937332,40.407057]]]},"properties":{"parcel_id":"0056L00147000000","block_lot":"56-L-147"}},{"type":"Feature","geometry":{"type":"Polygon","coordinates":[[[-79.93739,40.407081],[-79.937608,40.406774],[-79.937776,40.40684],[-79.937554,40.407146],[-79.93739,40.407081]]]},"properties":{"parcel_id":"0056L00149000000","block_lot":"56-L-149"}},{"type":"Feature","geometry":{"type":"Polygon","coordinates":[[[-79.937554,40.407146],[-79.937776,40.40684],[-79.937852,40.406871],[-79.937627,40.407177],[-79.937554,40.407146]]]},"properties":{"parcel_id":"0056L00150000000","block_lot":"56-L-150"}},{"type":"Feature","geometry":{"type":"Polygon","coordinates":[[[-79.937627,40.407177],[-79.937852,40.406871],[-79.937924,40.406901],[-79.937703,40.407208],[-79.937627,40.407177]]]},"properties":{"parcel_id":"0056L00151000000","block_lot":"56-L-151"}},{"type":"Feature","geometry":{"type":"Polygon","coordinates":[[[-79.937703,40.407208],[-79.937924,40.406901],[-79.938,40.406932],[-79.937787,40.407243],[-79.937703,40.407208]]]},"properties":{"parcel_id":"0056L00152000000","block_lot":"56-L-152"}},{"type":"Feature","geometry":{"type":"Polygon","coordinates":[[[-79.937787,40.407243],[-79.938,40.406932],[-79.938077,40.406964],[-79.93786,40.407273],[-79.937787,40.407243]]]},"properties":{"parcel_id":"0056L00153000000","block_lot":"56-L-153"}},{"type":"Feature","geometry":{"type":"Polygon","coordinates":[[[-79.93786,40.407273],[-79.938077,40.406964],[-79.938183,40.407006],[-79.937965,40.407316],[-79.93786,40.407273]]]},"properties":{"parcel_id":"0056L00154000000","block_lot":"56-L-154"}},{"type":"Feature","geometry":{"type":"Polygon","coordinates":[[[-79.937965,40.407316],[-79.938183,40.407006],[-79.938289,40.40705],[-79.938074,40.407361],[-79.937965,40.407316]]]},"properties":{"parcel_id":"0056L00155000000","block_lot":"56-L-155"}},{"type":"Feature","geometry":{"type":"Polygon","coordinates":[[[-79.938074,40.407361],[-79.938289,40.40705],[-79.938392,40.407092],[-79.938176,40.407403],[-79.938074,40.407361]]]},"properties":{"parcel_id":"0056L00156000000","block_lot":"56-L-156"}},{"type":"Feature","geometry":{"type":"Polygon","coordinates":[[[-79.938176,40.407403],[-79.938392,40.407092],[-79.938501,40.407137],[-79.938281,40.407446],[-79.938176,40.407403]]]},"properties":{"parcel_id":"0056L00157000000","block_lot":"56-L-157"}},{"type":"Feature","geometry":{"type":"Polygon","coordinates":[[[-79.938281,40.407446],[-79.938501,40.407137],[-79.938599,40.407177],[-79.938384,40.407488],[-79.938281,40.407446]]]},"properties":{"parcel_id":"0056L00158000000","block_lot":"56-L-158"}},{"type":"Feature","geometry":{"type":"Polygon","coordinates":[[[-79.938384,40.407488],[-79.938599,40.407177],[-79.938706,40.407221],[-79.938491,40.407528],[-79.93845,40.407515],[-79.938384,40.407488]]]},"properties":{"parcel_id":"0056L00159000000","block_lot":"56-L-159"}},{"type":"Feature","geometry":{"type":"Polygon","coordinates":[[[-79.938491,40.407528],[-79.938706,40.407221],[-79.938812,40.407264],[-79.938642,40.407509],[-79.938587,40.407522],[-79.93856,40.407531],[-79.938524,40.407532],[-79.938491,40.407528]]]},"properties":{"parcel_id":"0056L00160000000","block_lot":"56-L-160"}},{"type":"Feature","geometry":{"type":"Polygon","coordinates":[[[-79.938642,40.407509],[-79.938812,40.407264],[-79.939002,40.407342],[-79.938959,40.407409],[-79.938941,40.40743],[-79.93892,40.407442],[-79.938642,40.407509]]]},"properties":{"parcel_id":"0056L00163000000","block_lot":"56-L-163"}},{"type":"Feature","geometry":{"type":"Polygon","coordinates":[[[-79.9367,40.407235],[-79.936905,40.406951],[-79.93713,40.407042],[-79.936928,40.407328],[-79.9367,40.407235]]]},"properties":{"parcel_id":"0056L00210000000","block_lot":"56-L-210"}},{"type":"Feature","geometry":{"type":"Polygon","coordinates":[[[-79.936928,40.407328],[-79.93713,40.407042],[-79.937283,40.407104],[-79.937075,40.407388],[-79.936928,40.407328]]]},"properties":{"parcel_id":"0056L00212000000","block_lot":"56-L-212"}},{"type":"Feature","geometry":{"type":"Polygon","coordinates":[[[-79.937075,40.407388],[-79.937283,40.407104],[-79.937357,40.407134],[-79.937154,40.407419],[-79.937075,40.407388]]]},"properties":{"parcel_id":"0056L00213000000","block_lot":"56-L-213"}},{"type":"Feature","geometry":{"type":"Polygon","coordinates":[[[-79.937154,40.407419],[-79.937357,40.407134],[-79.937436,40.407166],[-79.937231,40.407451],[-79.937154,40.407419]]]},"properties":{"parcel_id":"0056L00214000000","block_lot":"56-L-214"}},{"type":"Feature","geometry":{"type":"Polygon","coordinates":[[[-79.937231,40.407451],[-79.937436,40.407166],[-79.93754,40.407208],[-79.937341,40.407495],[-79.937231,40.407451]]]},"properties":{"parcel_id":"0056L00215000000","block_lot":"56-L-215"}},{"type":"Feature","geometry":{"type":"Polygon","coordinates":[[[-79.937341,40.407495],[-79.93754,40.407208],[-79.937658,40.407256],[-79.937458,40.407543],[-79.937341,40.407495]]]},"properties":{"parcel_id":"0056L00216000000","block_lot":"56-L-216"}},{"type":"Feature","geometry":{"type":"Polygon","coordinates":[[[-79.937458,40.407543],[-79.937658,40.407256],[-79.937736,40.407288],[-79.937535,40.407574],[-79.937458,40.407543]]]},"properties":{"parcel_id":"0056L00217000000","block_lot":"56-L-217"}},{"type":"Feature","geometry":{"type":"Polygon","coordinates":[[[-79.937535,40.407574],[-79.937736,40.407288],[-79.937918,40.407362],[-79.937697,40.40768],[-79.937588,40.407634],[-79.937608,40.407603],[-79.937535,40.407574]]]},"properties":{"parcel_id":"0056L00219000000","block_lot":"56-L-219"}},{"type":"Feature","geometry":{"type":"Polygon","coordinates":[[[-79.937697,40.40768],[-79.937918,40.407362],[-79.938023,40.407404],[-79.937798,40.407721],[-79.937697,40.40768]]]},"properties":{"parcel_id":"0056L00220000000","block_lot":"56-L-220"}},{"type":"Feature","geometry":{"type":"Polygon","coordinates":[[[-79.937798,40.407721],[-79.938023,40.407404],[-79.938126,40.407446],[-79.9379,40.407763],[-79.937798,40.407721]]]},"properties":{"parcel_id":"0056L00221000000","block_lot":"56-L-221"}},{"type":"Feature","geometry":{"type":"Polygon","coordinates":[[[-79.9379,40.407763],[-79.938126,40.407446],[-79.938229,40.407488],[-79.938006,40.407807],[-79.9379,40.407763]]]},"properties":{"parcel_id":"0056L00222000000","block_lot":"56-L-222"}},{"type":"Feature","geometry":{"type":"Polygon","coordinates":[[[-79.938006,40.407807],[-79.938229,40.407488],[-79.938329,40.407529],[-79.938099,40.407846],[-79.938006,40.407807]]]},"properties":{"parcel_id":"0056L00224000000","block_lot":"56-L-224"}},{"type":"Feature","geometry":{"type":"Polygon","coordinates":[[[-79.938099,40.407846],[-79.938329,40.407529],[-79.938442,40.407574],[-79.938206,40.40789],[-79.938099,40.407846]]]},"properties":{"parcel_id":"0056L00225000000","block_lot":"56-L-225"}},{"type":"Feature","geometry":{"type":"Polygon","coordinates":[[[-79.938206,40.40789],[-79.938442,40.407574],[-79.938466,40.407583],[-79.938379,40.407944],[-79.938305,40.407925],[-79.938206,40.40789]]]},"properties":{"parcel_id":"0056L00227000000","block_lot":"56-L-227"}},{"type":"Feature","geometry":{"type":"Polygon","coordinates":[[[-79.938379,40.407944],[-79.938466,40.407583],[-79.938483,40.40759],[-79.938508,40.407592],[-79.938562,40.407943],[-79.938504,40.407951],[-79.938396,40.407949],[-79.938379,40.407944]]]},"properties":{"parcel_id":"0056L00229000000","block_lot":"56-L-229"}},{"type":"Feature","geometry":{"type":"Polygon","coordinates":[[[-79.938508,40.407592],[-79.938538,40.407591],[-79.938572,40.407578],[-79.938723,40.407909],[-79.93866,40.407926],[-79.938562,40.407943],[-79.938508,40.407592]]]},"properties":{"parcel_id":"0056L00231000000","block_lot":"56-L-231"}},{"type":"Feature","geometry":{"type":"Polygon","coordinates":[[[-79.938572,40.407578],[-79.938691,40.40755],[-79.938834,40.407878],[-79.938723,40.407909],[-79.938572,40.407578]]]},"properties":{"parcel_id":"0056L00232000000","block_lot":"56-L-232"}},{"type":"Feature","geometry":{"type":"Polygon","coordinates":[[[-79.938691,40.40755],[-79.938798,40.407524],[-79.938944,40.407848],[-79.938834,40.407878],[-79.938691,40.40755]]]},"properties":{"parcel_id":"0056L00233000000","block_lot":"56-L-233"}},{"type":"Feature","geometry":{"type":"Polygon","coordinates":[[[-79.938798,40.407524],[-79.938896,40.4075],[-79.93891,40.407494],[-79.939055,40.407818],[-79.938944,40.407848],[-79.938798,40.407524]]]},"properties":{"parcel_id":"0056L00234000000","block_lot":"56-L-234"}},{"type":"Feature","geometry":{"type":"Polygon","coordinates":[[[-79.939055,40.407818],[-79.93891,40.407494],[-79.938987,40.407464],[-79.93901,40.407446],[-79.939172,40.407786],[-79.939055,40.407818]]]},"properties":{"parcel_id":"0056L00235000000","block_lot":"56-L-235"}},{"type":"Feature","geometry":{"type":"Polygon","coordinates":[[[-79.93901,40.407446],[-79.939018,40.407439],[-79.939068,40.407369],[-79.939118,40.407389],[-79.939286,40.407755],[-79.939172,40.407786],[-79.93901,40.407446]]]},"properties":{"parcel_id":"0056L00236000000","block_lot":"56-L-236"}},{"type":"Feature","geometry":{"type":"Polygon","coordinates":[[[-79.939118,40.407389],[-79.939268,40.40745],[-79.93939,40.407726],[-79.939286,40.407755],[-79.939118,40.407389]]]},"properties":{"parcel_id":"0056L00237000000","block_lot":"56-L-237"}},{"type":"Feature","geometry":{"type":"Polygon","coordinates":[[[-79.939268,40.40745],[-79.939613,40.407589],[-79.93963,40.407597],[-79.939635,40.40761],[-79.939632,40.407636],[-79.939623,40.407652],[-79.939595,40.407669],[-79.93939,40.407726],[-79.939268,40.40745]]]},"properties":{"parcel_id":"0056L00240000000","block_lot":"56-L-240"}},{"type":"Feature","geometry":{"type":"Polygon","coordinates":[[[-79.939517,40.407845],[-79.939523,40.407912],[-79.939447,40.407918],[-79.939442,40.407866],[-79.939517,40.407845]]]},"properties":{"parcel_id":"0056L00242000000","block_lot":"56-L-242"}},{"type":"Feature","geometry":{"type":"Polygon","coordinates":[[[-79.939517,40.407845],[-79.939864,40.407753],[-79.939879,40.407886],[-79.939523,40.407912],[-79.939517,40.407845]]]},"properties":{"parcel_id":"0056L00244000000","block_lot":"56-L-244"}},{"type":"Feature","geometry":{"type":"Polygon","coordinates":[[[-79.939447,40.407918],[-79.939879,40.407886],[-79.939888,40.407967],[-79.939456,40.407995],[-79.939447,40.407918]]]},"properties":{"parcel_id":"0056L00245000000","block_lot":"56-L-245"}},{"type":"Feature","geometry":{"type":"Polygon","coordinates":[[[-79.939456,40.407995],[-79.939888,40.407967],[-79.939907,40.408135],[-79.939474,40.408162],[-79.939456,40.407995]]]},"properties":{"parcel_id":"0056L00247000000","block_lot":"56-L-247"}},{"type":"Feature","geometry":{"type":"Polygon","coordinates":[[[-79.939474,40.408162],[-79.939907,40.408135],[-79.939916,40.408215],[-79.939483,40.408239],[-79.939474,40.408162]]]},"properties":{"parcel_id":"0056L00248000000","block_lot":"56-L-248"}},{"type":"Feature","geometry":{"type":"Polygon","coordinates":[[[-79.939483,40.408239],[-79.939916,40.408215],[-79.939925,40.408293],[-79.939492,40.40832],[-79.939483,40.408239]]]},"properties":{"parcel_id":"0056L00249000000","block_lot":"56-L-249"}},{"type":"Feature","geometry":{"type":"Polygon","coordinates":[[[-79.939498,40.408377],[-79.939492,40.40832],[-79.939925,40.408293],[-79.939932,40.408349],[-79.939498,40.408377]]]},"properties":{"parcel_id":"0056L00250000000","block_lot":"56-L-250"}},{"type":"Feature","geometry":{"type":"Polygon","coordinates":[[[-79.939938,40.408403],[-79.939504,40.408429],[-79.939498,40.408377],[-79.939932,40.408349],[-79.939938,40.408403]]]},"properties":{"parcel_id":"0056L00251000000","block_lot":"56-L-251"}},{"type":"Feature","geometry":{"type":"Polygon","coordinates":[[[-79.93951,40.408488],[-79.939504,40.408429],[-79.939938,40.408403],[-79.939944,40.408459],[-79.93951,40.408488]]]},"properties":{"parcel_id":"0056L00252000000","block_lot":"56-L-252"}},{"type":"Feature","geometry":{"type":"Polygon","coordinates":[[[-79.939528,40.408649],[-79.93951,40.408488],[-79.939944,40.408459],[-79.939962,40.408621],[-79.939528,40.408649]]]},"properties":{"parcel_id":"0056L00254000000","block_lot":"56-L-254"}},{"type":"Feature","geometry":{"type":"Polygon","coordinates":[[[-79.939528,40.408649],[-79.939962,40.408621],[-79.939969,40.408677],[-79.939534,40.408704],[-79.939528,40.408649]]]},"properties":{"parcel_id":"0056L00255000000","block_lot":"56-L-255"}},{"type":"Feature","geometry":{"type":"Polygon","coordinates":[[[-79.939534,40.408704],[-79.939969,40.408677],[-79.939991,40.408876],[-79.939555,40.408897],[-79.939534,40.408704]]]},"properties":{"parcel_id":"0056L00258000000","block_lot":"56-L-258"}},{"type":"Feature","geometry":{"type":"Polygon","coordinates":[[[-79.939555,40.408897],[-79.939991,40.408876],[-79.940001,40.408965],[-79.939565,40.408984],[-79.939555,40.408897]]]},"properties":{"parcel_id":"0056L00259000000","block_lot":"56-L-259"}},{"type":"Feature","geometry":{"type":"Polygon","coordinates":[[[-79.93917,40.408107],[-79.9394,40.408055],[-79.939412,40.40814],[-79.939169,40.408156],[-79.93917,40.408107]]]},"properties":{"parcel_id":"0056L00272000000","block_lot":"56-L-272"}},{"type":"Feature","geometry":{"type":"Polygon","coordinates":[[[-79.939213,40.40838],[-79.939205,40.408316],[-79.939431,40.408302],[-79.939438,40.408364],[-79.939213,40.40838]]]},"properties":{"parcel_id":"0056L00277000000","block_lot":"56-L-277"}},{"type":"Feature","geometry":{"type":"Polygon","coordinates":[[[-79.939444,40.408424],[-79.939219,40.408437],[-79.939213,40.40838],[-79.939438,40.408364],[-79.939444,40.408424]]]},"properties":{"parcel_id":"0056L00278000000","block_lot":"56-L-278"}},{"type":"Feature","geometry":{"type":"Polygon","coordinates":[[[-79.939224,40.408495],[-79.939219,40.408437],[-79.939444,40.408424],[-79.939449,40.408482],[-79.939224,40.408495]]]},"properties":{"parcel_id":"0056L00279000000","block_lot":"56-L-279"}},{"type":"Feature","geometry":{"type":"Polygon","coordinates":[[[-79.939224,40.408495],[-79.939449,40.408482],[-79.939454,40.408537],[-79.939231,40.408546],[-79.939224,40.408495]]]},"properties":{"parcel_id":"0056L00280000000","block_lot":"56-L-280"}},{"type":"Feature","geometry":{"type":"Polygon","coordinates":[[[-79.939231,40.408546],[-79.939454,40.408537],[-79.939461,40.408595],[-79.939238,40.408607],[-79.939231,40.408546]]]},"properties":{"parcel_id":"0056L00281000000","block_lot":"56-L-281"}},{"type":"Feature","geometry":{"type":"Polygon","coordinates":[[[-79.939238,40.408607],[-79.939461,40.408595],[-79.939471,40.408654],[-79.939246,40.408667],[-79.939238,40.408607]]]},"properties":{"parcel_id":"0056L00282000000","block_lot":"56-L-282"}},{"type":"Feature","geometry":{"type":"Polygon","coordinates":[[[-79.939246,40.408667],[-79.939471,40.408654],[-79.939478,40.408712],[-79.939253,40.408723],[-79.939246,40.408667]]]},"properties":{"parcel_id":"0056L00283000000","block_lot":"56-L-283"}},{"type":"Feature","geometry":{"type":"Polygon","coordinates":[[[-79.939253,40.408723],[-79.939478,40.408712],[-79.939483,40.408765],[-79.939259,40.408775],[-79.939253,40.408723]]]},"properties":{"parcel_id":"0056L00284000000","block_lot":"56-L-284"}},{"type":"Feature","geometry":{"type":"Polygon","coordinates":[[[-79.939259,40.408775],[-79.939483,40.408765],[-79.939489,40.408822],[-79.939266,40.408834],[-79.939259,40.408775]]]},"properties":{"parcel_id":"0056L00285000000","block_lot":"56-L-285"}},{"type":"Feature","geometry":{"type":"Polygon","coordinates":[[[-79.939275,40.4089],[-79.939266,40.408834],[-79.939489,40.408822],[-79.939497,40.408888],[-79.939275,40.4089]]]},"properties":{"parcel_id":"0056L00286000000","block_lot":"56-L-286"}},{"type":"Feature","geometry":{"type":"Polygon","coordinates":[[[-79.939281,40.408958],[-79.939275,40.4089],[-79.939497,40.408888],[-79.939503,40.408947],[-79.939281,40.408958]]]},"properties":{"parcel_id":"0056L00287000000","block_lot":"56-L-287"}},{"type":"Feature","geometry":{"type":"Polygon","coordinates":[[[-79.939509,40.409004],[-79.939288,40.409014],[-79.939281,40.408958],[-79.939503,40.408947],[-79.939509,40.409004]]]},"properties":{"parcel_id":"0056L00287000A00","block_lot":"56-L-287-A"}},{"type":"Feature","geometry":{"type":"Polygon","coordinates":[[[-79.939039,40.408951],[-79.939032,40.408898],[-79.939273,40.408886],[-79.93928,40.40894],[-79.939039,40.408951]]]},"properties":{"parcel_id":"0056L00288000000","block_lot":"56-L-288"}},{"type":"Feature","geometry":{"type":"Polygon","coordinates":[[[-79.939026,40.408844],[-79.939266,40.408834],[-79.939273,40.408886],[-79.939032,40.408898],[-79.939026,40.408844]]]},"properties":{"parcel_id":"0056L00289000000","block_lot":"56-L-289"}},{"type":"Feature","geometry":{"type":"Polygon","coordinates":[[[-79.939014,40.408737],[-79.939253,40.408723],[-79.939259,40.408775],[-79.93902,40.408783],[-79.939014,40.408737]]]},"properties":{"parcel_id":"0056L00290000000","block_lot":"56-L-290"}},{"type":"Feature","geometry":{"type":"Polygon","coordinates":[[[-79.93902,40.408783],[-79.939259,40.408775],[-79.939266,40.408834],[-79.939026,40.408844],[-79.93902,40.408783]]]},"properties":{"parcel_id":"0056L00291000000","block_lot":"56-L-291"}},{"type":"Feature","geometry":{"type":"Polygon","coordinates":[[[-79.939014,40.408737],[-79.939009,40.408678],[-79.939246,40.408667],[-79.939253,40.408723],[-79.939014,40.408737]]]},"properties":{"parcel_id":"0056L00292000000","block_lot":"56-L-292"}},{"type":"Feature","geometry":{"type":"Polygon","coordinates":[[[-79.939246,40.408667],[-79.939009,40.408678],[-79.939003,40.40863],[-79.93924,40.408618],[-79.939246,40.408667]]]},"properties":{"parcel_id":"0056L00293000000","block_lot":"56-L-293"}},{"type":"Feature","geometry":{"type":"Polygon","coordinates":[[[-79.938998,40.408578],[-79.939233,40.408565],[-79.93924,40.408618],[-79.939003,40.40863],[-79.938998,40.408578]]]},"properties":{"parcel_id":"0056L00293000A00","block_lot":"56-L-293-A"}},{"type":"Feature","geometry":{"type":"Polygon","coordinates":[[[-79.938995,40.40853],[-79.939227,40.408518],[-79.939233,40.408565],[-79.938998,40.408578],[-79.938995,40.40853]]]},"properties":{"parcel_id":"0056L00294000000","block_lot":"56-L-294"}},{"type":"Feature","geometry":{"type":"Polygon","coordinates":[[[-79.938991,40.408476],[-79.939222,40.408468],[-79.939227,40.408518],[-79.938995,40.40853],[-79.938991,40.408476]]]},"properties":{"parcel_id":"0056L00296000000","block_lot":"56-L-296"}},{"type":"Feature","geometry":{"type":"Polygon","coordinates":[[[-79.939222,40.408468],[-79.938991,40.408476],[-79.938987,40.408427],[-79.939217,40.408418],[-79.939222,40.408468]]]},"properties":{"parcel_id":"0056L00297000000","block_lot":"56-L-297"}},{"type":"Feature","geometry":{"type":"Polygon","coordinates":[[[-79.938983,40.408376],[-79.93921,40.408366],[-79.939217,40.408418],[-79.938987,40.408427],[-79.938983,40.408376]]]},"properties":{"parcel_id":"0056L00298000000","block_lot":"56-L-298"}},{"type":"Feature","geometry":{"type":"Polygon","coordinates":[[[-79.938979,40.408327],[-79.939205,40.408316],[-79.93921,40.408366],[-79.938983,40.408376],[-79.938979,40.408327]]]},"properties":{"parcel_id":"0056L00299000000","block_lot":"56-L-299"}},{"type":"Feature","geometry":{"type":"Polygon","coordinates":[[[-79.938972,40.408244],[-79.939024,40.408243],[-79.939193,40.408231],[-79.939421,40.40821],[-79.939431,40.408302],[-79.939205,40.408316],[-79.938979,40.408327],[-79.938972,40.408244]]]},"properties":{"parcel_id":"0056L00300000000","block_lot":"56-L-300"}},{"type":"Feature","geometry":{"type":"Polygon","coordinates":[[[-79.938966,40.40817],[-79.939412,40.40814],[-79.939421,40.40821],[-79.939193,40.408231],[-79.939024,40.408243],[-79.938972,40.408244],[-79.938966,40.40817]]]},"properties":{"parcel_id":"0056L00301000000","block_lot":"56-L-301"}},{"type":"Feature","geometry":{"type":"Polygon","coordinates":[[[-79.939357,40.408065],[-79.939281,40.40791],[-79.939371,40.407886],[-79.9394,40.408055],[-79.939357,40.408065]]]},"properties":{"parcel_id":"0056L00303000000","block_lot":"56-L-303"}},{"type":"Feature","geometry":{"type":"Polygon","coordinates":[[[-79.939222,40.407926],[-79.939281,40.40791],[-79.939357,40.408065],[-79.939294,40.408079],[-79.939222,40.407926]]]},"properties":{"parcel_id":"0056L00304000000","block_lot":"56-L-304"}},{"type":"Feature","geometry":{"type":"Polygon","coordinates":[[[-79.939164,40.407941],[-79.939222,40.407926],[-79.939294,40.408079],[-79.939231,40.408093],[-79.939164,40.407941]]]},"properties":{"parcel_id":"0056L00305000000","block_lot":"56-L-305"}},{"type":"Feature","geometry":{"type":"Polygon","coordinates":[[[-79.93917,40.408107],[-79.939091,40.407961],[-79.939164,40.407941],[-79.939231,40.408093],[-79.93917,40.408107]]]},"properties":{"parcel_id":"0056L00306000000","block_lot":"56-L-306"}},{"type":"Feature","geometry":{"type":"Polygon","coordinates":[[[-79.939091,40.407961],[-79.93917,40.408107],[-79.939169,40.408156],[-79.938966,40.40817],[-79.938938,40.408003],[-79.939091,40.407961]]]},"properties":{"parcel_id":"0056L00307000000","block_lot":"56-L-307"}},{"type":"Feature","geometry":{"type":"Polygon","coordinates":[[[-79.93877,40.408187],[-79.938273,40.40822],[-79.938262,40.408125],[-79.93829,40.408082],[-79.938313,40.408078],[-79.938338,40.408082],[-79.93838,40.408096],[-79.938434,40.408098],[-79.938593,40.408079],[-79.938673,40.408073],[-79.938756,40.408055],[-79.93877,40.408187]]]},"properties":{"parcel_id":"0056L00311000000","block_lot":"56-L-311"}},{"type":"Feature","geometry":{"type":"Polygon","coordinates":[[[-79.938273,40.40822],[-79.93877,40.408187],[-79.938779,40.408266],[-79.938281,40.408299],[-79.938273,40.40822]]]},"properties":{"parcel_id":"0056L00312000000","block_lot":"56-L-312"}},{"type":"Feature","geometry":{"type":"Polygon","coordinates":[[[-79.938787,40.408346],[-79.93829,40.408384],[-79.938281,40.408299],[-79.938779,40.408266],[-79.938787,40.408346]]]},"properties":{"parcel_id":"0056L00313000000","block_lot":"56-L-313"}},{"type":"Feature","geometry":{"type":"Polygon","coordinates":[[[-79.93829,40.408384],[-79.938787,40.408346],[-79.938796,40.408431],[-79.938299,40.408461],[-79.93829,40.408384]]]},"properties":{"parcel_id":"0056L00314000000","block_lot":"56-L-314"}},{"type":"Feature","geometry":{"type":"Polygon","coordinates":[[[-79.938299,40.408461],[-79.938796,40.408431],[-79.938805,40.408513],[-79.938308,40.40855],[-79.938299,40.408461]]]},"properties":{"parcel_id":"0056L00315000000","block_lot":"56-L-315"}},{"type":"Feature","geometry":{"type":"Polygon","coordinates":[[[-79.938308,40.40855],[-79.938805,40.408513],[-79.938813,40.408596],[-79.938317,40.40863],[-79.938308,40.40855]]]},"properties":{"parcel_id":"0056L00316000000","block_lot":"56-L-316"}},{"type":"Feature","geometry":{"type":"Polygon","coordinates":[[[-79.938317,40.40863],[-79.938813,40.408596],[-79.938822,40.408679],[-79.938326,40.408713],[-79.938317,40.40863]]]},"properties":{"parcel_id":"0056L00317000000","block_lot":"56-L-317"}},{"type":"Feature","geometry":{"type":"Polygon","coordinates":[[[-79.938326,40.408713],[-79.938822,40.408679],[-79.93883,40.408756],[-79.938334,40.408787],[-79.938326,40.408713]]]},"properties":{"parcel_id":"0056L00318000000","block_lot":"56-L-318"}},{"type":"Feature","geometry":{"type":"Polygon","coordinates":[[[-79.938334,40.408787],[-79.93883,40.408756],[-79.938848,40.408922],[-79.938352,40.408953],[-79.938334,40.408787]]]},"properties":{"parcel_id":"0056L00320000000","block_lot":"56-L-320"}},{"type":"Feature","geometry":{"type":"Polygon","coordinates":[[[-79.938362,40.409043],[-79.938352,40.408953],[-79.938848,40.408922],[-79.938857,40.409009],[-79.938362,40.409043]]]},"properties":{"parcel_id":"0056L00321000000","block_lot":"56-L-321"}},{"type":"Feature","geometry":{"type":"Polygon","coordinates":[[[-79.938199,40.408905],[-79.937852,40.408928],[-79.937836,40.408781],[-79.938183,40.40876],[-79.938199,40.408905]]]},"properties":{"parcel_id":"0056L00336000000","block_lot":"56-L-336"}},{"type":"Feature","geometry":{"type":"Polygon","coordinates":[[[-79.937836,40.408781],[-79.937829,40.408717],[-79.938176,40.408696],[-79.938183,40.40876],[-79.937836,40.408781]]]},"properties":{"parcel_id":"0056L00338000000","block_lot":"56-L-338"}},{"type":"Feature","geometry":{"type":"Polygon","coordinates":[[[-79.938176,40.408696],[-79.937829,40.408717],[-79.937822,40.40865],[-79.938169,40.408626],[-79.938176,40.408696]]]},"properties":{"parcel_id":"0056L00339000000","block_lot":"56-L-339"}},{"type":"Feature","geometry":{"type":"Polygon","coordinates":[[[-79.937814,40.408582],[-79.938162,40.408561],[-79.938169,40.408626],[-79.937822,40.40865],[-79.937814,40.408582]]]},"properties":{"parcel_id":"0056L00340000000","block_lot":"56-L-340"}},{"type":"Feature","geometry":{"type":"Polygon","coordinates":[[[-79.937807,40.408517],[-79.938154,40.408489],[-79.938162,40.408561],[-79.937814,40.408582],[-79.937807,40.408517]]]},"properties":{"parcel_id":"0056L00341000000","block_lot":"56-L-341"}},{"type":"Feature","geometry":{"type":"Polygon","coordinates":[[[-79.937807,40.408517],[-79.937799,40.408447],[-79.938147,40.408425],[-79.938154,40.408489],[-79.937807,40.408517]]]},"properties":{"parcel_id":"0056L00342000000","block_lot":"56-L-342"}},{"type":"Feature","geometry":{"type":"Polygon","coordinates":[[[-79.938147,40.408425],[-79.937799,40.408447],[-79.937792,40.408381],[-79.93814,40.408362],[-79.938147,40.408425]]]},"properties":{"parcel_id":"0056L00343000000","block_lot":"56-L-343"}},{"type":"Feature","geometry":{"type":"Polygon","coordinates":[[[-79.93814,40.408362],[-79.937792,40.408381],[-79.937784,40.40831],[-79.938133,40.408292],[-79.93814,40.408362]]]},"properties":{"parcel_id":"0056L00344000000","block_lot":"56-L-344"}},{"type":"Feature","geometry":{"type":"Polygon","coordinates":[[[-79.937784,40.40831],[-79.937776,40.408236],[-79.938125,40.408217],[-79.938133,40.408292],[-79.937784,40.40831]]]},"properties":{"parcel_id":"0056L00345000000","block_lot":"56-L-345"}},{"type":"Feature","geometry":{"type":"Polygon","coordinates":[[[-79.937761,40.4081],[-79.93811,40.408081],[-79.938125,40.408217],[-79.937776,40.408236],[-79.937761,40.4081]]]},"properties":{"parcel_id":"0056L00346000000","block_lot":"56-L-346"}},{"type":"Feature","geometry":{"type":"Polygon","coordinates":[[[-79.93811,40.408081],[-79.937761,40.4081],[-79.937734,40.407855],[-79.938102,40.408008],[-79.93811,40.408081]]]},"properties":{"parcel_id":"0056L00349000000","block_lot":"56-L-349"}},{"type":"Feature","geometry":{"type":"Polygon","coordinates":[[[-79.937379,40.407711],[-79.937572,40.407784],[-79.937606,40.408117],[-79.93724,40.408138],[-79.937328,40.408026],[-79.937207,40.407974],[-79.937345,40.407758],[-79.937379,40.407711]]]},"properties":{"parcel_id":"0056L00365000000","block_lot":"56-L-365"}},{"type":"Feature","geometry":{"type":"Polygon","coordinates":[[[-79.93724,40.408138],[-79.937606,40.408117],[-79.937612,40.408184],[-79.93719,40.408204],[-79.93724,40.408138]]]},"properties":{"parcel_id":"0056L00366000000","block_lot":"56-L-366"}},{"type":"Feature","geometry":{"type":"Polygon","coordinates":[[[-79.93714,40.408276],[-79.937621,40.408251],[-79.937631,40.40832],[-79.93709,40.408347],[-79.93714,40.408276]]]},"properties":{"parcel_id":"0056L00368000000","block_lot":"56-L-368"}},{"type":"Feature","geometry":{"type":"Polygon","coordinates":[[[-79.93719,40.408204],[-79.937612,40.408184],[-79.937621,40.408251],[-79.93714,40.408276],[-79.93719,40.408204]]]},"properties":{"parcel_id":"0056L00369000000","block_lot":"56-L-369"}},{"type":"Feature","geometry":{"type":"Polygon","coordinates":[[[-79.936918,40.408907],[-79.936844,40.408687],[-79.93709,40.408347],[-79.937631,40.40832],[-79.937691,40.408868],[-79.936918,40.408907]]]},"properties":{"parcel_id":"0056L00380000000","block_lot":"56-L-380"}},{"type":"Feature","geometry":{"type":"Polygon","coordinates":[[[-79.936632,40.406771],[-79.937022,40.40693],[-79.936987,40.406984],[-79.936905,40.406951],[-79.9367,40.407235],[-79.936396,40.407112],[-79.936632,40.406771]]]},"properties":{"parcel_id":"0056M00004000000","block_lot":"56-M-4"}},{"type":"Feature","geometry":{"type":"Polygon","coordinates":[[[-79.937022,40.40693],[-79.936632,40.406771],[-79.936675,40.406709],[-79.93707,40.406867],[-79.937022,40.40693]]]},"properties":{"parcel_id":"0056M00013000000","block_lot":"56-M-13"}},{"type":"Feature","geometry":{"type":"Polygon","coordinates":[[[-79.936675,40.406709],[-79.936714,40.406653],[-79.937115,40.406803],[-79.93707,40.406867],[-79.936675,40.406709]]]},"properties":{"parcel_id":"0056M00014000000","block_lot":"56-M-14"}},{"type":"Feature","geometry":{"type":"Polygon","coordinates":[[[-79.936714,40.406653],[-79.936846,40.406462],[-79.9369,40.406484],[-79.936763,40.406671],[-79.936714,40.406653]]]},"properties":{"parcel_id":"0056M00015000000","block_lot":"56-M-15"}},{"type":"Feature","geometry":{"type":"Polygon","coordinates":[[[-79.936763,40.406671],[-79.9369,40.406484],[-79.936948,40.406504],[-79.936814,40.40669],[-79.936763,40.406671]]]},"properties":{"parcel_id":"0056M00016000000","block_lot":"56-M-16"}},{"type":"Feature","geometry":{"type":"Polygon","coordinates":[[[-79.93686,40.406708],[-79.936814,40.40669],[-79.936948,40.406504],[-79.93699,40.406521],[-79.93686,40.406708]]]},"properties":{"parcel_id":"0056M00017000000","block_lot":"56-M-17"}},{"type":"Feature","geometry":{"type":"Polygon","coordinates":[[[-79.936904,40.406724],[-79.93686,40.406708],[-79.93699,40.406521],[-79.937033,40.406538],[-79.936904,40.406724]]]},"properties":{"parcel_id":"0056M00018000000","block_lot":"56-M-18"}},{"type":"Feature","geometry":{"type":"Polygon","coordinates":[[[-79.936047,40.406757],[-79.936353,40.406861],[-79.936269,40.406983],[-79.936047,40.406757]]]},"properties":{"parcel_id":"0056M00021000000","block_lot":"56-M-21"}},{"type":"Feature","geometry":{"type":"Polygon","coordinates":[[[-79.936047,40.406757],[-79.935977,40.406685],[-79.936248,40.406292],[-79.936641,40.406442],[-79.936353,40.406861],[-79.936047,40.406757]]]},"properties":{"parcel_id":"0056M00022000000","block_lot":"56-M-22"}},{"type":"Feature","geometry":{"type":"Polygon","coordinates":[[[-79.945678,40.406604],[-79.945631,40.406611],[-79.945585,40.406403],[-79.945636,40.406396],[-79.945678,40.406604]]]},"properties":{"parcel_id":"0056N00001000000","block_lot":"56-N-1"}},{"type":"Feature","geometry":{"type":"Polygon","coordinates":[[[-79.945819,40.406582],[-79.945735,40.406595],[-79.945697,40.406388],[-79.945776,40.406378],[-79.945819,40.406582]]]},"properties":{"parcel_id":"0056N00002000000","block_lot":"56-N-2"}},{"type":"Feature","geometry":{"type":"Polygon","coordinates":[[[-79.945636,40.406396],[-79.945697,40.406388],[-79.945735,40.406595],[-79.945678,40.406604],[-79.945636,40.406396]]]},"properties":{"parcel_id":"0056N00003000000","block_lot":"56-N-3"}},{"type":"Feature","geometry":{"type":"Polygon","coordinates":[[[-79.945631,40.406611],[-79.945521,40.406629],[-79.945471,40.406418],[-79.945585,40.406403],[-79.945631,40.406611]]]},"properties":{"parcel_id":"0056N00004000000","block_lot":"56-N-4"}},{"type":"Feature","geometry":{"type":"Polygon","coordinates":[[[-79.945367,40.406431],[-79.945471,40.406418],[-79.945521,40.406629],[-79.945414,40.406646],[-79.945367,40.406431]]]},"properties":{"parcel_id":"0056N00005000000","block_lot":"56-N-5"}},{"type":"Feature","geometry":{"type":"Polygon","coordinates":[[[-79.945346,40.406345],[-79.945758,40.406297],[-79.945776,40.406378],[-79.945367,40.406431],[-79.945346,40.406345]]]},"properties":{"parcel_id":"0056N00006000000","block_lot":"56-N-6"}},{"type":"Feature","geometry":{"type":"Polygon","coordinates":[[[-79.945758,40.406297],[-79.945346,40.406345],[-79.945334,40.406286],[-79.945744,40.406233],[-79.945758,40.406297]]]},"properties":{"parcel_id":"0056N00007000000","block_lot":"56-N-7"}},{"type":"Feature","geometry":{"type":"Polygon","coordinates":[[[-79.945744,40.406233],[-79.945334,40.406286],[-79.945316,40.406221],[-79.945727,40.406167],[-79.945744,40.406233]]]},"properties":{"parcel_id":"0056N00008000000","block_lot":"56-N-8"}},{"type":"Feature","geometry":{"type":"Polygon","coordinates":[[[-79.945727,40.406167],[-79.945316,40.406221],[-79.945301,40.406154],[-79.945713,40.4061],[-79.945727,40.406167]]]},"properties":{"parcel_id":"0056N00009000000","block_lot":"56-N-9"}},{"type":"Feature","geometry":{"type":"Polygon","coordinates":[[[-79.945301,40.406154],[-79.945288,40.406088],[-79.9457,40.406035],[-79.945713,40.4061],[-79.945301,40.406154]]]},"properties":{"parcel_id":"0056N00010000000","block_lot":"56-N-10"}},{"type":"Feature","geometry":{"type":"Polygon","coordinates":[[[-79.945274,40.406027],[-79.945686,40.40597],[-79.9457,40.406035],[-79.945288,40.406088],[-79.945274,40.406027]]]},"properties":{"parcel_id":"0056N00011000000","block_lot":"56-N-11"}},{"type":"Feature","geometry":{"type":"Polygon","coordinates":[[[-79.945259,40.405957],[-79.945673,40.405905],[-79.945686,40.40597],[-79.945274,40.406027],[-79.945259,40.405957]]]},"properties":{"parcel_id":"0056N00012000000","block_lot":"56-N-12"}},{"type":"Feature","geometry":{"type":"Polygon","coordinates":[[[-79.945246,40.405899],[-79.945662,40.405855],[-79.945673,40.405905],[-79.945259,40.405957],[-79.945246,40.405899]]]},"properties":{"parcel_id":"0056N00013000000","block_lot":"56-N-13"}},{"type":"Feature","geometry":{"type":"Polygon","coordinates":[[[-79.945239,40.405866],[-79.945654,40.405814],[-79.945662,40.405855],[-79.945246,40.405899],[-79.945239,40.405866]]]},"properties":{"parcel_id":"0056N00014000000","block_lot":"56-N-14"}},{"type":"Feature","geometry":{"type":"Polygon","coordinates":[[[-79.945654,40.405814],[-79.945239,40.405866],[-79.945229,40.405821],[-79.945646,40.405775],[-79.945654,40.405814]]]},"properties":{"parcel_id":"0056N00015000000","block_lot":"56-N-15"}},{"type":"Feature","geometry":{"type":"Polygon","coordinates":[[[-79.945216,40.405757],[-79.945632,40.405706],[-79.945646,40.405775],[-79.945229,40.405821],[-79.945216,40.405757]]]},"properties":{"parcel_id":"0056N00016000000","block_lot":"56-N-16"}},{"type":"Feature","geometry":{"type":"Polygon","coordinates":[[[-79.945188,40.405627],[-79.945441,40.405595],[-79.945464,40.405726],[-79.945216,40.405757],[-79.945188,40.405627]]]},"properties":{"parcel_id":"0056N00018000000","block_lot":"56-N-18"}},{"type":"Feature","geometry":{"type":"Polygon","coordinates":[[[-79.945177,40.405575],[-79.945595,40.405525],[-79.945605,40.405574],[-79.945188,40.405627],[-79.945177,40.405575]]]},"properties":{"parcel_id":"0056N00020000000","block_lot":"56-N-20"}},{"type":"Feature","geometry":{"type":"Polygon","coordinates":[[[-79.945595,40.405525],[-79.945177,40.405575],[-79.945167,40.405532],[-79.945585,40.40548],[-79.945595,40.405525]]]},"properties":{"parcel_id":"0056N00021000000","block_lot":"56-N-21"}},{"type":"Feature","geometry":{"type":"Polygon","coordinates":[[[-79.945158,40.405488],[-79.945577,40.405441],[-79.945585,40.40548],[-79.945167,40.405532],[-79.945158,40.405488]]]},"properties":{"parcel_id":"0056N00022000000","block_lot":"56-N-22"}},{"type":"Feature","geometry":{"type":"Polygon","coordinates":[[[-79.945441,40.405595],[-79.945605,40.405574],[-79.945632,40.405706],[-79.945464,40.405726],[-79.945441,40.405595]]]},"properties":{"parcel_id":"0056N00033000000","block_lot":"56-N-33"}},{"type":"Feature","geometry":{"type":"Polygon","coordinates":[[[-79.945377,40.405463],[-79.945347,40.405338],[-79.945551,40.405314],[-79.945577,40.405441],[-79.945377,40.405463]]]},"properties":{"parcel_id":"0056N00037000000","block_lot":"56-N-37"}},{"type":"Feature","geometry":{"type":"Polygon","coordinates":[[[-79.945482,40.405169],[-79.94552,40.405164],[-79.945551,40.405314],[-79.94551,40.405319],[-79.945482,40.405169]]]},"properties":{"parcel_id":"0056N00040000000","block_lot":"56-N-40"}},{"type":"Feature","geometry":{"type":"Polygon","coordinates":[[[-79.945427,40.405175],[-79.945482,40.405169],[-79.94551,40.405319],[-79.945455,40.405325],[-79.945427,40.405175]]]},"properties":{"parcel_id":"0056N00041000000","block_lot":"56-N-41"}},{"type":"Feature","geometry":{"type":"Polygon","coordinates":[[[-79.945377,40.405181],[-79.945427,40.405175],[-79.945455,40.405325],[-79.945404,40.405331],[-79.945377,40.405181]]]},"properties":{"parcel_id":"0056N00042000000","block_lot":"56-N-42"}},{"type":"Feature","geometry":{"type":"Polygon","coordinates":[[[-79.945347,40.405338],[-79.945311,40.405189],[-79.945377,40.405181],[-79.945404,40.405331],[-79.945347,40.405338]]]},"properties":{"parcel_id":"0056N00043000000","block_lot":"56-N-43"}},{"type":"Feature","geometry":{"type":"Polygon","coordinates":[[[-79.945736,40.404832],[-79.945528,40.404858],[-79.945504,40.404747],[-79.94571,40.404722],[-79.945736,40.404832]]]},"properties":{"parcel_id":"0056N00052000000","block_lot":"56-N-52"}},{"type":"Feature","geometry":{"type":"Polygon","coordinates":[[[-79.94588,40.405464],[-79.945672,40.40549],[-79.945663,40.405446],[-79.945871,40.40542],[-79.94588,40.405464]]]},"properties":{"parcel_id":"0056N00061000000","block_lot":"56-N-61"}},{"type":"Feature","geometry":{"type":"Polygon","coordinates":[[[-79.945655,40.40541],[-79.945863,40.405383],[-79.945871,40.40542],[-79.945663,40.405446],[-79.945655,40.40541]]]},"properties":{"parcel_id":"0056N00061000A00","block_lot":"56-N-61-A"}},{"type":"Feature","geometry":{"type":"Polygon","coordinates":[[[-79.945646,40.405367],[-79.945853,40.405341],[-79.945863,40.405383],[-79.945655,40.40541],[-79.945646,40.405367]]]},"properties":{"parcel_id":"0056N00061000B00","block_lot":"56-N-61-B"}},{"type":"Feature","geometry":{"type":"Polygon","coordinates":[[[-79.945632,40.40532],[-79.945841,40.405292],[-79.945853,40.405341],[-79.945646,40.405367],[-79.945632,40.40532]]]},"properties":{"parcel_id":"0056N00062000000","block_lot":"56-N-62"}},{"type":"Feature","geometry":{"type":"Polygon","coordinates":[[[-79.945672,40.40549],[-79.94588,40.405464],[-79.945889,40.405507],[-79.945681,40.405533],[-79.945672,40.40549]]]},"properties":{"parcel_id":"0056N00063000000","block_lot":"56-N-63"}},{"type":"Feature","geometry":{"type":"Polygon","coordinates":[[[-79.945681,40.405533],[-79.945889,40.405507],[-79.945897,40.405539],[-79.945688,40.405566],[-79.945681,40.405533]]]},"properties":{"parcel_id":"0056N00064000000","block_lot":"56-N-64"}},{"type":"Feature","geometry":{"type":"Polygon","coordinates":[[[-79.945688,40.405566],[-79.945897,40.405539],[-79.945905,40.40558],[-79.945694,40.405608],[-79.945688,40.405566]]]},"properties":{"parcel_id":"0056N00064000A00","block_lot":"56-N-64-A"}},{"type":"Feature","geometry":{"type":"Polygon","coordinates":[[[-79.945694,40.405608],[-79.945905,40.40558],[-79.945914,40.405617],[-79.945702,40.405645],[-79.945694,40.405608]]]},"properties":{"parcel_id":"0056N00065000000","block_lot":"56-N-65"}},{"type":"Feature","geometry":{"type":"Polygon","coordinates":[[[-79.945922,40.405655],[-79.94571,40.405683],[-79.945702,40.405645],[-79.945914,40.405617],[-79.945922,40.405655]]]},"properties":{"parcel_id":"0056N00065000A00","block_lot":"56-N-65-A"}},{"type":"Feature","geometry":{"type":"Polygon","coordinates":[[[-79.945718,40.40572],[-79.945929,40.405692],[-79.945937,40.405727],[-79.945725,40.405753],[-79.945718,40.40572]]]},"properties":{"parcel_id":"0056N00066000000","block_lot":"56-N-66"}},{"type":"Feature","geometry":{"type":"Polygon","coordinates":[[[-79.945718,40.40572],[-79.94571,40.405683],[-79.945922,40.405655],[-79.945929,40.405692],[-79.945718,40.40572]]]},"properties":{"parcel_id":"0056N00066000A00","block_lot":"56-N-66-A"}},{"type":"Feature","geometry":{"type":"Polygon","coordinates":[[[-79.945934,40.405851],[-79.94575,40.405876],[-79.945739,40.405822],[-79.945924,40.405799],[-79.945934,40.405851]]]},"properties":{"parcel_id":"0056N00068000000","block_lot":"56-N-68"}},{"type":"Feature","geometry":{"type":"Polygon","coordinates":[[[-79.94576,40.405929],[-79.94575,40.405876],[-79.945934,40.405851],[-79.945945,40.405905],[-79.94576,40.405929]]]},"properties":{"parcel_id":"0056N00069000000","block_lot":"56-N-69"}},{"type":"Feature","geometry":{"type":"Polygon","coordinates":[[[-79.94576,40.405929],[-79.945945,40.405905],[-79.945955,40.405954],[-79.945771,40.405979],[-79.94576,40.405929]]]},"properties":{"parcel_id":"0056N00070000000","block_lot":"56-N-70"}},{"type":"Feature","geometry":{"type":"Polygon","coordinates":[[[-79.945771,40.405979],[-79.945955,40.405954],[-79.945965,40.406008],[-79.945782,40.406032],[-79.945771,40.405979]]]},"properties":{"parcel_id":"0056N00071000000","block_lot":"56-N-71"}},{"type":"Feature","geometry":{"type":"Polygon","coordinates":[[[-79.945976,40.406059],[-79.945792,40.406083],[-79.945782,40.406032],[-79.945965,40.406008],[-79.945976,40.406059]]]},"properties":{"parcel_id":"0056N00072000000","block_lot":"56-N-72"}},{"type":"Feature","geometry":{"type":"Polygon","coordinates":[[[-79.945803,40.406134],[-79.945792,40.406083],[-79.945976,40.406059],[-79.945986,40.406112],[-79.945803,40.406134]]]},"properties":{"parcel_id":"0056N00073000000","block_lot":"56-N-73"}},{"type":"Feature","geometry":{"type":"Polygon","coordinates":[[[-79.945986,40.406112],[-79.945997,40.406166],[-79.945815,40.406191],[-79.945803,40.406134],[-79.945986,40.406112]]]},"properties":{"parcel_id":"0056N00074000000","block_lot":"56-N-74"}},{"type":"Feature","geometry":{"type":"Polygon","coordinates":[[[-79.945997,40.406166],[-79.946007,40.406217],[-79.945825,40.40624],[-79.945815,40.406191],[-79.945997,40.406166]]]},"properties":{"parcel_id":"0056N00075000000","block_lot":"56-N-75"}},{"type":"Feature","geometry":{"type":"Polygon","coordinates":[[[-79.945825,40.40624],[-79.946007,40.406217],[-79.946017,40.406271],[-79.945834,40.406294],[-79.945825,40.40624]]]},"properties":{"parcel_id":"0056N00076000000","block_lot":"56-N-76"}},{"type":"Feature","geometry":{"type":"Polygon","coordinates":[[[-79.945834,40.406294],[-79.946052,40.406267],[-79.946063,40.406315],[-79.945845,40.406344],[-79.945834,40.406294]]]},"properties":{"parcel_id":"0056N00077000000","block_lot":"56-N-77"}},{"type":"Feature","geometry":{"type":"Polygon","coordinates":[[[-79.945937,40.406558],[-79.945881,40.406566],[-79.945845,40.406344],[-79.945892,40.406337],[-79.945937,40.406558]]]},"properties":{"parcel_id":"0056N00078000000","block_lot":"56-N-78"}},{"type":"Feature","geometry":{"type":"Polygon","coordinates":[[[-79.945987,40.40655],[-79.945937,40.406558],[-79.945892,40.406337],[-79.945941,40.406331],[-79.945987,40.40655]]]},"properties":{"parcel_id":"0056N00079000000","block_lot":"56-N-79"}},{"type":"Feature","geometry":{"type":"Polygon","coordinates":[[[-79.946042,40.406542],[-79.945987,40.40655],[-79.945941,40.406331],[-79.945998,40.406323],[-79.946042,40.406542]]]},"properties":{"parcel_id":"0056N00080000000","block_lot":"56-N-80"}},{"type":"Feature","geometry":{"type":"Polygon","coordinates":[[[-79.945998,40.406323],[-79.94606,40.406315],[-79.946101,40.406532],[-79.946042,40.406542],[-79.945998,40.406323]]]},"properties":{"parcel_id":"0056N00081000000","block_lot":"56-N-81"}},{"type":"Feature","geometry":{"type":"Polygon","coordinates":[[[-79.94606,40.406315],[-79.946113,40.406308],[-79.946154,40.406524],[-79.946101,40.406532],[-79.94606,40.406315]]]},"properties":{"parcel_id":"0056N00082000000","block_lot":"56-N-82"}},{"type":"Feature","geometry":{"type":"Polygon","coordinates":[[[-79.946206,40.406516],[-79.946154,40.406524],[-79.946113,40.406308],[-79.946166,40.406301],[-79.946206,40.406516]]]},"properties":{"parcel_id":"0056N00083000000","block_lot":"56-N-83"}},{"type":"Feature","geometry":{"type":"Polygon","coordinates":[[[-79.946258,40.406508],[-79.946206,40.406516],[-79.946166,40.406301],[-79.94621,40.406295],[-79.946258,40.406508]]]},"properties":{"parcel_id":"0056N00084000000","block_lot":"56-N-84"}},{"type":"Feature","geometry":{"type":"Polygon","coordinates":[[[-79.946318,40.406499],[-79.946258,40.406508],[-79.94621,40.406295],[-79.946272,40.406287],[-79.946318,40.406499]]]},"properties":{"parcel_id":"0056N00085000000","block_lot":"56-N-85"}},{"type":"Feature","geometry":{"type":"Polygon","coordinates":[[[-79.945297,40.403781],[-79.945717,40.403726],[-79.945866,40.404412],[-79.945443,40.404464],[-79.945297,40.403781]]]},"properties":{"parcel_id":"0056N00088000000","block_lot":"56-N-88"}},{"type":"Feature","geometry":{"type":"Polygon","coordinates":[[[-79.945443,40.404464],[-79.945866,40.404412],[-79.94589,40.404521],[-79.945467,40.404574],[-79.945443,40.404464]]]},"properties":{"parcel_id":"0056N00090000000","block_lot":"56-N-90"}},{"type":"Feature","geometry":{"type":"Polygon","coordinates":[[[-79.945467,40.404574],[-79.94589,40.404521],[-79.945904,40.404588],[-79.945481,40.404641],[-79.945467,40.404574]]]},"properties":{"parcel_id":"0056N00091000000","block_lot":"56-N-91"}},{"type":"Feature","geometry":{"type":"Polygon","coordinates":[[[-79.945481,40.404641],[-79.945904,40.404588],[-79.945928,40.404694],[-79.945504,40.404747],[-79.945481,40.404641]]]},"properties":{"parcel_id":"0056N00093000000","block_lot":"56-N-93"}},{"type":"Feature","geometry":{"type":"Polygon","coordinates":[[[-79.94571,40.404722],[-79.945928,40.404694],[-79.945952,40.404806],[-79.945736,40.404832],[-79.94571,40.404722]]]},"properties":{"parcel_id":"0056N00095000000","block_lot":"56-N-95"}},{"type":"Feature","geometry":{"type":"Polygon","coordinates":[[[-79.945904,40.404812],[-79.945952,40.404806],[-79.945985,40.40496],[-79.94594,40.404965],[-79.945904,40.404812]]]},"properties":{"parcel_id":"0056N00096000000","block_lot":"56-N-96"}},{"type":"Feature","geometry":{"type":"Polygon","coordinates":[[[-79.945799,40.404825],[-79.945849,40.404819],[-79.945886,40.404971],[-79.945831,40.404977],[-79.945799,40.404825]]]},"properties":{"parcel_id":"0056N00097000000","block_lot":"56-N-97"}},{"type":"Feature","geometry":{"type":"Polygon","coordinates":[[[-79.945849,40.404819],[-79.945904,40.404812],[-79.94594,40.404965],[-79.945886,40.404971],[-79.945849,40.404819]]]},"properties":{"parcel_id":"0056N00097000A00","block_lot":"56-N-97-A"}},{"type":"Feature","geometry":{"type":"Polygon","coordinates":[[[-79.945746,40.404831],[-79.945799,40.404825],[-79.945831,40.404977],[-79.945779,40.404983],[-79.945746,40.404831]]]},"properties":{"parcel_id":"0056N00098000A00","block_lot":"56-N-98-A"}},{"type":"Feature","geometry":{"type":"Polygon","coordinates":[[[-79.945692,40.404838],[-79.945746,40.404831],[-79.945779,40.404983],[-79.945723,40.40499],[-79.945692,40.404838]]]},"properties":{"parcel_id":"0056N00098000B00","block_lot":"56-N-98-B"}},{"type":"Feature","geometry":{"type":"Polygon","coordinates":[[[-79.945723,40.40499],[-79.945669,40.404996],[-79.94564,40.404844],[-79.945692,40.404838],[-79.945723,40.40499]]]},"properties":{"parcel_id":"0056N00098000C00","block_lot":"56-N-98-C"}},{"type":"Feature","geometry":{"type":"Polygon","coordinates":[[[-79.945669,40.404996],[-79.945618,40.405002],[-79.945584,40.404851],[-79.94564,40.404844],[-79.945669,40.404996]]]},"properties":{"parcel_id":"0056N00099000000","block_lot":"56-N-99"}},{"type":"Feature","geometry":{"type":"Polygon","coordinates":[[[-79.945618,40.405002],[-79.94556,40.405008],[-79.945528,40.404858],[-79.945584,40.404851],[-79.945618,40.405002]]]},"properties":{"parcel_id":"0056N00099000B00","block_lot":"56-N-99-B"}},{"type":"Feature","geometry":{"type":"Polygon","coordinates":[[[-79.945841,40.405292],[-79.946047,40.405264],[-79.94606,40.405314],[-79.945853,40.405341],[-79.945841,40.405292]]]},"properties":{"parcel_id":"0056N00101000000","block_lot":"56-N-101"}},{"type":"Feature","geometry":{"type":"Polygon","coordinates":[[[-79.945604,40.405135],[-79.946009,40.405091],[-79.946047,40.405264],[-79.945632,40.40532],[-79.945604,40.405135]]]},"properties":{"parcel_id":"0056N00102000000","block_lot":"56-N-102"}},{"type":"Feature","geometry":{"type":"Polygon","coordinates":[[[-79.946069,40.405355],[-79.945863,40.405383],[-79.945853,40.405341],[-79.94606,40.405314],[-79.946069,40.405355]]]},"properties":{"parcel_id":"0056N00103000000","block_lot":"56-N-103"}},{"type":"Feature","geometry":{"type":"Polygon","coordinates":[[[-79.945871,40.40542],[-79.946078,40.405395],[-79.946087,40.405438],[-79.94588,40.405464],[-79.945871,40.40542]]]},"properties":{"parcel_id":"0056N00104000000","block_lot":"56-N-104"}},{"type":"Feature","geometry":{"type":"Polygon","coordinates":[[[-79.945863,40.405383],[-79.946069,40.405355],[-79.946078,40.405395],[-79.945871,40.40542],[-79.945863,40.405383]]]},"properties":{"parcel_id":"0056N00105000000","block_lot":"56-N-105"}},{"type":"Feature","geometry":{"type":"Polygon","coordinates":[[[-79.946097,40.405483],[-79.945889,40.405507],[-79.94588,40.405464],[-79.946087,40.405438],[-79.946097,40.405483]]]},"properties":{"parcel_id":"0056N00106000000","block_lot":"56-N-106"}},{"type":"Feature","geometry":{"type":"Polygon","coordinates":[[[-79.946104,40.405515],[-79.945897,40.405539],[-79.945889,40.405507],[-79.946097,40.405483],[-79.946104,40.405515]]]},"properties":{"parcel_id":"0056N00107000000","block_lot":"56-N-107"}},{"type":"Feature","geometry":{"type":"Polygon","coordinates":[[[-79.945897,40.405539],[-79.946104,40.405515],[-79.946112,40.405552],[-79.945905,40.40558],[-79.945897,40.405539]]]},"properties":{"parcel_id":"0056N00107000100","block_lot":"56-N-107-1"}},{"type":"Feature","geometry":{"type":"Polygon","coordinates":[[[-79.946129,40.405628],[-79.945922,40.405655],[-79.945914,40.405617],[-79.94612,40.405589],[-79.946129,40.405628]]]},"properties":{"parcel_id":"0056N00108000000","block_lot":"56-N-108"}},{"type":"Feature","geometry":{"type":"Polygon","coordinates":[[[-79.945905,40.40558],[-79.946112,40.405552],[-79.94612,40.405589],[-79.945914,40.405617],[-79.945905,40.40558]]]},"properties":{"parcel_id":"0056N00108000A00","block_lot":"56-N-108-A"}},{"type":"Feature","geometry":{"type":"Polygon","coordinates":[[[-79.945929,40.405692],[-79.946136,40.405664],[-79.946144,40.4057],[-79.945937,40.405727],[-79.945929,40.405692]]]},"properties":{"parcel_id":"0056N00109000000","block_lot":"56-N-109"}},{"type":"Feature","geometry":{"type":"Polygon","coordinates":[[[-79.945922,40.405655],[-79.946129,40.405628],[-79.946136,40.405664],[-79.945929,40.405692],[-79.945922,40.405655]]]},"properties":{"parcel_id":"0056N00109000A00","block_lot":"56-N-109-A"}},{"type":"Feature","geometry":{"type":"Polygon","coordinates":[[[-79.945725,40.405753],[-79.946144,40.4057],[-79.94616,40.405771],[-79.945739,40.405822],[-79.945725,40.405753]]]},"properties":{"parcel_id":"0056N00110000000","block_lot":"56-N-110"}},{"type":"Feature","geometry":{"type":"Polygon","coordinates":[[[-79.94617,40.405819],[-79.945934,40.405851],[-79.945924,40.405799],[-79.94616,40.405771],[-79.94617,40.405819]]]},"properties":{"parcel_id":"0056N00111000000","block_lot":"56-N-111"}},{"type":"Feature","geometry":{"type":"Polygon","coordinates":[[[-79.945934,40.405851],[-79.94617,40.405819],[-79.946182,40.405875],[-79.945945,40.405905],[-79.945934,40.405851]]]},"properties":{"parcel_id":"0056N00112000000","block_lot":"56-N-112"}},{"type":"Feature","geometry":{"type":"Polygon","coordinates":[[[-79.945945,40.405905],[-79.946182,40.405875],[-79.946192,40.405923],[-79.945955,40.405954],[-79.945945,40.405905]]]},"properties":{"parcel_id":"0056N00113000000","block_lot":"56-N-113"}},{"type":"Feature","geometry":{"type":"Polygon","coordinates":[[[-79.945955,40.405954],[-79.946192,40.405923],[-79.946205,40.405978],[-79.945965,40.406008],[-79.945955,40.405954]]]},"properties":{"parcel_id":"0056N00114000000","block_lot":"56-N-114"}},{"type":"Feature","geometry":{"type":"Polygon","coordinates":[[[-79.946215,40.406026],[-79.945976,40.406059],[-79.945965,40.406008],[-79.946205,40.405978],[-79.946215,40.406026]]]},"properties":{"parcel_id":"0056N00115000000","block_lot":"56-N-115"}},{"type":"Feature","geometry":{"type":"Polygon","coordinates":[[[-79.945986,40.406112],[-79.945976,40.406059],[-79.946215,40.406026],[-79.946227,40.406082],[-79.945986,40.406112]]]},"properties":{"parcel_id":"0056N00116000000","block_lot":"56-N-116"}},{"type":"Feature","geometry":{"type":"Polygon","coordinates":[[[-79.946238,40.406132],[-79.945997,40.406166],[-79.945986,40.406112],[-79.946227,40.406082],[-79.946238,40.406132]]]},"properties":{"parcel_id":"0056N00117000000","block_lot":"56-N-117"}},{"type":"Feature","geometry":{"type":"Polygon","coordinates":[[[-79.945997,40.406166],[-79.946238,40.406132],[-79.94625,40.406186],[-79.946007,40.406217],[-79.945997,40.406166]]]},"properties":{"parcel_id":"0056N00118000000","block_lot":"56-N-118"}},{"type":"Feature","geometry":{"type":"Polygon","coordinates":[[[-79.946007,40.406217],[-79.94625,40.406186],[-79.946262,40.406241],[-79.946017,40.406271],[-79.946007,40.406217]]]},"properties":{"parcel_id":"0056N00119000000","block_lot":"56-N-119"}},{"type":"Feature","geometry":{"type":"Polygon","coordinates":[[[-79.946052,40.406267],[-79.946262,40.406241],[-79.946272,40.406287],[-79.946063,40.406315],[-79.946052,40.406267]]]},"properties":{"parcel_id":"0056N00120000000","block_lot":"56-N-120"}},{"type":"Feature","geometry":{"type":"Polygon","coordinates":[[[-79.946478,40.406217],[-79.94653,40.406209],[-79.946584,40.406462],[-79.946526,40.406471],[-79.946478,40.406217]]]},"properties":{"parcel_id":"0056N00125000000","block_lot":"56-N-125"}},{"type":"Feature","geometry":{"type":"Polygon","coordinates":[[[-79.94653,40.406209],[-79.946582,40.406201],[-79.946636,40.406451],[-79.946584,40.406462],[-79.94653,40.406209]]]},"properties":{"parcel_id":"0056N00126000000","block_lot":"56-N-126"}},{"type":"Feature","geometry":{"type":"Polygon","coordinates":[[[-79.946582,40.406201],[-79.946635,40.406193],[-79.946686,40.406444],[-79.946636,40.406451],[-79.946582,40.406201]]]},"properties":{"parcel_id":"0056N00127000000","block_lot":"56-N-127"}},{"type":"Feature","geometry":{"type":"Polygon","coordinates":[[[-79.946635,40.406193],[-79.946682,40.406186],[-79.946746,40.406433],[-79.946686,40.406444],[-79.946635,40.406193]]]},"properties":{"parcel_id":"0056N00128000000","block_lot":"56-N-128"}},{"type":"Feature","geometry":{"type":"Polygon","coordinates":[[[-79.946469,40.406173],[-79.946748,40.40614],[-79.946755,40.406175],[-79.946478,40.406217],[-79.946469,40.406173]]]},"properties":{"parcel_id":"0056N00130000000","block_lot":"56-N-130"}},{"type":"Feature","geometry":{"type":"Polygon","coordinates":[[[-79.946461,40.406135],[-79.94674,40.406102],[-79.946748,40.40614],[-79.946469,40.406173],[-79.946461,40.406135]]]},"properties":{"parcel_id":"0056N00131000000","block_lot":"56-N-131"}},{"type":"Feature","geometry":{"type":"Polygon","coordinates":[[[-79.94673,40.406056],[-79.94674,40.406102],[-79.946461,40.406135],[-79.946451,40.406092],[-79.94673,40.406056]]]},"properties":{"parcel_id":"0056N00132000000","block_lot":"56-N-132"}},{"type":"Feature","geometry":{"type":"Polygon","coordinates":[[[-79.946723,40.40602],[-79.94673,40.406056],[-79.946451,40.406092],[-79.946445,40.406062],[-79.946723,40.40602]]]},"properties":{"parcel_id":"0056N00133000000","block_lot":"56-N-133"}},{"type":"Feature","geometry":{"type":"Polygon","coordinates":[[[-79.946714,40.405979],[-79.946723,40.40602],[-79.946445,40.406062],[-79.946435,40.406022],[-79.946714,40.405979]]]},"properties":{"parcel_id":"0056N00134000000","block_lot":"56-N-134"}},{"type":"Feature","geometry":{"type":"Polygon","coordinates":[[[-79.946706,40.40594],[-79.946714,40.405979],[-79.946435,40.406022],[-79.946427,40.405979],[-79.946706,40.40594]]]},"properties":{"parcel_id":"0056N00135000000","block_lot":"56-N-135"}},{"type":"Feature","geometry":{"type":"Polygon","coordinates":[[[-79.946697,40.4059],[-79.946706,40.40594],[-79.946427,40.405979],[-79.946417,40.405938],[-79.946697,40.4059]]]},"properties":{"parcel_id":"0056N00136000000","block_lot":"56-N-136"}},{"type":"Feature","geometry":{"type":"Polygon","coordinates":[[[-79.946688,40.405858],[-79.946697,40.4059],[-79.946417,40.405938],[-79.946408,40.405898],[-79.946688,40.405858]]]},"properties":{"parcel_id":"0056N00137000000","block_lot":"56-N-137"}},{"type":"Feature","geometry":{"type":"Polygon","coordinates":[[[-79.946679,40.405816],[-79.946688,40.405858],[-79.946408,40.405898],[-79.9464,40.405856],[-79.946679,40.405816]]]},"properties":{"parcel_id":"0056N00138000000","block_lot":"56-N-138"}},{"type":"Feature","geometry":{"type":"Polygon","coordinates":[[[-79.946671,40.405777],[-79.946679,40.405816],[-79.9464,40.405856],[-79.94639,40.405817],[-79.946671,40.405777]]]},"properties":{"parcel_id":"0056N00139000000","block_lot":"56-N-139"}},{"type":"Feature","geometry":{"type":"Polygon","coordinates":[[[-79.946381,40.405774],[-79.946663,40.405736],[-79.946671,40.405777],[-79.94639,40.405817],[-79.946381,40.405774]]]},"properties":{"parcel_id":"0056N00140000000","block_lot":"56-N-140"}},{"type":"Feature","geometry":{"type":"Polygon","coordinates":[[[-79.946372,40.405734],[-79.946654,40.405697],[-79.946663,40.405736],[-79.946381,40.405774],[-79.946372,40.405734]]]},"properties":{"parcel_id":"0056N00141000000","block_lot":"56-N-141"}},{"type":"Feature","geometry":{"type":"Polygon","coordinates":[[[-79.946363,40.405691],[-79.946646,40.405654],[-79.946654,40.405697],[-79.946372,40.405734],[-79.946363,40.405691]]]},"properties":{"parcel_id":"0056N00142000000","block_lot":"56-N-142"}},{"type":"Feature","geometry":{"type":"Polygon","coordinates":[[[-79.946355,40.405652],[-79.946638,40.405617],[-79.946646,40.405654],[-79.946363,40.405691],[-79.946355,40.405652]]]},"properties":{"parcel_id":"0056N00143000000","block_lot":"56-N-143"}},{"type":"Feature","geometry":{"type":"Polygon","coordinates":[[[-79.946345,40.405609],[-79.946627,40.405571],[-79.946638,40.405617],[-79.946355,40.405652],[-79.946345,40.405609]]]},"properties":{"parcel_id":"0056N00144000000","block_lot":"56-N-144"}},{"type":"Feature","geometry":{"type":"Polygon","coordinates":[[[-79.946337,40.405571],[-79.946619,40.405534],[-79.946627,40.405571],[-79.946345,40.405609],[-79.946337,40.405571]]]},"properties":{"parcel_id":"0056N00145000000","block_lot":"56-N-145"}},{"type":"Feature","geometry":{"type":"Polygon","coordinates":[[[-79.94661,40.405495],[-79.946619,40.405534],[-79.946337,40.405571],[-79.946328,40.405531],[-79.94661,40.405495]]]},"properties":{"parcel_id":"0056N00146000000","block_lot":"56-N-146"}},{"type":"Feature","geometry":{"type":"Polygon","coordinates":[[[-79.946601,40.405449],[-79.94661,40.405495],[-79.946328,40.405531],[-79.946317,40.405486],[-79.946601,40.405449]]]},"properties":{"parcel_id":"0056N00147000000","block_lot":"56-N-147"}},{"type":"Feature","geometry":{"type":"Polygon","coordinates":[[[-79.946593,40.405413],[-79.946601,40.405449],[-79.946317,40.405486],[-79.946308,40.405449],[-79.946593,40.405413]]]},"properties":{"parcel_id":"0056N00148000000","block_lot":"56-N-148"}},{"type":"Feature","geometry":{"type":"Polygon","coordinates":[[[-79.946584,40.405371],[-79.946593,40.405413],[-79.946308,40.405449],[-79.946298,40.405408],[-79.946584,40.405371]]]},"properties":{"parcel_id":"0056N00149000000","block_lot":"56-N-149"}},{"type":"Feature","geometry":{"type":"Polygon","coordinates":[[[-79.946575,40.40533],[-79.946584,40.405371],[-79.946298,40.405408],[-79.946288,40.405364],[-79.946575,40.40533]]]},"properties":{"parcel_id":"0056N00150000000","block_lot":"56-N-150"}},{"type":"Feature","geometry":{"type":"Polygon","coordinates":[[[-79.946566,40.405288],[-79.946575,40.40533],[-79.946288,40.405364],[-79.946278,40.405325],[-79.946566,40.405288]]]},"properties":{"parcel_id":"0056N00151000000","block_lot":"56-N-151"}},{"type":"Feature","geometry":{"type":"Polygon","coordinates":[[[-79.946557,40.405249],[-79.946566,40.405288],[-79.946278,40.405325],[-79.946269,40.405286],[-79.946557,40.405249]]]},"properties":{"parcel_id":"0056N00152000000","block_lot":"56-N-152"}},{"type":"Feature","geometry":{"type":"Polygon","coordinates":[[[-79.946548,40.405206],[-79.946557,40.405249],[-79.946269,40.405286],[-79.946259,40.405246],[-79.946548,40.405206]]]},"properties":{"parcel_id":"0056N00152000A00","block_lot":"56-N-152-A"}},{"type":"Feature","geometry":{"type":"Polygon","coordinates":[[[-79.946536,40.405151],[-79.946548,40.405206],[-79.946259,40.405246],[-79.946246,40.40519],[-79.946536,40.405151]]]},"properties":{"parcel_id":"0056N00153000000","block_lot":"56-N-153"}},{"type":"Feature","geometry":{"type":"Polygon","coordinates":[[[-79.946212,40.40505],[-79.946323,40.405034],[-79.946354,40.405175],[-79.946246,40.40519],[-79.946212,40.40505]]]},"properties":{"parcel_id":"0056N00155000000","block_lot":"56-N-155"}},{"type":"Feature","geometry":{"type":"Polygon","coordinates":[[[-79.946323,40.405034],[-79.946418,40.405022],[-79.946449,40.405163],[-79.946354,40.405175],[-79.946323,40.405034]]]},"properties":{"parcel_id":"0056N00156000000","block_lot":"56-N-156"}},{"type":"Feature","geometry":{"type":"Polygon","coordinates":[[[-79.946418,40.405022],[-79.946513,40.405009],[-79.946542,40.40515],[-79.946449,40.405163],[-79.946418,40.405022]]]},"properties":{"parcel_id":"0056N00157000000","block_lot":"56-N-157"}},{"type":"Feature","geometry":{"type":"Polygon","coordinates":[[[-79.946513,40.405009],[-79.946607,40.404997],[-79.946639,40.405136],[-79.946542,40.40515],[-79.946513,40.405009]]]},"properties":{"parcel_id":"0056N00158000000","block_lot":"56-N-158"}},{"type":"Feature","geometry":{"type":"Polygon","coordinates":[[[-79.946607,40.404997],[-79.946709,40.404984],[-79.946742,40.405121],[-79.946639,40.405136],[-79.946607,40.404997]]]},"properties":{"parcel_id":"0056N00159000000","block_lot":"56-N-159"}},{"type":"Feature","geometry":{"type":"Polygon","coordinates":[[[-79.946569,40.405191],[-79.946563,40.405164],[-79.946745,40.405139],[-79.946751,40.405166],[-79.946569,40.405191]]]},"properties":{"parcel_id":"0056N00161000000","block_lot":"56-N-161"}},{"type":"Feature","geometry":{"type":"Polygon","coordinates":[[[-79.946569,40.405191],[-79.946751,40.405166],[-79.94676,40.405205],[-79.946579,40.405232],[-79.946569,40.405191]]]},"properties":{"parcel_id":"0056N00162000000","block_lot":"56-N-162"}},{"type":"Feature","geometry":{"type":"Polygon","coordinates":[[[-79.946579,40.405232],[-79.94676,40.405205],[-79.946771,40.405247],[-79.946588,40.405272],[-79.946579,40.405232]]]},"properties":{"parcel_id":"0056N00163000000","block_lot":"56-N-163"}},{"type":"Feature","geometry":{"type":"Polygon","coordinates":[[[-79.946588,40.405272],[-79.946771,40.405247],[-79.946781,40.405289],[-79.946595,40.405314],[-79.946588,40.405272]]]},"properties":{"parcel_id":"0056N00164000000","block_lot":"56-N-164"}},{"type":"Feature","geometry":{"type":"Polygon","coordinates":[[[-79.946595,40.405314],[-79.946781,40.405289],[-79.946791,40.405327],[-79.946602,40.405352],[-79.946595,40.405314]]]},"properties":{"parcel_id":"0056N00165000000","block_lot":"56-N-165"}},{"type":"Feature","geometry":{"type":"Polygon","coordinates":[[[-79.946602,40.405352],[-79.946791,40.405327],[-79.946799,40.40537],[-79.946613,40.405395],[-79.946602,40.405352]]]},"properties":{"parcel_id":"0056N00167000000","block_lot":"56-N-167"}},{"type":"Feature","geometry":{"type":"Polygon","coordinates":[[[-79.946613,40.405395],[-79.946799,40.40537],[-79.94681,40.405408],[-79.946621,40.405434],[-79.946613,40.405395]]]},"properties":{"parcel_id":"0056N00168000000","block_lot":"56-N-168"}},{"type":"Feature","geometry":{"type":"Polygon","coordinates":[[[-79.946621,40.405434],[-79.94681,40.405408],[-79.946818,40.40545],[-79.946629,40.405475],[-79.946621,40.405434]]]},"properties":{"parcel_id":"0056N00169000000","block_lot":"56-N-169"}},{"type":"Feature","geometry":{"type":"Polygon","coordinates":[[[-79.946629,40.405475],[-79.946818,40.40545],[-79.946831,40.405492],[-79.946637,40.405516],[-79.946629,40.405475]]]},"properties":{"parcel_id":"0056N00170000000","block_lot":"56-N-170"}},{"type":"Feature","geometry":{"type":"Polygon","coordinates":[[[-79.946637,40.405516],[-79.946831,40.405492],[-79.946839,40.40553],[-79.946646,40.405556],[-79.946637,40.405516]]]},"properties":{"parcel_id":"0056N00171000000","block_lot":"56-N-171"}},{"type":"Feature","geometry":{"type":"Polygon","coordinates":[[[-79.946848,40.405571],[-79.946654,40.405598],[-79.946646,40.405556],[-79.946839,40.40553],[-79.946848,40.405571]]]},"properties":{"parcel_id":"0056N00173000000","block_lot":"56-N-173"}},{"type":"Feature","geometry":{"type":"Polygon","coordinates":[[[-79.946654,40.405598],[-79.946848,40.405571],[-79.946859,40.405609],[-79.946663,40.405638],[-79.946654,40.405598]]]},"properties":{"parcel_id":"0056N00174000000","block_lot":"56-N-174"}},{"type":"Feature","geometry":{"type":"Polygon","coordinates":[[[-79.946663,40.405638],[-79.946859,40.405609],[-79.94687,40.405654],[-79.946671,40.405679],[-79.946663,40.405638]]]},"properties":{"parcel_id":"0056N00175000000","block_lot":"56-N-175"}},{"type":"Feature","geometry":{"type":"Polygon","coordinates":[[[-79.94688,40.405695],[-79.94668,40.405723],[-79.946671,40.405679],[-79.94687,40.405654],[-79.94688,40.405695]]]},"properties":{"parcel_id":"0056N00176000000","block_lot":"56-N-176"}},{"type":"Feature","geometry":{"type":"Polygon","coordinates":[[[-79.94668,40.405723],[-79.94688,40.405695],[-79.94689,40.405733],[-79.946689,40.405761],[-79.94668,40.405723]]]},"properties":{"parcel_id":"0056N00177000000","block_lot":"56-N-177"}},{"type":"Feature","geometry":{"type":"Polygon","coordinates":[[[-79.946689,40.405761],[-79.94689,40.405733],[-79.946899,40.405775],[-79.946697,40.405801],[-79.946689,40.405761]]]},"properties":{"parcel_id":"0056N00179000000","block_lot":"56-N-179"}},{"type":"Feature","geometry":{"type":"Polygon","coordinates":[[[-79.946697,40.405801],[-79.946899,40.405775],[-79.946909,40.405814],[-79.946705,40.405843],[-79.946697,40.405801]]]},"properties":{"parcel_id":"0056N00180000000","block_lot":"56-N-180"}},{"type":"Feature","geometry":{"type":"Polygon","coordinates":[[[-79.946705,40.405843],[-79.946909,40.405814],[-79.94692,40.405854],[-79.946713,40.405881],[-79.946705,40.405843]]]},"properties":{"parcel_id":"0056N00181000000","block_lot":"56-N-181"}},{"type":"Feature","geometry":{"type":"Polygon","coordinates":[[[-79.946931,40.405895],[-79.946722,40.405925],[-79.946713,40.405881],[-79.94692,40.405854],[-79.946931,40.405895]]]},"properties":{"parcel_id":"0056N00182000000","block_lot":"56-N-182"}},{"type":"Feature","geometry":{"type":"Polygon","coordinates":[[[-79.946722,40.405925],[-79.946931,40.405895],[-79.946938,40.405933],[-79.946729,40.405962],[-79.946722,40.405925]]]},"properties":{"parcel_id":"0056N00183000000","block_lot":"56-N-183"}},{"type":"Feature","geometry":{"type":"Polygon","coordinates":[[[-79.946729,40.405962],[-79.946938,40.405933],[-79.946951,40.405972],[-79.946737,40.406],[-79.946729,40.405962]]]},"properties":{"parcel_id":"0056N00186000000","block_lot":"56-N-186"}},{"type":"Feature","geometry":{"type":"Polygon","coordinates":[[[-79.946737,40.406],[-79.946951,40.405972],[-79.946958,40.40601],[-79.946745,40.406039],[-79.946737,40.406]]]},"properties":{"parcel_id":"0056N00187000000","block_lot":"56-N-187"}},{"type":"Feature","geometry":{"type":"Polygon","coordinates":[[[-79.946745,40.406039],[-79.946958,40.40601],[-79.946967,40.406049],[-79.946755,40.40608],[-79.946745,40.406039]]]},"properties":{"parcel_id":"0056N00188000000","block_lot":"56-N-188"}},{"type":"Feature","geometry":{"type":"Polygon","coordinates":[[[-79.946762,40.40612],[-79.946755,40.40608],[-79.946967,40.406049],[-79.946978,40.406088],[-79.946762,40.40612]]]},"properties":{"parcel_id":"0056N00189000000","block_lot":"56-N-189"}},{"type":"Feature","geometry":{"type":"Polygon","coordinates":[[[-79.946988,40.406131],[-79.94677,40.406159],[-79.946762,40.40612],[-79.946978,40.406088],[-79.946988,40.406131]]]},"properties":{"parcel_id":"0056N00190000000","block_lot":"56-N-190"}},{"type":"Feature","geometry":{"type":"Polygon","coordinates":[[[-79.946682,40.406186],[-79.946737,40.406178],[-79.946792,40.406426],[-79.946746,40.406433],[-79.946682,40.406186]]]},"properties":{"parcel_id":"0056N00192000000","block_lot":"56-N-192"}},{"type":"Feature","geometry":{"type":"Polygon","coordinates":[[[-79.946737,40.406178],[-79.946788,40.40617],[-79.946845,40.406416],[-79.946792,40.406426],[-79.946737,40.406178]]]},"properties":{"parcel_id":"0056N00193000000","block_lot":"56-N-193"}},{"type":"Feature","geometry":{"type":"Polygon","coordinates":[[[-79.946788,40.40617],[-79.946837,40.406163],[-79.946899,40.406408],[-79.946845,40.406416],[-79.946788,40.40617]]]},"properties":{"parcel_id":"0056N00194000000","block_lot":"56-N-194"}},{"type":"Feature","geometry":{"type":"Polygon","coordinates":[[[-79.946837,40.406163],[-79.946887,40.406156],[-79.946951,40.406398],[-79.946899,40.406408],[-79.946837,40.406163]]]},"properties":{"parcel_id":"0056N00195000000","block_lot":"56-N-195"}},{"type":"Feature","geometry":{"type":"Polygon","coordinates":[[[-79.946887,40.406156],[-79.946935,40.40615],[-79.946998,40.406389],[-79.946951,40.406398],[-79.946887,40.406156]]]},"properties":{"parcel_id":"0056N00196000000","block_lot":"56-N-196"}},{"type":"Feature","geometry":{"type":"Polygon","coordinates":[[[-79.946935,40.40615],[-79.946991,40.406142],[-79.947054,40.406379],[-79.946998,40.406389],[-79.946935,40.40615]]]},"properties":{"parcel_id":"0056N00197000000","block_lot":"56-N-197"}},{"type":"Feature","geometry":{"type":"Polygon","coordinates":[[[-79.947058,40.40612],[-79.947293,40.40608],[-79.947305,40.406123],[-79.947068,40.406162],[-79.947058,40.40612]]]},"properties":{"parcel_id":"0056N00198000000","block_lot":"56-N-198"}},{"type":"Feature","geometry":{"type":"Polygon","coordinates":[[[-79.947045,40.406069],[-79.947279,40.40603],[-79.947293,40.40608],[-79.947058,40.40612],[-79.947045,40.406069]]]},"properties":{"parcel_id":"0056N00199000000","block_lot":"56-N-199"}},{"type":"Feature","geometry":{"type":"Polygon","coordinates":[[[-79.947045,40.406069],[-79.947032,40.406014],[-79.947264,40.405976],[-79.947279,40.40603],[-79.947045,40.406069]]]},"properties":{"parcel_id":"0056N00200000000","block_lot":"56-N-200"}},{"type":"Feature","geometry":{"type":"Polygon","coordinates":[[[-79.947264,40.405976],[-79.947032,40.406014],[-79.947019,40.405963],[-79.94725,40.405926],[-79.947264,40.405976]]]},"properties":{"parcel_id":"0056N00201000000","block_lot":"56-N-201"}},{"type":"Feature","geometry":{"type":"Polygon","coordinates":[[[-79.947019,40.405963],[-79.947006,40.405906],[-79.947234,40.40587],[-79.94725,40.405926],[-79.947019,40.405963]]]},"properties":{"parcel_id":"0056N00202000000","block_lot":"56-N-202"}},{"type":"Feature","geometry":{"type":"Polygon","coordinates":[[[-79.947234,40.40587],[-79.947006,40.405906],[-79.946994,40.405859],[-79.947221,40.405824],[-79.947234,40.40587]]]},"properties":{"parcel_id":"0056N00203000000","block_lot":"56-N-203"}},{"type":"Feature","geometry":{"type":"Polygon","coordinates":[[[-79.946982,40.405809],[-79.947206,40.40577],[-79.947221,40.405824],[-79.946994,40.405859],[-79.946982,40.405809]]]},"properties":{"parcel_id":"0056N00204000000","block_lot":"56-N-204"}},{"type":"Feature","geometry":{"type":"Polygon","coordinates":[[[-79.946969,40.405755],[-79.947191,40.405719],[-79.947206,40.40577],[-79.946982,40.405809],[-79.946969,40.405755]]]},"properties":{"parcel_id":"0056N00205000000","block_lot":"56-N-205"}},{"type":"Feature","geometry":{"type":"Polygon","coordinates":[[[-79.946957,40.405703],[-79.947177,40.405668],[-79.947191,40.405719],[-79.946969,40.405755],[-79.946957,40.405703]]]},"properties":{"parcel_id":"0056N00206000000","block_lot":"56-N-206"}},{"type":"Feature","geometry":{"type":"Polygon","coordinates":[[[-79.947177,40.405668],[-79.946957,40.405703],[-79.946943,40.405645],[-79.947161,40.405611],[-79.947177,40.405668]]]},"properties":{"parcel_id":"0056N00207000000","block_lot":"56-N-207"}},{"type":"Feature","geometry":{"type":"Polygon","coordinates":[[[-79.946943,40.405645],[-79.946932,40.405602],[-79.947148,40.405563],[-79.947161,40.405611],[-79.946943,40.405645]]]},"properties":{"parcel_id":"0056N00208000000","block_lot":"56-N-208"}},{"type":"Feature","geometry":{"type":"Polygon","coordinates":[[[-79.947148,40.405563],[-79.946932,40.405602],[-79.946918,40.405544],[-79.947132,40.405508],[-79.947148,40.405563]]]},"properties":{"parcel_id":"0056N00209000000","block_lot":"56-N-209"}},{"type":"Feature","geometry":{"type":"Polygon","coordinates":[[[-79.946918,40.405544],[-79.946906,40.405495],[-79.947118,40.405459],[-79.947132,40.405508],[-79.946918,40.405544]]]},"properties":{"parcel_id":"0056N00210000000","block_lot":"56-N-210"}},{"type":"Feature","geometry":{"type":"Polygon","coordinates":[[[-79.946894,40.405443],[-79.947105,40.405411],[-79.947118,40.405459],[-79.946906,40.405495],[-79.946894,40.405443]]]},"properties":{"parcel_id":"0056N00211000000","block_lot":"56-N-211"}},{"type":"Feature","geometry":{"type":"Polygon","coordinates":[[[-79.946881,40.405389],[-79.947089,40.405355],[-79.947105,40.405411],[-79.946894,40.405443],[-79.946881,40.405389]]]},"properties":{"parcel_id":"0056N00212000000","block_lot":"56-N-212"}},{"type":"Feature","geometry":{"type":"Polygon","coordinates":[[[-79.947089,40.405355],[-79.946881,40.405389],[-79.946869,40.405341],[-79.947075,40.405306],[-79.947089,40.405355]]]},"properties":{"parcel_id":"0056N00213000000","block_lot":"56-N-213"}},{"type":"Feature","geometry":{"type":"Polygon","coordinates":[[[-79.946856,40.405287],[-79.947061,40.405255],[-79.947075,40.405306],[-79.946869,40.405341],[-79.946856,40.405287]]]},"properties":{"parcel_id":"0056N00214000000","block_lot":"56-N-214"}},{"type":"Feature","geometry":{"type":"Polygon","coordinates":[[[-79.946844,40.405239],[-79.947048,40.405207],[-79.947061,40.405255],[-79.946856,40.405287],[-79.946844,40.405239]]]},"properties":{"parcel_id":"0056N00215000000","block_lot":"56-N-215"}},{"type":"Feature","geometry":{"type":"Polygon","coordinates":[[[-79.946844,40.405239],[-79.946831,40.405184],[-79.947031,40.40515],[-79.947048,40.405207],[-79.946844,40.405239]]]},"properties":{"parcel_id":"0056N00216000000","block_lot":"56-N-216"}},{"type":"Feature","geometry":{"type":"Polygon","coordinates":[[[-79.946885,40.404996],[-79.946927,40.405168],[-79.946831,40.405184],[-79.946788,40.405008],[-79.946885,40.404996]]]},"properties":{"parcel_id":"0056N00218000000","block_lot":"56-N-218"}},{"type":"Feature","geometry":{"type":"Polygon","coordinates":[[[-79.946885,40.404996],[-79.946984,40.404983],[-79.947031,40.40515],[-79.946927,40.405168],[-79.946885,40.404996]]]},"properties":{"parcel_id":"0056N00219000000","block_lot":"56-N-219"}},{"type":"Feature","geometry":{"type":"Polygon","coordinates":[[[-79.946984,40.404983],[-79.947077,40.404972],[-79.947119,40.405136],[-79.947031,40.40515],[-79.946984,40.404983]]]},"properties":{"parcel_id":"0056N00220000000","block_lot":"56-N-220"}},{"type":"Feature","geometry":{"type":"Polygon","coordinates":[[[-79.947077,40.404972],[-79.947175,40.404959],[-79.947215,40.40512],[-79.947119,40.405136],[-79.947077,40.404972]]]},"properties":{"parcel_id":"0056N00221000000","block_lot":"56-N-221"}},{"type":"Feature","geometry":{"type":"Polygon","coordinates":[[[-79.947175,40.404959],[-79.947265,40.404948],[-79.947308,40.405104],[-79.947215,40.40512],[-79.947175,40.404959]]]},"properties":{"parcel_id":"0056N00222000000","block_lot":"56-N-222"}},{"type":"Feature","geometry":{"type":"Polygon","coordinates":[[[-79.947031,40.40515],[-79.947308,40.405104],[-79.947325,40.405165],[-79.947048,40.405207],[-79.947031,40.40515]]]},"properties":{"parcel_id":"0056N00224000000","block_lot":"56-N-224"}},{"type":"Feature","geometry":{"type":"Polygon","coordinates":[[[-79.947048,40.405207],[-79.947325,40.405165],[-79.947338,40.40521],[-79.947061,40.405255],[-79.947048,40.405207]]]},"properties":{"parcel_id":"0056N00225000000","block_lot":"56-N-225"}},{"type":"Feature","geometry":{"type":"Polygon","coordinates":[[[-79.947061,40.405255],[-79.947338,40.40521],[-79.947352,40.405259],[-79.947075,40.405306],[-79.947061,40.405255]]]},"properties":{"parcel_id":"0056N00226000000","block_lot":"56-N-226"}},{"type":"Feature","geometry":{"type":"Polygon","coordinates":[[[-79.947366,40.40531],[-79.947089,40.405355],[-79.947075,40.405306],[-79.947352,40.405259],[-79.947366,40.40531]]]},"properties":{"parcel_id":"0056N00227000000","block_lot":"56-N-227"}},{"type":"Feature","geometry":{"type":"Polygon","coordinates":[[[-79.947089,40.405355],[-79.947366,40.40531],[-79.947382,40.405369],[-79.947105,40.405411],[-79.947089,40.405355]]]},"properties":{"parcel_id":"0056N00228000000","block_lot":"56-N-228"}},{"type":"Feature","geometry":{"type":"Polygon","coordinates":[[[-79.947105,40.405411],[-79.947382,40.405369],[-79.947394,40.405413],[-79.947118,40.405459],[-79.947105,40.405411]]]},"properties":{"parcel_id":"0056N00229000000","block_lot":"56-N-229"}},{"type":"Feature","geometry":{"type":"Polygon","coordinates":[[[-79.947118,40.405459],[-79.947394,40.405413],[-79.947408,40.405462],[-79.947132,40.405508],[-79.947118,40.405459]]]},"properties":{"parcel_id":"0056N00230000000","block_lot":"56-N-230"}},{"type":"Feature","geometry":{"type":"Polygon","coordinates":[[[-79.947132,40.405508],[-79.947408,40.405462],[-79.947423,40.405514],[-79.947148,40.405563],[-79.947132,40.405508]]]},"properties":{"parcel_id":"0056N00231000000","block_lot":"56-N-231"}},{"type":"Feature","geometry":{"type":"Polygon","coordinates":[[[-79.947161,40.405611],[-79.947148,40.405563],[-79.947423,40.405514],[-79.947438,40.405568],[-79.947161,40.405611]]]},"properties":{"parcel_id":"0056N00232000000","block_lot":"56-N-232"}},{"type":"Feature","geometry":{"type":"Polygon","coordinates":[[[-79.947453,40.405625],[-79.947177,40.405668],[-79.947161,40.405611],[-79.947438,40.405568],[-79.947453,40.405625]]]},"properties":{"parcel_id":"0056N00233000000","block_lot":"56-N-233"}},{"type":"Feature","geometry":{"type":"Polygon","coordinates":[[[-79.947191,40.405719],[-79.947177,40.405668],[-79.947453,40.405625],[-79.947467,40.405675],[-79.947191,40.405719]]]},"properties":{"parcel_id":"0056N00234000000","block_lot":"56-N-234"}},{"type":"Feature","geometry":{"type":"Polygon","coordinates":[[[-79.947481,40.405723],[-79.947206,40.40577],[-79.947191,40.405719],[-79.947467,40.405675],[-79.947481,40.405723]]]},"properties":{"parcel_id":"0056N00235000000","block_lot":"56-N-235"}},{"type":"Feature","geometry":{"type":"Polygon","coordinates":[[[-79.947206,40.40577],[-79.947481,40.405723],[-79.947497,40.405781],[-79.947221,40.405824],[-79.947206,40.40577]]]},"properties":{"parcel_id":"0056N00236000000","block_lot":"56-N-236"}},{"type":"Feature","geometry":{"type":"Polygon","coordinates":[[[-79.947221,40.405824],[-79.947497,40.405781],[-79.94751,40.405826],[-79.947234,40.40587],[-79.947221,40.405824]]]},"properties":{"parcel_id":"0056N00237000000","block_lot":"56-N-237"}},{"type":"Feature","geometry":{"type":"Polygon","coordinates":[[[-79.94725,40.405926],[-79.947234,40.40587],[-79.94751,40.405826],[-79.947525,40.405881],[-79.94725,40.405926]]]},"properties":{"parcel_id":"0056N00238000000","block_lot":"56-N-238"}},{"type":"Feature","geometry":{"type":"Polygon","coordinates":[[[-79.94725,40.405926],[-79.947525,40.405881],[-79.947539,40.405932],[-79.947264,40.405976],[-79.94725,40.405926]]]},"properties":{"parcel_id":"0056N00239000000","block_lot":"56-N-239"}},{"type":"Feature","geometry":{"type":"Polygon","coordinates":[[[-79.947264,40.405976],[-79.947539,40.405932],[-79.947553,40.405983],[-79.947279,40.40603],[-79.947264,40.405976]]]},"properties":{"parcel_id":"0056N00240000000","block_lot":"56-N-240"}},{"type":"Feature","geometry":{"type":"Polygon","coordinates":[[[-79.947279,40.40603],[-79.947553,40.405983],[-79.947567,40.406033],[-79.947293,40.40608],[-79.947279,40.40603]]]},"properties":{"parcel_id":"0056N00241000000","block_lot":"56-N-241"}},{"type":"Feature","geometry":{"type":"Polygon","coordinates":[[[-79.947293,40.40608],[-79.947567,40.406033],[-79.94758,40.406078],[-79.947305,40.406123],[-79.947293,40.40608]]]},"properties":{"parcel_id":"0056N00242000000","block_lot":"56-N-242"}},{"type":"Feature","geometry":{"type":"Polygon","coordinates":[[[-79.947636,40.40628],[-79.947567,40.406292],[-79.947511,40.406089],[-79.94758,40.406078],[-79.947636,40.40628]]]},"properties":{"parcel_id":"0056N00243000000","block_lot":"56-N-243"}},{"type":"Feature","geometry":{"type":"Polygon","coordinates":[[[-79.94744,40.406101],[-79.947511,40.406089],[-79.947567,40.406292],[-79.947491,40.406304],[-79.94744,40.406101]]]},"properties":{"parcel_id":"0056N00244000000","block_lot":"56-N-244"}},{"type":"Feature","geometry":{"type":"Polygon","coordinates":[[[-79.947371,40.406112],[-79.94744,40.406101],[-79.947491,40.406304],[-79.947422,40.406315],[-79.947371,40.406112]]]},"properties":{"parcel_id":"0056N00245000000","block_lot":"56-N-245"}},{"type":"Feature","geometry":{"type":"Polygon","coordinates":[[[-79.947293,40.406125],[-79.947371,40.406112],[-79.947422,40.406315],[-79.947344,40.406328],[-79.947293,40.406125]]]},"properties":{"parcel_id":"0056N00246000000","block_lot":"56-N-246"}},{"type":"Feature","geometry":{"type":"Polygon","coordinates":[[[-79.947228,40.406136],[-79.947293,40.406125],[-79.947344,40.406328],[-79.947281,40.406338],[-79.947228,40.406136]]]},"properties":{"parcel_id":"0056N00247000000","block_lot":"56-N-247"}},{"type":"Feature","geometry":{"type":"Polygon","coordinates":[[[-79.947199,40.406351],[-79.947152,40.406148],[-79.947228,40.406136],[-79.947281,40.406338],[-79.947199,40.406351]]]},"properties":{"parcel_id":"0056N00248000000","block_lot":"56-N-248"}},{"type":"Feature","geometry":{"type":"Polygon","coordinates":[[[-79.947068,40.406162],[-79.947152,40.406148],[-79.947199,40.406351],[-79.947117,40.406364],[-79.947068,40.406162]]]},"properties":{"parcel_id":"0056N00249000000","block_lot":"56-N-249"}},{"type":"Feature","geometry":{"type":"Polygon","coordinates":[[[-79.947379,40.406473],[-79.947428,40.406465],[-79.947477,40.406631],[-79.94743,40.406639],[-79.947379,40.406473]]]},"properties":{"parcel_id":"0056N00252000000","block_lot":"56-N-252"}},{"type":"Feature","geometry":{"type":"Polygon","coordinates":[[[-79.947301,40.406486],[-79.947343,40.406479],[-79.94739,40.406645],[-79.947348,40.406652],[-79.947301,40.406486]]]},"properties":{"parcel_id":"0056N00252000A00","block_lot":"56-N-252-A"}},{"type":"Feature","geometry":{"type":"Polygon","coordinates":[[[-79.947261,40.406492],[-79.947301,40.406486],[-79.947348,40.406652],[-79.947309,40.406658],[-79.947261,40.406492]]]},"properties":{"parcel_id":"0056N00252000B00","block_lot":"56-N-252-B"}},{"type":"Feature","geometry":{"type":"Polygon","coordinates":[[[-79.947215,40.4065],[-79.947261,40.406492],[-79.947309,40.406658],[-79.947266,40.406666],[-79.947215,40.4065]]]},"properties":{"parcel_id":"0056N00252000C00","block_lot":"56-N-252-C"}},{"type":"Feature","geometry":{"type":"Polygon","coordinates":[[[-79.94717,40.406507],[-79.947215,40.4065],[-79.947266,40.406666],[-79.947216,40.406674],[-79.94717,40.406507]]]},"properties":{"parcel_id":"0056N00252000D00","block_lot":"56-N-252-D"}},{"type":"Feature","geometry":{"type":"Polygon","coordinates":[[[-79.947343,40.406479],[-79.947379,40.406473],[-79.94743,40.406639],[-79.94739,40.406645],[-79.947343,40.406479]]]},"properties":{"parcel_id":"0056N00253000000","block_lot":"56-N-253"}},{"type":"Feature","geometry":{"type":"Polygon","coordinates":[[[-79.947501,40.406452],[-79.947545,40.406445],[-79.947595,40.406611],[-79.947555,40.406618],[-79.947501,40.406452]]]},"properties":{"parcel_id":"0056N00254000000","block_lot":"56-N-254"}},{"type":"Feature","geometry":{"type":"Polygon","coordinates":[[[-79.947464,40.406459],[-79.947501,40.406452],[-79.947555,40.406618],[-79.947514,40.406625],[-79.947464,40.406459]]]},"properties":{"parcel_id":"0056N00254000A00","block_lot":"56-N-254-A"}},{"type":"Feature","geometry":{"type":"Polygon","coordinates":[[[-79.947428,40.406465],[-79.947464,40.406459],[-79.947514,40.406625],[-79.947477,40.406631],[-79.947428,40.406465]]]},"properties":{"parcel_id":"0056N00254000B00","block_lot":"56-N-254-B"}},{"type":"Feature","geometry":{"type":"Polygon","coordinates":[[[-79.947633,40.406431],[-79.947678,40.406423],[-79.947723,40.40659],[-79.947681,40.406597],[-79.947633,40.406431]]]},"properties":{"parcel_id":"0056N00255000000","block_lot":"56-N-255"}},{"type":"Feature","geometry":{"type":"Polygon","coordinates":[[[-79.947591,40.406438],[-79.947633,40.406431],[-79.947681,40.406597],[-79.947637,40.406604],[-79.947591,40.406438]]]},"properties":{"parcel_id":"0056N00255000A00","block_lot":"56-N-255-A"}},{"type":"Feature","geometry":{"type":"Polygon","coordinates":[[[-79.947545,40.406445],[-79.947591,40.406438],[-79.947637,40.406604],[-79.947595,40.406611],[-79.947545,40.406445]]]},"properties":{"parcel_id":"0056N00255000B00","block_lot":"56-N-255-B"}},{"type":"Feature","geometry":{"type":"MultiPolygon","coordinates":[[[[-79.949111,40.405254],[-79.949206,40.405557],[-79.948937,40.405596],[-79.94799,40.404844],[-79.947346,40.404932],[-79.946805,40.403161],[-79.948489,40.402887],[-79.948721,40.402848],[-79.949144,40.403482],[-79.94965,40.404422],[-79.949891,40.405128],[-79.949111,40.405254]]],[[[-79.949891,40.405128],[-79.950679,40.40503],[-79.951231,40.406639],[-79.951179,40.406648],[-79.951271,40.407034],[-79.95061,40.407152],[-79.950767,40.407682],[-79.950524,40.407733],[-79.950734,40.408672],[-79.95096,40.408618],[-79.951288,40.409685],[-79.950579,40.409863],[-79.950562,40.409202],[-79.950225,40.408439],[-79.949902,40.407175],[-79.949851,40.406833],[-79.950419,40.406741],[-79.950307,40.406425],[-79.950183,40.405995],[-79.949984,40.405372],[-79.949891,40.405128]]]]},"properties":{"parcel_id":"0056N00300000000","block_lot":"56-N-300"}},{"type":"Feature","geometry":{"type":"Polygon","coordinates":[[[-79.946705,40.40487],[-79.946226,40.404928],[-79.946046,40.404126],[-79.946532,40.404074],[-79.946705,40.40487]]]},"properties":{"parcel_id":"0056N00300000A00","block_lot":"56-N-300-A"}},{"type":"Feature","geometry":{"type":"Polygon","coordinates":[[[-79.949038,40.40697],[-79.947956,40.406609],[-79.947865,40.406626],[-79.947767,40.406259],[-79.947346,40.404932],[-79.94799,40.404844],[-79.948937,40.405596],[-79.949085,40.406099],[-79.949364,40.406057],[-79.949788,40.406567],[-79.949851,40.406833],[-79.949902,40.407175],[-79.950225,40.408439],[-79.950562,40.409202],[-79.950579,40.409863],[-79.950461,40.409892],[-79.950436,40.409824],[-79.950299,40.409555],[-79.949304,40.407517],[-79.94927,40.407445],[-79.949244,40.407379],[-79.949227,40.407383],[-79.949073,40.406963],[-79.949038,40.40697]]]},"properties":{"parcel_id":"0056N00400000000","block_lot":"56-N-400"}},{"type":"Feature","geometry":{"type":"Polygon","coordinates":[[[-79.949788,40.406567],[-79.949364,40.406057],[-79.949085,40.406099],[-79.948937,40.405596],[-79.949206,40.405557],[-79.949111,40.405254],[-79.949891,40.405128],[-79.949984,40.405372],[-79.950183,40.405995],[-79.950307,40.406425],[-79.950419,40.406741],[-79.949851,40.406833],[-79.949788,40.406567]]]},"properties":{"parcel_id":"0056N00410000000","block_lot":"56-N-410"}},{"type":"Feature","geometry":{"type":"Polygon","coordinates":[[[-79.945149,40.405446],[-79.945366,40.405418],[-79.945377,40.405463],[-79.945158,40.405488],[-79.945149,40.405446]]]},"properties":{"parcel_id":"0056P00004000000","block_lot":"56-P-4"}},{"type":"Feature","geometry":{"type":"Polygon","coordinates":[[[-79.945366,40.405418],[-79.945149,40.405446],[-79.945139,40.405401],[-79.945357,40.40538],[-79.945366,40.405418]]]},"properties":{"parcel_id":"0056P00005000000","block_lot":"56-P-5"}},{"type":"Feature","geometry":{"type":"Polygon","coordinates":[[[-79.945139,40.405401],[-79.945131,40.405364],[-79.945347,40.405338],[-79.945357,40.40538],[-79.945139,40.405401]]]},"properties":{"parcel_id":"0056P00006000000","block_lot":"56-P-6"}},{"type":"Feature","geometry":{"type":"Polygon","coordinates":[[[-79.945131,40.405364],[-79.945124,40.40533],[-79.945339,40.405303],[-79.945347,40.405338],[-79.945131,40.405364]]]},"properties":{"parcel_id":"0056P00007000000","block_lot":"56-P-7"}},{"type":"Feature","geometry":{"type":"Polygon","coordinates":[[[-79.945115,40.405289],[-79.94533,40.405268],[-79.945339,40.405303],[-79.945124,40.40533],[-79.945115,40.405289]]]},"properties":{"parcel_id":"0056P00008000000","block_lot":"56-P-8"}},{"type":"Feature","geometry":{"type":"Polygon","coordinates":[[[-79.945107,40.405252],[-79.945321,40.405227],[-79.94533,40.405268],[-79.945115,40.405289],[-79.945107,40.405252]]]},"properties":{"parcel_id":"0056P00009000000","block_lot":"56-P-9"}},{"type":"Feature","geometry":{"type":"Polygon","coordinates":[[[-79.945321,40.405227],[-79.945107,40.405252],[-79.945099,40.405214],[-79.945311,40.405189],[-79.945321,40.405227]]]},"properties":{"parcel_id":"0056P00010000000","block_lot":"56-P-10"}},{"type":"Feature","geometry":{"type":"Polygon","coordinates":[[[-79.945054,40.40502],[-79.945476,40.404966],[-79.945488,40.40502],[-79.945065,40.405069],[-79.945054,40.40502]]]},"properties":{"parcel_id":"0056P00011000000","block_lot":"56-P-11"}},{"type":"Feature","geometry":{"type":"Polygon","coordinates":[[[-79.945054,40.40502],[-79.945042,40.404964],[-79.945464,40.40491],[-79.945476,40.404966],[-79.945054,40.40502]]]},"properties":{"parcel_id":"0056P00012000000","block_lot":"56-P-12"}},{"type":"Feature","geometry":{"type":"Polygon","coordinates":[[[-79.945018,40.404855],[-79.94544,40.404806],[-79.945452,40.404858],[-79.945029,40.404907],[-79.945018,40.404855]]]},"properties":{"parcel_id":"0056P00013000000","block_lot":"56-P-13"}},{"type":"Feature","geometry":{"type":"Polygon","coordinates":[[[-79.945029,40.404907],[-79.945452,40.404858],[-79.945464,40.40491],[-79.945042,40.404964],[-79.945029,40.404907]]]},"properties":{"parcel_id":"0056P00013000A00","block_lot":"56-P-13-A"}},{"type":"Feature","geometry":{"type":"Polygon","coordinates":[[[-79.945005,40.404799],[-79.945428,40.40475],[-79.94544,40.404806],[-79.945018,40.404855],[-79.945005,40.404799]]]},"properties":{"parcel_id":"0056P00015000000","block_lot":"56-P-15"}},{"type":"Feature","geometry":{"type":"Polygon","coordinates":[[[-79.944994,40.404749],[-79.945415,40.404695],[-79.945428,40.40475],[-79.945005,40.404799],[-79.944994,40.404749]]]},"properties":{"parcel_id":"0056P00016000000","block_lot":"56-P-16"}},{"type":"Feature","geometry":{"type":"Polygon","coordinates":[[[-79.944969,40.404638],[-79.94539,40.404587],[-79.945415,40.404695],[-79.944994,40.404749],[-79.944969,40.404638]]]},"properties":{"parcel_id":"0056P00017000000","block_lot":"56-P-17"}},{"type":"Feature","geometry":{"type":"Polygon","coordinates":[[[-79.944969,40.404638],[-79.944952,40.404559],[-79.945373,40.404508],[-79.94539,40.404587],[-79.944969,40.404638]]]},"properties":{"parcel_id":"0056P00019000000","block_lot":"56-P-19"}},{"type":"Feature","geometry":{"type":"Polygon","coordinates":[[[-79.945373,40.404508],[-79.944952,40.404559],[-79.944934,40.404479],[-79.945354,40.404425],[-79.945373,40.404508]]]},"properties":{"parcel_id":"0056P00021000000","block_lot":"56-P-21"}},{"type":"Feature","geometry":{"type":"Polygon","coordinates":[[[-79.944934,40.404479],[-79.944921,40.404421],[-79.945341,40.404369],[-79.945354,40.404425],[-79.944934,40.404479]]]},"properties":{"parcel_id":"0056P00023000000","block_lot":"56-P-23"}},{"type":"Feature","geometry":{"type":"Polygon","coordinates":[[[-79.944909,40.404366],[-79.945329,40.404316],[-79.945341,40.404369],[-79.944921,40.404421],[-79.944909,40.404366]]]},"properties":{"parcel_id":"0056P00024000000","block_lot":"56-P-24"}},{"type":"Feature","geometry":{"type":"Polygon","coordinates":[[[-79.944898,40.404316],[-79.945317,40.404261],[-79.945329,40.404316],[-79.944909,40.404366],[-79.944898,40.404316]]]},"properties":{"parcel_id":"0056P00025000000","block_lot":"56-P-25"}},{"type":"Feature","geometry":{"type":"Polygon","coordinates":[[[-79.944886,40.404263],[-79.945307,40.404216],[-79.945317,40.404261],[-79.944898,40.404316],[-79.944886,40.404263]]]},"properties":{"parcel_id":"0056P00026000000","block_lot":"56-P-26"}},{"type":"Feature","geometry":{"type":"Polygon","coordinates":[[[-79.944874,40.404209],[-79.945294,40.404162],[-79.945307,40.404216],[-79.944886,40.404263],[-79.944874,40.404209]]]},"properties":{"parcel_id":"0056P00027000000","block_lot":"56-P-27"}},{"type":"Feature","geometry":{"type":"Polygon","coordinates":[[[-79.944863,40.404153],[-79.945282,40.404103],[-79.945294,40.404162],[-79.944874,40.404209],[-79.944863,40.404153]]]},"properties":{"parcel_id":"0056P00028000000","block_lot":"56-P-28"}},{"type":"Feature","geometry":{"type":"Polygon","coordinates":[[[-79.944133,40.403908],[-79.944579,40.403843],[-79.9447,40.404407],[-79.944248,40.404464],[-79.944133,40.403908]]]},"properties":{"parcel_id":"0056P00036000000","block_lot":"56-P-36"}},{"type":"Feature","geometry":{"type":"Polygon","coordinates":[[[-79.944716,40.404483],[-79.944494,40.404509],[-79.944487,40.404434],[-79.9447,40.404407],[-79.944716,40.404483]]]},"properties":{"parcel_id":"0056P00037000000","block_lot":"56-P-37"}},{"type":"Feature","geometry":{"type":"Polygon","coordinates":[[[-79.944282,40.40446],[-79.944487,40.404434],[-79.944494,40.404509],[-79.944298,40.404532],[-79.944282,40.40446]]]},"properties":{"parcel_id":"0056P00038000000","block_lot":"56-P-38"}},{"type":"Feature","geometry":{"type":"Polygon","coordinates":[[[-79.944298,40.404532],[-79.944716,40.404483],[-79.944727,40.404533],[-79.944309,40.404585],[-79.944298,40.404532]]]},"properties":{"parcel_id":"0056P00039000000","block_lot":"56-P-39"}},{"type":"Feature","geometry":{"type":"Polygon","coordinates":[[[-79.944737,40.404578],[-79.944318,40.404628],[-79.944309,40.404585],[-79.944727,40.404533],[-79.944737,40.404578]]]},"properties":{"parcel_id":"0056P00040000000","block_lot":"56-P-40"}},{"type":"Feature","geometry":{"type":"Polygon","coordinates":[[[-79.944327,40.404668],[-79.944745,40.404615],[-79.944753,40.404654],[-79.944335,40.404706],[-79.944327,40.404668]]]},"properties":{"parcel_id":"0056P00041000000","block_lot":"56-P-41"}},{"type":"Feature","geometry":{"type":"Polygon","coordinates":[[[-79.944318,40.404628],[-79.944737,40.404578],[-79.944745,40.404615],[-79.944327,40.404668],[-79.944318,40.404628]]]},"properties":{"parcel_id":"0056P00042000000","block_lot":"56-P-42"}},{"type":"Feature","geometry":{"type":"Polygon","coordinates":[[[-79.944335,40.404706],[-79.944753,40.404654],[-79.944767,40.404717],[-79.944347,40.404761],[-79.944335,40.404706]]]},"properties":{"parcel_id":"0056P00042000A00","block_lot":"56-P-42-A"}},{"type":"Feature","geometry":{"type":"Polygon","coordinates":[[[-79.944347,40.404761],[-79.944767,40.404717],[-79.94478,40.404778],[-79.94436,40.404823],[-79.944347,40.404761]]]},"properties":{"parcel_id":"0056P00043000000","block_lot":"56-P-43"}},{"type":"Feature","geometry":{"type":"Polygon","coordinates":[[[-79.94436,40.404823],[-79.94478,40.404778],[-79.94479,40.404827],[-79.944372,40.404879],[-79.94436,40.404823]]]},"properties":{"parcel_id":"0056P00044000000","block_lot":"56-P-44"}},{"type":"Feature","geometry":{"type":"Polygon","coordinates":[[[-79.944585,40.404887],[-79.944797,40.40486],[-79.944805,40.404893],[-79.944592,40.40492],[-79.944585,40.404887]]]},"properties":{"parcel_id":"0056P00045000000","block_lot":"56-P-45"}},{"type":"Feature","geometry":{"type":"Polygon","coordinates":[[[-79.944578,40.404853],[-79.94479,40.404827],[-79.944797,40.40486],[-79.944585,40.404887],[-79.944578,40.404853]]]},"properties":{"parcel_id":"0056P00045000A00","block_lot":"56-P-45-A"}},{"type":"Feature","geometry":{"type":"Polygon","coordinates":[[[-79.944372,40.404879],[-79.944578,40.404853],[-79.944592,40.40492],[-79.944386,40.404946],[-79.944372,40.404879]]]},"properties":{"parcel_id":"0056P00045000B00","block_lot":"56-P-45-B"}},{"type":"Feature","geometry":{"type":"Polygon","coordinates":[[[-79.944522,40.404929],[-79.944805,40.404893],[-79.944816,40.404945],[-79.944533,40.40498],[-79.944522,40.404929]]]},"properties":{"parcel_id":"0056P00048000000","block_lot":"56-P-48"}},{"type":"Feature","geometry":{"type":"Polygon","coordinates":[[[-79.944445,40.404939],[-79.944522,40.404929],[-79.944565,40.40513],[-79.944487,40.405139],[-79.944445,40.404939]]]},"properties":{"parcel_id":"0056P00048000B00","block_lot":"56-P-48-B"}},{"type":"Feature","geometry":{"type":"Polygon","coordinates":[[[-79.944386,40.404946],[-79.944445,40.404939],[-79.944487,40.405139],[-79.944428,40.405147],[-79.944386,40.404946]]]},"properties":{"parcel_id":"0056P00048000C00","block_lot":"56-P-48-C"}},{"type":"Feature","geometry":{"type":"Polygon","coordinates":[[[-79.944533,40.40498],[-79.944816,40.404945],[-79.944848,40.405095],[-79.944565,40.40513],[-79.944533,40.40498]]]},"properties":{"parcel_id":"0056P00049000000","block_lot":"56-P-49"}},{"type":"Feature","geometry":{"type":"Polygon","coordinates":[[[-79.944895,40.405315],[-79.944717,40.405334],[-79.944708,40.405259],[-79.944881,40.405239],[-79.944895,40.405315]]]},"properties":{"parcel_id":"0056P00050000000","block_lot":"56-P-50"}},{"type":"Feature","geometry":{"type":"Polygon","coordinates":[[[-79.944717,40.405334],[-79.944471,40.405361],[-79.944459,40.405288],[-79.944708,40.405259],[-79.944717,40.405334]]]},"properties":{"parcel_id":"0056P00051000000","block_lot":"56-P-51"}},{"type":"Feature","geometry":{"type":"Polygon","coordinates":[[[-79.944485,40.405426],[-79.944471,40.405361],[-79.944895,40.405315],[-79.944908,40.40538],[-79.944485,40.405426]]]},"properties":{"parcel_id":"0056P00052000000","block_lot":"56-P-52"}},{"type":"Feature","geometry":{"type":"Polygon","coordinates":[[[-79.944485,40.405426],[-79.944908,40.40538],[-79.94493,40.405479],[-79.944506,40.405528],[-79.944485,40.405426]]]},"properties":{"parcel_id":"0056P00054000000","block_lot":"56-P-54"}},{"type":"Feature","geometry":{"type":"Polygon","coordinates":[[[-79.944655,40.40551],[-79.94493,40.405479],[-79.944943,40.405542],[-79.944667,40.405569],[-79.944655,40.40551]]]},"properties":{"parcel_id":"0056P00055000000","block_lot":"56-P-55"}},{"type":"Feature","geometry":{"type":"Polygon","coordinates":[[[-79.944506,40.405528],[-79.944655,40.40551],[-79.944667,40.405569],[-79.944518,40.405584],[-79.944506,40.405528]]]},"properties":{"parcel_id":"0056P00055000A00","block_lot":"56-P-55-A"}},{"type":"Feature","geometry":{"type":"Polygon","coordinates":[[[-79.944518,40.405584],[-79.944943,40.405542],[-79.944957,40.405609],[-79.944533,40.405657],[-79.944518,40.405584]]]},"properties":{"parcel_id":"0056P00056000000","block_lot":"56-P-56"}},{"type":"Feature","geometry":{"type":"Polygon","coordinates":[[[-79.944969,40.405663],[-79.944715,40.405687],[-79.944705,40.405637],[-79.944957,40.405609],[-79.944969,40.405663]]]},"properties":{"parcel_id":"0056P00057000000","block_lot":"56-P-57"}},{"type":"Feature","geometry":{"type":"Polygon","coordinates":[[[-79.944533,40.405657],[-79.944705,40.405637],[-79.944718,40.405703],[-79.944546,40.405724],[-79.944533,40.405657]]]},"properties":{"parcel_id":"0056P00057000A00","block_lot":"56-P-57-A"}},{"type":"Feature","geometry":{"type":"Polygon","coordinates":[[[-79.944723,40.405731],[-79.944715,40.405687],[-79.944969,40.405663],[-79.944977,40.405703],[-79.944723,40.405731]]]},"properties":{"parcel_id":"0056P00058000000","block_lot":"56-P-58"}},{"type":"Feature","geometry":{"type":"Polygon","coordinates":[[[-79.944546,40.405724],[-79.944718,40.405703],[-79.944731,40.405774],[-79.944561,40.405794],[-79.944546,40.405724]]]},"properties":{"parcel_id":"0056P00058000A00","block_lot":"56-P-58-A"}},{"type":"Feature","geometry":{"type":"Polygon","coordinates":[[[-79.944723,40.405731],[-79.944977,40.405703],[-79.944986,40.405744],[-79.944731,40.405774],[-79.944723,40.405731]]]},"properties":{"parcel_id":"0056P00059000000","block_lot":"56-P-59"}},{"type":"Feature","geometry":{"type":"Polygon","coordinates":[[[-79.944561,40.405794],[-79.944986,40.405744],[-79.945001,40.405812],[-79.944575,40.40586],[-79.944561,40.405794]]]},"properties":{"parcel_id":"0056P00060000000","block_lot":"56-P-60"}},{"type":"Feature","geometry":{"type":"Polygon","coordinates":[[[-79.944575,40.40586],[-79.945001,40.405812],[-79.945014,40.405876],[-79.944588,40.405924],[-79.944575,40.40586]]]},"properties":{"parcel_id":"0056P00061000000","block_lot":"56-P-61"}},{"type":"Feature","geometry":{"type":"Polygon","coordinates":[[[-79.944788,40.405902],[-79.945014,40.405876],[-79.945021,40.405909],[-79.944792,40.405935],[-79.944788,40.405902]]]},"properties":{"parcel_id":"0056P00062000000","block_lot":"56-P-62"}},{"type":"Feature","geometry":{"type":"Polygon","coordinates":[[[-79.944588,40.405924],[-79.944788,40.405902],[-79.944797,40.405973],[-79.944604,40.405997],[-79.944588,40.405924]]]},"properties":{"parcel_id":"0056P00062000A00","block_lot":"56-P-62-A"}},{"type":"Feature","geometry":{"type":"Polygon","coordinates":[[[-79.944792,40.405935],[-79.945021,40.405909],[-79.945029,40.405944],[-79.944797,40.405973],[-79.944792,40.405935]]]},"properties":{"parcel_id":"0056P00062000B00","block_lot":"56-P-62-B"}},{"type":"Feature","geometry":{"type":"Polygon","coordinates":[[[-79.944604,40.405997],[-79.945029,40.405944],[-79.945043,40.40601],[-79.944617,40.406062],[-79.944604,40.405997]]]},"properties":{"parcel_id":"0056P00063000000","block_lot":"56-P-63"}},{"type":"Feature","geometry":{"type":"Polygon","coordinates":[[[-79.944793,40.40604],[-79.945043,40.40601],[-79.945058,40.40608],[-79.94481,40.406109],[-79.944793,40.40604]]]},"properties":{"parcel_id":"0056P00064000000","block_lot":"56-P-64"}},{"type":"Feature","geometry":{"type":"Polygon","coordinates":[[[-79.944617,40.406062],[-79.944793,40.40604],[-79.94481,40.406109],[-79.944631,40.406129],[-79.944617,40.406062]]]},"properties":{"parcel_id":"0056P00064000A00","block_lot":"56-P-64-A"}},{"type":"Feature","geometry":{"type":"Polygon","coordinates":[[[-79.944631,40.406129],[-79.945058,40.40608],[-79.945072,40.406144],[-79.944644,40.406192],[-79.944631,40.406129]]]},"properties":{"parcel_id":"0056P00065000000","block_lot":"56-P-65"}},{"type":"Feature","geometry":{"type":"Polygon","coordinates":[[[-79.944854,40.406169],[-79.945072,40.406144],[-79.94508,40.406181],[-79.944862,40.406206],[-79.944854,40.406169]]]},"properties":{"parcel_id":"0056P00066000000","block_lot":"56-P-66"}},{"type":"Feature","geometry":{"type":"Polygon","coordinates":[[[-79.944862,40.406206],[-79.94508,40.406181],[-79.945086,40.406212],[-79.94487,40.406241],[-79.944862,40.406206]]]},"properties":{"parcel_id":"0056P00066000100","block_lot":"56-P-66-1"}},{"type":"Feature","geometry":{"type":"Polygon","coordinates":[[[-79.944652,40.40623],[-79.944862,40.406206],[-79.94487,40.406241],[-79.94466,40.40627],[-79.944652,40.40623]]]},"properties":{"parcel_id":"0056P00067000000","block_lot":"56-P-67"}},{"type":"Feature","geometry":{"type":"Polygon","coordinates":[[[-79.944644,40.406192],[-79.944854,40.406169],[-79.944862,40.406206],[-79.944652,40.40623],[-79.944644,40.406192]]]},"properties":{"parcel_id":"0056P00067000100","block_lot":"56-P-67-1"}},{"type":"Feature","geometry":{"type":"Polygon","coordinates":[[[-79.94466,40.40627],[-79.945086,40.406212],[-79.94513,40.406418],[-79.944704,40.406475],[-79.94466,40.40627]]]},"properties":{"parcel_id":"0056P00069000000","block_lot":"56-P-69"}},{"type":"Feature","geometry":{"type":"Polygon","coordinates":[[[-79.944712,40.406507],[-79.945137,40.40645],[-79.945145,40.406484],[-79.944718,40.406543],[-79.944712,40.406507]]]},"properties":{"parcel_id":"0056P00072000000","block_lot":"56-P-72"}},{"type":"Feature","geometry":{"type":"Polygon","coordinates":[[[-79.944704,40.406475],[-79.94513,40.406418],[-79.945137,40.40645],[-79.944712,40.406507],[-79.944704,40.406475]]]},"properties":{"parcel_id":"0056P00072000A00","block_lot":"56-P-72-A"}},{"type":"Feature","geometry":{"type":"Polygon","coordinates":[[[-79.944951,40.406511],[-79.945145,40.406484],[-79.945152,40.406521],[-79.944959,40.406548],[-79.944951,40.406511]]]},"properties":{"parcel_id":"0056P00073000000","block_lot":"56-P-73"}},{"type":"Feature","geometry":{"type":"Polygon","coordinates":[[[-79.94516,40.406555],[-79.944966,40.406582],[-79.944959,40.406548],[-79.945152,40.406521],[-79.94516,40.406555]]]},"properties":{"parcel_id":"0056P00073000A00","block_lot":"56-P-73-A"}},{"type":"Feature","geometry":{"type":"Polygon","coordinates":[[[-79.944298,40.406541],[-79.944292,40.406514],[-79.944638,40.406471],[-79.944644,40.4065],[-79.944298,40.406541]]]},"properties":{"parcel_id":"0056P00074000000","block_lot":"56-P-74"}},{"type":"Feature","geometry":{"type":"Polygon","coordinates":[[[-79.944306,40.406577],[-79.944298,40.406541],[-79.944644,40.4065],[-79.944652,40.406533],[-79.944306,40.406577]]]},"properties":{"parcel_id":"0056P00074000A00","block_lot":"56-P-74-A"}},{"type":"Feature","geometry":{"type":"Polygon","coordinates":[[[-79.944638,40.406471],[-79.944292,40.406514],[-79.944277,40.406443],[-79.944623,40.406403],[-79.944638,40.406471]]]},"properties":{"parcel_id":"0056P00075000000","block_lot":"56-P-75"}},{"type":"Feature","geometry":{"type":"Polygon","coordinates":[[[-79.944277,40.406443],[-79.944265,40.406389],[-79.94461,40.406344],[-79.944623,40.406403],[-79.944277,40.406443]]]},"properties":{"parcel_id":"0056P00076000000","block_lot":"56-P-76"}},{"type":"Feature","geometry":{"type":"Polygon","coordinates":[[[-79.944255,40.406343],[-79.944601,40.406302],[-79.94461,40.406344],[-79.944265,40.406389],[-79.944255,40.406343]]]},"properties":{"parcel_id":"0056P00076000A00","block_lot":"56-P-76-A"}},{"type":"Feature","geometry":{"type":"Polygon","coordinates":[[[-79.944248,40.40631],[-79.944592,40.40626],[-79.944601,40.406302],[-79.944255,40.406343],[-79.944248,40.40631]]]},"properties":{"parcel_id":"0056P00077000000","block_lot":"56-P-77"}},{"type":"Feature","geometry":{"type":"Polygon","coordinates":[[[-79.944229,40.406229],[-79.944574,40.406183],[-79.944592,40.40626],[-79.944248,40.40631],[-79.944229,40.406229]]]},"properties":{"parcel_id":"0056P00078000000","block_lot":"56-P-78"}},{"type":"Feature","geometry":{"type":"Polygon","coordinates":[[[-79.944214,40.406161],[-79.944559,40.406115],[-79.944574,40.406183],[-79.944229,40.406229],[-79.944214,40.406161]]]},"properties":{"parcel_id":"0056P00079000000","block_lot":"56-P-79"}},{"type":"Feature","geometry":{"type":"Polygon","coordinates":[[[-79.94418,40.406007],[-79.944527,40.405966],[-79.944559,40.406115],[-79.944214,40.406161],[-79.94418,40.406007]]]},"properties":{"parcel_id":"0056P00080000000","block_lot":"56-P-80"}},{"type":"Feature","geometry":{"type":"Polygon","coordinates":[[[-79.944154,40.405882],[-79.944502,40.405846],[-79.944527,40.405966],[-79.94418,40.406007],[-79.944154,40.405882]]]},"properties":{"parcel_id":"0056P00082000000","block_lot":"56-P-82"}},{"type":"Feature","geometry":{"type":"Polygon","coordinates":[[[-79.944502,40.405846],[-79.944154,40.405882],[-79.944146,40.405842],[-79.944492,40.405799],[-79.944502,40.405846]]]},"properties":{"parcel_id":"0056P00084000000","block_lot":"56-P-84"}},{"type":"Feature","geometry":{"type":"Polygon","coordinates":[[[-79.944146,40.405842],[-79.944136,40.405801],[-79.944483,40.40576],[-79.944492,40.405799],[-79.944146,40.405842]]]},"properties":{"parcel_id":"0056P00084000A00","block_lot":"56-P-84-A"}},{"type":"Feature","geometry":{"type":"Polygon","coordinates":[[[-79.944483,40.40576],[-79.944136,40.405801],[-79.944125,40.405746],[-79.944471,40.405705],[-79.944483,40.40576]]]},"properties":{"parcel_id":"0056P00085000000","block_lot":"56-P-85"}},{"type":"Feature","geometry":{"type":"Polygon","coordinates":[[[-79.944111,40.405685],[-79.944457,40.40564],[-79.944464,40.405672],[-79.944118,40.405716],[-79.944111,40.405685]]]},"properties":{"parcel_id":"0056P00086000000","block_lot":"56-P-86"}},{"type":"Feature","geometry":{"type":"Polygon","coordinates":[[[-79.944125,40.405746],[-79.944118,40.405716],[-79.944464,40.405672],[-79.944471,40.405705],[-79.944125,40.405746]]]},"properties":{"parcel_id":"0056P00086000A00","block_lot":"56-P-86-A"}},{"type":"Feature","geometry":{"type":"Polygon","coordinates":[[[-79.944103,40.405648],[-79.94445,40.405608],[-79.944457,40.40564],[-79.944111,40.405685],[-79.944103,40.405648]]]},"properties":{"parcel_id":"0056P00086000B00","block_lot":"56-P-86-B"}},{"type":"Feature","geometry":{"type":"Polygon","coordinates":[[[-79.944096,40.405614],[-79.944443,40.405574],[-79.94445,40.405608],[-79.944103,40.405648],[-79.944096,40.405614]]]},"properties":{"parcel_id":"0056P00087000000","block_lot":"56-P-87"}},{"type":"Feature","geometry":{"type":"Polygon","coordinates":[[[-79.944423,40.405484],[-79.944076,40.405526],[-79.944067,40.405487],[-79.944413,40.405443],[-79.944423,40.405484]]]},"properties":{"parcel_id":"0056P00088000000","block_lot":"56-P-88"}},{"type":"Feature","geometry":{"type":"Polygon","coordinates":[[[-79.944086,40.405569],[-79.944076,40.405526],[-79.944423,40.405484],[-79.944432,40.405526],[-79.944086,40.405569]]]},"properties":{"parcel_id":"0056P00089000000","block_lot":"56-P-89"}},{"type":"Feature","geometry":{"type":"Polygon","coordinates":[[[-79.944086,40.405569],[-79.944432,40.405526],[-79.944443,40.405574],[-79.944096,40.405614],[-79.944086,40.405569]]]},"properties":{"parcel_id":"0056P00089000A00","block_lot":"56-P-89-A"}},{"type":"Feature","geometry":{"type":"Polygon","coordinates":[[[-79.944413,40.405443],[-79.944067,40.405487],[-79.944035,40.405342],[-79.944382,40.405299],[-79.944413,40.405443]]]},"properties":{"parcel_id":"0056P00090000000","block_lot":"56-P-90"}},{"type":"Feature","geometry":{"type":"Polygon","coordinates":[[[-79.944006,40.405198],[-79.943773,40.404054],[-79.943836,40.403952],[-79.944133,40.403908],[-79.944248,40.404464],[-79.944206,40.404468],[-79.944353,40.405153],[-79.944006,40.405198]]]},"properties":{"parcel_id":"0056P00092000000","block_lot":"56-P-92"}},{"type":"Feature","geometry":{"type":"Polygon","coordinates":[[[-79.943439,40.405871],[-79.943426,40.405803],[-79.943646,40.40577],[-79.943661,40.405838],[-79.943439,40.405871]]]},"properties":{"parcel_id":"0056P00116000000","block_lot":"56-P-116"}},{"type":"Feature","geometry":{"type":"Polygon","coordinates":[[[-79.943316,40.405532],[-79.943577,40.405484],[-79.9436,40.40557],[-79.943343,40.405612],[-79.943316,40.405532]]]},"properties":{"parcel_id":"0056P00124000000","block_lot":"56-P-124"}},{"type":"Feature","geometry":{"type":"Polygon","coordinates":[[[-79.943187,40.405231],[-79.943174,40.405172],[-79.943592,40.405133],[-79.943599,40.405168],[-79.943187,40.405231]]]},"properties":{"parcel_id":"0056P00130000000","block_lot":"56-P-130"}},{"type":"Feature","geometry":{"type":"Polygon","coordinates":[[[-79.943592,40.405133],[-79.943174,40.405172],[-79.943164,40.405124],[-79.943581,40.405085],[-79.943592,40.405133]]]},"properties":{"parcel_id":"0056P00131000000","block_lot":"56-P-131"}},{"type":"Feature","geometry":{"type":"Polygon","coordinates":[[[-79.943164,40.405124],[-79.943156,40.405083],[-79.943571,40.405037],[-79.943581,40.405085],[-79.943164,40.405124]]]},"properties":{"parcel_id":"0056P00132000000","block_lot":"56-P-132"}},{"type":"Feature","geometry":{"type":"Polygon","coordinates":[[[-79.943156,40.405083],[-79.943146,40.405039],[-79.943561,40.404994],[-79.943571,40.405037],[-79.943156,40.405083]]]},"properties":{"parcel_id":"0056P00133000000","block_lot":"56-P-133"}},{"type":"Feature","geometry":{"type":"Polygon","coordinates":[[[-79.943139,40.405007],[-79.943554,40.404959],[-79.943561,40.404994],[-79.943146,40.405039],[-79.943139,40.405007]]]},"properties":{"parcel_id":"0056P00134000000","block_lot":"56-P-134"}},{"type":"Feature","geometry":{"type":"Polygon","coordinates":[[[-79.943129,40.404957],[-79.943209,40.404943],[-79.943422,40.404917],[-79.943539,40.404894],[-79.943554,40.404959],[-79.943139,40.405007],[-79.943129,40.404957]]]},"properties":{"parcel_id":"0056P00135000000","block_lot":"56-P-135"}},{"type":"Feature","geometry":{"type":"Polygon","coordinates":[[[-79.943191,40.404878],[-79.943406,40.404845],[-79.943422,40.404917],[-79.943209,40.404943],[-79.943191,40.404878]]]},"properties":{"parcel_id":"0056P00136000000","block_lot":"56-P-136"}},{"type":"Feature","geometry":{"type":"Polygon","coordinates":[[[-79.943406,40.404845],[-79.943191,40.404878],[-79.943177,40.404828],[-79.943396,40.404798],[-79.943406,40.404845]]]},"properties":{"parcel_id":"0056P00137000000","block_lot":"56-P-137"}},{"type":"Feature","geometry":{"type":"Polygon","coordinates":[[[-79.943177,40.404828],[-79.943165,40.404788],[-79.943388,40.404763],[-79.943396,40.404798],[-79.943177,40.404828]]]},"properties":{"parcel_id":"0056P00138000000","block_lot":"56-P-138"}},{"type":"Feature","geometry":{"type":"Polygon","coordinates":[[[-79.943388,40.404763],[-79.943165,40.404788],[-79.943154,40.404748],[-79.943379,40.404722],[-79.943388,40.404763]]]},"properties":{"parcel_id":"0056P00139000000","block_lot":"56-P-139"}},{"type":"Feature","geometry":{"type":"Polygon","coordinates":[[[-79.943142,40.404704],[-79.943369,40.404677],[-79.943379,40.404722],[-79.943154,40.404748],[-79.943142,40.404704]]]},"properties":{"parcel_id":"0056P00140000000","block_lot":"56-P-140"}},{"type":"Feature","geometry":{"type":"Polygon","coordinates":[[[-79.943132,40.40467],[-79.943363,40.404645],[-79.943369,40.404677],[-79.943142,40.404704],[-79.943132,40.40467]]]},"properties":{"parcel_id":"0056P00141000000","block_lot":"56-P-141"}},{"type":"Feature","geometry":{"type":"Polygon","coordinates":[[[-79.943422,40.404917],[-79.943363,40.404645],[-79.943132,40.40467],[-79.943119,40.404624],[-79.943353,40.4046],[-79.943249,40.404126],[-79.943377,40.404126],[-79.943539,40.404894],[-79.943422,40.404917]]]},"properties":{"parcel_id":"0056P00141000A00","block_lot":"56-P-141-A"}},{"type":"Feature","geometry":{"type":"Polygon","coordinates":[[[-79.943109,40.404591],[-79.943345,40.404564],[-79.943353,40.4046],[-79.943119,40.404624],[-79.943109,40.404591]]]},"properties":{"parcel_id":"0056P00142000000","block_lot":"56-P-142"}},{"type":"Feature","geometry":{"type":"Polygon","coordinates":[[[-79.943096,40.404543],[-79.943333,40.404513],[-79.943345,40.404564],[-79.943109,40.404591],[-79.943096,40.404543]]]},"properties":{"parcel_id":"0056P00143000000","block_lot":"56-P-143"}},{"type":"Feature","geometry":{"type":"Polygon","coordinates":[[[-79.943084,40.404501],[-79.943325,40.404472],[-79.943333,40.404513],[-79.943096,40.404543],[-79.943084,40.404501]]]},"properties":{"parcel_id":"0056P00144000000","block_lot":"56-P-144"}},{"type":"Feature","geometry":{"type":"Polygon","coordinates":[[[-79.943325,40.404472],[-79.943084,40.404501],[-79.943072,40.404458],[-79.943316,40.404431],[-79.943325,40.404472]]]},"properties":{"parcel_id":"0056P00144000A00","block_lot":"56-P-144-A"}},{"type":"Feature","geometry":{"type":"Polygon","coordinates":[[[-79.943316,40.404431],[-79.943072,40.404458],[-79.94306,40.404417],[-79.943306,40.404387],[-79.943316,40.404431]]]},"properties":{"parcel_id":"0056P00145000000","block_lot":"56-P-145"}},{"type":"Feature","geometry":{"type":"Polygon","coordinates":[[[-79.943306,40.404387],[-79.94306,40.404417],[-79.943052,40.40439],[-79.9433,40.404359],[-79.943306,40.404387]]]},"properties":{"parcel_id":"0056P00145000A00","block_lot":"56-P-145-A"}},{"type":"Feature","geometry":{"type":"Polygon","coordinates":[[[-79.943043,40.404356],[-79.943292,40.404324],[-79.9433,40.404359],[-79.943052,40.40439],[-79.943043,40.404356]]]},"properties":{"parcel_id":"0056P00146000000","block_lot":"56-P-146"}},{"type":"Feature","geometry":{"type":"Polygon","coordinates":[[[-79.943031,40.404313],[-79.943283,40.404283],[-79.943292,40.404324],[-79.943043,40.404356],[-79.943031,40.404313]]]},"properties":{"parcel_id":"0056P00147000000","block_lot":"56-P-147"}},{"type":"Feature","geometry":{"type":"Polygon","coordinates":[[[-79.943019,40.404271],[-79.943275,40.404243],[-79.943283,40.404283],[-79.943031,40.404313],[-79.943019,40.404271]]]},"properties":{"parcel_id":"0056P00148000000","block_lot":"56-P-148"}},{"type":"Feature","geometry":{"type":"Polygon","coordinates":[[[-79.943006,40.404227],[-79.943265,40.404198],[-79.943275,40.404243],[-79.943019,40.404271],[-79.943006,40.404227]]]},"properties":{"parcel_id":"0056P00149000000","block_lot":"56-P-149"}},{"type":"Feature","geometry":{"type":"Polygon","coordinates":[[[-79.942996,40.40419],[-79.943256,40.404158],[-79.943265,40.404198],[-79.943006,40.404227],[-79.942996,40.40419]]]},"properties":{"parcel_id":"0056P00150000000","block_lot":"56-P-150"}},{"type":"Feature","geometry":{"type":"Polygon","coordinates":[[[-79.942985,40.404153],[-79.943247,40.404119],[-79.943256,40.404158],[-79.942996,40.40419],[-79.942985,40.404153]]]},"properties":{"parcel_id":"0056P00151000000","block_lot":"56-P-151"}},{"type":"Feature","geometry":{"type":"Polygon","coordinates":[[[-79.943226,40.40653],[-79.943797,40.406438],[-79.943829,40.406583],[-79.943265,40.406666],[-79.943226,40.40653]]]},"properties":{"parcel_id":"0056P00154000000","block_lot":"56-P-154"}},{"type":"Feature","geometry":{"type":"Polygon","coordinates":[[[-79.943206,40.406459],[-79.943781,40.406372],[-79.943797,40.406438],[-79.943226,40.40653],[-79.943206,40.406459]]]},"properties":{"parcel_id":"0056P00155000000","block_lot":"56-P-155"}},{"type":"Feature","geometry":{"type":"Polygon","coordinates":[[[-79.943188,40.406397],[-79.943767,40.406307],[-79.943781,40.406372],[-79.943206,40.406459],[-79.943188,40.406397]]]},"properties":{"parcel_id":"0056P00156000000","block_lot":"56-P-156"}},{"type":"Feature","geometry":{"type":"Polygon","coordinates":[[[-79.943167,40.406325],[-79.943752,40.406239],[-79.943767,40.406307],[-79.943188,40.406397],[-79.943167,40.406325]]]},"properties":{"parcel_id":"0056P00157000000","block_lot":"56-P-157"}},{"type":"Feature","geometry":{"type":"Polygon","coordinates":[[[-79.94315,40.406265],[-79.943736,40.406171],[-79.943752,40.406239],[-79.943167,40.406325],[-79.94315,40.406265]]]},"properties":{"parcel_id":"0056P00158000000","block_lot":"56-P-158"}},{"type":"Feature","geometry":{"type":"Polygon","coordinates":[[[-79.94313,40.406194],[-79.943722,40.40611],[-79.943736,40.406171],[-79.94315,40.406265],[-79.94313,40.406194]]]},"properties":{"parcel_id":"0056P00159000000","block_lot":"56-P-159"}},{"type":"Feature","geometry":{"type":"Polygon","coordinates":[[[-79.943114,40.406137],[-79.943706,40.406039],[-79.943722,40.40611],[-79.94313,40.406194],[-79.943114,40.406137]]]},"properties":{"parcel_id":"0056P00160000000","block_lot":"56-P-160"}},{"type":"Feature","geometry":{"type":"Polygon","coordinates":[[[-79.94309,40.406055],[-79.94369,40.405968],[-79.943706,40.406039],[-79.943114,40.406137],[-79.94309,40.406055]]]},"properties":{"parcel_id":"0056P00161000000","block_lot":"56-P-161"}},{"type":"Feature","geometry":{"type":"Polygon","coordinates":[[[-79.943073,40.405994],[-79.943677,40.405907],[-79.94369,40.405968],[-79.94309,40.406055],[-79.943073,40.405994]]]},"properties":{"parcel_id":"0056P00162000000","block_lot":"56-P-162"}},{"type":"Feature","geometry":{"type":"Polygon","coordinates":[[[-79.943054,40.405929],[-79.943661,40.405838],[-79.943677,40.405907],[-79.943073,40.405994],[-79.943054,40.405929]]]},"properties":{"parcel_id":"0056P00163000000","block_lot":"56-P-163"}},{"type":"Feature","geometry":{"type":"Polygon","coordinates":[[[-79.943035,40.405862],[-79.943426,40.405803],[-79.943439,40.405871],[-79.943054,40.405929],[-79.943035,40.405862]]]},"properties":{"parcel_id":"0056P00164000001","block_lot":"56-P-164-0-1"}},{"type":"Feature","geometry":{"type":"Polygon","coordinates":[[[-79.943017,40.405796],[-79.94363,40.405703],[-79.943646,40.40577],[-79.943035,40.405862],[-79.943017,40.405796]]]},"properties":{"parcel_id":"0056P00165000000","block_lot":"56-P-165"}},{"type":"Feature","geometry":{"type":"Polygon","coordinates":[[[-79.942997,40.405728],[-79.943615,40.405637],[-79.94363,40.405703],[-79.943017,40.405796],[-79.942997,40.405728]]]},"properties":{"parcel_id":"0056P00166000000","block_lot":"56-P-166"}},{"type":"Feature","geometry":{"type":"Polygon","coordinates":[[[-79.942981,40.405671],[-79.9436,40.40557],[-79.943615,40.405637],[-79.942997,40.405728],[-79.942981,40.405671]]]},"properties":{"parcel_id":"0056P00167000000","block_lot":"56-P-167"}},{"type":"Feature","geometry":{"type":"Polygon","coordinates":[[[-79.943343,40.405612],[-79.942981,40.405671],[-79.942957,40.405593],[-79.943316,40.405532],[-79.943343,40.405612]]]},"properties":{"parcel_id":"0056P00168000000","block_lot":"56-P-168"}},{"type":"Feature","geometry":{"type":"Polygon","coordinates":[[[-79.942867,40.405279],[-79.943599,40.405168],[-79.943665,40.405469],[-79.943577,40.405484],[-79.943316,40.405532],[-79.942957,40.405593],[-79.942867,40.405279]]]},"properties":{"parcel_id":"0056P00169000000","block_lot":"56-P-169"}},{"type":"Feature","geometry":{"type":"Polygon","coordinates":[[[-79.942857,40.405243],[-79.943179,40.405195],[-79.943187,40.405231],[-79.942867,40.405279],[-79.942857,40.405243]]]},"properties":{"parcel_id":"0056P00174000000","block_lot":"56-P-174"}},{"type":"Feature","geometry":{"type":"Polygon","coordinates":[[[-79.942818,40.405106],[-79.94315,40.405056],[-79.94316,40.405102],[-79.942831,40.405151],[-79.942818,40.405106]]]},"properties":{"parcel_id":"0056P00175000000","block_lot":"56-P-175"}},{"type":"Feature","geometry":{"type":"Polygon","coordinates":[[[-79.942844,40.405198],[-79.943169,40.405147],[-79.943179,40.405195],[-79.942857,40.405243],[-79.942844,40.405198]]]},"properties":{"parcel_id":"0056P00176000000","block_lot":"56-P-176"}},{"type":"Feature","geometry":{"type":"Polygon","coordinates":[[[-79.942831,40.405151],[-79.94316,40.405102],[-79.943169,40.405147],[-79.942844,40.405198],[-79.942831,40.405151]]]},"properties":{"parcel_id":"0056P00177000000","block_lot":"56-P-177"}},{"type":"Feature","geometry":{"type":"Polygon","coordinates":[[[-79.942806,40.405066],[-79.943139,40.405007],[-79.94315,40.405056],[-79.942818,40.405106],[-79.942806,40.405066]]]},"properties":{"parcel_id":"0056P00179000000","block_lot":"56-P-179"}},{"type":"Feature","geometry":{"type":"Polygon","coordinates":[[[-79.942791,40.405012],[-79.943129,40.404957],[-79.943139,40.405007],[-79.942806,40.405066],[-79.942791,40.405012]]]},"properties":{"parcel_id":"0056P00180000000","block_lot":"56-P-180"}},{"type":"Feature","geometry":{"type":"Polygon","coordinates":[[[-79.942776,40.40496],[-79.943129,40.404903],[-79.943144,40.404955],[-79.942791,40.405012],[-79.942776,40.40496]]]},"properties":{"parcel_id":"0056P00181000000","block_lot":"56-P-181"}},{"type":"Feature","geometry":{"type":"Polygon","coordinates":[[[-79.942764,40.404916],[-79.943117,40.404862],[-79.943129,40.404903],[-79.942776,40.40496],[-79.942764,40.404916]]]},"properties":{"parcel_id":"0056P00182000000","block_lot":"56-P-182"}},{"type":"Feature","geometry":{"type":"Polygon","coordinates":[[[-79.942751,40.404872],[-79.943106,40.404821],[-79.943117,40.404862],[-79.942764,40.404916],[-79.942751,40.404872]]]},"properties":{"parcel_id":"0056P00183000000","block_lot":"56-P-183"}},{"type":"Feature","geometry":{"type":"Polygon","coordinates":[[[-79.942737,40.404824],[-79.943092,40.404773],[-79.943106,40.404821],[-79.942751,40.404872],[-79.942737,40.404824]]]},"properties":{"parcel_id":"0056P00184000000","block_lot":"56-P-184"}},{"type":"Feature","geometry":{"type":"Polygon","coordinates":[[[-79.942719,40.404759],[-79.943072,40.404702],[-79.943092,40.404773],[-79.942737,40.404824],[-79.942719,40.404759]]]},"properties":{"parcel_id":"0056P00185000000","block_lot":"56-P-185"}},{"type":"Feature","geometry":{"type":"Polygon","coordinates":[[[-79.942701,40.404698],[-79.943055,40.404643],[-79.943072,40.404702],[-79.942719,40.404759],[-79.942701,40.404698]]]},"properties":{"parcel_id":"0056P00186000A00","block_lot":"56-P-186-A"}},{"type":"Feature","geometry":{"type":"Polygon","coordinates":[[[-79.942688,40.404652],[-79.943043,40.404601],[-79.943055,40.404643],[-79.942701,40.404698],[-79.942688,40.404652]]]},"properties":{"parcel_id":"0056P00187000000","block_lot":"56-P-187"}},{"type":"Feature","geometry":{"type":"Polygon","coordinates":[[[-79.942662,40.404562],[-79.943016,40.404507],[-79.943029,40.404553],[-79.942676,40.404609],[-79.942662,40.404562]]]},"properties":{"parcel_id":"0056P00188000000","block_lot":"56-P-188"}},{"type":"Feature","geometry":{"type":"Polygon","coordinates":[[[-79.942676,40.404609],[-79.943029,40.404553],[-79.943043,40.404601],[-79.942688,40.404652],[-79.942676,40.404609]]]},"properties":{"parcel_id":"0056P00188000A00","block_lot":"56-P-188-A"}},{"type":"Feature","geometry":{"type":"Polygon","coordinates":[[[-79.94265,40.404517],[-79.943003,40.404462],[-79.943016,40.404507],[-79.942662,40.404562],[-79.94265,40.404517]]]},"properties":{"parcel_id":"0056P00189000000","block_lot":"56-P-189"}},{"type":"Feature","geometry":{"type":"Polygon","coordinates":[[[-79.942638,40.404474],[-79.942992,40.404423],[-79.943003,40.404462],[-79.94265,40.404517],[-79.942638,40.404474]]]},"properties":{"parcel_id":"0056P00190000000","block_lot":"56-P-190"}},{"type":"Feature","geometry":{"type":"Polygon","coordinates":[[[-79.942626,40.404434],[-79.942979,40.404378],[-79.942992,40.404423],[-79.942638,40.404474],[-79.942626,40.404434]]]},"properties":{"parcel_id":"0056P00191000000","block_lot":"56-P-191"}},{"type":"Feature","geometry":{"type":"Polygon","coordinates":[[[-79.942613,40.404386],[-79.942966,40.40433],[-79.942979,40.404378],[-79.942626,40.404434],[-79.942613,40.404386]]]},"properties":{"parcel_id":"0056P00192000000","block_lot":"56-P-192"}},{"type":"Feature","geometry":{"type":"Polygon","coordinates":[[[-79.9426,40.404342],[-79.942952,40.404284],[-79.942966,40.40433],[-79.942613,40.404386],[-79.9426,40.404342]]]},"properties":{"parcel_id":"0056P00193000000","block_lot":"56-P-193"}},{"type":"Feature","geometry":{"type":"Polygon","coordinates":[[[-79.942587,40.404297],[-79.942939,40.404237],[-79.942952,40.404284],[-79.9426,40.404342],[-79.942587,40.404297]]]},"properties":{"parcel_id":"0056P00194000000","block_lot":"56-P-194"}},{"type":"Feature","geometry":{"type":"Polygon","coordinates":[[[-79.942555,40.404183],[-79.942908,40.404126],[-79.942914,40.40415],[-79.942561,40.404206],[-79.942555,40.404183]]]},"properties":{"parcel_id":"0056P00195000000","block_lot":"56-P-195"}},{"type":"Feature","geometry":{"type":"Polygon","coordinates":[[[-79.942574,40.404249],[-79.942926,40.404191],[-79.942939,40.404237],[-79.942587,40.404297],[-79.942574,40.404249]]]},"properties":{"parcel_id":"0056P00195000A00","block_lot":"56-P-195-A"}},{"type":"Feature","geometry":{"type":"Polygon","coordinates":[[[-79.942561,40.404206],[-79.942914,40.40415],[-79.942926,40.404191],[-79.942574,40.404249],[-79.942561,40.404206]]]},"properties":{"parcel_id":"0056P00196000000","block_lot":"56-P-196"}},{"type":"Feature","geometry":{"type":"Polygon","coordinates":[[[-79.941899,40.404127],[-79.942294,40.404069],[-79.942314,40.404126],[-79.942314,40.404135],[-79.941919,40.404193],[-79.941899,40.404127]]]},"properties":{"parcel_id":"0056P00197000000","block_lot":"56-P-197"}},{"type":"Feature","geometry":{"type":"Polygon","coordinates":[[[-79.941919,40.404193],[-79.942314,40.404135],[-79.942334,40.404199],[-79.941937,40.404257],[-79.941919,40.404193]]]},"properties":{"parcel_id":"0056P00198000000","block_lot":"56-P-198"}},{"type":"Feature","geometry":{"type":"Polygon","coordinates":[[[-79.941957,40.404327],[-79.941947,40.404293],[-79.942344,40.404232],[-79.942354,40.404265],[-79.941957,40.404327]]]},"properties":{"parcel_id":"0056P00199000000","block_lot":"56-P-199"}},{"type":"Feature","geometry":{"type":"Polygon","coordinates":[[[-79.941937,40.404257],[-79.942334,40.404199],[-79.942344,40.404232],[-79.941947,40.404293],[-79.941937,40.404257]]]},"properties":{"parcel_id":"0056P00199000100","block_lot":"56-P-199-1"}},{"type":"Feature","geometry":{"type":"Polygon","coordinates":[[[-79.941957,40.404327],[-79.942354,40.404265],[-79.942375,40.404331],[-79.941976,40.404392],[-79.941957,40.404327]]]},"properties":{"parcel_id":"0056P00200000000","block_lot":"56-P-200"}},{"type":"Feature","geometry":{"type":"Polygon","coordinates":[[[-79.941976,40.404392],[-79.942375,40.404331],[-79.942395,40.404396],[-79.941996,40.404458],[-79.941976,40.404392]]]},"properties":{"parcel_id":"0056P00201000000","block_lot":"56-P-201"}},{"type":"Feature","geometry":{"type":"Polygon","coordinates":[[[-79.941996,40.404458],[-79.942395,40.404396],[-79.942416,40.404466],[-79.942015,40.404527],[-79.941996,40.404458]]]},"properties":{"parcel_id":"0056P00202000000","block_lot":"56-P-202"}},{"type":"Feature","geometry":{"type":"Polygon","coordinates":[[[-79.942015,40.404527],[-79.942416,40.404466],[-79.942437,40.404531],[-79.942035,40.404594],[-79.942015,40.404527]]]},"properties":{"parcel_id":"0056P00203000000","block_lot":"56-P-203"}},{"type":"Feature","geometry":{"type":"Polygon","coordinates":[[[-79.942095,40.404802],[-79.942076,40.404734],[-79.942477,40.404671],[-79.942494,40.404734],[-79.942158,40.404782],[-79.942163,40.404795],[-79.942095,40.404802]]]},"properties":{"parcel_id":"0056P00206000000","block_lot":"56-P-206"}},{"type":"Feature","geometry":{"type":"Polygon","coordinates":[[[-79.942095,40.404802],[-79.942163,40.404795],[-79.942158,40.404782],[-79.942494,40.404734],[-79.942513,40.404802],[-79.942111,40.404861],[-79.942095,40.404802]]]},"properties":{"parcel_id":"0056P00207000000","block_lot":"56-P-207"}},{"type":"Feature","geometry":{"type":"Polygon","coordinates":[[[-79.942111,40.404861],[-79.942513,40.404802],[-79.942532,40.404873],[-79.94213,40.404929],[-79.942111,40.404861]]]},"properties":{"parcel_id":"0056P00208000000","block_lot":"56-P-208"}},{"type":"Feature","geometry":{"type":"Polygon","coordinates":[[[-79.942568,40.405001],[-79.942167,40.405064],[-79.94213,40.404929],[-79.942532,40.404873],[-79.942568,40.405001]]]},"properties":{"parcel_id":"0056P00209000000","block_lot":"56-P-209"}},{"type":"Feature","geometry":{"type":"Polygon","coordinates":[[[-79.942205,40.4052],[-79.942167,40.405064],[-79.942568,40.405001],[-79.942606,40.405139],[-79.942205,40.4052]]]},"properties":{"parcel_id":"0056P00212000000","block_lot":"56-P-212"}},{"type":"Feature","geometry":{"type":"Polygon","coordinates":[[[-79.942205,40.4052],[-79.942606,40.405139],[-79.942624,40.405202],[-79.942222,40.405262],[-79.942205,40.4052]]]},"properties":{"parcel_id":"0056P00214000000","block_lot":"56-P-214"}},{"type":"Feature","geometry":{"type":"Polygon","coordinates":[[[-79.942222,40.405262],[-79.942624,40.405202],[-79.942646,40.405278],[-79.942245,40.40534],[-79.942222,40.405262]]]},"properties":{"parcel_id":"0056P00216000000","block_lot":"56-P-216"}},{"type":"Feature","geometry":{"type":"Polygon","coordinates":[[[-79.942245,40.40534],[-79.942646,40.405278],[-79.942664,40.405343],[-79.942264,40.405408],[-79.942245,40.40534]]]},"properties":{"parcel_id":"0056P00217000000","block_lot":"56-P-217"}},{"type":"Feature","geometry":{"type":"Polygon","coordinates":[[[-79.942264,40.405408],[-79.942664,40.405343],[-79.942684,40.405418],[-79.942283,40.405479],[-79.942264,40.405408]]]},"properties":{"parcel_id":"0056P00218000000","block_lot":"56-P-218"}},{"type":"Feature","geometry":{"type":"Polygon","coordinates":[[[-79.942283,40.405479],[-79.942684,40.405418],[-79.942703,40.405484],[-79.942301,40.405543],[-79.942283,40.405479]]]},"properties":{"parcel_id":"0056P00219000000","block_lot":"56-P-219"}},{"type":"Feature","geometry":{"type":"Polygon","coordinates":[[[-79.942301,40.405543],[-79.942703,40.405484],[-79.94272,40.405546],[-79.942319,40.405608],[-79.942301,40.405543]]]},"properties":{"parcel_id":"0056P00220000000","block_lot":"56-P-220"}},{"type":"Feature","geometry":{"type":"Polygon","coordinates":[[[-79.942319,40.405608],[-79.94272,40.405546],[-79.942737,40.405608],[-79.942337,40.405673],[-79.942319,40.405608]]]},"properties":{"parcel_id":"0056P00221000000","block_lot":"56-P-221"}},{"type":"Feature","geometry":{"type":"Polygon","coordinates":[[[-79.942337,40.405673],[-79.942737,40.405608],[-79.942758,40.405685],[-79.942356,40.405741],[-79.942337,40.405673]]]},"properties":{"parcel_id":"0056P00222000000","block_lot":"56-P-222"}},{"type":"Feature","geometry":{"type":"Polygon","coordinates":[[[-79.942356,40.405741],[-79.942758,40.405685],[-79.942776,40.405748],[-79.942375,40.405811],[-79.942356,40.405741]]]},"properties":{"parcel_id":"0056P00223000000","block_lot":"56-P-223"}},{"type":"Feature","geometry":{"type":"Polygon","coordinates":[[[-79.942375,40.405811],[-79.942776,40.405748],[-79.942793,40.405809],[-79.942392,40.405871],[-79.942375,40.405811]]]},"properties":{"parcel_id":"0056P00224000000","block_lot":"56-P-224"}},{"type":"Feature","geometry":{"type":"Polygon","coordinates":[[[-79.941904,40.405894],[-79.942307,40.405829],[-79.942323,40.405883],[-79.941918,40.405945],[-79.941904,40.405894]]]},"properties":{"parcel_id":"0056P00226000000","block_lot":"56-P-226"}},{"type":"Feature","geometry":{"type":"Polygon","coordinates":[[[-79.941885,40.405823],[-79.942287,40.405758],[-79.942307,40.405829],[-79.941904,40.405894],[-79.941885,40.405823]]]},"properties":{"parcel_id":"0056P00227000000","block_lot":"56-P-227"}},{"type":"Feature","geometry":{"type":"Polygon","coordinates":[[[-79.941865,40.405751],[-79.942268,40.40569],[-79.942287,40.405758],[-79.941885,40.405823],[-79.941865,40.405751]]]},"properties":{"parcel_id":"0056P00228000000","block_lot":"56-P-228"}},{"type":"Feature","geometry":{"type":"Polygon","coordinates":[[[-79.942268,40.40569],[-79.941865,40.405751],[-79.941847,40.405687],[-79.942249,40.405626],[-79.942268,40.40569]]]},"properties":{"parcel_id":"0056P00229000000","block_lot":"56-P-229"}},{"type":"Feature","geometry":{"type":"Polygon","coordinates":[[[-79.941847,40.405687],[-79.94183,40.405624],[-79.942231,40.405564],[-79.942249,40.405626],[-79.941847,40.405687]]]},"properties":{"parcel_id":"0056P00230000000","block_lot":"56-P-230"}},{"type":"Feature","geometry":{"type":"Polygon","coordinates":[[[-79.941804,40.405534],[-79.942205,40.40547],[-79.942231,40.405564],[-79.94183,40.405624],[-79.941804,40.405534]]]},"properties":{"parcel_id":"0056P00231000000","block_lot":"56-P-231"}},{"type":"Feature","geometry":{"type":"Polygon","coordinates":[[[-79.941778,40.40544],[-79.942178,40.405378],[-79.942205,40.40547],[-79.941804,40.405534],[-79.941778,40.40544]]]},"properties":{"parcel_id":"0056P00233000000","block_lot":"56-P-233"}},{"type":"Feature","geometry":{"type":"Polygon","coordinates":[[[-79.941754,40.405352],[-79.942154,40.405292],[-79.942178,40.405378],[-79.941778,40.40544],[-79.941754,40.405352]]]},"properties":{"parcel_id":"0056P00235000000","block_lot":"56-P-235"}},{"type":"Feature","geometry":{"type":"Polygon","coordinates":[[[-79.941737,40.40529],[-79.942135,40.405226],[-79.942154,40.405292],[-79.941754,40.405352],[-79.941737,40.40529]]]},"properties":{"parcel_id":"0056P00237000000","block_lot":"56-P-237"}},{"type":"Feature","geometry":{"type":"Polygon","coordinates":[[[-79.941717,40.405219],[-79.942116,40.405159],[-79.942135,40.405226],[-79.941737,40.40529],[-79.941717,40.405219]]]},"properties":{"parcel_id":"0056P00238000000","block_lot":"56-P-238"}},{"type":"Feature","geometry":{"type":"Polygon","coordinates":[[[-79.941717,40.405219],[-79.9417,40.405159],[-79.942097,40.405094],[-79.942116,40.405159],[-79.941717,40.405219]]]},"properties":{"parcel_id":"0056P00239000000","block_lot":"56-P-239"}},{"type":"Feature","geometry":{"type":"Polygon","coordinates":[[[-79.942097,40.405094],[-79.9417,40.405159],[-79.941681,40.405087],[-79.942076,40.405021],[-79.942097,40.405094]]]},"properties":{"parcel_id":"0056P00240000000","block_lot":"56-P-240"}},{"type":"Feature","geometry":{"type":"Polygon","coordinates":[[[-79.941659,40.405009],[-79.942054,40.404944],[-79.942076,40.405021],[-79.941681,40.405087],[-79.941659,40.405009]]]},"properties":{"parcel_id":"0056P00241000000","block_lot":"56-P-241"}},{"type":"Feature","geometry":{"type":"Polygon","coordinates":[[[-79.942054,40.404944],[-79.941659,40.405009],[-79.941637,40.404931],[-79.942032,40.404865],[-79.942054,40.404944]]]},"properties":{"parcel_id":"0056P00242000000","block_lot":"56-P-242"}},{"type":"Feature","geometry":{"type":"Polygon","coordinates":[[[-79.941637,40.404931],[-79.941603,40.404811],[-79.941997,40.404745],[-79.942032,40.404865],[-79.941637,40.404931]]]},"properties":{"parcel_id":"0056P00243000000","block_lot":"56-P-243"}},{"type":"Feature","geometry":{"type":"Polygon","coordinates":[[[-79.94154,40.404616],[-79.941941,40.404551],[-79.941957,40.404606],[-79.941557,40.404673],[-79.94154,40.404616]]]},"properties":{"parcel_id":"0056P00246000000","block_lot":"56-P-246"}},{"type":"Feature","geometry":{"type":"Polygon","coordinates":[[[-79.941518,40.404534],[-79.941917,40.404473],[-79.941941,40.404551],[-79.94154,40.404616],[-79.941518,40.404534]]]},"properties":{"parcel_id":"0056P00247000000","block_lot":"56-P-247"}},{"type":"Feature","geometry":{"type":"Polygon","coordinates":[[[-79.941498,40.404465],[-79.941898,40.404407],[-79.941917,40.404473],[-79.941518,40.404534],[-79.941498,40.404465]]]},"properties":{"parcel_id":"0056P00248000000","block_lot":"56-P-248"}},{"type":"Feature","geometry":{"type":"Polygon","coordinates":[[[-79.94148,40.404402],[-79.941879,40.404342],[-79.941898,40.404407],[-79.941498,40.404465],[-79.94148,40.404402]]]},"properties":{"parcel_id":"0056P00249000000","block_lot":"56-P-249"}},{"type":"Feature","geometry":{"type":"Polygon","coordinates":[[[-79.94146,40.404332],[-79.941857,40.404272],[-79.941879,40.404342],[-79.94148,40.404402],[-79.94146,40.404332]]]},"properties":{"parcel_id":"0056P00250000000","block_lot":"56-P-250"}},{"type":"Feature","geometry":{"type":"Polygon","coordinates":[[[-79.941442,40.40427],[-79.941837,40.404204],[-79.941857,40.404272],[-79.94146,40.404332],[-79.941442,40.40427]]]},"properties":{"parcel_id":"0056P00251000000","block_lot":"56-P-251"}},{"type":"Feature","geometry":{"type":"Polygon","coordinates":[[[-79.941408,40.404148],[-79.941801,40.404081],[-79.941837,40.404204],[-79.941442,40.40427],[-79.941408,40.404148]]]},"properties":{"parcel_id":"0056P00252000000","block_lot":"56-P-252"}},{"type":"Feature","geometry":{"type":"Polygon","coordinates":[[[-79.941324,40.404501],[-79.940931,40.404557],[-79.940915,40.404503],[-79.941306,40.404442],[-79.941324,40.404501]]]},"properties":{"parcel_id":"0056P00255000000","block_lot":"56-P-255"}},{"type":"Feature","geometry":{"type":"Polygon","coordinates":[[[-79.941345,40.404574],[-79.940954,40.404636],[-79.940931,40.404557],[-79.941324,40.404501],[-79.941345,40.404574]]]},"properties":{"parcel_id":"0056P00256000000","block_lot":"56-P-256"}},{"type":"Feature","geometry":{"type":"Polygon","coordinates":[[[-79.940954,40.404636],[-79.941345,40.404574],[-79.941365,40.40464],[-79.940974,40.404702],[-79.940954,40.404636]]]},"properties":{"parcel_id":"0056P00257000000","block_lot":"56-P-257"}},{"type":"Feature","geometry":{"type":"Polygon","coordinates":[[[-79.940974,40.404702],[-79.941365,40.40464],[-79.941384,40.404705],[-79.940991,40.404761],[-79.940974,40.404702]]]},"properties":{"parcel_id":"0056P00258000000","block_lot":"56-P-258"}},{"type":"Feature","geometry":{"type":"Polygon","coordinates":[[[-79.941458,40.404957],[-79.941058,40.405017],[-79.941029,40.404908],[-79.941427,40.404846],[-79.941458,40.404957]]]},"properties":{"parcel_id":"0056P00261000000","block_lot":"56-P-261"}},{"type":"Feature","geometry":{"type":"Polygon","coordinates":[[[-79.941058,40.405017],[-79.941458,40.404957],[-79.941483,40.405052],[-79.941082,40.405108],[-79.941058,40.405017]]]},"properties":{"parcel_id":"0056P00263000000","block_lot":"56-P-263"}},{"type":"Feature","geometry":{"type":"Polygon","coordinates":[[[-79.941506,40.405136],[-79.941103,40.405188],[-79.941082,40.405108],[-79.941483,40.405052],[-79.941506,40.405136]]]},"properties":{"parcel_id":"0056P00264000000","block_lot":"56-P-264"}},{"type":"Feature","geometry":{"type":"Polygon","coordinates":[[[-79.941528,40.405215],[-79.941125,40.405271],[-79.941103,40.405188],[-79.941506,40.405136],[-79.941528,40.405215]]]},"properties":{"parcel_id":"0056P00265000000","block_lot":"56-P-265"}},{"type":"Feature","geometry":{"type":"Polygon","coordinates":[[[-79.941547,40.405284],[-79.941145,40.405344],[-79.941125,40.405271],[-79.941528,40.405215],[-79.941547,40.405284]]]},"properties":{"parcel_id":"0056P00266000000","block_lot":"56-P-266"}},{"type":"Feature","geometry":{"type":"Polygon","coordinates":[[[-79.941145,40.405344],[-79.941547,40.405284],[-79.941566,40.405353],[-79.941165,40.405418],[-79.941145,40.405344]]]},"properties":{"parcel_id":"0056P00267000000","block_lot":"56-P-267"}},{"type":"Feature","geometry":{"type":"Polygon","coordinates":[[[-79.941165,40.405418],[-79.941566,40.405353],[-79.941585,40.405424],[-79.941184,40.405491],[-79.941165,40.405418]]]},"properties":{"parcel_id":"0056P00268000000","block_lot":"56-P-268"}},{"type":"Feature","geometry":{"type":"Polygon","coordinates":[[[-79.941184,40.405491],[-79.941585,40.405424],[-79.941605,40.405497],[-79.941202,40.40556],[-79.941184,40.405491]]]},"properties":{"parcel_id":"0056P00269000000","block_lot":"56-P-269"}},{"type":"Feature","geometry":{"type":"Polygon","coordinates":[[[-79.941661,40.405703],[-79.94127,40.405762],[-79.941254,40.405699],[-79.941642,40.405637],[-79.941661,40.405703]]]},"properties":{"parcel_id":"0056P00271000000","block_lot":"56-P-271"}},{"type":"Feature","geometry":{"type":"Polygon","coordinates":[[[-79.94127,40.405762],[-79.941661,40.405703],[-79.941678,40.405763],[-79.941286,40.405825],[-79.94127,40.405762]]]},"properties":{"parcel_id":"0056P00272000000","block_lot":"56-P-272"}},{"type":"Feature","geometry":{"type":"Polygon","coordinates":[[[-79.941286,40.405825],[-79.941678,40.405763],[-79.941698,40.405832],[-79.941305,40.405896],[-79.941286,40.405825]]]},"properties":{"parcel_id":"0056P00273000000","block_lot":"56-P-273"}},{"type":"Feature","geometry":{"type":"Polygon","coordinates":[[[-79.941323,40.405966],[-79.941305,40.405896],[-79.941698,40.405832],[-79.941718,40.405901],[-79.941323,40.405966]]]},"properties":{"parcel_id":"0056P00274000000","block_lot":"56-P-274"}},{"type":"Feature","geometry":{"type":"Polygon","coordinates":[[[-79.941323,40.405966],[-79.941718,40.405901],[-79.941737,40.405967],[-79.941338,40.406024],[-79.941323,40.405966]]]},"properties":{"parcel_id":"0056P00275000000","block_lot":"56-P-275"}},{"type":"Feature","geometry":{"type":"Polygon","coordinates":[[[-79.94108,40.405727],[-79.941175,40.405711],[-79.941265,40.406042],[-79.941175,40.406056],[-79.94108,40.405727]]]},"properties":{"parcel_id":"0056P00277000000","block_lot":"56-P-277"}},{"type":"Feature","geometry":{"type":"Polygon","coordinates":[[[-79.941099,40.406135],[-79.941193,40.40612],[-79.941311,40.406413],[-79.941226,40.406435],[-79.941099,40.406135]]]},"properties":{"parcel_id":"0056P00281000000","block_lot":"56-P-281"}},{"type":"Feature","geometry":{"type":"Polygon","coordinates":[[[-79.941193,40.40612],[-79.941459,40.406077],[-79.94158,40.406343],[-79.941311,40.406413],[-79.941193,40.40612]]]},"properties":{"parcel_id":"0056P00285000001","block_lot":"56-P-285-0-1"}},{"type":"Feature","geometry":{"type":"Polygon","coordinates":[[[-79.941459,40.406077],[-79.941549,40.406063],[-79.941658,40.406323],[-79.94158,40.406343],[-79.941459,40.406077]]]},"properties":{"parcel_id":"0056P00286000000","block_lot":"56-P-286"}},{"type":"Feature","geometry":{"type":"Polygon","coordinates":[[[-79.941549,40.406063],[-79.941635,40.40605],[-79.941746,40.4063],[-79.941658,40.406323],[-79.941549,40.406063]]]},"properties":{"parcel_id":"0056P00287000000","block_lot":"56-P-287"}},{"type":"Feature","geometry":{"type":"Polygon","coordinates":[[[-79.941635,40.40605],[-79.941759,40.40603],[-79.941823,40.40628],[-79.941746,40.4063],[-79.941635,40.40605]]]},"properties":{"parcel_id":"0056P00288000000","block_lot":"56-P-288"}},{"type":"Feature","geometry":{"type":"Polygon","coordinates":[[[-79.942854,40.406013],[-79.942,40.406232],[-79.941939,40.405998],[-79.942804,40.405857],[-79.942854,40.406013]]]},"properties":{"parcel_id":"0056P00299000001","block_lot":"56-P-299-0-1"}},{"type":"Feature","geometry":{"type":"Polygon","coordinates":[[[-79.942581,40.406562],[-79.942509,40.406282],[-79.942911,40.406177],[-79.942987,40.406459],[-79.942581,40.406562]]]},"properties":{"parcel_id":"0056P00306000000","block_lot":"56-P-306"}},{"type":"Feature","geometry":{"type":"Polygon","coordinates":[[[-79.942414,40.406307],[-79.942509,40.406282],[-79.942593,40.406609],[-79.942504,40.406632],[-79.942414,40.406307]]]},"properties":{"parcel_id":"0056P00308000000","block_lot":"56-P-308"}},{"type":"Feature","geometry":{"type":"Polygon","coordinates":[[[-79.942323,40.406331],[-79.942414,40.406307],[-79.942504,40.406632],[-79.942415,40.406654],[-79.942323,40.406331]]]},"properties":{"parcel_id":"0056P00309000000","block_lot":"56-P-309"}},{"type":"Feature","geometry":{"type":"Polygon","coordinates":[[[-79.942243,40.406352],[-79.942323,40.406331],[-79.942415,40.406654],[-79.942331,40.406675],[-79.942243,40.406352]]]},"properties":{"parcel_id":"0056P00310000000","block_lot":"56-P-310"}},{"type":"Feature","geometry":{"type":"Polygon","coordinates":[[[-79.942158,40.406374],[-79.942243,40.406352],[-79.942331,40.406675],[-79.942245,40.406697],[-79.942158,40.406374]]]},"properties":{"parcel_id":"0056P00311000000","block_lot":"56-P-311"}},{"type":"Feature","geometry":{"type":"Polygon","coordinates":[[[-79.942076,40.406395],[-79.942158,40.406374],[-79.942245,40.406697],[-79.942158,40.406719],[-79.942076,40.406395]]]},"properties":{"parcel_id":"0056P00312000000","block_lot":"56-P-312"}},{"type":"Feature","geometry":{"type":"Polygon","coordinates":[[[-79.940835,40.406177],[-79.940929,40.406162],[-79.941066,40.406476],[-79.940982,40.406498],[-79.940835,40.406177]]]},"properties":{"parcel_id":"0056R00001000000","block_lot":"56-R-1"}},{"type":"Feature","geometry":{"type":"Polygon","coordinates":[[[-79.940929,40.406162],[-79.941099,40.406135],[-79.941226,40.406435],[-79.941066,40.406476],[-79.940929,40.406162]]]},"properties":{"parcel_id":"0056R00002000000","block_lot":"56-R-2"}},{"type":"Feature","geometry":{"type":"Polygon","coordinates":[[[-79.940731,40.406194],[-79.940835,40.406177],[-79.940982,40.406498],[-79.940878,40.406525],[-79.940731,40.406194]]]},"properties":{"parcel_id":"0056R00003000000","block_lot":"56-R-3"}},{"type":"Feature","geometry":{"type":"Polygon","coordinates":[[[-79.940878,40.406525],[-79.940802,40.406545],[-79.940653,40.406206],[-79.940731,40.406194],[-79.940878,40.406525]]]},"properties":{"parcel_id":"0056R00004000000","block_lot":"56-R-4"}},{"type":"Feature","geometry":{"type":"Polygon","coordinates":[[[-79.940802,40.406545],[-79.940725,40.406565],[-79.940569,40.40622],[-79.940653,40.406206],[-79.940802,40.406545]]]},"properties":{"parcel_id":"0056R00005000000","block_lot":"56-R-5"}},{"type":"Feature","geometry":{"type":"Polygon","coordinates":[[[-79.940725,40.406565],[-79.940653,40.406584],[-79.9405,40.406231],[-79.940569,40.40622],[-79.940725,40.406565]]]},"properties":{"parcel_id":"0056R00006000000","block_lot":"56-R-6"}},{"type":"Feature","geometry":{"type":"Polygon","coordinates":[[[-79.940653,40.406584],[-79.940542,40.406613],[-79.940455,40.406238],[-79.9405,40.406231],[-79.940653,40.406584]]]},"properties":{"parcel_id":"0056R00007000000","block_lot":"56-R-7"}},{"type":"Feature","geometry":{"type":"Polygon","coordinates":[[[-79.940542,40.406613],[-79.940424,40.406643],[-79.940434,40.406241],[-79.940455,40.406238],[-79.940542,40.406613]]]},"properties":{"parcel_id":"0056R00008000000","block_lot":"56-R-8"}},{"type":"Feature","geometry":{"type":"Polygon","coordinates":[[[-79.940333,40.406607],[-79.940411,40.406245],[-79.940434,40.406241],[-79.940424,40.406643],[-79.940333,40.406607]]]},"properties":{"parcel_id":"0056R00009000000","block_lot":"56-R-9"}},{"type":"Feature","geometry":{"type":"Polygon","coordinates":[[[-79.940234,40.406567],[-79.94038,40.40625],[-79.940411,40.406245],[-79.940333,40.406607],[-79.940234,40.406567]]]},"properties":{"parcel_id":"0056R00010000000","block_lot":"56-R-10"}},{"type":"Feature","geometry":{"type":"Polygon","coordinates":[[[-79.940163,40.406539],[-79.940334,40.406257],[-79.94038,40.40625],[-79.940234,40.406567],[-79.940163,40.406539]]]},"properties":{"parcel_id":"0056R00011000000","block_lot":"56-R-11"}},{"type":"Feature","geometry":{"type":"Polygon","coordinates":[[[-79.940105,40.406516],[-79.940248,40.406271],[-79.940334,40.406257],[-79.940163,40.406539],[-79.940105,40.406516]]]},"properties":{"parcel_id":"0056R00012000000","block_lot":"56-R-12"}},{"type":"Feature","geometry":{"type":"Polygon","coordinates":[[[-79.939999,40.406474],[-79.94014,40.406288],[-79.940248,40.406271],[-79.940105,40.406516],[-79.939999,40.406474]]]},"properties":{"parcel_id":"0056R00013000000","block_lot":"56-R-13"}},{"type":"Feature","geometry":{"type":"Polygon","coordinates":[[[-79.94014,40.406288],[-79.939999,40.406474],[-79.939807,40.406397],[-79.939793,40.406344],[-79.94014,40.406288]]]},"properties":{"parcel_id":"0056R00014000000","block_lot":"56-R-14"}},{"type":"Feature","geometry":{"type":"Polygon","coordinates":[[[-79.939776,40.405947],[-79.939854,40.406268],[-79.939767,40.406282],[-79.939676,40.405963],[-79.939776,40.405947]]]},"properties":{"parcel_id":"0056R00042000000","block_lot":"56-R-42"}},{"type":"Feature","geometry":{"type":"Polygon","coordinates":[[[-79.939776,40.405947],[-79.939844,40.405935],[-79.939931,40.406256],[-79.939854,40.406268],[-79.939776,40.405947]]]},"properties":{"parcel_id":"0056R00043000000","block_lot":"56-R-43"}},{"type":"Feature","geometry":{"type":"Polygon","coordinates":[[[-79.940002,40.406244],[-79.939931,40.406256],[-79.939844,40.405935],[-79.939922,40.405922],[-79.940002,40.406244]]]},"properties":{"parcel_id":"0056R00044000000","block_lot":"56-R-44"}},{"type":"Feature","geometry":{"type":"Polygon","coordinates":[[[-79.940073,40.406233],[-79.940002,40.406244],[-79.939922,40.405922],[-79.939988,40.405911],[-79.940073,40.406233]]]},"properties":{"parcel_id":"0056R00045000000","block_lot":"56-R-45"}},{"type":"Feature","geometry":{"type":"Polygon","coordinates":[[[-79.940144,40.406222],[-79.940073,40.406233],[-79.939988,40.405911],[-79.940058,40.405899],[-79.940144,40.406222]]]},"properties":{"parcel_id":"0056R00046000000","block_lot":"56-R-46"}},{"type":"Feature","geometry":{"type":"Polygon","coordinates":[[[-79.94022,40.40621],[-79.940144,40.406222],[-79.940058,40.405899],[-79.940134,40.405886],[-79.94022,40.40621]]]},"properties":{"parcel_id":"0056R00047000000","block_lot":"56-R-47"}},{"type":"Feature","geometry":{"type":"Polygon","coordinates":[[[-79.940378,40.406184],[-79.94022,40.40621],[-79.940134,40.405886],[-79.940286,40.405861],[-79.940378,40.406184]]]},"properties":{"parcel_id":"0056R00049000000","block_lot":"56-R-49"}},{"type":"Feature","geometry":{"type":"Polygon","coordinates":[[[-79.940286,40.405861],[-79.94038,40.405845],[-79.940467,40.40617],[-79.940378,40.406184],[-79.940286,40.405861]]]},"properties":{"parcel_id":"0056R00050000000","block_lot":"56-R-50"}},{"type":"Feature","geometry":{"type":"Polygon","coordinates":[[[-79.94038,40.405845],[-79.94047,40.40583],[-79.940559,40.406155],[-79.940467,40.40617],[-79.94038,40.405845]]]},"properties":{"parcel_id":"0056R00051000000","block_lot":"56-R-51"}},{"type":"Feature","geometry":{"type":"Polygon","coordinates":[[[-79.94047,40.40583],[-79.940559,40.405815],[-79.940646,40.406141],[-79.940559,40.406155],[-79.94047,40.40583]]]},"properties":{"parcel_id":"0056R00052000000","block_lot":"56-R-52"}},{"type":"Feature","geometry":{"type":"Polygon","coordinates":[[[-79.940559,40.405815],[-79.940645,40.4058],[-79.940732,40.406127],[-79.940646,40.406141],[-79.940559,40.405815]]]},"properties":{"parcel_id":"0056R00053000000","block_lot":"56-R-53"}},{"type":"Feature","geometry":{"type":"Polygon","coordinates":[[[-79.940645,40.4058],[-79.940731,40.405786],[-79.940824,40.406113],[-79.940732,40.406127],[-79.940645,40.4058]]]},"properties":{"parcel_id":"0056R00054000000","block_lot":"56-R-54"}},{"type":"Feature","geometry":{"type":"Polygon","coordinates":[[[-79.940909,40.406099],[-79.940824,40.406113],[-79.940731,40.405786],[-79.940819,40.405771],[-79.940909,40.406099]]]},"properties":{"parcel_id":"0056R00055000000","block_lot":"56-R-55"}},{"type":"Feature","geometry":{"type":"Polygon","coordinates":[[[-79.940819,40.405771],[-79.940913,40.405755],[-79.941015,40.406082],[-79.940909,40.406099],[-79.940819,40.405771]]]},"properties":{"parcel_id":"0056R00056000000","block_lot":"56-R-56"}},{"type":"Feature","geometry":{"type":"Polygon","coordinates":[[[-79.940913,40.405755],[-79.941012,40.405739],[-79.941107,40.406067],[-79.941015,40.406082],[-79.940913,40.405755]]]},"properties":{"parcel_id":"0056R00057000000","block_lot":"56-R-57"}},{"type":"Feature","geometry":{"type":"Polygon","coordinates":[[[-79.941012,40.405739],[-79.94108,40.405727],[-79.941175,40.406056],[-79.941107,40.406067],[-79.941012,40.405739]]]},"properties":{"parcel_id":"0056R00058000000","block_lot":"56-R-58"}},{"type":"Feature","geometry":{"type":"Polygon","coordinates":[[[-79.940971,40.405294],[-79.941048,40.405282],[-79.94113,40.405578],[-79.941048,40.405591],[-79.940971,40.405294]]]},"properties":{"parcel_id":"0056R00060000000","block_lot":"56-R-60"}},{"type":"Feature","geometry":{"type":"Polygon","coordinates":[[[-79.940885,40.405308],[-79.940971,40.405294],[-79.941048,40.405591],[-79.940958,40.405605],[-79.940885,40.405308]]]},"properties":{"parcel_id":"0056R00061000000","block_lot":"56-R-61"}},{"type":"Feature","geometry":{"type":"Polygon","coordinates":[[[-79.940792,40.405323],[-79.940885,40.405308],[-79.940958,40.405605],[-79.940869,40.40562],[-79.940792,40.405323]]]},"properties":{"parcel_id":"0056R00062000000","block_lot":"56-R-62"}},{"type":"Feature","geometry":{"type":"Polygon","coordinates":[[[-79.940701,40.405338],[-79.940792,40.405323],[-79.940869,40.40562],[-79.940781,40.405634],[-79.940701,40.405338]]]},"properties":{"parcel_id":"0056R00063000000","block_lot":"56-R-63"}},{"type":"Feature","geometry":{"type":"Polygon","coordinates":[[[-79.940781,40.405634],[-79.940703,40.405646],[-79.940609,40.405353],[-79.940701,40.405338],[-79.940781,40.405634]]]},"properties":{"parcel_id":"0056R00064000000","block_lot":"56-R-64"}},{"type":"Feature","geometry":{"type":"Polygon","coordinates":[[[-79.940703,40.405646],[-79.940604,40.405662],[-79.940522,40.405367],[-79.940609,40.405353],[-79.940703,40.405646]]]},"properties":{"parcel_id":"0056R00065000000","block_lot":"56-R-65"}},{"type":"Feature","geometry":{"type":"Polygon","coordinates":[[[-79.940437,40.405381],[-79.940522,40.405367],[-79.940604,40.405662],[-79.940519,40.405676],[-79.940437,40.405381]]]},"properties":{"parcel_id":"0056R00066000B00","block_lot":"56-R-66-B"}},{"type":"Feature","geometry":{"type":"Polygon","coordinates":[[[-79.940437,40.405381],[-79.940522,40.405367],[-79.940604,40.405662],[-79.940519,40.405676],[-79.940437,40.405381]]]},"properties":{"parcel_id":"0056R00066000L00","block_lot":"56-R-66-L"}},{"type":"Feature","geometry":{"type":"Polygon","coordinates":[[[-79.94035,40.405395],[-79.940437,40.405381],[-79.940519,40.405676],[-79.940433,40.40569],[-79.94035,40.405395]]]},"properties":{"parcel_id":"0056R00067000000","block_lot":"56-R-67"}},{"type":"Feature","geometry":{"type":"Polygon","coordinates":[[[-79.940433,40.40569],[-79.940351,40.405703],[-79.940272,40.405408],[-79.94035,40.405395],[-79.940433,40.40569]]]},"properties":{"parcel_id":"0056R00068000000","block_lot":"56-R-68"}},{"type":"Feature","geometry":{"type":"Polygon","coordinates":[[[-79.940351,40.405703],[-79.94021,40.405726],[-79.940131,40.40543],[-79.940272,40.405408],[-79.940351,40.405703]]]},"properties":{"parcel_id":"0056R00069000000","block_lot":"56-R-69"}},{"type":"Feature","geometry":{"type":"Polygon","coordinates":[[[-79.94021,40.405726],[-79.940089,40.405745],[-79.940014,40.405449],[-79.940131,40.40543],[-79.94021,40.405726]]]},"properties":{"parcel_id":"0056R00071000000","block_lot":"56-R-71"}},{"type":"Feature","geometry":{"type":"Polygon","coordinates":[[[-79.940089,40.405745],[-79.940017,40.405757],[-79.939931,40.405463],[-79.940014,40.405449],[-79.940089,40.405745]]]},"properties":{"parcel_id":"0056R00073000000","block_lot":"56-R-73"}},{"type":"Feature","geometry":{"type":"Polygon","coordinates":[[[-79.939856,40.405475],[-79.939931,40.405463],[-79.940017,40.405757],[-79.939945,40.405768],[-79.939856,40.405475]]]},"properties":{"parcel_id":"0056R00074000000","block_lot":"56-R-74"}},{"type":"Feature","geometry":{"type":"Polygon","coordinates":[[[-79.939791,40.405485],[-79.939856,40.405475],[-79.939945,40.405768],[-79.93987,40.40578],[-79.939791,40.405485]]]},"properties":{"parcel_id":"0056R00075000000","block_lot":"56-R-75"}},{"type":"Feature","geometry":{"type":"Polygon","coordinates":[[[-79.93972,40.405497],[-79.939791,40.405485],[-79.93987,40.40578],[-79.9398,40.405791],[-79.93972,40.405497]]]},"properties":{"parcel_id":"0056R00076000000","block_lot":"56-R-76"}},{"type":"Feature","geometry":{"type":"Polygon","coordinates":[[[-79.939643,40.405509],[-79.93972,40.405497],[-79.9398,40.405791],[-79.939724,40.405803],[-79.939643,40.405509]]]},"properties":{"parcel_id":"0056R00077000000","block_lot":"56-R-77"}},{"type":"Feature","geometry":{"type":"Polygon","coordinates":[[[-79.939643,40.405509],[-79.939724,40.405803],[-79.939638,40.405817],[-79.939559,40.405523],[-79.939643,40.405509]]]},"properties":{"parcel_id":"0056R00078000000","block_lot":"56-R-78"}},{"type":"Feature","geometry":{"type":"Polygon","coordinates":[[[-79.939628,40.405443],[-79.939531,40.405458],[-79.939452,40.405159],[-79.939549,40.405144],[-79.939628,40.405443]]]},"properties":{"parcel_id":"0056R00080000000","block_lot":"56-R-80"}},{"type":"Feature","geometry":{"type":"Polygon","coordinates":[[[-79.939549,40.405144],[-79.939632,40.405131],[-79.939715,40.405429],[-79.939628,40.405443],[-79.939549,40.405144]]]},"properties":{"parcel_id":"0056R00081000000","block_lot":"56-R-81"}},{"type":"Feature","geometry":{"type":"Polygon","coordinates":[[[-79.939632,40.405131],[-79.939725,40.405116],[-79.939803,40.405416],[-79.939715,40.405429],[-79.939632,40.405131]]]},"properties":{"parcel_id":"0056R00082000000","block_lot":"56-R-82"}},{"type":"Feature","geometry":{"type":"Polygon","coordinates":[[[-79.939891,40.405402],[-79.939803,40.405416],[-79.939725,40.405116],[-79.939814,40.405102],[-79.939891,40.405402]]]},"properties":{"parcel_id":"0056R00083000000","block_lot":"56-R-83"}},{"type":"Feature","geometry":{"type":"Polygon","coordinates":[[[-79.939814,40.405102],[-79.939899,40.405088],[-79.939979,40.405388],[-79.939891,40.405402],[-79.939814,40.405102]]]},"properties":{"parcel_id":"0056R00084000000","block_lot":"56-R-84"}},{"type":"Feature","geometry":{"type":"Polygon","coordinates":[[[-79.939899,40.405088],[-79.939987,40.405074],[-79.940068,40.405374],[-79.939979,40.405388],[-79.939899,40.405088]]]},"properties":{"parcel_id":"0056R00085000000","block_lot":"56-R-85"}},{"type":"Feature","geometry":{"type":"Polygon","coordinates":[[[-79.940158,40.40536],[-79.940068,40.405374],[-79.939987,40.405074],[-79.940076,40.40506],[-79.940158,40.40536]]]},"properties":{"parcel_id":"0056R00086000000","block_lot":"56-R-86"}},{"type":"Feature","geometry":{"type":"Polygon","coordinates":[[[-79.940236,40.405348],[-79.940158,40.40536],[-79.940076,40.40506],[-79.940161,40.405047],[-79.940236,40.405348]]]},"properties":{"parcel_id":"0056R00087000000","block_lot":"56-R-87"}},{"type":"Feature","geometry":{"type":"Polygon","coordinates":[[[-79.940337,40.405332],[-79.940236,40.405348],[-79.940161,40.405047],[-79.940253,40.405032],[-79.940337,40.405332]]]},"properties":{"parcel_id":"0056R00088000000","block_lot":"56-R-88"}},{"type":"Feature","geometry":{"type":"Polygon","coordinates":[[[-79.940418,40.40532],[-79.940337,40.405332],[-79.940253,40.405032],[-79.940336,40.405019],[-79.940418,40.40532]]]},"properties":{"parcel_id":"0056R00089000000","block_lot":"56-R-89"}},{"type":"Feature","geometry":{"type":"Polygon","coordinates":[[[-79.940506,40.405306],[-79.940418,40.40532],[-79.940336,40.405019],[-79.940425,40.405005],[-79.940506,40.405306]]]},"properties":{"parcel_id":"0056R00090000000","block_lot":"56-R-90"}},{"type":"Feature","geometry":{"type":"Polygon","coordinates":[[[-79.940425,40.405005],[-79.940513,40.404991],[-79.940596,40.405292],[-79.940506,40.405306],[-79.940425,40.405005]]]},"properties":{"parcel_id":"0056R00091000B00","block_lot":"56-R-91-B"}},{"type":"Feature","geometry":{"type":"Polygon","coordinates":[[[-79.940425,40.405005],[-79.940513,40.404991],[-79.940596,40.405292],[-79.940506,40.405306],[-79.940425,40.405005]]]},"properties":{"parcel_id":"0056R00091000L00","block_lot":"56-R-91-L"}},{"type":"Feature","geometry":{"type":"Polygon","coordinates":[[[-79.940513,40.404991],[-79.940602,40.404976],[-79.940681,40.405279],[-79.940596,40.405292],[-79.940513,40.404991]]]},"properties":{"parcel_id":"0056R00092000000","block_lot":"56-R-92"}},{"type":"Feature","geometry":{"type":"Polygon","coordinates":[[[-79.940602,40.404976],[-79.94069,40.404963],[-79.940777,40.405264],[-79.940681,40.405279],[-79.940602,40.404976]]]},"properties":{"parcel_id":"0056R00093000000","block_lot":"56-R-93"}},{"type":"Feature","geometry":{"type":"Polygon","coordinates":[[[-79.94069,40.404963],[-79.940778,40.404949],[-79.940863,40.405251],[-79.940777,40.405264],[-79.94069,40.404963]]]},"properties":{"parcel_id":"0056R00094000000","block_lot":"56-R-94"}},{"type":"Feature","geometry":{"type":"Polygon","coordinates":[[[-79.940778,40.404949],[-79.940862,40.404935],[-79.940943,40.405238],[-79.940863,40.405251],[-79.940778,40.404949]]]},"properties":{"parcel_id":"0056R00095000000","block_lot":"56-R-95"}},{"type":"Feature","geometry":{"type":"Polygon","coordinates":[[[-79.940862,40.404935],[-79.940946,40.404922],[-79.941031,40.405224],[-79.940943,40.405238],[-79.940862,40.404935]]]},"properties":{"parcel_id":"0056R00096000000","block_lot":"56-R-96"}},{"type":"Feature","geometry":{"type":"Polygon","coordinates":[[[-79.94076,40.404527],[-79.940833,40.404515],[-79.940902,40.404774],[-79.940824,40.404787],[-79.94076,40.404527]]]},"properties":{"parcel_id":"0056R00098000000","block_lot":"56-R-98"}},{"type":"Feature","geometry":{"type":"Polygon","coordinates":[[[-79.940824,40.404787],[-79.940743,40.4048],[-79.940673,40.404541],[-79.94076,40.404527],[-79.940824,40.404787]]]},"properties":{"parcel_id":"0056R00099000000","block_lot":"56-R-99"}},{"type":"Feature","geometry":{"type":"Polygon","coordinates":[[[-79.940743,40.4048],[-79.940654,40.404815],[-79.940586,40.404555],[-79.940673,40.404541],[-79.940743,40.4048]]]},"properties":{"parcel_id":"0056R00100000000","block_lot":"56-R-100"}},{"type":"Feature","geometry":{"type":"Polygon","coordinates":[[[-79.940654,40.404815],[-79.940555,40.404831],[-79.940491,40.40457],[-79.940586,40.404555],[-79.940654,40.404815]]]},"properties":{"parcel_id":"0056R00101000000","block_lot":"56-R-101"}},{"type":"Feature","geometry":{"type":"Polygon","coordinates":[[[-79.940555,40.404831],[-79.940474,40.404844],[-79.940404,40.404584],[-79.940491,40.40457],[-79.940555,40.404831]]]},"properties":{"parcel_id":"0056R00102000000","block_lot":"56-R-102"}},{"type":"Feature","geometry":{"type":"Polygon","coordinates":[[[-79.940474,40.404844],[-79.94038,40.404859],[-79.940315,40.404598],[-79.940404,40.404584],[-79.940474,40.404844]]]},"properties":{"parcel_id":"0056R00103000000","block_lot":"56-R-103"}},{"type":"Feature","geometry":{"type":"Polygon","coordinates":[[[-79.94038,40.404859],[-79.940298,40.404873],[-79.940227,40.404612],[-79.940315,40.404598],[-79.94038,40.404859]]]},"properties":{"parcel_id":"0056R00104000000","block_lot":"56-R-104"}},{"type":"Feature","geometry":{"type":"Polygon","coordinates":[[[-79.940298,40.404873],[-79.940213,40.404887],[-79.940139,40.404626],[-79.940227,40.404612],[-79.940298,40.404873]]]},"properties":{"parcel_id":"0056R00105000000","block_lot":"56-R-105"}},{"type":"Feature","geometry":{"type":"Polygon","coordinates":[[[-79.940213,40.404887],[-79.940121,40.404902],[-79.940049,40.404641],[-79.940139,40.404626],[-79.940213,40.404887]]]},"properties":{"parcel_id":"0056R00106000000","block_lot":"56-R-106"}},{"type":"Feature","geometry":{"type":"Polygon","coordinates":[[[-79.939959,40.404655],[-79.940049,40.404641],[-79.940121,40.404902],[-79.940034,40.404916],[-79.939959,40.404655]]]},"properties":{"parcel_id":"0056R00107000000","block_lot":"56-R-107"}},{"type":"Feature","geometry":{"type":"Polygon","coordinates":[[[-79.939876,40.404668],[-79.939959,40.404655],[-79.940034,40.404916],[-79.939954,40.404929],[-79.939876,40.404668]]]},"properties":{"parcel_id":"0056R00108000000","block_lot":"56-R-108"}},{"type":"Feature","geometry":{"type":"Polygon","coordinates":[[[-79.939954,40.404929],[-79.939858,40.404945],[-79.939788,40.404683],[-79.939876,40.404668],[-79.939954,40.404929]]]},"properties":{"parcel_id":"0056R00109000000","block_lot":"56-R-109"}},{"type":"Feature","geometry":{"type":"Polygon","coordinates":[[[-79.939708,40.404696],[-79.939788,40.404683],[-79.939858,40.404945],[-79.939782,40.404957],[-79.939708,40.404696]]]},"properties":{"parcel_id":"0056R00110000000","block_lot":"56-R-110"}},{"type":"Feature","geometry":{"type":"Polygon","coordinates":[[[-79.939623,40.404709],[-79.939708,40.404696],[-79.939782,40.404957],[-79.939685,40.404973],[-79.939623,40.404709]]]},"properties":{"parcel_id":"0056R00111000000","block_lot":"56-R-111"}},{"type":"Feature","geometry":{"type":"Polygon","coordinates":[[[-79.939528,40.404724],[-79.939623,40.404709],[-79.939685,40.404973],[-79.939596,40.404988],[-79.939528,40.404724]]]},"properties":{"parcel_id":"0056R00112000000","block_lot":"56-R-112"}},{"type":"Feature","geometry":{"type":"Polygon","coordinates":[[[-79.939596,40.404988],[-79.93951,40.405002],[-79.939435,40.404739],[-79.939528,40.404724],[-79.939596,40.404988]]]},"properties":{"parcel_id":"0056R00113000000","block_lot":"56-R-113"}},{"type":"Feature","geometry":{"type":"Polygon","coordinates":[[[-79.93951,40.405002],[-79.939408,40.405019],[-79.939339,40.404755],[-79.939435,40.404739],[-79.93951,40.405002]]]},"properties":{"parcel_id":"0056R00114000000","block_lot":"56-R-114"}},{"type":"Feature","geometry":{"type":"Polygon","coordinates":[[[-79.941306,40.404442],[-79.940915,40.404503],[-79.940895,40.404434],[-79.941287,40.404376],[-79.941306,40.404442]]]},"properties":{"parcel_id":"0056R00128000000","block_lot":"56-R-128"}},{"type":"Feature","geometry":{"type":"Polygon","coordinates":[[[-79.940874,40.404364],[-79.941267,40.404309],[-79.941287,40.404376],[-79.940895,40.404434],[-79.940874,40.404364]]]},"properties":{"parcel_id":"0056R00129000000","block_lot":"56-R-129"}},{"type":"Feature","geometry":{"type":"Polygon","coordinates":[[[-79.940855,40.4043],[-79.941248,40.404244],[-79.941267,40.404309],[-79.940874,40.404364],[-79.940855,40.4043]]]},"properties":{"parcel_id":"0056R00130000000","block_lot":"56-R-130"}},{"type":"Feature","geometry":{"type":"Polygon","coordinates":[[[-79.940835,40.404233],[-79.941226,40.40417],[-79.941248,40.404244],[-79.940855,40.4043],[-79.940835,40.404233]]]},"properties":{"parcel_id":"0056R00131000000","block_lot":"56-R-131"}},{"type":"Feature","geometry":{"type":"Polygon","coordinates":[[[-79.940819,40.404176],[-79.941207,40.404108],[-79.941226,40.40417],[-79.940835,40.404233],[-79.940819,40.404176]]]},"properties":{"parcel_id":"0056R00132000000","block_lot":"56-R-132"}},{"type":"Feature","geometry":{"type":"Polygon","coordinates":[[[-79.940624,40.404126],[-79.940715,40.404107],[-79.940811,40.404465],[-79.940734,40.404477],[-79.940624,40.404126]]]},"properties":{"parcel_id":"0056R00133000000","block_lot":"56-R-133"}},{"type":"Feature","geometry":{"type":"Polygon","coordinates":[[[-79.940585,40.404135],[-79.940624,40.404126],[-79.940734,40.404477],[-79.940691,40.404484],[-79.940585,40.404135]]]},"properties":{"parcel_id":"0056R00134000000","block_lot":"56-R-134"}},{"type":"Feature","geometry":{"type":"Polygon","coordinates":[[[-79.940537,40.404145],[-79.940585,40.404135],[-79.940691,40.404484],[-79.940638,40.404492],[-79.940537,40.404145]]]},"properties":{"parcel_id":"0056R00134000A00","block_lot":"56-R-134-A"}},{"type":"Feature","geometry":{"type":"Polygon","coordinates":[[[-79.940455,40.404163],[-79.940537,40.404145],[-79.940638,40.404492],[-79.940559,40.404504],[-79.940455,40.404163]]]},"properties":{"parcel_id":"0056R00135000000","block_lot":"56-R-135"}},{"type":"Feature","geometry":{"type":"Polygon","coordinates":[[[-79.940372,40.404181],[-79.940455,40.404163],[-79.940559,40.404504],[-79.940464,40.404519],[-79.940372,40.404181]]]},"properties":{"parcel_id":"0056R00136000000","block_lot":"56-R-136"}},{"type":"Feature","geometry":{"type":"Polygon","coordinates":[[[-79.940464,40.404519],[-79.940386,40.404532],[-79.940294,40.404198],[-79.940372,40.404181],[-79.940464,40.404519]]]},"properties":{"parcel_id":"0056R00137000000","block_lot":"56-R-137"}},{"type":"Feature","geometry":{"type":"Polygon","coordinates":[[[-79.940386,40.404532],[-79.940314,40.404543],[-79.940216,40.404215],[-79.940294,40.404198],[-79.940386,40.404532]]]},"properties":{"parcel_id":"0056R00138000000","block_lot":"56-R-138"}},{"type":"Feature","geometry":{"type":"Polygon","coordinates":[[[-79.940314,40.404543],[-79.940248,40.404553],[-79.940156,40.404228],[-79.940216,40.404215],[-79.940314,40.404543]]]},"properties":{"parcel_id":"0056R00139000000","block_lot":"56-R-139"}},{"type":"Feature","geometry":{"type":"Polygon","coordinates":[[[-79.940091,40.404242],[-79.940156,40.404228],[-79.940248,40.404553],[-79.940181,40.404564],[-79.940091,40.404242]]]},"properties":{"parcel_id":"0056R00140000000","block_lot":"56-R-140"}},{"type":"Feature","geometry":{"type":"Polygon","coordinates":[[[-79.94003,40.404256],[-79.940091,40.404242],[-79.940181,40.404564],[-79.940117,40.404574],[-79.94003,40.404256]]]},"properties":{"parcel_id":"0056R00141000000","block_lot":"56-R-141"}},{"type":"Feature","geometry":{"type":"Polygon","coordinates":[[[-79.939939,40.404275],[-79.94003,40.404256],[-79.940117,40.404574],[-79.94003,40.404587],[-79.939939,40.404275]]]},"properties":{"parcel_id":"0056R00142000000","block_lot":"56-R-142"}},{"type":"Feature","geometry":{"type":"Polygon","coordinates":[[[-79.939877,40.404289],[-79.939939,40.404275],[-79.94003,40.404587],[-79.939962,40.404598],[-79.939877,40.404289]]]},"properties":{"parcel_id":"0056R00143000000","block_lot":"56-R-143"}},{"type":"Feature","geometry":{"type":"Polygon","coordinates":[[[-79.939811,40.404303],[-79.939877,40.404289],[-79.939962,40.404598],[-79.939897,40.404608],[-79.939811,40.404303]]]},"properties":{"parcel_id":"0056R00144000000","block_lot":"56-R-144"}},{"type":"Feature","geometry":{"type":"Polygon","coordinates":[[[-79.939897,40.404608],[-79.939837,40.404618],[-79.939747,40.404317],[-79.939811,40.404303],[-79.939897,40.404608]]]},"properties":{"parcel_id":"0056R00145000000","block_lot":"56-R-145"}},{"type":"Feature","geometry":{"type":"Polygon","coordinates":[[[-79.939837,40.404618],[-79.939772,40.404628],[-79.939685,40.404331],[-79.939747,40.404317],[-79.939837,40.404618]]]},"properties":{"parcel_id":"0056R00146000000","block_lot":"56-R-146"}},{"type":"Feature","geometry":{"type":"Polygon","coordinates":[[[-79.939772,40.404628],[-79.939682,40.404642],[-79.939601,40.404349],[-79.939685,40.404331],[-79.939772,40.404628]]]},"properties":{"parcel_id":"0056R00147000000","block_lot":"56-R-147"}},{"type":"Feature","geometry":{"type":"Polygon","coordinates":[[[-79.939682,40.404642],[-79.939592,40.404656],[-79.93951,40.404369],[-79.939601,40.404349],[-79.939682,40.404642]]]},"properties":{"parcel_id":"0056R00148000000","block_lot":"56-R-148"}},{"type":"Feature","geometry":{"type":"Polygon","coordinates":[[[-79.939418,40.404389],[-79.93951,40.404369],[-79.939592,40.404656],[-79.9395,40.404671],[-79.939418,40.404389]]]},"properties":{"parcel_id":"0056R00149000000","block_lot":"56-R-149"}},{"type":"Feature","geometry":{"type":"Polygon","coordinates":[[[-79.939335,40.404407],[-79.939418,40.404389],[-79.9395,40.404671],[-79.939414,40.404684],[-79.939335,40.404407]]]},"properties":{"parcel_id":"0056R00150000000","block_lot":"56-R-150"}},{"type":"Feature","geometry":{"type":"Polygon","coordinates":[[[-79.939335,40.404407],[-79.939414,40.404684],[-79.939314,40.4047],[-79.939237,40.404428],[-79.939335,40.404407]]]},"properties":{"parcel_id":"0056R00151000000","block_lot":"56-R-151"}},{"type":"Feature","geometry":{"type":"Polygon","coordinates":[[[-79.935483,40.404731],[-79.935377,40.40469],[-79.936094,40.403695],[-79.936339,40.40382],[-79.936394,40.403806],[-79.937091,40.403564],[-79.937143,40.403492],[-79.937238,40.403595],[-79.937279,40.403549],[-79.938203,40.404715],[-79.937025,40.405268],[-79.935893,40.404809],[-79.935815,40.404784],[-79.935734,40.404764],[-79.935651,40.404748],[-79.935567,40.404737],[-79.935483,40.404731]]]},"properties":{"parcel_id":"0056R00170000000","block_lot":"56-R-170"}},{"type":"Feature","geometry":{"type":"Polygon","coordinates":[[[-79.93755,40.405199],[-79.937408,40.405418],[-79.937231,40.405345],[-79.93755,40.405199]]]},"properties":{"parcel_id":"0056R00188000000","block_lot":"56-R-188"}},{"type":"Feature","geometry":{"type":"Polygon","coordinates":[[[-79.937408,40.405418],[-79.93755,40.405199],[-79.937663,40.405148],[-79.937777,40.405194],[-79.937569,40.405483],[-79.937408,40.405418]]]},"properties":{"parcel_id":"0056R00190000000","block_lot":"56-R-190"}},{"type":"Feature","geometry":{"type":"Polygon","coordinates":[[[-79.937569,40.405483],[-79.937777,40.405194],[-79.937856,40.405225],[-79.93765,40.405516],[-79.937569,40.405483]]]},"properties":{"parcel_id":"0056R00191000000","block_lot":"56-R-191"}},{"type":"Feature","geometry":{"type":"Polygon","coordinates":[[[-79.93765,40.405516],[-79.937856,40.405225],[-79.937976,40.405273],[-79.937766,40.405564],[-79.93765,40.405516]]]},"properties":{"parcel_id":"0056R00193000000","block_lot":"56-R-193"}},{"type":"Feature","geometry":{"type":"Polygon","coordinates":[[[-79.937766,40.405564],[-79.937976,40.405273],[-79.938095,40.405321],[-79.937884,40.405612],[-79.937766,40.405564]]]},"properties":{"parcel_id":"0056R00195000000","block_lot":"56-R-195"}},{"type":"Feature","geometry":{"type":"Polygon","coordinates":[[[-79.937884,40.405612],[-79.938095,40.405321],[-79.938174,40.405353],[-79.937967,40.405646],[-79.937884,40.405612]]]},"properties":{"parcel_id":"0056R00196000000","block_lot":"56-R-196"}},{"type":"Feature","geometry":{"type":"Polygon","coordinates":[[[-79.937967,40.405646],[-79.938174,40.405353],[-79.93825,40.405383],[-79.938036,40.405674],[-79.937967,40.405646]]]},"properties":{"parcel_id":"0056R00197000000","block_lot":"56-R-197"}},{"type":"Feature","geometry":{"type":"Polygon","coordinates":[[[-79.937937,40.40502],[-79.938136,40.405266],[-79.937744,40.40511],[-79.937937,40.40502]]]},"properties":{"parcel_id":"0056R00206000000","block_lot":"56-R-206"}},{"type":"Feature","geometry":{"type":"Polygon","coordinates":[[[-79.938136,40.405266],[-79.937937,40.40502],[-79.938017,40.404983],[-79.938292,40.405327],[-79.938136,40.405266]]]},"properties":{"parcel_id":"0056R00207000000","block_lot":"56-R-207"}},{"type":"Feature","geometry":{"type":"Polygon","coordinates":[[[-79.938017,40.404983],[-79.938094,40.404946],[-79.938341,40.405255],[-79.938292,40.405327],[-79.938017,40.404983]]]},"properties":{"parcel_id":"0056R00208000000","block_lot":"56-R-208"}},{"type":"Feature","geometry":{"type":"Polygon","coordinates":[[[-79.938094,40.404946],[-79.938273,40.404863],[-79.938321,40.404997],[-79.938184,40.405059],[-79.938094,40.404946]]]},"properties":{"parcel_id":"0056R00210000000","block_lot":"56-R-210"}},{"type":"Feature","geometry":{"type":"Polygon","coordinates":[[[-79.938389,40.405185],[-79.938273,40.404863],[-79.938359,40.404823],[-79.938458,40.405174],[-79.938389,40.405185]]]},"properties":{"parcel_id":"0056R00211000000","block_lot":"56-R-211"}},{"type":"Feature","geometry":{"type":"Polygon","coordinates":[[[-79.938359,40.404823],[-79.938432,40.404789],[-79.938542,40.40516],[-79.938458,40.405174],[-79.938359,40.404823]]]},"properties":{"parcel_id":"0056R00212000000","block_lot":"56-R-212"}},{"type":"Feature","geometry":{"type":"Polygon","coordinates":[[[-79.938432,40.404789],[-79.938515,40.40475],[-79.93863,40.405146],[-79.938542,40.40516],[-79.938432,40.404789]]]},"properties":{"parcel_id":"0056R00213000000","block_lot":"56-R-213"}},{"type":"Feature","geometry":{"type":"Polygon","coordinates":[[[-79.938515,40.40475],[-79.938598,40.404711],[-79.938718,40.405131],[-79.93863,40.405146],[-79.938515,40.40475]]]},"properties":{"parcel_id":"0056R00214000000","block_lot":"56-R-214"}},{"type":"Feature","geometry":{"type":"Polygon","coordinates":[[[-79.938598,40.404711],[-79.938756,40.404638],[-79.938814,40.404836],[-79.938641,40.404863],[-79.938598,40.404711]]]},"properties":{"parcel_id":"0056R00216000000","block_lot":"56-R-216"}},{"type":"Feature","geometry":{"type":"Polygon","coordinates":[[[-79.938756,40.404638],[-79.93892,40.404561],[-79.938987,40.404809],[-79.938814,40.404836],[-79.938756,40.404638]]]},"properties":{"parcel_id":"0056R00218000000","block_lot":"56-R-218"}},{"type":"Feature","geometry":{"type":"Polygon","coordinates":[[[-79.93892,40.404561],[-79.939004,40.404522],[-79.939078,40.404795],[-79.938987,40.404809],[-79.93892,40.404561]]]},"properties":{"parcel_id":"0056R00219000000","block_lot":"56-R-219"}},{"type":"Feature","geometry":{"type":"Polygon","coordinates":[[[-79.939004,40.404522],[-79.939071,40.404491],[-79.939153,40.404783],[-79.939078,40.404795],[-79.939004,40.404522]]]},"properties":{"parcel_id":"0056R00220000000","block_lot":"56-R-220"}},{"type":"Feature","geometry":{"type":"Polygon","coordinates":[[[-79.939078,40.404795],[-79.939153,40.404783],[-79.939228,40.405048],[-79.93915,40.405061],[-79.939078,40.404795]]]},"properties":{"parcel_id":"0056R00221000000","block_lot":"56-R-221"}},{"type":"Feature","geometry":{"type":"Polygon","coordinates":[[[-79.938987,40.404809],[-79.939078,40.404795],[-79.93915,40.405061],[-79.93906,40.405076],[-79.938987,40.404809]]]},"properties":{"parcel_id":"0056R00222000000","block_lot":"56-R-222"}},{"type":"Feature","geometry":{"type":"Polygon","coordinates":[[[-79.938908,40.404822],[-79.938987,40.404809],[-79.93906,40.405076],[-79.938983,40.405088],[-79.938908,40.404822]]]},"properties":{"parcel_id":"0056R00223000000","block_lot":"56-R-223"}},{"type":"Feature","geometry":{"type":"Polygon","coordinates":[[[-79.938814,40.404836],[-79.938908,40.404822],[-79.938983,40.405088],[-79.938893,40.405103],[-79.938814,40.404836]]]},"properties":{"parcel_id":"0056R00224000000","block_lot":"56-R-224"}},{"type":"Feature","geometry":{"type":"Polygon","coordinates":[[[-79.938804,40.405117],[-79.938732,40.404849],[-79.938814,40.404836],[-79.938893,40.405103],[-79.938804,40.405117]]]},"properties":{"parcel_id":"0056R00225000000","block_lot":"56-R-225"}},{"type":"Feature","geometry":{"type":"Polygon","coordinates":[[[-79.938718,40.405131],[-79.938641,40.404863],[-79.938732,40.404849],[-79.938804,40.405117],[-79.938718,40.405131]]]},"properties":{"parcel_id":"0056R00226000000","block_lot":"56-R-226"}},{"type":"Feature","geometry":{"type":"Polygon","coordinates":[[[-79.938184,40.405059],[-79.938321,40.404997],[-79.938389,40.405185],[-79.938341,40.405255],[-79.938184,40.405059]]]},"properties":{"parcel_id":"0056R00231000000","block_lot":"56-R-231"}},{"type":"Feature","geometry":{"type":"Polygon","coordinates":[[[-79.938644,40.40529],[-79.938701,40.405497],[-79.938456,40.405397],[-79.93851,40.405312],[-79.938644,40.40529]]]},"properties":{"parcel_id":"0056R00236000000","block_lot":"56-R-236"}},{"type":"Feature","geometry":{"type":"Polygon","coordinates":[[[-79.938701,40.405497],[-79.938644,40.40529],[-79.93876,40.405272],[-79.938816,40.405544],[-79.938701,40.405497]]]},"properties":{"parcel_id":"0056R00237000000","block_lot":"56-R-237"}},{"type":"Feature","geometry":{"type":"Polygon","coordinates":[[[-79.938816,40.405544],[-79.93876,40.405272],[-79.938844,40.405258],[-79.938929,40.405559],[-79.938873,40.405567],[-79.938816,40.405544]]]},"properties":{"parcel_id":"0056R00238000000","block_lot":"56-R-238"}},{"type":"Feature","geometry":{"type":"Polygon","coordinates":[[[-79.938844,40.405258],[-79.938935,40.405244],[-79.939014,40.405545],[-79.938929,40.405559],[-79.938844,40.405258]]]},"properties":{"parcel_id":"0056R00239000000","block_lot":"56-R-239"}},{"type":"Feature","geometry":{"type":"Polygon","coordinates":[[[-79.938935,40.405244],[-79.939023,40.40523],[-79.93911,40.40553],[-79.939014,40.405545],[-79.938935,40.405244]]]},"properties":{"parcel_id":"0056R00240000000","block_lot":"56-R-240"}},{"type":"Feature","geometry":{"type":"Polygon","coordinates":[[[-79.939194,40.405517],[-79.93911,40.40553],[-79.939023,40.40523],[-79.93911,40.405216],[-79.939194,40.405517]]]},"properties":{"parcel_id":"0056R00241000000","block_lot":"56-R-241"}},{"type":"Feature","geometry":{"type":"Polygon","coordinates":[[[-79.939274,40.405504],[-79.939194,40.405517],[-79.93911,40.405216],[-79.939209,40.4052],[-79.939274,40.405504]]]},"properties":{"parcel_id":"0056R00242000000","block_lot":"56-R-242"}},{"type":"Feature","geometry":{"type":"Polygon","coordinates":[[[-79.939209,40.4052],[-79.939276,40.405189],[-79.939354,40.405492],[-79.939274,40.405504],[-79.939209,40.4052]]]},"properties":{"parcel_id":"0056R00243000000","block_lot":"56-R-243"}},{"type":"Feature","geometry":{"type":"Polygon","coordinates":[[[-79.939393,40.40562],[-79.939146,40.40567],[-79.938991,40.405609],[-79.939375,40.405548],[-79.939393,40.40562]]]},"properties":{"parcel_id":"0056R00251000000","block_lot":"56-R-251"}},{"type":"Feature","geometry":{"type":"Polygon","coordinates":[[[-79.939146,40.40567],[-79.939393,40.40562],[-79.939437,40.405786],[-79.939146,40.40567]]]},"properties":{"parcel_id":"0056R00253000000","block_lot":"56-R-253"}},{"type":"Feature","geometry":{"type":"Polygon","coordinates":[[[-79.939193,40.405934],[-79.939114,40.405901],[-79.939203,40.405761],[-79.939285,40.405793],[-79.939193,40.405934]]]},"properties":{"parcel_id":"0056R00254000000","block_lot":"56-R-254"}},{"type":"Feature","geometry":{"type":"Polygon","coordinates":[[[-79.938486,40.405474],[-79.93829,40.405787],[-79.938209,40.405751],[-79.938412,40.405443],[-79.938486,40.405474]]]},"properties":{"parcel_id":"0056R00264000000","block_lot":"56-R-264"}},{"type":"Feature","geometry":{"type":"Polygon","coordinates":[[[-79.93829,40.405787],[-79.938486,40.405474],[-79.938567,40.405506],[-79.938367,40.405817],[-79.93829,40.405787]]]},"properties":{"parcel_id":"0056R00265000000","block_lot":"56-R-265"}},{"type":"Feature","geometry":{"type":"Polygon","coordinates":[[[-79.938367,40.405817],[-79.938567,40.405506],[-79.938645,40.405537],[-79.938447,40.405849],[-79.938367,40.405817]]]},"properties":{"parcel_id":"0056R00266000000","block_lot":"56-R-266"}},{"type":"Feature","geometry":{"type":"Polygon","coordinates":[[[-79.938447,40.405849],[-79.938645,40.405537],[-79.938725,40.405568],[-79.938524,40.405881],[-79.938447,40.405849]]]},"properties":{"parcel_id":"0056R00267000000","block_lot":"56-R-267"}},{"type":"Feature","geometry":{"type":"Polygon","coordinates":[[[-79.938524,40.405881],[-79.938725,40.405568],[-79.938804,40.405601],[-79.938604,40.405911],[-79.938524,40.405881]]]},"properties":{"parcel_id":"0056R00268000000","block_lot":"56-R-268"}},{"type":"Feature","geometry":{"type":"Polygon","coordinates":[[[-79.938604,40.405911],[-79.938804,40.405601],[-79.938964,40.405665],[-79.938762,40.405975],[-79.938604,40.405911]]]},"properties":{"parcel_id":"0056R00270000000","block_lot":"56-R-270"}},{"type":"Feature","geometry":{"type":"Polygon","coordinates":[[[-79.938762,40.405975],[-79.938964,40.405665],[-79.939044,40.405696],[-79.938841,40.40601],[-79.938762,40.405975]]]},"properties":{"parcel_id":"0056R00271000000","block_lot":"56-R-271"}},{"type":"Feature","geometry":{"type":"Polygon","coordinates":[[[-79.938841,40.40601],[-79.939044,40.405696],[-79.939122,40.405728],[-79.938923,40.40604],[-79.938841,40.40601]]]},"properties":{"parcel_id":"0056R00272000000","block_lot":"56-R-272"}},{"type":"Feature","geometry":{"type":"Polygon","coordinates":[[[-79.938923,40.40604],[-79.939122,40.405728],[-79.939203,40.405761],[-79.939004,40.406072],[-79.938923,40.40604]]]},"properties":{"parcel_id":"0056R00273000000","block_lot":"56-R-273"}},{"type":"Feature","geometry":{"type":"Polygon","coordinates":[[[-79.939004,40.406072],[-79.939114,40.405901],[-79.939193,40.405934],[-79.939083,40.406106],[-79.939004,40.406072]]]},"properties":{"parcel_id":"0056R00274000000","block_lot":"56-R-274"}},{"type":"Feature","geometry":{"type":"Polygon","coordinates":[[[-79.939249,40.405973],[-79.939148,40.406132],[-79.939083,40.406106],[-79.939184,40.405946],[-79.939249,40.405973]]]},"properties":{"parcel_id":"0056R00275000000","block_lot":"56-R-275"}},{"type":"Feature","geometry":{"type":"Polygon","coordinates":[[[-79.939148,40.406132],[-79.939249,40.405973],[-79.939316,40.406],[-79.939216,40.406157],[-79.939148,40.406132]]]},"properties":{"parcel_id":"0056R00276000000","block_lot":"56-R-276"}},{"type":"Feature","geometry":{"type":"Polygon","coordinates":[[[-79.939247,40.405849],[-79.939285,40.405793],[-79.939449,40.405859],[-79.939472,40.405939],[-79.939247,40.405849]]]},"properties":{"parcel_id":"0056R00277000000","block_lot":"56-R-277"}},{"type":"Feature","geometry":{"type":"Polygon","coordinates":[[[-79.939493,40.40601],[-79.939215,40.405899],[-79.939247,40.405849],[-79.939472,40.405939],[-79.939493,40.40601]]]},"properties":{"parcel_id":"0056R00278000000","block_lot":"56-R-278"}},{"type":"Feature","geometry":{"type":"Polygon","coordinates":[[[-79.939513,40.406079],[-79.939184,40.405946],[-79.939215,40.405899],[-79.939493,40.40601],[-79.939513,40.406079]]]},"properties":{"parcel_id":"0056R00279000000","block_lot":"56-R-279"}},{"type":"Feature","geometry":{"type":"Polygon","coordinates":[[[-79.939284,40.406049],[-79.939316,40.406],[-79.939513,40.406079],[-79.939531,40.406149],[-79.939284,40.406049]]]},"properties":{"parcel_id":"0056R00280000000","block_lot":"56-R-280"}},{"type":"Feature","geometry":{"type":"Polygon","coordinates":[[[-79.939251,40.406102],[-79.939284,40.406049],[-79.939531,40.406149],[-79.93955,40.406222],[-79.939251,40.406102]]]},"properties":{"parcel_id":"0056R00281000000","block_lot":"56-R-281"}},{"type":"Feature","geometry":{"type":"Polygon","coordinates":[[[-79.939216,40.406157],[-79.939251,40.406102],[-79.93955,40.406222],[-79.939566,40.40628],[-79.939556,40.406295],[-79.939216,40.406157]]]},"properties":{"parcel_id":"0056R00282000000","block_lot":"56-R-282"}},{"type":"Feature","geometry":{"type":"Polygon","coordinates":[[[-79.939023,40.406718],[-79.939267,40.406369],[-79.939366,40.406409],[-79.939128,40.40676],[-79.939023,40.406718]]]},"properties":{"parcel_id":"0056R00286000000","block_lot":"56-R-286"}},{"type":"Feature","geometry":{"type":"Polygon","coordinates":[[[-79.93892,40.406677],[-79.93916,40.406326],[-79.939267,40.406369],[-79.939023,40.406718],[-79.93892,40.406677]]]},"properties":{"parcel_id":"0056R00288000000","block_lot":"56-R-288"}},{"type":"Feature","geometry":{"type":"Polygon","coordinates":[[[-79.93882,40.406637],[-79.939062,40.406287],[-79.93916,40.406326],[-79.93892,40.406677],[-79.93882,40.406637]]]},"properties":{"parcel_id":"0056R00290000000","block_lot":"56-R-290"}},{"type":"Feature","geometry":{"type":"Polygon","coordinates":[[[-79.938708,40.406592],[-79.938946,40.406239],[-79.939062,40.406287],[-79.93882,40.406637],[-79.938708,40.406592]]]},"properties":{"parcel_id":"0056R00292000000","block_lot":"56-R-292"}},{"type":"Feature","geometry":{"type":"Polygon","coordinates":[[[-79.938614,40.406554],[-79.938859,40.406204],[-79.938946,40.406239],[-79.938708,40.406592],[-79.938614,40.406554]]]},"properties":{"parcel_id":"0056R00294000000","block_lot":"56-R-294"}},{"type":"Feature","geometry":{"type":"Polygon","coordinates":[[[-79.938513,40.406514],[-79.938758,40.406164],[-79.938859,40.406204],[-79.938614,40.406554],[-79.938513,40.406514]]]},"properties":{"parcel_id":"0056R00296000000","block_lot":"56-R-296"}},{"type":"Feature","geometry":{"type":"Polygon","coordinates":[[[-79.93841,40.406472],[-79.938653,40.406121],[-79.938758,40.406164],[-79.938513,40.406514],[-79.93841,40.406472]]]},"properties":{"parcel_id":"0056R00298000000","block_lot":"56-R-298"}},{"type":"Feature","geometry":{"type":"Polygon","coordinates":[[[-79.938312,40.406433],[-79.938556,40.406082],[-79.938653,40.406121],[-79.93841,40.406472],[-79.938312,40.406433]]]},"properties":{"parcel_id":"0056R00300000000","block_lot":"56-R-300"}},{"type":"Feature","geometry":{"type":"Polygon","coordinates":[[[-79.938211,40.406393],[-79.93846,40.406043],[-79.938556,40.406082],[-79.938312,40.406433],[-79.938211,40.406393]]]},"properties":{"parcel_id":"0056R00302000000","block_lot":"56-R-302"}},{"type":"Feature","geometry":{"type":"Polygon","coordinates":[[[-79.938112,40.406353],[-79.938358,40.406002],[-79.93846,40.406043],[-79.938211,40.406393],[-79.938112,40.406353]]]},"properties":{"parcel_id":"0056R00304000000","block_lot":"56-R-304"}},{"type":"Feature","geometry":{"type":"Polygon","coordinates":[[[-79.938112,40.406353],[-79.938001,40.406309],[-79.938249,40.405958],[-79.938358,40.406002],[-79.938112,40.406353]]]},"properties":{"parcel_id":"0056R00306000000","block_lot":"56-R-306"}},{"type":"Feature","geometry":{"type":"Polygon","coordinates":[[[-79.938001,40.406309],[-79.9379,40.406268],[-79.938142,40.405915],[-79.938249,40.405958],[-79.938001,40.406309]]]},"properties":{"parcel_id":"0056R00308000000","block_lot":"56-R-308"}},{"type":"Feature","geometry":{"type":"Polygon","coordinates":[[[-79.937817,40.406257],[-79.937846,40.406215],[-79.937842,40.406162],[-79.938046,40.405876],[-79.938142,40.405915],[-79.9379,40.406268],[-79.937849,40.406248],[-79.937817,40.406257]]]},"properties":{"parcel_id":"0056R00309000000","block_lot":"56-R-309"}},{"type":"Feature","geometry":{"type":"Polygon","coordinates":[[[-79.93777,40.406033],[-79.93792,40.405825],[-79.938046,40.405876],[-79.937895,40.406089],[-79.93777,40.406033]]]},"properties":{"parcel_id":"0056R00310000000","block_lot":"56-R-310"}},{"type":"Feature","geometry":{"type":"Polygon","coordinates":[[[-79.937533,40.406584],[-79.937693,40.406361],[-79.937585,40.406318],[-79.937594,40.406305],[-79.93749,40.406259],[-79.937621,40.406068],[-79.937717,40.406106],[-79.93777,40.406033],[-79.937895,40.406089],[-79.937842,40.406162],[-79.937846,40.406215],[-79.937569,40.406598],[-79.937533,40.406584]]]},"properties":{"parcel_id":"0056R00311000000","block_lot":"56-R-311"}},{"type":"Feature","geometry":{"type":"Polygon","coordinates":[[[-79.937621,40.406068],[-79.937817,40.405783],[-79.93792,40.405825],[-79.937717,40.406106],[-79.937621,40.406068]]]},"properties":{"parcel_id":"0056R00312000000","block_lot":"56-R-312"}},{"type":"Feature","geometry":{"type":"Polygon","coordinates":[[[-79.937621,40.406068],[-79.937462,40.406006],[-79.937662,40.405721],[-79.937817,40.405783],[-79.937621,40.406068]]]},"properties":{"parcel_id":"0056R00313000000","block_lot":"56-R-313"}},{"type":"Feature","geometry":{"type":"Polygon","coordinates":[[[-79.937462,40.406006],[-79.937382,40.405974],[-79.937581,40.405688],[-79.937662,40.405721],[-79.937462,40.406006]]]},"properties":{"parcel_id":"0056R00315000000","block_lot":"56-R-315"}},{"type":"Feature","geometry":{"type":"Polygon","coordinates":[[[-79.937217,40.405908],[-79.937416,40.405621],[-79.937581,40.405688],[-79.937382,40.405974],[-79.937217,40.405908]]]},"properties":{"parcel_id":"0056R00316000000","block_lot":"56-R-316"}},{"type":"Feature","geometry":{"type":"Polygon","coordinates":[[[-79.936996,40.405816],[-79.937188,40.405529],[-79.937251,40.405555],[-79.937055,40.40584],[-79.936996,40.405816]]]},"properties":{"parcel_id":"0056R00319000000","block_lot":"56-R-319"}},{"type":"Feature","geometry":{"type":"Polygon","coordinates":[[[-79.936895,40.405775],[-79.937088,40.405488],[-79.937188,40.405529],[-79.936996,40.405816],[-79.936895,40.405775]]]},"properties":{"parcel_id":"0056R00320000000","block_lot":"56-R-320"}},{"type":"Feature","geometry":{"type":"Polygon","coordinates":[[[-79.937171,40.405975],[-79.937217,40.405908],[-79.937621,40.406068],[-79.937575,40.406135],[-79.937171,40.405975]]]},"properties":{"parcel_id":"0056R00323000000","block_lot":"56-R-323"}},{"type":"Feature","geometry":{"type":"Polygon","coordinates":[[[-79.937086,40.406099],[-79.937171,40.405975],[-79.937575,40.406135],[-79.93749,40.406259],[-79.937086,40.406099]]]},"properties":{"parcel_id":"0056R00325000000","block_lot":"56-R-325"}},{"type":"Feature","geometry":{"type":"Polygon","coordinates":[[[-79.937048,40.406154],[-79.937086,40.406099],[-79.93749,40.406259],[-79.937453,40.406313],[-79.937048,40.406154]]]},"properties":{"parcel_id":"0056R00326000000","block_lot":"56-R-326"}},{"type":"Feature","geometry":{"type":"Polygon","coordinates":[[[-79.937001,40.406221],[-79.937048,40.406154],[-79.937453,40.406313],[-79.937406,40.40638],[-79.937001,40.406221]]]},"properties":{"parcel_id":"0056R00327000000","block_lot":"56-R-327"}},{"type":"Feature","geometry":{"type":"Polygon","coordinates":[[[-79.937406,40.40638],[-79.937325,40.406499],[-79.936923,40.406335],[-79.937001,40.406221],[-79.937406,40.40638]]]},"properties":{"parcel_id":"0056R00328000000","block_lot":"56-R-328"}},{"type":"Feature","geometry":{"type":"Polygon","coordinates":[[[-79.937325,40.406499],[-79.93749,40.406259],[-79.937594,40.406305],[-79.93743,40.406542],[-79.937325,40.406499]]]},"properties":{"parcel_id":"0056R00331000000","block_lot":"56-R-331"}},{"type":"Feature","geometry":{"type":"Polygon","coordinates":[[[-79.93743,40.406542],[-79.937585,40.406318],[-79.937693,40.406361],[-79.937533,40.406584],[-79.93743,40.406542]]]},"properties":{"parcel_id":"0056R00333000000","block_lot":"56-R-333"}},{"type":"Feature","geometry":{"type":"Polygon","coordinates":[[[-79.937717,40.406659],[-79.937962,40.406293],[-79.938098,40.406348],[-79.937844,40.40671],[-79.937717,40.406659]]]},"properties":{"parcel_id":"0056R00334000000","block_lot":"56-R-334"}},{"type":"Feature","geometry":{"type":"Polygon","coordinates":[[[-79.937569,40.406598],[-79.937817,40.406257],[-79.937849,40.406248],[-79.937962,40.406293],[-79.937717,40.406659],[-79.937569,40.406598]]]},"properties":{"parcel_id":"0056R00335000000","block_lot":"56-R-335"}},{"type":"Feature","geometry":{"type":"Polygon","coordinates":[[[-79.937844,40.40671],[-79.938098,40.406348],[-79.938211,40.406393],[-79.937952,40.406754],[-79.937844,40.40671]]]},"properties":{"parcel_id":"0056R00336000000","block_lot":"56-R-336"}},{"type":"Feature","geometry":{"type":"Polygon","coordinates":[[[-79.936641,40.406442],[-79.936248,40.406292],[-79.936289,40.406232],[-79.936679,40.406387],[-79.936641,40.406442]]]},"properties":{"parcel_id":"0056S00003000000","block_lot":"56-S-3"}},{"type":"Feature","geometry":{"type":"Polygon","coordinates":[[[-79.936679,40.406387],[-79.936289,40.406232],[-79.936335,40.406166],[-79.936725,40.40632],[-79.936679,40.406387]]]},"properties":{"parcel_id":"0056S00004000000","block_lot":"56-S-4"}},{"type":"Feature","geometry":{"type":"Polygon","coordinates":[[[-79.936725,40.40632],[-79.936335,40.406166],[-79.936378,40.406103],[-79.936765,40.406261],[-79.936725,40.40632]]]},"properties":{"parcel_id":"0056S00005000000","block_lot":"56-S-5"}},{"type":"Feature","geometry":{"type":"Polygon","coordinates":[[[-79.936765,40.406261],[-79.936378,40.406103],[-79.936418,40.406045],[-79.936806,40.406202],[-79.936765,40.406261]]]},"properties":{"parcel_id":"0056S00006000000","block_lot":"56-S-6"}},{"type":"Feature","geometry":{"type":"Polygon","coordinates":[[[-79.936806,40.406202],[-79.936418,40.406045],[-79.936462,40.405982],[-79.93685,40.406138],[-79.936806,40.406202]]]},"properties":{"parcel_id":"0056S00007000000","block_lot":"56-S-7"}},{"type":"Feature","geometry":{"type":"Polygon","coordinates":[[[-79.93685,40.406138],[-79.936462,40.405982],[-79.936502,40.405923],[-79.93689,40.40608],[-79.93685,40.406138]]]},"properties":{"parcel_id":"0056S00008000000","block_lot":"56-S-8"}},{"type":"Feature","geometry":{"type":"Polygon","coordinates":[[[-79.93689,40.40608],[-79.936502,40.405923],[-79.936542,40.405865],[-79.936927,40.406025],[-79.93689,40.40608]]]},"properties":{"parcel_id":"0056S00009000000","block_lot":"56-S-9"}},{"type":"Feature","geometry":{"type":"Polygon","coordinates":[[[-79.936927,40.406025],[-79.936542,40.405865],[-79.936584,40.405805],[-79.936972,40.405961],[-79.936927,40.406025]]]},"properties":{"parcel_id":"0056S00010000000","block_lot":"56-S-10"}},{"type":"Feature","geometry":{"type":"Polygon","coordinates":[[[-79.936972,40.405961],[-79.936584,40.405805],[-79.936624,40.405746],[-79.937011,40.405904],[-79.936972,40.405961]]]},"properties":{"parcel_id":"0056S00011000000","block_lot":"56-S-11"}},{"type":"Feature","geometry":{"type":"Polygon","coordinates":[[[-79.936624,40.405746],[-79.936668,40.405683],[-79.937055,40.40584],[-79.937011,40.405904],[-79.936624,40.405746]]]},"properties":{"parcel_id":"0056S00012000000","block_lot":"56-S-12"}},{"type":"Feature","geometry":{"type":"Polygon","coordinates":[[[-79.93681,40.405741],[-79.937007,40.405455],[-79.937088,40.405488],[-79.936895,40.405775],[-79.93681,40.405741]]]},"properties":{"parcel_id":"0056S00014000000","block_lot":"56-S-14"}},{"type":"Feature","geometry":{"type":"Polygon","coordinates":[[[-79.936716,40.405703],[-79.936919,40.405419],[-79.937007,40.405455],[-79.93681,40.405741],[-79.936716,40.405703]]]},"properties":{"parcel_id":"0056S00015000000","block_lot":"56-S-15"}},{"type":"Feature","geometry":{"type":"Polygon","coordinates":[[[-79.936716,40.405703],[-79.936638,40.405671],[-79.936836,40.405385],[-79.936919,40.405419],[-79.936716,40.405703]]]},"properties":{"parcel_id":"0056S00016000000","block_lot":"56-S-16"}},{"type":"Feature","geometry":{"type":"Polygon","coordinates":[[[-79.93656,40.405639],[-79.936761,40.405354],[-79.936836,40.405385],[-79.936638,40.405671],[-79.93656,40.405639]]]},"properties":{"parcel_id":"0056S00017000000","block_lot":"56-S-17"}},{"type":"Feature","geometry":{"type":"Polygon","coordinates":[[[-79.936324,40.405544],[-79.936522,40.405256],[-79.936761,40.405354],[-79.93656,40.405639],[-79.936324,40.405544]]]},"properties":{"parcel_id":"0056S00018000000","block_lot":"56-S-18"}},{"type":"Feature","geometry":{"type":"Polygon","coordinates":[[[-79.93628,40.405606],[-79.936324,40.405544],[-79.936668,40.405683],[-79.936624,40.405746],[-79.93628,40.405606]]]},"properties":{"parcel_id":"0056S00021000000","block_lot":"56-S-21"}},{"type":"Feature","geometry":{"type":"Polygon","coordinates":[[[-79.936238,40.405667],[-79.93628,40.405606],[-79.936624,40.405746],[-79.936584,40.405805],[-79.936238,40.405667]]]},"properties":{"parcel_id":"0056S00022000000","block_lot":"56-S-22"}},{"type":"Feature","geometry":{"type":"Polygon","coordinates":[[[-79.936199,40.405723],[-79.936238,40.405667],[-79.936584,40.405805],[-79.936542,40.405865],[-79.936199,40.405723]]]},"properties":{"parcel_id":"0056S00023000000","block_lot":"56-S-23"}},{"type":"Feature","geometry":{"type":"Polygon","coordinates":[[[-79.936542,40.405865],[-79.936502,40.405923],[-79.936157,40.405784],[-79.936199,40.405723],[-79.936542,40.405865]]]},"properties":{"parcel_id":"0056S00024000000","block_lot":"56-S-24"}},{"type":"Feature","geometry":{"type":"Polygon","coordinates":[[[-79.936502,40.405923],[-79.936462,40.405982],[-79.936116,40.405843],[-79.936157,40.405784],[-79.936502,40.405923]]]},"properties":{"parcel_id":"0056S00025000000","block_lot":"56-S-25"}},{"type":"Feature","geometry":{"type":"Polygon","coordinates":[[[-79.936074,40.405904],[-79.936116,40.405843],[-79.936462,40.405982],[-79.936418,40.406045],[-79.936074,40.405904]]]},"properties":{"parcel_id":"0056S00026000000","block_lot":"56-S-26"}},{"type":"Feature","geometry":{"type":"Polygon","coordinates":[[[-79.935988,40.406029],[-79.936074,40.405904],[-79.936418,40.406045],[-79.936335,40.406166],[-79.935988,40.406029]]]},"properties":{"parcel_id":"0056S00027000000","block_lot":"56-S-27"}},{"type":"Feature","geometry":{"type":"Polygon","coordinates":[[[-79.935988,40.406029],[-79.936335,40.406166],[-79.935977,40.406685],[-79.935717,40.40642],[-79.935988,40.406029]]]},"properties":{"parcel_id":"0056S00029000000","block_lot":"56-S-29"}},{"type":"Feature","geometry":{"type":"Polygon","coordinates":[[[-79.945717,40.403726],[-79.945297,40.403781],[-79.94524,40.403479],[-79.945652,40.40341],[-79.945717,40.403726]]]},"properties":{"parcel_id":"0057A00008000000","block_lot":"57-A-8"}},{"type":"Feature","geometry":{"type":"Polygon","coordinates":[[[-79.941391,40.404077],[-79.941783,40.404017],[-79.941801,40.404081],[-79.941408,40.404148],[-79.941391,40.404077]]]},"properties":{"parcel_id":"0057B00007000000","block_lot":"57-B-7"}},{"type":"Feature","geometry":{"type":"Polygon","coordinates":[[[-79.941676,40.404034],[-79.941391,40.404077],[-79.941378,40.404019],[-79.941657,40.403976],[-79.941676,40.404034]]]},"properties":{"parcel_id":"0057B00008000000","block_lot":"57-B-8"}},{"type":"Feature","geometry":{"type":"Polygon","coordinates":[[[-79.941636,40.403915],[-79.941657,40.403976],[-79.941378,40.404019],[-79.941367,40.40397],[-79.941636,40.403915]]]},"properties":{"parcel_id":"0057B00009000000","block_lot":"57-B-9"}},{"type":"Feature","geometry":{"type":"Polygon","coordinates":[[[-79.941676,40.404034],[-79.941636,40.403915],[-79.941749,40.403893],[-79.941783,40.404017],[-79.941676,40.404034]]]},"properties":{"parcel_id":"0057B00010000000","block_lot":"57-B-10"}},{"type":"Feature","geometry":{"type":"Polygon","coordinates":[[[-79.941045,40.403565],[-79.941125,40.403547],[-79.941245,40.403854],[-79.941162,40.403873],[-79.941045,40.403565]]]},"properties":{"parcel_id":"0057B00013000000","block_lot":"57-B-13"}},{"type":"Feature","geometry":{"type":"Polygon","coordinates":[[[-79.941125,40.403547],[-79.941214,40.403527],[-79.941328,40.403836],[-79.941245,40.403854],[-79.941125,40.403547]]]},"properties":{"parcel_id":"0057B00014000000","block_lot":"57-B-14"}},{"type":"Feature","geometry":{"type":"Polygon","coordinates":[[[-79.941214,40.403527],[-79.941293,40.40351],[-79.941404,40.40382],[-79.941328,40.403836],[-79.941214,40.403527]]]},"properties":{"parcel_id":"0057B00015000000","block_lot":"57-B-15"}},{"type":"Feature","geometry":{"type":"Polygon","coordinates":[[[-79.941293,40.40351],[-79.94138,40.40349],[-79.941491,40.403801],[-79.941404,40.40382],[-79.941293,40.40351]]]},"properties":{"parcel_id":"0057B00016000000","block_lot":"57-B-16"}},{"type":"Feature","geometry":{"type":"Polygon","coordinates":[[[-79.94138,40.40349],[-79.94146,40.403473],[-79.941573,40.403783],[-79.941491,40.403801],[-79.94138,40.40349]]]},"properties":{"parcel_id":"0057B00017000000","block_lot":"57-B-17"}},{"type":"Feature","geometry":{"type":"Polygon","coordinates":[[[-79.941573,40.403783],[-79.94146,40.403473],[-79.941518,40.40346],[-79.94167,40.403762],[-79.941573,40.403783]]]},"properties":{"parcel_id":"0057B00018000000","block_lot":"57-B-18"}},{"type":"Feature","geometry":{"type":"Polygon","coordinates":[[[-79.941007,40.403159],[-79.941172,40.403121],[-79.941292,40.40344],[-79.941132,40.403475],[-79.941007,40.403159]]]},"properties":{"parcel_id":"0057B00031000000","block_lot":"57-B-31"}},{"type":"Feature","geometry":{"type":"Polygon","coordinates":[[[-79.941292,40.40344],[-79.941172,40.403121],[-79.941256,40.403102],[-79.941379,40.40342],[-79.941292,40.40344]]]},"properties":{"parcel_id":"0057B00032000000","block_lot":"57-B-32"}},{"type":"Feature","geometry":{"type":"Polygon","coordinates":[[[-79.941256,40.403102],[-79.941331,40.403085],[-79.941485,40.403396],[-79.941379,40.40342],[-79.941256,40.403102]]]},"properties":{"parcel_id":"0057B00033000000","block_lot":"57-B-33"}},{"type":"Feature","geometry":{"type":"Polygon","coordinates":[[[-79.941882,40.403551],[-79.941697,40.403591],[-79.941637,40.403473],[-79.941834,40.403432],[-79.941882,40.403551]]]},"properties":{"parcel_id":"0057B00052000000","block_lot":"57-B-52"}},{"type":"Feature","geometry":{"type":"Polygon","coordinates":[[[-79.941741,40.403675],[-79.94188,40.403647],[-79.941909,40.403713],[-79.941775,40.403742],[-79.941741,40.403675]]]},"properties":{"parcel_id":"0057B00054000000","block_lot":"57-B-54"}},{"type":"Feature","geometry":{"type":"Polygon","coordinates":[[[-79.941927,40.403851],[-79.94198,40.404019],[-79.941875,40.404034],[-79.941824,40.403872],[-79.941927,40.403851]]]},"properties":{"parcel_id":"0057B00056000000","block_lot":"57-B-56"}},{"type":"Feature","geometry":{"type":"Polygon","coordinates":[[[-79.941884,40.404061],[-79.942274,40.404002],[-79.942294,40.404069],[-79.941899,40.404127],[-79.941884,40.404061]]]},"properties":{"parcel_id":"0057B00061000000","block_lot":"57-B-61"}},{"type":"Feature","geometry":{"type":"Polygon","coordinates":[[[-79.941875,40.404034],[-79.94198,40.404019],[-79.941969,40.403983],[-79.942255,40.403937],[-79.942274,40.404002],[-79.941884,40.404061],[-79.941875,40.404034]]]},"properties":{"parcel_id":"0057B00062000000","block_lot":"57-B-62"}},{"type":"Feature","geometry":{"type":"Polygon","coordinates":[[[-79.941969,40.403983],[-79.941927,40.403851],[-79.942213,40.403794],[-79.942255,40.403937],[-79.941969,40.403983]]]},"properties":{"parcel_id":"0057B00063000000","block_lot":"57-B-63"}},{"type":"Feature","geometry":{"type":"Polygon","coordinates":[[[-79.94188,40.403647],[-79.942162,40.40359],[-79.942186,40.403655],[-79.941909,40.403713],[-79.94188,40.403647]]]},"properties":{"parcel_id":"0057B00066000000","block_lot":"57-B-66"}},{"type":"Feature","geometry":{"type":"Polygon","coordinates":[[[-79.942162,40.40359],[-79.941741,40.403675],[-79.941697,40.403591],[-79.942126,40.403501],[-79.942162,40.40359]]]},"properties":{"parcel_id":"0057B00067000000","block_lot":"57-B-67"}},{"type":"Feature","geometry":{"type":"Polygon","coordinates":[[[-79.942126,40.403501],[-79.941882,40.403551],[-79.941863,40.403502],[-79.942104,40.40345],[-79.942126,40.403501]]]},"properties":{"parcel_id":"0057B00068000000","block_lot":"57-B-68"}},{"type":"Feature","geometry":{"type":"Polygon","coordinates":[[[-79.941834,40.403432],[-79.942073,40.403382],[-79.942104,40.40345],[-79.941863,40.403502],[-79.941834,40.403432]]]},"properties":{"parcel_id":"0057B00069000000","block_lot":"57-B-69"}},{"type":"Feature","geometry":{"type":"Polygon","coordinates":[[[-79.941815,40.403436],[-79.941787,40.403365],[-79.942036,40.403313],[-79.942073,40.403382],[-79.941815,40.403436]]]},"properties":{"parcel_id":"0057B00070000000","block_lot":"57-B-70"}},{"type":"Feature","geometry":{"type":"Polygon","coordinates":[[[-79.941616,40.403433],[-79.9418,40.403399],[-79.941815,40.403436],[-79.941637,40.403473],[-79.941616,40.403433]]]},"properties":{"parcel_id":"0057B00071000000","block_lot":"57-B-71"}},{"type":"Feature","geometry":{"type":"Polygon","coordinates":[[[-79.941787,40.403365],[-79.94176,40.403296],[-79.942002,40.403247],[-79.942036,40.403313],[-79.941787,40.403365]]]},"properties":{"parcel_id":"0057B00071000A00","block_lot":"57-B-71-A"}},{"type":"Feature","geometry":{"type":"Polygon","coordinates":[[[-79.941601,40.403403],[-79.941787,40.403365],[-79.9418,40.403399],[-79.941616,40.403433],[-79.941601,40.403403]]]},"properties":{"parcel_id":"0057B00071000B00","block_lot":"57-B-71-B"}},{"type":"Feature","geometry":{"type":"Polygon","coordinates":[[[-79.941569,40.40334],[-79.94176,40.403296],[-79.941774,40.403333],[-79.941588,40.403379],[-79.941569,40.40334]]]},"properties":{"parcel_id":"0057B00071000C00","block_lot":"57-B-71-C"}},{"type":"Feature","geometry":{"type":"Polygon","coordinates":[[[-79.941588,40.403379],[-79.941774,40.403333],[-79.941787,40.403365],[-79.941601,40.403403],[-79.941588,40.403379]]]},"properties":{"parcel_id":"0057B00071000D00","block_lot":"57-B-71-D"}},{"type":"Feature","geometry":{"type":"Polygon","coordinates":[[[-79.941534,40.403269],[-79.941964,40.403175],[-79.942002,40.403247],[-79.94176,40.403296],[-79.941569,40.40334],[-79.941534,40.403269]]]},"properties":{"parcel_id":"0057B00072000000","block_lot":"57-B-72"}},{"type":"Feature","geometry":{"type":"Polygon","coordinates":[[[-79.941502,40.403205],[-79.941927,40.403111],[-79.941964,40.403175],[-79.941534,40.403269],[-79.941502,40.403205]]]},"properties":{"parcel_id":"0057B00073000000","block_lot":"57-B-73"}},{"type":"Feature","geometry":{"type":"Polygon","coordinates":[[[-79.941566,40.403039],[-79.94184,40.402975],[-79.941866,40.40302],[-79.941927,40.403111],[-79.941618,40.403179],[-79.941566,40.403039]]]},"properties":{"parcel_id":"0057B00075000000","block_lot":"57-B-75"}},{"type":"Feature","geometry":{"type":"Polygon","coordinates":[[[-79.941566,40.403039],[-79.941618,40.403179],[-79.941502,40.403205],[-79.941429,40.403072],[-79.941566,40.403039]]]},"properties":{"parcel_id":"0057B00076000000","block_lot":"57-B-76"}},{"type":"Feature","geometry":{"type":"Polygon","coordinates":[[[-79.941553,40.402915],[-79.941544,40.402868],[-79.941707,40.40283],[-79.941741,40.402874],[-79.941553,40.402915]]]},"properties":{"parcel_id":"0057B00079000000","block_lot":"57-B-79"}},{"type":"Feature","geometry":{"type":"Polygon","coordinates":[[[-79.941282,40.40293],[-79.941544,40.402868],[-79.941553,40.402915],[-79.941313,40.402969],[-79.941282,40.40293]]]},"properties":{"parcel_id":"0057B00079000100","block_lot":"57-B-79-1"}},{"type":"Feature","geometry":{"type":"Polygon","coordinates":[[[-79.941664,40.402776],[-79.941707,40.40283],[-79.941544,40.402868],[-79.941526,40.40284],[-79.941664,40.402776]]]},"properties":{"parcel_id":"0057B00080000000","block_lot":"57-B-80"}},{"type":"Feature","geometry":{"type":"Polygon","coordinates":[[[-79.941272,40.402919],[-79.941636,40.40274],[-79.941664,40.402776],[-79.941526,40.40284],[-79.941544,40.402868],[-79.941282,40.40293],[-79.941272,40.402919]]]},"properties":{"parcel_id":"0057B00081000000","block_lot":"57-B-81"}},{"type":"Feature","geometry":{"type":"Polygon","coordinates":[[[-79.94139,40.402782],[-79.941586,40.402677],[-79.941636,40.40274],[-79.941439,40.402837],[-79.94139,40.402782]]]},"properties":{"parcel_id":"0057B00082000000","block_lot":"57-B-82"}},{"type":"Feature","geometry":{"type":"Polygon","coordinates":[[[-79.94123,40.402868],[-79.94139,40.402782],[-79.941439,40.402837],[-79.941272,40.402919],[-79.94123,40.402868]]]},"properties":{"parcel_id":"0057B00082000A00","block_lot":"57-B-82-A"}},{"type":"Feature","geometry":{"type":"Polygon","coordinates":[[[-79.941186,40.402815],[-79.941548,40.402629],[-79.941586,40.402677],[-79.94123,40.402868],[-79.941186,40.402815]]]},"properties":{"parcel_id":"0057B00083000000","block_lot":"57-B-83"}},{"type":"Feature","geometry":{"type":"Polygon","coordinates":[[[-79.941148,40.402768],[-79.941508,40.402577],[-79.941548,40.402629],[-79.941186,40.402815],[-79.941148,40.402768]]]},"properties":{"parcel_id":"0057B00084000000","block_lot":"57-B-84"}},{"type":"Feature","geometry":{"type":"Polygon","coordinates":[[[-79.941117,40.402732],[-79.941477,40.402538],[-79.941508,40.402577],[-79.941148,40.402768],[-79.941117,40.402732]]]},"properties":{"parcel_id":"0057B00085000000","block_lot":"57-B-85"}},{"type":"Feature","geometry":{"type":"Polygon","coordinates":[[[-79.941083,40.402696],[-79.941438,40.40249],[-79.941477,40.402538],[-79.941117,40.402732],[-79.941083,40.402696]]]},"properties":{"parcel_id":"0057B00086000000","block_lot":"57-B-86"}},{"type":"Feature","geometry":{"type":"Polygon","coordinates":[[[-79.941047,40.402661],[-79.941398,40.402449],[-79.941438,40.40249],[-79.941083,40.402696],[-79.941047,40.402661]]]},"properties":{"parcel_id":"0057B00087000000","block_lot":"57-B-87"}},{"type":"Feature","geometry":{"type":"Polygon","coordinates":[[[-79.941,40.402616],[-79.941353,40.402402],[-79.941398,40.402449],[-79.941047,40.402661],[-79.941,40.402616]]]},"properties":{"parcel_id":"0057B00088000000","block_lot":"57-B-88"}},{"type":"Feature","geometry":{"type":"Polygon","coordinates":[[[-79.940965,40.402582],[-79.941316,40.402365],[-79.941353,40.402402],[-79.941,40.402616],[-79.940965,40.402582]]]},"properties":{"parcel_id":"0057B00089000000","block_lot":"57-B-89"}},{"type":"Feature","geometry":{"type":"Polygon","coordinates":[[[-79.941059,40.401905],[-79.941343,40.401659],[-79.941565,40.401815],[-79.941256,40.402043],[-79.941059,40.401905]]]},"properties":{"parcel_id":"0057B00096000000","block_lot":"57-B-96"}},{"type":"Feature","geometry":{"type":"Polygon","coordinates":[[[-79.941256,40.402043],[-79.941565,40.401815],[-79.941623,40.401863],[-79.941309,40.402085],[-79.941256,40.402043]]]},"properties":{"parcel_id":"0057B00097000000","block_lot":"57-B-97"}},{"type":"Feature","geometry":{"type":"Polygon","coordinates":[[[-79.941309,40.402085],[-79.941623,40.401863],[-79.941683,40.401916],[-79.941355,40.402127],[-79.941309,40.402085]]]},"properties":{"parcel_id":"0057B00098000000","block_lot":"57-B-98"}},{"type":"Feature","geometry":{"type":"Polygon","coordinates":[[[-79.941355,40.402127],[-79.941534,40.402012],[-79.941598,40.402064],[-79.94141,40.40218],[-79.941355,40.402127]]]},"properties":{"parcel_id":"0057B00099000000","block_lot":"57-B-99"}},{"type":"Feature","geometry":{"type":"Polygon","coordinates":[[[-79.94141,40.40218],[-79.941746,40.401972],[-79.941804,40.402028],[-79.941463,40.402232],[-79.94141,40.40218]]]},"properties":{"parcel_id":"0057B00100000000","block_lot":"57-B-100"}},{"type":"Feature","geometry":{"type":"Polygon","coordinates":[[[-79.941463,40.402232],[-79.941804,40.402028],[-79.941861,40.402085],[-79.941515,40.402286],[-79.941463,40.402232]]]},"properties":{"parcel_id":"0057B00101000000","block_lot":"57-B-101"}},{"type":"Feature","geometry":{"type":"Polygon","coordinates":[[[-79.941515,40.402286],[-79.941861,40.402085],[-79.941916,40.402145],[-79.94177,40.402226],[-79.941821,40.402283],[-79.941615,40.402395],[-79.941515,40.402286]]]},"properties":{"parcel_id":"0057B00103000000","block_lot":"57-B-103"}},{"type":"Feature","geometry":{"type":"Polygon","coordinates":[[[-79.941615,40.402395],[-79.94197,40.402204],[-79.94202,40.402261],[-79.941661,40.402448],[-79.941615,40.402395]]]},"properties":{"parcel_id":"0057B00104000000","block_lot":"57-B-104"}},{"type":"Feature","geometry":{"type":"Polygon","coordinates":[[[-79.941661,40.402448],[-79.94202,40.402261],[-79.942069,40.402319],[-79.941708,40.4025],[-79.941661,40.402448]]]},"properties":{"parcel_id":"0057B00105000000","block_lot":"57-B-105"}},{"type":"Feature","geometry":{"type":"Polygon","coordinates":[[[-79.941708,40.4025],[-79.942069,40.402319],[-79.942164,40.402434],[-79.941794,40.402601],[-79.941708,40.4025]]]},"properties":{"parcel_id":"0057B00107000000","block_lot":"57-B-107"}},{"type":"Feature","geometry":{"type":"Polygon","coordinates":[[[-79.941794,40.402601],[-79.942164,40.402434],[-79.942215,40.402498],[-79.94184,40.402662],[-79.941794,40.402601]]]},"properties":{"parcel_id":"0057B00108000000","block_lot":"57-B-108"}},{"type":"Feature","geometry":{"type":"Polygon","coordinates":[[[-79.941796,40.402255],[-79.941943,40.402174],[-79.94197,40.402204],[-79.941821,40.402283],[-79.941796,40.402255]]]},"properties":{"parcel_id":"0057B00117000000","block_lot":"57-B-117"}},{"type":"Feature","geometry":{"type":"Polygon","coordinates":[[[-79.94177,40.402226],[-79.941916,40.402145],[-79.941943,40.402174],[-79.941796,40.402255],[-79.94177,40.402226]]]},"properties":{"parcel_id":"0057B00118000000","block_lot":"57-B-118"}},{"type":"Feature","geometry":{"type":"Polygon","coordinates":[[[-79.941534,40.402012],[-79.941683,40.401916],[-79.941746,40.401972],[-79.941598,40.402064],[-79.941534,40.402012]]]},"properties":{"parcel_id":"0057B00122000000","block_lot":"57-B-122"}},{"type":"Feature","geometry":{"type":"Polygon","coordinates":[[[-79.942152,40.401868],[-79.941882,40.402028],[-79.941727,40.401885],[-79.942022,40.401701],[-79.942152,40.401868]]]},"properties":{"parcel_id":"0057B00130000000","block_lot":"57-B-130"}},{"type":"Feature","geometry":{"type":"Polygon","coordinates":[[[-79.941882,40.402028],[-79.942152,40.401868],[-79.942196,40.401927],[-79.94193,40.402077],[-79.941882,40.402028]]]},"properties":{"parcel_id":"0057B00131000000","block_lot":"57-B-131"}},{"type":"Feature","geometry":{"type":"Polygon","coordinates":[[[-79.94193,40.402077],[-79.942196,40.401927],[-79.942235,40.401978],[-79.941979,40.402126],[-79.94193,40.402077]]]},"properties":{"parcel_id":"0057B00132000000","block_lot":"57-B-132"}},{"type":"Feature","geometry":{"type":"Polygon","coordinates":[[[-79.941979,40.402126],[-79.942235,40.401978],[-79.94228,40.402039],[-79.942033,40.402181],[-79.941979,40.402126]]]},"properties":{"parcel_id":"0057B00133000000","block_lot":"57-B-133"}},{"type":"Feature","geometry":{"type":"Polygon","coordinates":[[[-79.94228,40.402039],[-79.942313,40.402082],[-79.942064,40.402211],[-79.942033,40.402181],[-79.94228,40.402039]]]},"properties":{"parcel_id":"0057B00134000000","block_lot":"57-B-134"}},{"type":"Feature","geometry":{"type":"Polygon","coordinates":[[[-79.942147,40.402222],[-79.942335,40.402441],[-79.942277,40.402467],[-79.942095,40.402248],[-79.942147,40.402222]]]},"properties":{"parcel_id":"0057B00138000000","block_lot":"57-B-138"}},{"type":"Feature","geometry":{"type":"Polygon","coordinates":[[[-79.942335,40.402441],[-79.942147,40.402222],[-79.942246,40.402174],[-79.942432,40.402397],[-79.942335,40.402441]]]},"properties":{"parcel_id":"0057B00139000000","block_lot":"57-B-139"}},{"type":"Feature","geometry":{"type":"Polygon","coordinates":[[[-79.942246,40.402174],[-79.94235,40.402123],[-79.942525,40.402356],[-79.942432,40.402397],[-79.942246,40.402174]]]},"properties":{"parcel_id":"0057B00140000000","block_lot":"57-B-140"}},{"type":"Feature","geometry":{"type":"Polygon","coordinates":[[[-79.94224,40.402653],[-79.942474,40.402969],[-79.942139,40.403111],[-79.942029,40.402932],[-79.941926,40.402799],[-79.94224,40.402653]]]},"properties":{"parcel_id":"0057B00158000000","block_lot":"57-B-158"}},{"type":"Feature","geometry":{"type":"Polygon","coordinates":[[[-79.942158,40.403141],[-79.942139,40.403111],[-79.942474,40.402969],[-79.94224,40.402653],[-79.942716,40.402432],[-79.943001,40.402993],[-79.942158,40.403141]]]},"properties":{"parcel_id":"0057B00160000000","block_lot":"57-B-160"}},{"type":"Feature","geometry":{"type":"Polygon","coordinates":[[[-79.943093,40.403269],[-79.942301,40.403391],[-79.942247,40.403288],[-79.942158,40.403141],[-79.943001,40.402993],[-79.943093,40.403269]]]},"properties":{"parcel_id":"0057B00165000000","block_lot":"57-B-165"}},{"type":"Feature","geometry":{"type":"Polygon","coordinates":[[[-79.942301,40.403391],[-79.943093,40.403269],[-79.943225,40.403663],[-79.942429,40.403795],[-79.94238,40.403593],[-79.942301,40.403391]]]},"properties":{"parcel_id":"0057B00175000000","block_lot":"57-B-175"}},{"type":"Feature","geometry":{"type":"Polygon","coordinates":[[[-79.942862,40.403956],[-79.942503,40.404011],[-79.94248,40.403936],[-79.942841,40.403878],[-79.942862,40.403956]]]},"properties":{"parcel_id":"0057B00192000000","block_lot":"57-B-192"}},{"type":"Feature","geometry":{"type":"Polygon","coordinates":[[[-79.942503,40.404011],[-79.942862,40.403956],[-79.942873,40.403998],[-79.942515,40.404053],[-79.942503,40.404011]]]},"properties":{"parcel_id":"0057B00193000000","block_lot":"57-B-193"}},{"type":"Feature","geometry":{"type":"Polygon","coordinates":[[[-79.942527,40.404093],[-79.942515,40.404053],[-79.942873,40.403998],[-79.942883,40.404036],[-79.942527,40.404093]]]},"properties":{"parcel_id":"0057B00194000000","block_lot":"57-B-194"}},{"type":"Feature","geometry":{"type":"Polygon","coordinates":[[[-79.942541,40.404137],[-79.942527,40.404093],[-79.942883,40.404036],[-79.942895,40.40408],[-79.942541,40.404137]]]},"properties":{"parcel_id":"0057B00195000000","block_lot":"57-B-195"}},{"type":"Feature","geometry":{"type":"Polygon","coordinates":[[[-79.942555,40.404183],[-79.942541,40.404137],[-79.942895,40.40408],[-79.942908,40.404126],[-79.942555,40.404183]]]},"properties":{"parcel_id":"0057B00196000000","block_lot":"57-B-196"}},{"type":"Feature","geometry":{"type":"Polygon","coordinates":[[[-79.943188,40.403874],[-79.942923,40.40391],[-79.942911,40.403863],[-79.943174,40.403815],[-79.943188,40.403874]]]},"properties":{"parcel_id":"0057B00197000000","block_lot":"57-B-197"}},{"type":"Feature","geometry":{"type":"Polygon","coordinates":[[[-79.942923,40.40391],[-79.943188,40.403874],[-79.943198,40.403916],[-79.942933,40.40395],[-79.942923,40.40391]]]},"properties":{"parcel_id":"0057B00198000000","block_lot":"57-B-198"}},{"type":"Feature","geometry":{"type":"Polygon","coordinates":[[[-79.942933,40.40395],[-79.943198,40.403916],[-79.943208,40.403956],[-79.942943,40.403988],[-79.942933,40.40395]]]},"properties":{"parcel_id":"0057B00199000000","block_lot":"57-B-199"}},{"type":"Feature","geometry":{"type":"Polygon","coordinates":[[[-79.943227,40.404035],[-79.942964,40.404071],[-79.942953,40.40403],[-79.943217,40.403993],[-79.943227,40.404035]]]},"properties":{"parcel_id":"0057B00200000000","block_lot":"57-B-200"}},{"type":"Feature","geometry":{"type":"Polygon","coordinates":[[[-79.942943,40.403988],[-79.943208,40.403956],[-79.943217,40.403993],[-79.942953,40.40403],[-79.942943,40.403988]]]},"properties":{"parcel_id":"0057B00200000A00","block_lot":"57-B-200-A"}},{"type":"Feature","geometry":{"type":"Polygon","coordinates":[[[-79.942964,40.404071],[-79.943227,40.404035],[-79.943237,40.404074],[-79.942973,40.404107],[-79.942964,40.404071]]]},"properties":{"parcel_id":"0057B00201000000","block_lot":"57-B-201"}},{"type":"Feature","geometry":{"type":"Polygon","coordinates":[[[-79.942985,40.404153],[-79.942973,40.404107],[-79.943237,40.404074],[-79.943247,40.404119],[-79.942985,40.404153]]]},"properties":{"parcel_id":"0057B00202000000","block_lot":"57-B-202"}},{"type":"Feature","geometry":{"type":"Polygon","coordinates":[[[-79.944845,40.404063],[-79.945262,40.404013],[-79.945282,40.404103],[-79.944863,40.404153],[-79.944845,40.404063]]]},"properties":{"parcel_id":"0057B00228000000","block_lot":"57-B-228"}},{"type":"Feature","geometry":{"type":"Polygon","coordinates":[[[-79.944825,40.403959],[-79.945239,40.403905],[-79.945262,40.404013],[-79.944845,40.404063],[-79.944825,40.403959]]]},"properties":{"parcel_id":"0057B00230000000","block_lot":"57-B-230"}},{"type":"Feature","geometry":{"type":"Polygon","coordinates":[[[-79.945239,40.403905],[-79.944825,40.403959],[-79.944813,40.403898],[-79.945228,40.40385],[-79.945239,40.403905]]]},"properties":{"parcel_id":"0057B00232000000","block_lot":"57-B-232"}},{"type":"Feature","geometry":{"type":"Polygon","coordinates":[[[-79.944743,40.403561],[-79.945157,40.403497],[-79.945219,40.403791],[-79.944796,40.403841],[-79.944743,40.403561]]]},"properties":{"parcel_id":"0057B00238000000","block_lot":"57-B-238"}},{"type":"Feature","geometry":{"type":"Polygon","coordinates":[[[-79.944311,40.403496],[-79.944357,40.40343],[-79.944395,40.403361],[-79.944425,40.403289],[-79.944446,40.403216],[-79.944458,40.403141],[-79.944461,40.403066],[-79.944455,40.402991],[-79.944441,40.402917],[-79.944417,40.402844],[-79.944385,40.402773],[-79.943764,40.401591],[-79.943715,40.40151],[-79.943662,40.40143],[-79.943603,40.401352],[-79.943274,40.40095],[-79.943213,40.400888],[-79.943145,40.40083],[-79.943071,40.400776],[-79.94265,40.400525],[-79.942514,40.400652],[-79.942377,40.400575],[-79.942234,40.400503],[-79.941865,40.400339],[-79.943226,40.398985],[-79.943473,40.399079],[-79.943716,40.399179],[-79.943955,40.399285],[-79.944189,40.399396],[-79.944419,40.399513],[-79.944644,40.399635],[-79.944864,40.399763],[-79.945079,40.399895],[-79.945384,40.400094],[-79.945657,40.400276],[-79.945924,40.400463],[-79.946186,40.400655],[-79.946441,40.400852],[-79.94669,40.401053],[-79.946932,40.40126],[-79.947168,40.40147],[-79.947397,40.401685],[-79.94762,40.401904],[-79.947835,40.402127],[-79.948043,40.402353],[-79.948244,40.402584],[-79.948489,40.402887],[-79.944605,40.403519],[-79.944569,40.403456],[-79.944311,40.403496]]]},"properties":{"parcel_id":"0057B00300000000","block_lot":"57-B-300"}},{"type":"Feature","geometry":{"type":"Polygon","coordinates":[[[-79.941971,40.401165],[-79.942166,40.400981],[-79.941996,40.400838],[-79.94182,40.400699],[-79.941637,40.400566],[-79.941865,40.400339],[-79.942234,40.400503],[-79.942377,40.400575],[-79.942514,40.400652],[-79.94265,40.400525],[-79.943071,40.400776],[-79.943145,40.40083],[-79.943213,40.400888],[-79.943274,40.40095],[-79.943603,40.401352],[-79.943662,40.40143],[-79.943715,40.40151],[-79.943764,40.401591],[-79.944385,40.402773],[-79.944417,40.402844],[-79.944441,40.402917],[-79.944455,40.402991],[-79.944461,40.403066],[-79.944458,40.403141],[-79.944446,40.403216],[-79.944425,40.403289],[-79.944395,40.403361],[-79.944357,40.40343],[-79.944311,40.403496],[-79.943523,40.403625],[-79.943446,40.403369],[-79.943381,40.403184],[-79.943308,40.403001],[-79.943227,40.40282],[-79.943139,40.402641],[-79.943054,40.40248],[-79.942961,40.402322],[-79.942861,40.402166],[-79.942754,40.402014],[-79.94264,40.401864],[-79.942519,40.401717],[-79.942391,40.401573],[-79.942257,40.401433],[-79.942117,40.401297],[-79.941971,40.401165]]]},"properties":{"parcel_id":"0057B00350000000","block_lot":"57-B-350"}},{"type":"Feature","geometry":{"type":"Polygon","coordinates":[[[-79.941207,40.404108],[-79.940819,40.404176],[-79.940799,40.404104],[-79.941183,40.404017],[-79.941207,40.404108]]]},"properties":{"parcel_id":"0057C00001000000","block_lot":"57-C-1"}},{"type":"Feature","geometry":{"type":"Polygon","coordinates":[[[-79.941162,40.403873],[-79.941098,40.403887],[-79.94098,40.403579],[-79.941045,40.403565],[-79.941162,40.403873]]]},"properties":{"parcel_id":"0057C00003000000","block_lot":"57-C-3"}},{"type":"Feature","geometry":{"type":"Polygon","coordinates":[[[-79.941098,40.403887],[-79.94102,40.403903],[-79.940898,40.403597],[-79.94098,40.403579],[-79.941098,40.403887]]]},"properties":{"parcel_id":"0057C00004000000","block_lot":"57-C-4"}},{"type":"Feature","geometry":{"type":"Polygon","coordinates":[[[-79.94102,40.403903],[-79.940938,40.40392],[-79.940811,40.403616],[-79.940898,40.403597],[-79.94102,40.403903]]]},"properties":{"parcel_id":"0057C00005000000","block_lot":"57-C-5"}},{"type":"Feature","geometry":{"type":"Polygon","coordinates":[[[-79.940938,40.40392],[-79.940848,40.40394],[-79.940724,40.403635],[-79.940811,40.403616],[-79.940938,40.40392]]]},"properties":{"parcel_id":"0057C00006000000","block_lot":"57-C-6"}},{"type":"Feature","geometry":{"type":"Polygon","coordinates":[[[-79.940848,40.40394],[-79.940763,40.403959],[-79.94064,40.403654],[-79.940724,40.403635],[-79.940848,40.40394]]]},"properties":{"parcel_id":"0057C00007000000","block_lot":"57-C-7"}},{"type":"Feature","geometry":{"type":"Polygon","coordinates":[[[-79.940763,40.403959],[-79.940685,40.403976],[-79.940559,40.403673],[-79.94064,40.403654],[-79.940763,40.403959]]]},"properties":{"parcel_id":"0057C00008000000","block_lot":"57-C-8"}},{"type":"Feature","geometry":{"type":"Polygon","coordinates":[[[-79.940451,40.403697],[-79.940559,40.403673],[-79.940685,40.403976],[-79.940578,40.404],[-79.940451,40.403697]]]},"properties":{"parcel_id":"0057C00009000000","block_lot":"57-C-9"}},{"type":"Feature","geometry":{"type":"Polygon","coordinates":[[[-79.940295,40.403731],[-79.940451,40.403697],[-79.940578,40.404],[-79.940411,40.404036],[-79.940295,40.403731]]]},"properties":{"parcel_id":"0057C00010000000","block_lot":"57-C-10"}},{"type":"Feature","geometry":{"type":"Polygon","coordinates":[[[-79.940129,40.403768],[-79.940295,40.403731],[-79.940411,40.404036],[-79.940252,40.404071],[-79.940129,40.403768]]]},"properties":{"parcel_id":"0057C00011000000","block_lot":"57-C-11"}},{"type":"Feature","geometry":{"type":"Polygon","coordinates":[[[-79.939965,40.403804],[-79.940129,40.403768],[-79.940252,40.404071],[-79.94009,40.404106],[-79.939965,40.403804]]]},"properties":{"parcel_id":"0057C00014000000","block_lot":"57-C-14"}},{"type":"Feature","geometry":{"type":"Polygon","coordinates":[[[-79.94,40.404125],[-79.939878,40.403825],[-79.939965,40.403804],[-79.94009,40.404106],[-79.94,40.404125]]]},"properties":{"parcel_id":"0057C00016000000","block_lot":"57-C-16"}},{"type":"Feature","geometry":{"type":"Polygon","coordinates":[[[-79.939776,40.403848],[-79.939878,40.403825],[-79.94,40.404125],[-79.939895,40.404149],[-79.939776,40.403848]]]},"properties":{"parcel_id":"0057C00017000000","block_lot":"57-C-17"}},{"type":"Feature","geometry":{"type":"Polygon","coordinates":[[[-79.93971,40.403861],[-79.939776,40.403848],[-79.939895,40.404149],[-79.939831,40.404163],[-79.93971,40.403861]]]},"properties":{"parcel_id":"0057C00018000000","block_lot":"57-C-18"}},{"type":"Feature","geometry":{"type":"Polygon","coordinates":[[[-79.939614,40.403882],[-79.93971,40.403861],[-79.939831,40.404163],[-79.939725,40.404184],[-79.939614,40.403882]]]},"properties":{"parcel_id":"0057C00019000000","block_lot":"57-C-19"}},{"type":"Feature","geometry":{"type":"Polygon","coordinates":[[[-79.939523,40.403902],[-79.939614,40.403882],[-79.939725,40.404184],[-79.939639,40.404205],[-79.939523,40.403902]]]},"properties":{"parcel_id":"0057C00020000000","block_lot":"57-C-20"}},{"type":"Feature","geometry":{"type":"Polygon","coordinates":[[[-79.939434,40.403923],[-79.939523,40.403902],[-79.939639,40.404205],[-79.939544,40.404225],[-79.939434,40.403923]]]},"properties":{"parcel_id":"0057C00021000000","block_lot":"57-C-21"}},{"type":"Feature","geometry":{"type":"Polygon","coordinates":[[[-79.939346,40.40394],[-79.939434,40.403923],[-79.939544,40.404225],[-79.939458,40.404244],[-79.939346,40.40394]]]},"properties":{"parcel_id":"0057C00022000000","block_lot":"57-C-22"}},{"type":"Feature","geometry":{"type":"Polygon","coordinates":[[[-79.939227,40.403965],[-79.939346,40.40394],[-79.939458,40.404244],[-79.93934,40.404269],[-79.939227,40.403965]]]},"properties":{"parcel_id":"0057C00023000000","block_lot":"57-C-23"}},{"type":"Feature","geometry":{"type":"Polygon","coordinates":[[[-79.939227,40.403965],[-79.93934,40.404269],[-79.939184,40.404304],[-79.938969,40.404026],[-79.939227,40.403965]]]},"properties":{"parcel_id":"0057C00024000000","block_lot":"57-C-24"}},{"type":"Feature","geometry":{"type":"Polygon","coordinates":[[[-79.938862,40.403648],[-79.938983,40.403955],[-79.938922,40.403968],[-79.938699,40.403685],[-79.938862,40.403648]]]},"properties":{"parcel_id":"0057C00075000000","block_lot":"57-C-75"}},{"type":"Feature","geometry":{"type":"Polygon","coordinates":[[[-79.938862,40.403648],[-79.938946,40.403628],[-79.939071,40.403935],[-79.938983,40.403955],[-79.938862,40.403648]]]},"properties":{"parcel_id":"0057C00076000000","block_lot":"57-C-76"}},{"type":"Feature","geometry":{"type":"Polygon","coordinates":[[[-79.938946,40.403628],[-79.939031,40.403609],[-79.939152,40.403917],[-79.939071,40.403935],[-79.938946,40.403628]]]},"properties":{"parcel_id":"0057C00077000000","block_lot":"57-C-77"}},{"type":"Feature","geometry":{"type":"Polygon","coordinates":[[[-79.939031,40.403609],[-79.939195,40.403572],[-79.939317,40.40388],[-79.939152,40.403917],[-79.939031,40.403609]]]},"properties":{"parcel_id":"0057C00079000000","block_lot":"57-C-79"}},{"type":"Feature","geometry":{"type":"Polygon","coordinates":[[[-79.939195,40.403572],[-79.939284,40.403551],[-79.939402,40.403861],[-79.939317,40.40388],[-79.939195,40.403572]]]},"properties":{"parcel_id":"0057C00080000000","block_lot":"57-C-80"}},{"type":"Feature","geometry":{"type":"Polygon","coordinates":[[[-79.939284,40.403551],[-79.939366,40.403533],[-79.939488,40.403842],[-79.939402,40.403861],[-79.939284,40.403551]]]},"properties":{"parcel_id":"0057C00081000000","block_lot":"57-C-81"}},{"type":"Feature","geometry":{"type":"Polygon","coordinates":[[[-79.939366,40.403533],[-79.939444,40.403515],[-79.939566,40.403825],[-79.939488,40.403842],[-79.939366,40.403533]]]},"properties":{"parcel_id":"0057C00082000000","block_lot":"57-C-82"}},{"type":"Feature","geometry":{"type":"Polygon","coordinates":[[[-79.939444,40.403515],[-79.939527,40.403496],[-79.93965,40.403806],[-79.939566,40.403825],[-79.939444,40.403515]]]},"properties":{"parcel_id":"0057C00083000000","block_lot":"57-C-83"}},{"type":"Feature","geometry":{"type":"Polygon","coordinates":[[[-79.93965,40.403806],[-79.939527,40.403496],[-79.939619,40.403475],[-79.939736,40.403787],[-79.93965,40.403806]]]},"properties":{"parcel_id":"0057C00084000000","block_lot":"57-C-84"}},{"type":"Feature","geometry":{"type":"Polygon","coordinates":[[[-79.939736,40.403787],[-79.939619,40.403475],[-79.939861,40.40342],[-79.939976,40.403733],[-79.939736,40.403787]]]},"properties":{"parcel_id":"0057C00087000000","block_lot":"57-C-87"}},{"type":"Feature","geometry":{"type":"Polygon","coordinates":[[[-79.939976,40.403733],[-79.939861,40.40342],[-79.939959,40.403397],[-79.940079,40.403709],[-79.939976,40.403733]]]},"properties":{"parcel_id":"0057C00088000000","block_lot":"57-C-88"}},{"type":"Feature","geometry":{"type":"Polygon","coordinates":[[[-79.939959,40.403397],[-79.940017,40.403383],[-79.940138,40.403696],[-79.940079,40.403709],[-79.939959,40.403397]]]},"properties":{"parcel_id":"0057C00089000000","block_lot":"57-C-89"}},{"type":"Feature","geometry":{"type":"Polygon","coordinates":[[[-79.940017,40.403383],[-79.940075,40.40337],[-79.940192,40.403684],[-79.940138,40.403696],[-79.940017,40.403383]]]},"properties":{"parcel_id":"0057C00090000000","block_lot":"57-C-90"}},{"type":"Feature","geometry":{"type":"Polygon","coordinates":[[[-79.940075,40.40337],[-79.940136,40.403356],[-79.940251,40.403671],[-79.940192,40.403684],[-79.940075,40.40337]]]},"properties":{"parcel_id":"0057C00091000000","block_lot":"57-C-91"}},{"type":"Feature","geometry":{"type":"Polygon","coordinates":[[[-79.940136,40.403356],[-79.940212,40.403339],[-79.940329,40.403653],[-79.940251,40.403671],[-79.940136,40.403356]]]},"properties":{"parcel_id":"0057C00092000000","block_lot":"57-C-92"}},{"type":"Feature","geometry":{"type":"Polygon","coordinates":[[[-79.940212,40.403339],[-79.940271,40.403326],[-79.940387,40.40364],[-79.940329,40.403653],[-79.940212,40.403339]]]},"properties":{"parcel_id":"0057C00093000000","block_lot":"57-C-93"}},{"type":"Feature","geometry":{"type":"Polygon","coordinates":[[[-79.940271,40.403326],[-79.940337,40.403311],[-79.940457,40.403625],[-79.940387,40.40364],[-79.940271,40.403326]]]},"properties":{"parcel_id":"0057C00094000000","block_lot":"57-C-94"}},{"type":"Feature","geometry":{"type":"Polygon","coordinates":[[[-79.940337,40.403311],[-79.940401,40.403296],[-79.940521,40.403611],[-79.940457,40.403625],[-79.940337,40.403311]]]},"properties":{"parcel_id":"0057C00095000000","block_lot":"57-C-95"}},{"type":"Feature","geometry":{"type":"Polygon","coordinates":[[[-79.940401,40.403296],[-79.940472,40.40328],[-79.940592,40.403595],[-79.940521,40.403611],[-79.940401,40.403296]]]},"properties":{"parcel_id":"0057C00096000000","block_lot":"57-C-96"}},{"type":"Feature","geometry":{"type":"Polygon","coordinates":[[[-79.940592,40.403595],[-79.940472,40.40328],[-79.940541,40.403264],[-79.940658,40.40358],[-79.940592,40.403595]]]},"properties":{"parcel_id":"0057C00097000000","block_lot":"57-C-97"}},{"type":"Feature","geometry":{"type":"Polygon","coordinates":[[[-79.940541,40.403264],[-79.940598,40.403252],[-79.940719,40.403567],[-79.940658,40.40358],[-79.940541,40.403264]]]},"properties":{"parcel_id":"0057C00098000000","block_lot":"57-C-98"}},{"type":"Feature","geometry":{"type":"Polygon","coordinates":[[[-79.940598,40.403252],[-79.94068,40.403233],[-79.9408,40.403549],[-79.940719,40.403567],[-79.940598,40.403252]]]},"properties":{"parcel_id":"0057C00099000000","block_lot":"57-C-99"}},{"type":"Feature","geometry":{"type":"Polygon","coordinates":[[[-79.94068,40.403233],[-79.94076,40.403215],[-79.940883,40.403531],[-79.9408,40.403549],[-79.94068,40.403233]]]},"properties":{"parcel_id":"0057C00100000000","block_lot":"57-C-100"}},{"type":"Feature","geometry":{"type":"Polygon","coordinates":[[[-79.94076,40.403215],[-79.940849,40.403195],[-79.940966,40.403512],[-79.940883,40.403531],[-79.94076,40.403215]]]},"properties":{"parcel_id":"0057C00101000000","block_lot":"57-C-101"}},{"type":"Feature","geometry":{"type":"Polygon","coordinates":[[[-79.940849,40.403195],[-79.940927,40.403177],[-79.941052,40.403493],[-79.940966,40.403512],[-79.940849,40.403195]]]},"properties":{"parcel_id":"0057C00102000000","block_lot":"57-C-102"}},{"type":"Feature","geometry":{"type":"Polygon","coordinates":[[[-79.940927,40.403177],[-79.941007,40.403159],[-79.941132,40.403475],[-79.941052,40.403493],[-79.940927,40.403177]]]},"properties":{"parcel_id":"0057C00103000000","block_lot":"57-C-103"}},{"type":"Feature","geometry":{"type":"Polygon","coordinates":[[[-79.940915,40.402534],[-79.941271,40.402324],[-79.941316,40.402365],[-79.940965,40.402582],[-79.940915,40.402534]]]},"properties":{"parcel_id":"0057C00107000000","block_lot":"57-C-107"}},{"type":"Feature","geometry":{"type":"Polygon","coordinates":[[[-79.94088,40.402503],[-79.941217,40.402275],[-79.941271,40.402324],[-79.940915,40.402534],[-79.94088,40.402503]]]},"properties":{"parcel_id":"0057C00108000000","block_lot":"57-C-108"}},{"type":"Feature","geometry":{"type":"Polygon","coordinates":[[[-79.940839,40.402467],[-79.941175,40.402239],[-79.941217,40.402275],[-79.94088,40.402503],[-79.940839,40.402467]]]},"properties":{"parcel_id":"0057C00109000000","block_lot":"57-C-109"}},{"type":"Feature","geometry":{"type":"Polygon","coordinates":[[[-79.941175,40.402239],[-79.940839,40.402467],[-79.940792,40.402425],[-79.941124,40.402193],[-79.941175,40.402239]]]},"properties":{"parcel_id":"0057C00110000000","block_lot":"57-C-110"}},{"type":"Feature","geometry":{"type":"Polygon","coordinates":[[[-79.941124,40.402193],[-79.940792,40.402425],[-79.940745,40.402383],[-79.941079,40.402156],[-79.941124,40.402193]]]},"properties":{"parcel_id":"0057C00111000000","block_lot":"57-C-111"}},{"type":"Feature","geometry":{"type":"Polygon","coordinates":[[[-79.940973,40.402071],[-79.940657,40.402305],[-79.940617,40.402268],[-79.940914,40.402027],[-79.940973,40.402071]]]},"properties":{"parcel_id":"0057C00112000000","block_lot":"57-C-112"}},{"type":"Feature","geometry":{"type":"Polygon","coordinates":[[[-79.940701,40.402343],[-79.941023,40.402111],[-79.941079,40.402156],[-79.940745,40.402383],[-79.940701,40.402343]]]},"properties":{"parcel_id":"0057C00112000A00","block_lot":"57-C-112-A"}},{"type":"Feature","geometry":{"type":"Polygon","coordinates":[[[-79.940657,40.402305],[-79.940973,40.402071],[-79.941023,40.402111],[-79.940701,40.402343],[-79.940657,40.402305]]]},"properties":{"parcel_id":"0057C00113000000","block_lot":"57-C-113"}},{"type":"Feature","geometry":{"type":"Polygon","coordinates":[[[-79.940571,40.402228],[-79.940866,40.401992],[-79.940914,40.402027],[-79.940617,40.402268],[-79.940571,40.402228]]]},"properties":{"parcel_id":"0057C00115000000","block_lot":"57-C-115"}},{"type":"Feature","geometry":{"type":"Polygon","coordinates":[[[-79.940522,40.402184],[-79.940805,40.401948],[-79.940866,40.401992],[-79.940571,40.402228],[-79.940522,40.402184]]]},"properties":{"parcel_id":"0057C00116000000","block_lot":"57-C-116"}},{"type":"Feature","geometry":{"type":"Polygon","coordinates":[[[-79.940479,40.402146],[-79.940749,40.401908],[-79.940805,40.401948],[-79.940522,40.402184],[-79.940479,40.402146]]]},"properties":{"parcel_id":"0057C00117000000","block_lot":"57-C-117"}},{"type":"Feature","geometry":{"type":"Polygon","coordinates":[[[-79.940512,40.402025],[-79.940688,40.401867],[-79.940749,40.401908],[-79.940572,40.402064],[-79.940512,40.402025]]]},"properties":{"parcel_id":"0057C00118000000","block_lot":"57-C-118"}},{"type":"Feature","geometry":{"type":"Polygon","coordinates":[[[-79.940421,40.402107],[-79.940512,40.402025],[-79.940572,40.402064],[-79.940479,40.402146],[-79.94046,40.402128],[-79.940421,40.402107]]]},"properties":{"parcel_id":"0057C00118000A00","block_lot":"57-C-118-A"}},{"type":"Feature","geometry":{"type":"Polygon","coordinates":[[[-79.940361,40.402073],[-79.940624,40.401827],[-79.940688,40.401867],[-79.940421,40.402107],[-79.940361,40.402073]]]},"properties":{"parcel_id":"0057C00119000000","block_lot":"57-C-119"}},{"type":"Feature","geometry":{"type":"Polygon","coordinates":[[[-79.940624,40.401827],[-79.940361,40.402073],[-79.94029,40.402034],[-79.940541,40.401775],[-79.940624,40.401827]]]},"properties":{"parcel_id":"0057C00120000000","block_lot":"57-C-120"}},{"type":"Feature","geometry":{"type":"Polygon","coordinates":[[[-79.940103,40.401935],[-79.940366,40.401679],[-79.940509,40.401763],[-79.940251,40.402022],[-79.940103,40.401935]]]},"properties":{"parcel_id":"0057C00121000000","block_lot":"57-C-121"}},{"type":"Feature","geometry":{"type":"Polygon","coordinates":[[[-79.940032,40.401895],[-79.940298,40.40164],[-79.940366,40.401679],[-79.940103,40.401935],[-79.940032,40.401895]]]},"properties":{"parcel_id":"0057C00123000000","block_lot":"57-C-123"}},{"type":"Feature","geometry":{"type":"Polygon","coordinates":[[[-79.939961,40.401853],[-79.94023,40.401599],[-79.940298,40.40164],[-79.940032,40.401895],[-79.939961,40.401853]]]},"properties":{"parcel_id":"0057C00124000000","block_lot":"57-C-124"}},{"type":"Feature","geometry":{"type":"Polygon","coordinates":[[[-79.939895,40.401815],[-79.940164,40.40156],[-79.94023,40.401599],[-79.939961,40.401853],[-79.939895,40.401815]]]},"properties":{"parcel_id":"0057C00125000000","block_lot":"57-C-125"}},{"type":"Feature","geometry":{"type":"Polygon","coordinates":[[[-79.940381,40.402351],[-79.940239,40.402272],[-79.940356,40.402146],[-79.940448,40.402201],[-79.940484,40.402237],[-79.940381,40.402351]]]},"properties":{"parcel_id":"0057C00141000000","block_lot":"57-C-141"}},{"type":"Feature","geometry":{"type":"Polygon","coordinates":[[[-79.939436,40.401826],[-79.939366,40.401779],[-79.939493,40.401652],[-79.93957,40.401694],[-79.939436,40.401826]]]},"properties":{"parcel_id":"0057C00153000000","block_lot":"57-C-153"}},{"type":"Feature","geometry":{"type":"Polygon","coordinates":[[[-79.939104,40.401427],[-79.939441,40.401621],[-79.939181,40.401878],[-79.93848,40.402034],[-79.939104,40.401427]]]},"properties":{"parcel_id":"0057C00154000000","block_lot":"57-C-154"}},{"type":"Feature","geometry":{"type":"Polygon","coordinates":[[[-79.938254,40.401658],[-79.938275,40.401629],[-79.938512,40.40177],[-79.938484,40.401798],[-79.938254,40.401658]]]},"properties":{"parcel_id":"0057C00158000000","block_lot":"57-C-158"}},{"type":"Feature","geometry":{"type":"Polygon","coordinates":[[[-79.938234,40.401687],[-79.938254,40.401658],[-79.938484,40.401798],[-79.938456,40.401824],[-79.938234,40.401687]]]},"properties":{"parcel_id":"0057C00158000A00","block_lot":"57-C-158-A"}},{"type":"Feature","geometry":{"type":"Polygon","coordinates":[[[-79.93821,40.40172],[-79.938234,40.401687],[-79.938456,40.401824],[-79.938428,40.401851],[-79.93821,40.40172]]]},"properties":{"parcel_id":"0057C00159000000","block_lot":"57-C-159"}},{"type":"Feature","geometry":{"type":"Polygon","coordinates":[[[-79.938187,40.401753],[-79.93821,40.40172],[-79.938428,40.401851],[-79.938402,40.401876],[-79.938187,40.401753]]]},"properties":{"parcel_id":"0057C00159000A00","block_lot":"57-C-159-A"}},{"type":"Feature","geometry":{"type":"Polygon","coordinates":[[[-79.938166,40.401782],[-79.938187,40.401753],[-79.938402,40.401876],[-79.938376,40.401902],[-79.938166,40.401782]]]},"properties":{"parcel_id":"0057C00160000000","block_lot":"57-C-160"}},{"type":"Feature","geometry":{"type":"Polygon","coordinates":[[[-79.938147,40.401809],[-79.938166,40.401782],[-79.938376,40.401902],[-79.93835,40.401926],[-79.938147,40.401809]]]},"properties":{"parcel_id":"0057C00160000A00","block_lot":"57-C-160-A"}},{"type":"Feature","geometry":{"type":"Polygon","coordinates":[[[-79.938124,40.401842],[-79.938147,40.401809],[-79.93835,40.401926],[-79.938321,40.401954],[-79.938124,40.401842]]]},"properties":{"parcel_id":"0057C00161000000","block_lot":"57-C-161"}},{"type":"Feature","geometry":{"type":"Polygon","coordinates":[[[-79.938105,40.401869],[-79.938124,40.401842],[-79.938321,40.401954],[-79.938296,40.401979],[-79.938105,40.401869]]]},"properties":{"parcel_id":"0057C00161000A00","block_lot":"57-C-161-A"}},{"type":"Feature","geometry":{"type":"Polygon","coordinates":[[[-79.938085,40.401898],[-79.938105,40.401869],[-79.938296,40.401979],[-79.93827,40.402004],[-79.938085,40.401898]]]},"properties":{"parcel_id":"0057C00162000000","block_lot":"57-C-162"}},{"type":"Feature","geometry":{"type":"Polygon","coordinates":[[[-79.938062,40.401929],[-79.938085,40.401898],[-79.93827,40.402004],[-79.938241,40.402031],[-79.938062,40.401929]]]},"properties":{"parcel_id":"0057C00162000A00","block_lot":"57-C-162-A"}},{"type":"Feature","geometry":{"type":"Polygon","coordinates":[[[-79.93804,40.40196],[-79.938062,40.401929],[-79.938241,40.402031],[-79.938213,40.402058],[-79.93804,40.40196]]]},"properties":{"parcel_id":"0057C00163000000","block_lot":"57-C-163"}},{"type":"Feature","geometry":{"type":"Polygon","coordinates":[[[-79.938019,40.40199],[-79.93804,40.40196],[-79.938213,40.402058],[-79.938188,40.402084],[-79.938019,40.40199]]]},"properties":{"parcel_id":"0057C00163000A00","block_lot":"57-C-163-A"}},{"type":"Feature","geometry":{"type":"Polygon","coordinates":[[[-79.937981,40.402043],[-79.938019,40.40199],[-79.938188,40.402084],[-79.938155,40.402115],[-79.937981,40.402043]]]},"properties":{"parcel_id":"0057C00164000000","block_lot":"57-C-164"}},{"type":"Feature","geometry":{"type":"Polygon","coordinates":[[[-79.93931,40.401949],[-79.939236,40.401907],[-79.939366,40.401779],[-79.939436,40.401826],[-79.93931,40.401949]]]},"properties":{"parcel_id":"0057C00165000000","block_lot":"57-C-165"}},{"type":"Feature","geometry":{"type":"Polygon","coordinates":[[[-79.939439,40.402021],[-79.93931,40.401949],[-79.93957,40.401694],[-79.939696,40.401765],[-79.939439,40.402021]]]},"properties":{"parcel_id":"0057C00167000000","block_lot":"57-C-167"}},{"type":"Feature","geometry":{"type":"Polygon","coordinates":[[[-79.939439,40.402021],[-79.939696,40.401765],[-79.939766,40.401806],[-79.939508,40.402061],[-79.939439,40.402021]]]},"properties":{"parcel_id":"0057C00168000000","block_lot":"57-C-168"}},{"type":"Feature","geometry":{"type":"Polygon","coordinates":[[[-79.939508,40.402061],[-79.939766,40.401806],[-79.939834,40.401845],[-79.939576,40.402101],[-79.939508,40.402061]]]},"properties":{"parcel_id":"0057C00169000000","block_lot":"57-C-169"}},{"type":"Feature","geometry":{"type":"Polygon","coordinates":[[[-79.939646,40.40214],[-79.939576,40.402101],[-79.939834,40.401845],[-79.939905,40.401886],[-79.939646,40.40214]]]},"properties":{"parcel_id":"0057C00170000000","block_lot":"57-C-170"}},{"type":"Feature","geometry":{"type":"Polygon","coordinates":[[[-79.939646,40.40214],[-79.939776,40.402012],[-79.939916,40.402095],[-79.939786,40.402222],[-79.939646,40.40214]]]},"properties":{"parcel_id":"0057C00171000000","block_lot":"57-C-171"}},{"type":"Feature","geometry":{"type":"Polygon","coordinates":[[[-79.939984,40.402136],[-79.939856,40.402262],[-79.939786,40.402222],[-79.939916,40.402095],[-79.939984,40.402136]]]},"properties":{"parcel_id":"0057C00173000000","block_lot":"57-C-173"}},{"type":"Feature","geometry":{"type":"Polygon","coordinates":[[[-79.939776,40.402012],[-79.939905,40.401886],[-79.940114,40.402008],[-79.939984,40.402136],[-79.939776,40.402012]]]},"properties":{"parcel_id":"0057C00174000000","block_lot":"57-C-174"}},{"type":"Feature","geometry":{"type":"Polygon","coordinates":[[[-79.940212,40.402065],[-79.939954,40.402319],[-79.939856,40.402262],[-79.940114,40.402008],[-79.940212,40.402065]]]},"properties":{"parcel_id":"0057C00175000000","block_lot":"57-C-175"}},{"type":"Feature","geometry":{"type":"Polygon","coordinates":[[[-79.940356,40.402146],[-79.940114,40.402407],[-79.940017,40.402359],[-79.94027,40.402094],[-79.940356,40.402146]]]},"properties":{"parcel_id":"0057C00176000000","block_lot":"57-C-176"}},{"type":"Feature","geometry":{"type":"Polygon","coordinates":[[[-79.940114,40.402407],[-79.940239,40.402272],[-79.940281,40.402295],[-79.940164,40.402431],[-79.940114,40.402407]]]},"properties":{"parcel_id":"0057C00177000000","block_lot":"57-C-177"}},{"type":"Feature","geometry":{"type":"Polygon","coordinates":[[[-79.940221,40.40246],[-79.940338,40.402327],[-79.940381,40.402351],[-79.940263,40.402481],[-79.940221,40.40246]]]},"properties":{"parcel_id":"0057C00178000000","block_lot":"57-C-178"}},{"type":"Feature","geometry":{"type":"Polygon","coordinates":[[[-79.940164,40.402431],[-79.940281,40.402295],[-79.940338,40.402327],[-79.940221,40.40246],[-79.940164,40.402431]]]},"properties":{"parcel_id":"0057C00178000A00","block_lot":"57-C-178-A"}},{"type":"Feature","geometry":{"type":"Polygon","coordinates":[[[-79.940263,40.402481],[-79.940484,40.402237],[-79.940635,40.402386],[-79.940478,40.402587],[-79.940263,40.402481]]]},"properties":{"parcel_id":"0057C00181000000","block_lot":"57-C-181"}},{"type":"Feature","geometry":{"type":"Polygon","coordinates":[[[-79.940548,40.402622],[-79.940478,40.402587],[-79.940635,40.402386],[-79.940685,40.402435],[-79.940548,40.402622]]]},"properties":{"parcel_id":"0057C00182000000","block_lot":"57-C-182"}},{"type":"Feature","geometry":{"type":"Polygon","coordinates":[[[-79.940548,40.402622],[-79.940685,40.402435],[-79.940718,40.402468],[-79.940586,40.402641],[-79.940548,40.402622]]]},"properties":{"parcel_id":"0057C00183000000","block_lot":"57-C-183"}},{"type":"Feature","geometry":{"type":"Polygon","coordinates":[[[-79.940586,40.402641],[-79.940718,40.402468],[-79.940777,40.402526],[-79.940623,40.402665],[-79.940616,40.402656],[-79.940586,40.402641]]]},"properties":{"parcel_id":"0057C00184000000","block_lot":"57-C-184"}},{"type":"Feature","geometry":{"type":"Polygon","coordinates":[[[-79.940623,40.402665],[-79.940777,40.402526],[-79.940826,40.402574],[-79.940642,40.402688],[-79.940623,40.402665]]]},"properties":{"parcel_id":"0057C00185000000","block_lot":"57-C-185"}},{"type":"Feature","geometry":{"type":"Polygon","coordinates":[[[-79.940642,40.402688],[-79.940826,40.402574],[-79.940854,40.402602],[-79.940667,40.402719],[-79.940642,40.402688]]]},"properties":{"parcel_id":"0057C00185000A00","block_lot":"57-C-185-A"}},{"type":"Feature","geometry":{"type":"Polygon","coordinates":[[[-79.940686,40.402742],[-79.940667,40.402719],[-79.940854,40.402602],[-79.940878,40.402625],[-79.940686,40.402742]]]},"properties":{"parcel_id":"0057C00185000B00","block_lot":"57-C-185-B"}},{"type":"Feature","geometry":{"type":"Polygon","coordinates":[[[-79.940686,40.402742],[-79.940878,40.402625],[-79.940905,40.402652],[-79.940713,40.402775],[-79.940686,40.402742]]]},"properties":{"parcel_id":"0057C00186000000","block_lot":"57-C-186"}},{"type":"Feature","geometry":{"type":"Polygon","coordinates":[[[-79.940713,40.402775],[-79.940905,40.402652],[-79.94097,40.402717],[-79.94087,40.402759],[-79.940852,40.402743],[-79.940738,40.402806],[-79.940713,40.402775]]]},"properties":{"parcel_id":"0057C00187000000","block_lot":"57-C-187"}},{"type":"Feature","geometry":{"type":"Polygon","coordinates":[[[-79.940846,40.402811],[-79.940752,40.402823],[-79.940738,40.402806],[-79.940852,40.402743],[-79.94087,40.402759],[-79.94097,40.402717],[-79.941036,40.402782],[-79.940846,40.402811]]]},"properties":{"parcel_id":"0057C00188000000","block_lot":"57-C-188"}},{"type":"Feature","geometry":{"type":"Polygon","coordinates":[[[-79.940846,40.402811],[-79.941036,40.402782],[-79.941249,40.402992],[-79.940942,40.403059],[-79.940846,40.402811]]]},"properties":{"parcel_id":"0057C00192000000","block_lot":"57-C-192"}},{"type":"Feature","geometry":{"type":"Polygon","coordinates":[[[-79.940942,40.403059],[-79.940849,40.403079],[-79.940752,40.402823],[-79.940846,40.402811],[-79.940942,40.403059]]]},"properties":{"parcel_id":"0057C00193000000","block_lot":"57-C-193"}},{"type":"Feature","geometry":{"type":"Polygon","coordinates":[[[-79.940702,40.403112],[-79.940279,40.403207],[-79.940019,40.402531],[-79.940063,40.402527],[-79.940516,40.402745],[-79.940622,40.402879],[-79.940702,40.403112]]]},"properties":{"parcel_id":"0057C00204000000","block_lot":"57-C-204"}},{"type":"Feature","geometry":{"type":"Polygon","coordinates":[[[-79.939872,40.402955],[-79.94002,40.402921],[-79.940141,40.403229],[-79.939979,40.403265],[-79.939872,40.402955]]]},"properties":{"parcel_id":"0057C00207000000","block_lot":"57-C-207"}},{"type":"Feature","geometry":{"type":"Polygon","coordinates":[[[-79.93979,40.402973],[-79.939872,40.402955],[-79.939979,40.403265],[-79.939908,40.403281],[-79.93979,40.402973]]]},"properties":{"parcel_id":"0057C00209000000","block_lot":"57-C-209"}},{"type":"Feature","geometry":{"type":"Polygon","coordinates":[[[-79.939908,40.403281],[-79.939814,40.403302],[-79.939698,40.402994],[-79.93979,40.402973],[-79.939908,40.403281]]]},"properties":{"parcel_id":"0057C00210000000","block_lot":"57-C-210"}},{"type":"Feature","geometry":{"type":"Polygon","coordinates":[[[-79.939814,40.403302],[-79.939734,40.40332],[-79.939615,40.403013],[-79.939698,40.402994],[-79.939814,40.403302]]]},"properties":{"parcel_id":"0057C00211000000","block_lot":"57-C-211"}},{"type":"Feature","geometry":{"type":"Polygon","coordinates":[[[-79.939528,40.403032],[-79.939615,40.403013],[-79.939734,40.40332],[-79.939649,40.403339],[-79.939528,40.403032]]]},"properties":{"parcel_id":"0057C00212000000","block_lot":"57-C-212"}},{"type":"Feature","geometry":{"type":"Polygon","coordinates":[[[-79.939452,40.403049],[-79.939528,40.403032],[-79.939649,40.403339],[-79.939567,40.403358],[-79.939452,40.403049]]]},"properties":{"parcel_id":"0057C00213000000","block_lot":"57-C-213"}},{"type":"Feature","geometry":{"type":"Polygon","coordinates":[[[-79.939479,40.403377],[-79.939361,40.40307],[-79.939452,40.403049],[-79.939567,40.403358],[-79.939479,40.403377]]]},"properties":{"parcel_id":"0057C00214000000","block_lot":"57-C-214"}},{"type":"Feature","geometry":{"type":"Polygon","coordinates":[[[-79.939317,40.403413],[-79.939239,40.403214],[-79.939403,40.403181],[-79.939479,40.403377],[-79.939317,40.403413]]]},"properties":{"parcel_id":"0057C00215000000","block_lot":"57-C-215"}},{"type":"Feature","geometry":{"type":"Polygon","coordinates":[[[-79.939163,40.403255],[-79.93925,40.403242],[-79.939317,40.403413],[-79.93923,40.403433],[-79.939163,40.403255]]]},"properties":{"parcel_id":"0057C00217000000","block_lot":"57-C-217"}},{"type":"Feature","geometry":{"type":"Polygon","coordinates":[[[-79.939038,40.403142],[-79.939114,40.403126],[-79.93923,40.403433],[-79.939158,40.403449],[-79.939038,40.403142]]]},"properties":{"parcel_id":"0057C00218000000","block_lot":"57-C-218"}},{"type":"Feature","geometry":{"type":"Polygon","coordinates":[[[-79.939158,40.403449],[-79.93908,40.403466],[-79.938959,40.40316],[-79.939038,40.403142],[-79.939158,40.403449]]]},"properties":{"parcel_id":"0057C00219000000","block_lot":"57-C-219"}},{"type":"Feature","geometry":{"type":"Polygon","coordinates":[[[-79.93908,40.403466],[-79.938987,40.403487],[-79.93887,40.403181],[-79.938959,40.40316],[-79.93908,40.403466]]]},"properties":{"parcel_id":"0057C00220000000","block_lot":"57-C-220"}},{"type":"Feature","geometry":{"type":"Polygon","coordinates":[[[-79.938987,40.403487],[-79.938914,40.403503],[-79.9388,40.403196],[-79.93887,40.403181],[-79.938987,40.403487]]]},"properties":{"parcel_id":"0057C00221000000","block_lot":"57-C-221"}},{"type":"Feature","geometry":{"type":"Polygon","coordinates":[[[-79.938731,40.403544],[-79.93861,40.403239],[-79.938681,40.403223],[-79.938702,40.403276],[-79.938686,40.403278],[-79.938792,40.403531],[-79.938731,40.403544]]]},"properties":{"parcel_id":"0057C00222000000","block_lot":"57-C-222"}},{"type":"Feature","geometry":{"type":"Polygon","coordinates":[[[-79.938681,40.403223],[-79.938717,40.403215],[-79.938736,40.403269],[-79.938753,40.403264],[-79.938851,40.403518],[-79.938792,40.403531],[-79.938686,40.403278],[-79.938702,40.403276],[-79.938681,40.403223]]]},"properties":{"parcel_id":"0057C00222000A00","block_lot":"57-C-222-A"}},{"type":"Feature","geometry":{"type":"Polygon","coordinates":[[[-79.938717,40.403215],[-79.9388,40.403196],[-79.938914,40.403503],[-79.938851,40.403518],[-79.938753,40.403264],[-79.938736,40.403269],[-79.938717,40.403215]]]},"properties":{"parcel_id":"0057C00222000B00","block_lot":"57-C-222-B"}},{"type":"Feature","geometry":{"type":"Polygon","coordinates":[[[-79.938731,40.403544],[-79.938609,40.403571],[-79.938495,40.403427],[-79.938656,40.403354],[-79.938731,40.403544]]]},"properties":{"parcel_id":"0057C00224000000","block_lot":"57-C-224"}},{"type":"Feature","geometry":{"type":"Polygon","coordinates":[[[-79.93861,40.403239],[-79.938656,40.403354],[-79.938495,40.403427],[-79.938386,40.403289],[-79.93861,40.403239]]]},"properties":{"parcel_id":"0057C00226000000","block_lot":"57-C-226"}},{"type":"Feature","geometry":{"type":"Polygon","coordinates":[[[-79.939197,40.403107],[-79.939361,40.40307],[-79.939403,40.403181],[-79.939239,40.403214],[-79.939197,40.403107]]]},"properties":{"parcel_id":"0057C00235000000","block_lot":"57-C-235"}},{"type":"Feature","geometry":{"type":"Polygon","coordinates":[[[-79.939114,40.403126],[-79.939197,40.403107],[-79.93925,40.403242],[-79.939163,40.403255],[-79.939114,40.403126]]]},"properties":{"parcel_id":"0057C00237000000","block_lot":"57-C-237"}},{"type":"Feature","geometry":{"type":"Polygon","coordinates":[[[-79.939201,40.402861],[-79.939287,40.402839],[-79.93935,40.403001],[-79.939262,40.403021],[-79.939201,40.402861]]]},"properties":{"parcel_id":"0057C00251000000","block_lot":"57-C-251"}},{"type":"Feature","geometry":{"type":"Polygon","coordinates":[[[-79.938521,40.40319],[-79.938339,40.403232],[-79.938124,40.402959],[-79.938224,40.402914],[-79.938399,40.402875],[-79.938521,40.40319]]]},"properties":{"parcel_id":"0057C00266000000","block_lot":"57-C-266"}},{"type":"Feature","geometry":{"type":"Polygon","coordinates":[[[-79.938603,40.403172],[-79.938521,40.40319],[-79.938399,40.402875],[-79.938484,40.402856],[-79.938603,40.403172]]]},"properties":{"parcel_id":"0057C00267000000","block_lot":"57-C-267"}},{"type":"Feature","geometry":{"type":"Polygon","coordinates":[[[-79.938685,40.403153],[-79.938603,40.403172],[-79.938484,40.402856],[-79.938563,40.402839],[-79.938685,40.403153]]]},"properties":{"parcel_id":"0057C00268000000","block_lot":"57-C-268"}},{"type":"Feature","geometry":{"type":"Polygon","coordinates":[[[-79.938563,40.402839],[-79.938649,40.40282],[-79.93877,40.403134],[-79.938685,40.403153],[-79.938563,40.402839]]]},"properties":{"parcel_id":"0057C00269000000","block_lot":"57-C-269"}},{"type":"Feature","geometry":{"type":"Polygon","coordinates":[[[-79.938649,40.40282],[-79.938731,40.402802],[-79.938852,40.403115],[-79.93877,40.403134],[-79.938649,40.40282]]]},"properties":{"parcel_id":"0057C00270000000","block_lot":"57-C-270"}},{"type":"Feature","geometry":{"type":"Polygon","coordinates":[[[-79.938731,40.402802],[-79.938816,40.402783],[-79.938934,40.403096],[-79.938852,40.403115],[-79.938731,40.402802]]]},"properties":{"parcel_id":"0057C00271000000","block_lot":"57-C-271"}},{"type":"Feature","geometry":{"type":"Polygon","coordinates":[[[-79.938816,40.402783],[-79.938898,40.402765],[-79.939019,40.403077],[-79.938934,40.403096],[-79.938816,40.402783]]]},"properties":{"parcel_id":"0057C00272000000","block_lot":"57-C-272"}},{"type":"Feature","geometry":{"type":"Polygon","coordinates":[[[-79.939099,40.403059],[-79.939019,40.403077],[-79.938898,40.402765],[-79.93898,40.402747],[-79.939099,40.403059]]]},"properties":{"parcel_id":"0057C00273000000","block_lot":"57-C-273"}},{"type":"Feature","geometry":{"type":"Polygon","coordinates":[[[-79.939184,40.403039],[-79.939099,40.403059],[-79.93898,40.402747],[-79.939062,40.402728],[-79.939184,40.403039]]]},"properties":{"parcel_id":"0057C00274000000","block_lot":"57-C-274"}},{"type":"Feature","geometry":{"type":"Polygon","coordinates":[[[-79.939062,40.402728],[-79.939144,40.40271],[-79.939262,40.403021],[-79.939184,40.403039],[-79.939062,40.402728]]]},"properties":{"parcel_id":"0057C00275000000","block_lot":"57-C-275"}},{"type":"Feature","geometry":{"type":"Polygon","coordinates":[[[-79.939144,40.40271],[-79.939229,40.402691],[-79.939287,40.402839],[-79.939201,40.402861],[-79.939144,40.40271]]]},"properties":{"parcel_id":"0057C00276000000","block_lot":"57-C-276"}},{"type":"Feature","geometry":{"type":"Polygon","coordinates":[[[-79.93935,40.403001],[-79.939229,40.402691],[-79.939314,40.402673],[-79.939434,40.402982],[-79.93935,40.403001]]]},"properties":{"parcel_id":"0057C00277000000","block_lot":"57-C-277"}},{"type":"Feature","geometry":{"type":"Polygon","coordinates":[[[-79.939314,40.402673],[-79.939357,40.402663],[-79.939474,40.402973],[-79.939434,40.402982],[-79.939314,40.402673]]]},"properties":{"parcel_id":"0057C00278000000","block_lot":"57-C-278"}},{"type":"Feature","geometry":{"type":"Polygon","coordinates":[[[-79.939357,40.402663],[-79.939399,40.402654],[-79.939518,40.402963],[-79.939474,40.402973],[-79.939357,40.402663]]]},"properties":{"parcel_id":"0057C00278000100","block_lot":"57-C-278-1"}},{"type":"Feature","geometry":{"type":"Polygon","coordinates":[[[-79.939399,40.402654],[-79.939481,40.402635],[-79.939599,40.402945],[-79.939518,40.402963],[-79.939399,40.402654]]]},"properties":{"parcel_id":"0057C00279000000","block_lot":"57-C-279"}},{"type":"Feature","geometry":{"type":"Polygon","coordinates":[[[-79.939481,40.402635],[-79.939559,40.402618],[-79.939681,40.402926],[-79.939599,40.402945],[-79.939481,40.402635]]]},"properties":{"parcel_id":"0057C00280000000","block_lot":"57-C-280"}},{"type":"Feature","geometry":{"type":"Polygon","coordinates":[[[-79.939559,40.402618],[-79.939648,40.402598],[-79.939765,40.402907],[-79.939681,40.402926],[-79.939559,40.402618]]]},"properties":{"parcel_id":"0057C00281000000","block_lot":"57-C-281"}},{"type":"Feature","geometry":{"type":"Polygon","coordinates":[[[-79.939648,40.402598],[-79.939728,40.402581],[-79.939847,40.402888],[-79.939765,40.402907],[-79.939648,40.402598]]]},"properties":{"parcel_id":"0057C00282000000","block_lot":"57-C-282"}},{"type":"Feature","geometry":{"type":"Polygon","coordinates":[[[-79.939728,40.402581],[-79.939813,40.402562],[-79.939932,40.402869],[-79.939847,40.402888],[-79.939728,40.402581]]]},"properties":{"parcel_id":"0057C00283000000","block_lot":"57-C-283"}},{"type":"Feature","geometry":{"type":"Polygon","coordinates":[[[-79.939813,40.402562],[-79.939896,40.402543],[-79.940015,40.402849],[-79.939932,40.402869],[-79.939813,40.402562]]]},"properties":{"parcel_id":"0057C00284000000","block_lot":"57-C-284"}},{"type":"Feature","geometry":{"type":"Polygon","coordinates":[[[-79.939082,40.402619],[-79.939001,40.402401],[-79.939288,40.402572],[-79.939082,40.402619]]]},"properties":{"parcel_id":"0057C00285000000","block_lot":"57-C-285"}},{"type":"Feature","geometry":{"type":"Polygon","coordinates":[[[-79.938878,40.402328],[-79.939001,40.402401],[-79.939082,40.402619],[-79.938997,40.402638],[-79.938878,40.402328]]]},"properties":{"parcel_id":"0057C00287000000","block_lot":"57-C-287"}},{"type":"Feature","geometry":{"type":"Polygon","coordinates":[[[-79.938796,40.402346],[-79.938878,40.402328],[-79.938997,40.402638],[-79.938916,40.402656],[-79.938796,40.402346]]]},"properties":{"parcel_id":"0057C00288000000","block_lot":"57-C-288"}},{"type":"Feature","geometry":{"type":"Polygon","coordinates":[[[-79.938796,40.402346],[-79.938916,40.402656],[-79.938828,40.402676],[-79.938705,40.402366],[-79.938796,40.402346]]]},"properties":{"parcel_id":"0057C00289000000","block_lot":"57-C-289"}},{"type":"Feature","geometry":{"type":"Polygon","coordinates":[[[-79.93863,40.402383],[-79.938705,40.402366],[-79.938828,40.402676],[-79.938743,40.402695],[-79.93863,40.402383]]]},"properties":{"parcel_id":"0057C00290000000","block_lot":"57-C-290"}},{"type":"Feature","geometry":{"type":"Polygon","coordinates":[[[-79.938544,40.402401],[-79.93863,40.402383],[-79.938743,40.402695],[-79.938665,40.402712],[-79.938544,40.402401]]]},"properties":{"parcel_id":"0057C00291000000","block_lot":"57-C-291"}},{"type":"Feature","geometry":{"type":"Polygon","coordinates":[[[-79.938463,40.402419],[-79.938544,40.402401],[-79.938665,40.402712],[-79.938586,40.40273],[-79.938463,40.402419]]]},"properties":{"parcel_id":"0057C00292000000","block_lot":"57-C-292"}},{"type":"Feature","geometry":{"type":"Polygon","coordinates":[[[-79.938383,40.402437],[-79.938463,40.402419],[-79.938586,40.40273],[-79.9385,40.402749],[-79.938383,40.402437]]]},"properties":{"parcel_id":"0057C00293000000","block_lot":"57-C-293"}},{"type":"Feature","geometry":{"type":"Polygon","coordinates":[[[-79.9383,40.402455],[-79.938383,40.402437],[-79.9385,40.402749],[-79.938419,40.402767],[-79.9383,40.402455]]]},"properties":{"parcel_id":"0057C00294000000","block_lot":"57-C-294"}},{"type":"Feature","geometry":{"type":"Polygon","coordinates":[[[-79.938216,40.402473],[-79.9383,40.402455],[-79.938419,40.402767],[-79.938332,40.402787],[-79.938216,40.402473]]]},"properties":{"parcel_id":"0057C00295000000","block_lot":"57-C-295"}},{"type":"Feature","geometry":{"type":"Polygon","coordinates":[[[-79.938121,40.402494],[-79.938216,40.402473],[-79.938332,40.402787],[-79.938242,40.402807],[-79.938121,40.402494]]]},"properties":{"parcel_id":"0057C00296000000","block_lot":"57-C-296"}},{"type":"Feature","geometry":{"type":"Polygon","coordinates":[[[-79.938132,40.402844],[-79.937952,40.402549],[-79.937973,40.402527],[-79.938121,40.402494],[-79.938242,40.402807],[-79.938182,40.40282],[-79.938132,40.402844]]]},"properties":{"parcel_id":"0057C00298000000","block_lot":"57-C-298"}},{"type":"Feature","geometry":{"type":"Polygon","coordinates":[[[-79.937952,40.402549],[-79.938132,40.402844],[-79.938051,40.402882],[-79.937865,40.402642],[-79.937952,40.402549]]]},"properties":{"parcel_id":"0057C00299000000","block_lot":"57-C-299"}},{"type":"Feature","geometry":{"type":"Polygon","coordinates":[[[-79.939645,40.402289],[-79.939807,40.402385],[-79.939827,40.402451],[-79.93938,40.40255],[-79.939645,40.402289]]]},"properties":{"parcel_id":"0057C00316000000","block_lot":"57-C-316"}},{"type":"Feature","geometry":{"type":"Polygon","coordinates":[[[-79.939305,40.402506],[-79.939572,40.402247],[-79.939645,40.402289],[-79.93938,40.40255],[-79.939305,40.402506]]]},"properties":{"parcel_id":"0057C00317000000","block_lot":"57-C-317"}},{"type":"Feature","geometry":{"type":"Polygon","coordinates":[[[-79.939238,40.402467],[-79.939508,40.402209],[-79.939572,40.402247],[-79.939305,40.402506],[-79.939238,40.402467]]]},"properties":{"parcel_id":"0057C00318000000","block_lot":"57-C-318"}},{"type":"Feature","geometry":{"type":"Polygon","coordinates":[[[-79.93916,40.40242],[-79.939428,40.402162],[-79.939508,40.402209],[-79.939238,40.402467],[-79.93916,40.40242]]]},"properties":{"parcel_id":"0057C00319000000","block_lot":"57-C-319"}},{"type":"Feature","geometry":{"type":"Polygon","coordinates":[[[-79.939104,40.402388],[-79.939365,40.402125],[-79.939428,40.402162],[-79.93916,40.40242],[-79.939104,40.402388]]]},"properties":{"parcel_id":"0057C00320000000","block_lot":"57-C-320"}},{"type":"Feature","geometry":{"type":"Polygon","coordinates":[[[-79.939035,40.402347],[-79.9393,40.402087],[-79.939365,40.402125],[-79.939104,40.402388],[-79.939035,40.402347]]]},"properties":{"parcel_id":"0057C00321000000","block_lot":"57-C-321"}},{"type":"Feature","geometry":{"type":"Polygon","coordinates":[[[-79.938962,40.402304],[-79.93923,40.402045],[-79.9393,40.402087],[-79.939035,40.402347],[-79.938962,40.402304]]]},"properties":{"parcel_id":"0057C00322000000","block_lot":"57-C-322"}},{"type":"Feature","geometry":{"type":"Polygon","coordinates":[[[-79.938891,40.402262],[-79.939155,40.402002],[-79.93923,40.402045],[-79.938962,40.402304],[-79.938891,40.402262]]]},"properties":{"parcel_id":"0057C00323000000","block_lot":"57-C-323"}},{"type":"Feature","geometry":{"type":"Polygon","coordinates":[[[-79.938823,40.402076],[-79.939155,40.402002],[-79.938891,40.402262],[-79.938823,40.402076]]]},"properties":{"parcel_id":"0057C00324000000","block_lot":"57-C-324"}},{"type":"Feature","geometry":{"type":"Polygon","coordinates":[[[-79.93868,40.402109],[-79.938823,40.402076],[-79.938891,40.402262],[-79.938756,40.402293],[-79.93868,40.402109]]]},"properties":{"parcel_id":"0057C00326000000","block_lot":"57-C-326"}},{"type":"Feature","geometry":{"type":"Polygon","coordinates":[[[-79.93868,40.402109],[-79.938756,40.402293],[-79.938053,40.402455],[-79.938326,40.402188],[-79.93868,40.402109]]]},"properties":{"parcel_id":"0057C00328000000","block_lot":"57-C-328"}},{"type":"Feature","geometry":{"type":"Polygon","coordinates":[[[-79.936827,40.402387],[-79.936855,40.402352],[-79.93718,40.402466],[-79.937145,40.402515],[-79.936827,40.402387]]]},"properties":{"parcel_id":"0057C00333000000","block_lot":"57-C-333"}},{"type":"Feature","geometry":{"type":"Polygon","coordinates":[[[-79.936797,40.40171],[-79.936836,40.40164],[-79.937189,40.401754],[-79.93715,40.401823],[-79.936797,40.40171]]]},"properties":{"parcel_id":"0057C00334000000","block_lot":"57-C-334"}},{"type":"Feature","geometry":{"type":"Polygon","coordinates":[[[-79.937266,40.402341],[-79.937227,40.402399],[-79.936889,40.402283],[-79.936932,40.402207],[-79.937266,40.402341]]]},"properties":{"parcel_id":"0057C00335000000","block_lot":"57-C-335"}},{"type":"Feature","geometry":{"type":"Polygon","coordinates":[[[-79.9373,40.402292],[-79.937266,40.402341],[-79.936932,40.402207],[-79.936963,40.402153],[-79.9373,40.402292]]]},"properties":{"parcel_id":"0057C00336000000","block_lot":"57-C-336"}},{"type":"Feature","geometry":{"type":"Polygon","coordinates":[[[-79.936963,40.402153],[-79.936989,40.402106],[-79.937336,40.40224],[-79.9373,40.402292],[-79.936963,40.402153]]]},"properties":{"parcel_id":"0057C00337000000","block_lot":"57-C-337"}},{"type":"Feature","geometry":{"type":"Polygon","coordinates":[[[-79.936989,40.402106],[-79.937038,40.402019],[-79.937389,40.402163],[-79.937336,40.40224],[-79.936989,40.402106]]]},"properties":{"parcel_id":"0057C00338000000","block_lot":"57-C-338"}},{"type":"Feature","geometry":{"type":"Polygon","coordinates":[[[-79.937038,40.402019],[-79.93708,40.401946],[-79.937448,40.402077],[-79.937389,40.402163],[-79.937038,40.402019]]]},"properties":{"parcel_id":"0057C00340000000","block_lot":"57-C-340"}},{"type":"Feature","geometry":{"type":"Polygon","coordinates":[[[-79.93708,40.401946],[-79.937125,40.401867],[-79.937496,40.402007],[-79.937448,40.402077],[-79.93708,40.401946]]]},"properties":{"parcel_id":"0057C00342000000","block_lot":"57-C-342"}},{"type":"Feature","geometry":{"type":"Polygon","coordinates":[[[-79.937125,40.401867],[-79.937171,40.401784],[-79.937549,40.40193],[-79.937496,40.402007],[-79.937125,40.401867]]]},"properties":{"parcel_id":"0057C00343000000","block_lot":"57-C-343"}},{"type":"Feature","geometry":{"type":"Polygon","coordinates":[[[-79.937171,40.401784],[-79.937232,40.401676],[-79.93762,40.401827],[-79.937549,40.40193],[-79.937171,40.401784]]]},"properties":{"parcel_id":"0057C00345000000","block_lot":"57-C-345"}},{"type":"Feature","geometry":{"type":"Polygon","coordinates":[[[-79.937232,40.401676],[-79.937262,40.401624],[-79.937653,40.401778],[-79.93762,40.401827],[-79.937232,40.401676]]]},"properties":{"parcel_id":"0057C00346000000","block_lot":"57-C-346"}},{"type":"Feature","geometry":{"type":"Polygon","coordinates":[[[-79.937844,40.401741],[-79.937914,40.401639],[-79.938189,40.40175],[-79.938124,40.401842],[-79.937844,40.401741]]]},"properties":{"parcel_id":"0057C00347000000","block_lot":"57-C-347"}},{"type":"Feature","geometry":{"type":"Polygon","coordinates":[[[-79.937782,40.401831],[-79.937844,40.401741],[-79.938124,40.401842],[-79.938051,40.401945],[-79.937782,40.401831]]]},"properties":{"parcel_id":"0057C00349000000","block_lot":"57-C-349"}},{"type":"Feature","geometry":{"type":"Polygon","coordinates":[[[-79.937712,40.401932],[-79.937749,40.401878],[-79.938019,40.40199],[-79.937981,40.402043],[-79.937712,40.401932]]]},"properties":{"parcel_id":"0057C00350000000","block_lot":"57-C-350"}},{"type":"Feature","geometry":{"type":"Polygon","coordinates":[[[-79.937749,40.401878],[-79.937782,40.401831],[-79.938051,40.401945],[-79.938019,40.40199],[-79.937749,40.401878]]]},"properties":{"parcel_id":"0057C00351000000","block_lot":"57-C-351"}},{"type":"Feature","geometry":{"type":"Polygon","coordinates":[[[-79.937675,40.401985],[-79.937712,40.401932],[-79.938155,40.402115],[-79.938111,40.402158],[-79.937675,40.401985]]]},"properties":{"parcel_id":"0057C00352000000","block_lot":"57-C-352"}},{"type":"Feature","geometry":{"type":"Polygon","coordinates":[[[-79.938111,40.402158],[-79.938065,40.402202],[-79.937646,40.402028],[-79.937675,40.401985],[-79.938111,40.402158]]]},"properties":{"parcel_id":"0057C00353000000","block_lot":"57-C-353"}},{"type":"Feature","geometry":{"type":"Polygon","coordinates":[[[-79.937593,40.402104],[-79.937646,40.402028],[-79.938065,40.402202],[-79.937996,40.402268],[-79.937593,40.402104]]]},"properties":{"parcel_id":"0057C00355000000","block_lot":"57-C-355"}},{"type":"Feature","geometry":{"type":"Polygon","coordinates":[[[-79.937505,40.402239],[-79.937593,40.402104],[-79.937996,40.402268],[-79.937873,40.402387],[-79.937505,40.402239]]]},"properties":{"parcel_id":"0057C00356000000","block_lot":"57-C-356"}},{"type":"Feature","geometry":{"type":"Polygon","coordinates":[[[-79.937505,40.402239],[-79.937873,40.402387],[-79.937823,40.402436],[-79.937469,40.402291],[-79.937505,40.402239]]]},"properties":{"parcel_id":"0057C00359000000","block_lot":"57-C-359"}},{"type":"Feature","geometry":{"type":"Polygon","coordinates":[[[-79.937469,40.402291],[-79.937823,40.402436],[-79.937775,40.402482],[-79.937436,40.40234],[-79.937469,40.402291]]]},"properties":{"parcel_id":"0057C00360000000","block_lot":"57-C-360"}},{"type":"Feature","geometry":{"type":"Polygon","coordinates":[[[-79.9374,40.402391],[-79.937436,40.40234],[-79.937775,40.402482],[-79.937728,40.402527],[-79.9374,40.402391]]]},"properties":{"parcel_id":"0057C00361000000","block_lot":"57-C-361"}},{"type":"Feature","geometry":{"type":"Polygon","coordinates":[[[-79.9374,40.402391],[-79.937728,40.402527],[-79.93767,40.402583],[-79.937351,40.402454],[-79.9374,40.402391]]]},"properties":{"parcel_id":"0057C00362000000","block_lot":"57-C-362"}},{"type":"Feature","geometry":{"type":"Polygon","coordinates":[[[-79.937291,40.402531],[-79.937326,40.40248],[-79.937646,40.40261],[-79.937634,40.402631],[-79.937686,40.402691],[-79.937291,40.402531]]]},"properties":{"parcel_id":"0057C00363000000","block_lot":"57-C-363"}},{"type":"Feature","geometry":{"type":"Polygon","coordinates":[[[-79.937252,40.402587],[-79.937291,40.402531],[-79.937686,40.402691],[-79.937698,40.402704],[-79.937662,40.402756],[-79.937252,40.402587]]]},"properties":{"parcel_id":"0057C00364000000","block_lot":"57-C-364"}},{"type":"Feature","geometry":{"type":"Polygon","coordinates":[[[-79.937183,40.402688],[-79.937252,40.402587],[-79.937662,40.402756],[-79.937592,40.402856],[-79.937183,40.402688]]]},"properties":{"parcel_id":"0057C00365000000","block_lot":"57-C-365"}},{"type":"Feature","geometry":{"type":"Polygon","coordinates":[[[-79.937108,40.402795],[-79.937183,40.402688],[-79.937592,40.402856],[-79.937518,40.40296],[-79.937108,40.402795]]]},"properties":{"parcel_id":"0057C00367000000","block_lot":"57-C-367"}},{"type":"Feature","geometry":{"type":"Polygon","coordinates":[[[-79.937042,40.40289],[-79.937108,40.402795],[-79.937518,40.40296],[-79.937448,40.403059],[-79.937042,40.40289]]]},"properties":{"parcel_id":"0057C00369000000","block_lot":"57-C-369"}},{"type":"Feature","geometry":{"type":"Polygon","coordinates":[[[-79.937004,40.402946],[-79.937042,40.40289],[-79.937448,40.403059],[-79.937413,40.403109],[-79.937004,40.402946]]]},"properties":{"parcel_id":"0057C00371000000","block_lot":"57-C-371"}},{"type":"Feature","geometry":{"type":"Polygon","coordinates":[[[-79.936969,40.402996],[-79.937004,40.402946],[-79.937413,40.403109],[-79.937378,40.403158],[-79.936969,40.402996]]]},"properties":{"parcel_id":"0057C00372000000","block_lot":"57-C-372"}},{"type":"Feature","geometry":{"type":"Polygon","coordinates":[[[-79.936933,40.403048],[-79.936969,40.402996],[-79.937378,40.403158],[-79.93734,40.403212],[-79.936933,40.403048]]]},"properties":{"parcel_id":"0057C00373000000","block_lot":"57-C-373"}},{"type":"Feature","geometry":{"type":"Polygon","coordinates":[[[-79.936863,40.40315],[-79.936933,40.403048],[-79.93734,40.403212],[-79.937266,40.403317],[-79.936863,40.40315]]]},"properties":{"parcel_id":"0057C00374000000","block_lot":"57-C-374"}},{"type":"Feature","geometry":{"type":"Polygon","coordinates":[[[-79.936829,40.403198],[-79.936863,40.40315],[-79.937266,40.403317],[-79.937234,40.403363],[-79.936829,40.403198]]]},"properties":{"parcel_id":"0057C00376000000","block_lot":"57-C-376"}},{"type":"Feature","geometry":{"type":"Polygon","coordinates":[[[-79.936797,40.403245],[-79.936829,40.403198],[-79.937234,40.403363],[-79.937201,40.40341],[-79.936797,40.403245]]]},"properties":{"parcel_id":"0057C00377000000","block_lot":"57-C-377"}},{"type":"Feature","geometry":{"type":"Polygon","coordinates":[[[-79.936757,40.403303],[-79.936797,40.403245],[-79.937201,40.40341],[-79.937163,40.403463],[-79.936757,40.403303]]]},"properties":{"parcel_id":"0057C00378000000","block_lot":"57-C-378"}},{"type":"Feature","geometry":{"type":"Polygon","coordinates":[[[-79.937636,40.403204],[-79.937576,40.403129],[-79.937792,40.402823],[-79.937978,40.403055],[-79.937636,40.403204]]]},"properties":{"parcel_id":"0057C00385000000","block_lot":"57-C-385"}},{"type":"Feature","geometry":{"type":"Polygon","coordinates":[[[-79.937636,40.403204],[-79.937978,40.403055],[-79.938079,40.403183],[-79.93774,40.403334],[-79.937636,40.403204]]]},"properties":{"parcel_id":"0057C00387000000","block_lot":"57-C-387"}},{"type":"Feature","geometry":{"type":"Polygon","coordinates":[[[-79.93774,40.403334],[-79.938079,40.403183],[-79.93813,40.403246],[-79.937789,40.403395],[-79.93774,40.403334]]]},"properties":{"parcel_id":"0057C00388000000","block_lot":"57-C-388"}},{"type":"Feature","geometry":{"type":"Polygon","coordinates":[[[-79.937789,40.403395],[-79.93813,40.403246],[-79.938178,40.403306],[-79.937834,40.403452],[-79.937789,40.403395]]]},"properties":{"parcel_id":"0057C00389000000","block_lot":"57-C-389"}},{"type":"Feature","geometry":{"type":"Polygon","coordinates":[[[-79.937834,40.403452],[-79.938178,40.403306],[-79.938225,40.403364],[-79.937882,40.403511],[-79.937834,40.403452]]]},"properties":{"parcel_id":"0057C00390000000","block_lot":"57-C-390"}},{"type":"Feature","geometry":{"type":"Polygon","coordinates":[[[-79.937882,40.403511],[-79.938225,40.403364],[-79.938266,40.403416],[-79.93793,40.403571],[-79.937882,40.403511]]]},"properties":{"parcel_id":"0057C00391000000","block_lot":"57-C-391"}},{"type":"Feature","geometry":{"type":"Polygon","coordinates":[[[-79.93793,40.403571],[-79.938266,40.403416],[-79.938314,40.403477],[-79.937974,40.403627],[-79.93793,40.403571]]]},"properties":{"parcel_id":"0057C00392000000","block_lot":"57-C-392"}},{"type":"Feature","geometry":{"type":"Polygon","coordinates":[[[-79.937279,40.403549],[-79.937534,40.403184],[-79.937911,40.403658],[-79.937974,40.403627],[-79.938314,40.403477],[-79.939007,40.404345],[-79.938203,40.404715],[-79.937279,40.403549]]]},"properties":{"parcel_id":"0057C00393000000","block_lot":"57-C-393"}},{"type":"Feature","geometry":{"type":"Polygon","coordinates":[[[-79.936905,40.403629],[-79.936669,40.40343],[-79.936757,40.403303],[-79.937163,40.403463],[-79.937091,40.403564],[-79.936905,40.403629]]]},"properties":{"parcel_id":"0057D00001000000","block_lot":"57-D-1"}},{"type":"Feature","geometry":{"type":"Polygon","coordinates":[[[-79.936753,40.403681],[-79.936596,40.403454],[-79.936669,40.40343],[-79.936905,40.403629],[-79.936753,40.403681]]]},"properties":{"parcel_id":"0057D00006000000","block_lot":"57-D-6"}},{"type":"Feature","geometry":{"type":"Polygon","coordinates":[[[-79.936552,40.403751],[-79.936395,40.40352],[-79.936596,40.403454],[-79.936753,40.403681],[-79.936552,40.403751]]]},"properties":{"parcel_id":"0057D00008000000","block_lot":"57-D-8"}},{"type":"Feature","geometry":{"type":"Polygon","coordinates":[[[-79.936324,40.403544],[-79.936395,40.40352],[-79.936552,40.403751],[-79.936477,40.403777],[-79.936324,40.403544]]]},"properties":{"parcel_id":"0057D00012000000","block_lot":"57-D-12"}},{"type":"Feature","geometry":{"type":"Polygon","coordinates":[[[-79.936249,40.403569],[-79.936324,40.403544],[-79.936477,40.403777],[-79.936394,40.403806],[-79.936249,40.403569]]]},"properties":{"parcel_id":"0057D00013000000","block_lot":"57-D-13"}},{"type":"Feature","geometry":{"type":"Polygon","coordinates":[[[-79.936094,40.403695],[-79.935978,40.403638],[-79.936249,40.403569],[-79.936394,40.403806],[-79.936339,40.40382],[-79.936094,40.403695]]]},"properties":{"parcel_id":"0057D00014000000","block_lot":"57-D-14"}},{"type":"Feature","geometry":{"type":"Polygon","coordinates":[[[-79.935896,40.402983],[-79.935947,40.403004],[-79.936249,40.403109],[-79.936068,40.403239],[-79.936194,40.403448],[-79.935852,40.403566],[-79.935978,40.403638],[-79.935595,40.403955],[-79.935201,40.403664],[-79.935474,40.403441],[-79.935592,40.40343],[-79.935896,40.402983]]]},"properties":{"parcel_id":"0057D00026000000","block_lot":"57-D-26"}},{"type":"Feature","geometry":{"type":"Polygon","coordinates":[[[-79.936249,40.403109],[-79.9364,40.403382],[-79.936194,40.403448],[-79.936068,40.403239],[-79.936249,40.403109]]]},"properties":{"parcel_id":"0057D00029000000","block_lot":"57-D-29"}},{"type":"Feature","geometry":{"type":"Polygon","coordinates":[[[-79.936249,40.403109],[-79.936345,40.403146],[-79.93647,40.403362],[-79.9364,40.403382],[-79.936249,40.403109]]]},"properties":{"parcel_id":"0057D00030000000","block_lot":"57-D-30"}},{"type":"Feature","geometry":{"type":"Polygon","coordinates":[[[-79.936345,40.403146],[-79.936631,40.403256],[-79.936572,40.403341],[-79.93647,40.403362],[-79.936345,40.403146]]]},"properties":{"parcel_id":"0057D00032000000","block_lot":"57-D-32"}},{"type":"Feature","geometry":{"type":"Polygon","coordinates":[[[-79.936631,40.403256],[-79.936249,40.403109],[-79.936289,40.403059],[-79.936664,40.403208],[-79.936631,40.403256]]]},"properties":{"parcel_id":"0057D00033000000","block_lot":"57-D-33"}},{"type":"Feature","geometry":{"type":"Polygon","coordinates":[[[-79.936737,40.403103],[-79.936664,40.403208],[-79.936289,40.403059],[-79.936371,40.402957],[-79.936737,40.403103]]]},"properties":{"parcel_id":"0057D00035000000","block_lot":"57-D-35"}},{"type":"Feature","geometry":{"type":"Polygon","coordinates":[[[-79.936371,40.402957],[-79.936415,40.402902],[-79.936774,40.40305],[-79.936737,40.403103],[-79.936371,40.402957]]]},"properties":{"parcel_id":"0057D00036000000","block_lot":"57-D-36"}},{"type":"Feature","geometry":{"type":"Polygon","coordinates":[[[-79.936415,40.402902],[-79.936448,40.402861],[-79.936806,40.403004],[-79.936774,40.40305],[-79.936415,40.402902]]]},"properties":{"parcel_id":"0057D00037000000","block_lot":"57-D-37"}},{"type":"Feature","geometry":{"type":"Polygon","coordinates":[[[-79.936448,40.402861],[-79.936485,40.402815],[-79.936843,40.40295],[-79.936806,40.403004],[-79.936448,40.402861]]]},"properties":{"parcel_id":"0057D00038000000","block_lot":"57-D-38"}},{"type":"Feature","geometry":{"type":"Polygon","coordinates":[[[-79.936485,40.402815],[-79.936527,40.402762],[-79.936877,40.402903],[-79.936843,40.40295],[-79.936485,40.402815]]]},"properties":{"parcel_id":"0057D00039000000","block_lot":"57-D-39"}},{"type":"Feature","geometry":{"type":"Polygon","coordinates":[[[-79.936527,40.402762],[-79.936569,40.402709],[-79.936914,40.402849],[-79.936877,40.402903],[-79.936527,40.402762]]]},"properties":{"parcel_id":"0057D00040000000","block_lot":"57-D-40"}},{"type":"Feature","geometry":{"type":"Polygon","coordinates":[[[-79.936569,40.402709],[-79.936601,40.402669],[-79.936949,40.402798],[-79.936914,40.402849],[-79.936569,40.402709]]]},"properties":{"parcel_id":"0057D00041000000","block_lot":"57-D-41"}},{"type":"Feature","geometry":{"type":"Polygon","coordinates":[[[-79.936601,40.402669],[-79.936641,40.40262],[-79.936985,40.402747],[-79.936949,40.402798],[-79.936601,40.402669]]]},"properties":{"parcel_id":"0057D00042000000","block_lot":"57-D-42"}},{"type":"Feature","geometry":{"type":"Polygon","coordinates":[[[-79.93702,40.402696],[-79.936985,40.402747],[-79.936641,40.40262],[-79.936684,40.402565],[-79.93702,40.402696]]]},"properties":{"parcel_id":"0057D00043000000","block_lot":"57-D-43"}},{"type":"Feature","geometry":{"type":"Polygon","coordinates":[[[-79.937055,40.402645],[-79.93702,40.402696],[-79.936684,40.402565],[-79.936722,40.402519],[-79.937055,40.402645]]]},"properties":{"parcel_id":"0057D00044000000","block_lot":"57-D-44"}},{"type":"Feature","geometry":{"type":"Polygon","coordinates":[[[-79.936722,40.402519],[-79.936764,40.402465],[-79.93709,40.402594],[-79.937055,40.402645],[-79.936722,40.402519]]]},"properties":{"parcel_id":"0057D00045000000","block_lot":"57-D-45"}},{"type":"Feature","geometry":{"type":"Polygon","coordinates":[[[-79.936764,40.402465],[-79.936827,40.402387],[-79.937145,40.402515],[-79.93709,40.402594],[-79.936764,40.402465]]]},"properties":{"parcel_id":"0057D00047000000","block_lot":"57-D-47"}},{"type":"Feature","geometry":{"type":"Polygon","coordinates":[[[-79.935947,40.403004],[-79.93598,40.402958],[-79.936276,40.403075],[-79.936249,40.403109],[-79.935947,40.403004]]]},"properties":{"parcel_id":"0057D00050000000","block_lot":"57-D-50"}},{"type":"Feature","geometry":{"type":"Polygon","coordinates":[[[-79.93598,40.402958],[-79.936007,40.402921],[-79.936305,40.403039],[-79.936276,40.403075],[-79.93598,40.402958]]]},"properties":{"parcel_id":"0057D00050000A00","block_lot":"57-D-50-A"}},{"type":"Feature","geometry":{"type":"Polygon","coordinates":[[[-79.936007,40.402921],[-79.936031,40.402887],[-79.936333,40.403004],[-79.936305,40.403039],[-79.936007,40.402921]]]},"properties":{"parcel_id":"0057D00051000000","block_lot":"57-D-51"}},{"type":"Feature","geometry":{"type":"Polygon","coordinates":[[[-79.936031,40.402887],[-79.936056,40.402852],[-79.93636,40.40297],[-79.936333,40.403004],[-79.936031,40.402887]]]},"properties":{"parcel_id":"0057D00052000000","block_lot":"57-D-52"}},{"type":"Feature","geometry":{"type":"Polygon","coordinates":[[[-79.936392,40.40293],[-79.93636,40.40297],[-79.936056,40.402852],[-79.936087,40.402808],[-79.936392,40.40293]]]},"properties":{"parcel_id":"0057D00053000000","block_lot":"57-D-53"}},{"type":"Feature","geometry":{"type":"Polygon","coordinates":[[[-79.936415,40.402902],[-79.936392,40.40293],[-79.936087,40.402808],[-79.936109,40.402778],[-79.936415,40.402902]]]},"properties":{"parcel_id":"0057D00054000000","block_lot":"57-D-54"}},{"type":"Feature","geometry":{"type":"Polygon","coordinates":[[[-79.936459,40.402846],[-79.936439,40.402872],[-79.936128,40.402751],[-79.936147,40.402724],[-79.936459,40.402846]]]},"properties":{"parcel_id":"0057D00055000000","block_lot":"57-D-55"}},{"type":"Feature","geometry":{"type":"Polygon","coordinates":[[[-79.936439,40.402872],[-79.936415,40.402902],[-79.936109,40.402778],[-79.936128,40.402751],[-79.936439,40.402872]]]},"properties":{"parcel_id":"0057D00055000A00","block_lot":"57-D-55-A"}},{"type":"Feature","geometry":{"type":"Polygon","coordinates":[[[-79.936147,40.402724],[-79.936169,40.402694],[-79.936485,40.402815],[-79.936459,40.402846],[-79.936147,40.402724]]]},"properties":{"parcel_id":"0057D00056000000","block_lot":"57-D-56"}},{"type":"Feature","geometry":{"type":"Polygon","coordinates":[[[-79.936169,40.402694],[-79.936191,40.402663],[-79.936502,40.402793],[-79.936485,40.402815],[-79.936169,40.402694]]]},"properties":{"parcel_id":"0057D00057000000","block_lot":"57-D-57"}},{"type":"Feature","geometry":{"type":"Polygon","coordinates":[[[-79.936191,40.402663],[-79.936211,40.402636],[-79.936527,40.402762],[-79.936502,40.402793],[-79.936191,40.402663]]]},"properties":{"parcel_id":"0057D00058000000","block_lot":"57-D-58"}},{"type":"Feature","geometry":{"type":"Polygon","coordinates":[[[-79.936211,40.402636],[-79.936234,40.402603],[-79.936553,40.402729],[-79.936527,40.402762],[-79.936211,40.402636]]]},"properties":{"parcel_id":"0057D00058000A00","block_lot":"57-D-58-A"}},{"type":"Feature","geometry":{"type":"Polygon","coordinates":[[[-79.936234,40.402603],[-79.936254,40.402575],[-79.936577,40.4027],[-79.936553,40.402729],[-79.936234,40.402603]]]},"properties":{"parcel_id":"0057D00058000B00","block_lot":"57-D-58-B"}},{"type":"Feature","geometry":{"type":"Polygon","coordinates":[[[-79.936254,40.402575],[-79.936277,40.402543],[-79.936601,40.402669],[-79.936577,40.4027],[-79.936254,40.402575]]]},"properties":{"parcel_id":"0057D00059000000","block_lot":"57-D-59"}},{"type":"Feature","geometry":{"type":"Polygon","coordinates":[[[-79.936277,40.402543],[-79.936303,40.402508],[-79.936629,40.402635],[-79.936601,40.402669],[-79.936277,40.402543]]]},"properties":{"parcel_id":"0057D00060000000","block_lot":"57-D-60"}},{"type":"Feature","geometry":{"type":"Polygon","coordinates":[[[-79.936303,40.402508],[-79.936387,40.40239],[-79.936722,40.402519],[-79.936629,40.402635],[-79.936303,40.402508]]]},"properties":{"parcel_id":"0057D00063000000","block_lot":"57-D-63"}},{"type":"Feature","geometry":{"type":"Polygon","coordinates":[[[-79.936472,40.402271],[-79.93681,40.402408],[-79.936722,40.402519],[-79.936387,40.40239],[-79.936472,40.402271]]]},"properties":{"parcel_id":"0057D00065000000","block_lot":"57-D-65"}},{"type":"Feature","geometry":{"type":"Polygon","coordinates":[[[-79.936472,40.402271],[-79.936503,40.402228],[-79.936855,40.402352],[-79.93681,40.402408],[-79.936472,40.402271]]]},"properties":{"parcel_id":"0057D00067000000","block_lot":"57-D-67"}},{"type":"Feature","geometry":{"type":"Polygon","coordinates":[[[-79.936636,40.401996],[-79.936989,40.402106],[-79.936889,40.402283],[-79.936542,40.402162],[-79.936636,40.401996]]]},"properties":{"parcel_id":"0057D00070000000","block_lot":"57-D-70"}},{"type":"Feature","geometry":{"type":"Polygon","coordinates":[[[-79.936636,40.401996],[-79.936708,40.401867],[-79.937062,40.401978],[-79.936989,40.402106],[-79.936636,40.401996]]]},"properties":{"parcel_id":"0057D00071000000","block_lot":"57-D-71"}},{"type":"Feature","geometry":{"type":"Polygon","coordinates":[[[-79.936708,40.401867],[-79.936774,40.401751],[-79.937125,40.401867],[-79.937062,40.401978],[-79.936708,40.401867]]]},"properties":{"parcel_id":"0057D00072000000","block_lot":"57-D-72"}},{"type":"Feature","geometry":{"type":"Polygon","coordinates":[[[-79.936774,40.401751],[-79.936797,40.40171],[-79.93715,40.401823],[-79.937125,40.401867],[-79.936774,40.401751]]]},"properties":{"parcel_id":"0057D00082000000","block_lot":"57-D-82"}},{"type":"Feature","geometry":{"type":"Polygon","coordinates":[[[-79.941452,40.40075],[-79.941637,40.400566],[-79.94182,40.400699],[-79.941996,40.400838],[-79.942166,40.400981],[-79.941971,40.401165],[-79.941803,40.401023],[-79.94163,40.400885],[-79.941452,40.40075]]]},"properties":{"parcel_id":"0057F00002000000","block_lot":"57-F-2"}},{"type":"Feature","geometry":{"type":"Polygon","coordinates":[[[-79.942022,40.401701],[-79.941727,40.401885],[-79.941512,40.401706],[-79.941779,40.401506],[-79.942022,40.401701]]]},"properties":{"parcel_id":"0057F00010000000","block_lot":"57-F-10"}},{"type":"Feature","geometry":{"type":"Polygon","coordinates":[[[-79.941779,40.401506],[-79.941512,40.401706],[-79.941289,40.401539],[-79.940972,40.401327],[-79.941224,40.401073],[-79.941524,40.401302],[-79.941779,40.401506]]]},"properties":{"parcel_id":"0057F00018000000","block_lot":"57-F-18"}},{"type":"Feature","geometry":{"type":"Polygon","coordinates":[[[-79.942649,40.402275],[-79.942611,40.402296],[-79.942119,40.401656],[-79.941287,40.400999],[-79.941349,40.400932],[-79.942162,40.401646],[-79.942649,40.402275]]]},"properties":{"parcel_id":"0057F00050000A01","block_lot":"57-F-50-A-1"}},{"type":"Feature","geometry":{"type":"MultiPolygon","coordinates":[[[[-79.937629,40.398912],[-79.938291,40.39878],[-79.939209,40.3987],[-79.94006,40.398676],[-79.940844,40.398702],[-79.941518,40.398764],[-79.942252,40.398895],[-79.943032,40.399178],[-79.941452,40.40075],[-79.941295,40.400901],[-79.94113,40.400768],[-79.940959,40.40064],[-79.940781,40.400517],[-79.940597,40.4004],[-79.940408,40.400288],[-79.940213,40.400181],[-79.940012,40.400081],[-79.939807,40.399987],[-79.939597,40.399898],[-79.939383,40.399816],[-79.939165,40.399741],[-79.938943,40.399671],[-79.938718,40.399609],[-79.93849,40.399553],[-79.938259,40.399504],[-79.938026,40.399461],[-79.937791,40.399426],[-79.937554,40.399397],[-79.937316,40.399376],[-79.937078,40.399361],[-79.936838,40.399354],[-79.936599,40.399354],[-79.936359,40.399361],[-79.936661,40.399239],[-79.937629,40.398912]]],[[[-79.946046,40.404126],[-79.945836,40.40332],[-79.946805,40.403161],[-79.947305,40.404799],[-79.946705,40.40487],[-79.946532,40.404074],[-79.946046,40.404126]]],[[[-79.950547,40.410093],[-79.950575,40.410306],[-79.950596,40.410519],[-79.950609,40.410733],[-79.950463,40.409963],[-79.950435,40.409898],[-79.950511,40.40988],[-79.950547,40.410093]]],[[[-79.95069,40.410866],[-79.950558,40.409868],[-79.95097,40.409765],[-79.951246,40.411382],[-79.951466,40.411329],[-79.951455,40.412086],[-79.950897,40.412219],[-79.950714,40.411263],[-79.95069,40.410866]]]]},"properties":{"parcel_id":"0057F00100000A01","block_lot":"57-F-100-A-1"}},{"type":"Feature","geometry":{"type":"Polygon","coordinates":[[[-79.940041,40.400793],[-79.940304,40.400534],[-79.940702,40.400764],[-79.94074,40.400792],[-79.941075,40.400983],[-79.940817,40.401246],[-79.940447,40.401024],[-79.940041,40.400793]]]},"properties":{"parcel_id":"0057G00100000000","block_lot":"57-G-100"}},{"type":"Feature","geometry":{"type":"Polygon","coordinates":[[[-79.940304,40.400534],[-79.940041,40.400793],[-79.939885,40.400698],[-79.940147,40.40044],[-79.940304,40.400534]]]},"properties":{"parcel_id":"0057G00117000000","block_lot":"57-G-117"}},{"type":"Feature","geometry":{"type":"Polygon","coordinates":[[[-79.939795,40.400235],[-79.94012,40.400422],[-79.939864,40.400678],[-79.93954,40.400488],[-79.939795,40.400235]]]},"properties":{"parcel_id":"0057G00120000000","block_lot":"57-G-120"}},{"type":"Feature","geometry":{"type":"Polygon","coordinates":[[[-79.939194,40.400072],[-79.939318,40.399952],[-79.939652,40.400152],[-79.939529,40.40027],[-79.939194,40.400072]]]},"properties":{"parcel_id":"0057G00128000000","block_lot":"57-G-128"}},{"type":"Feature","geometry":{"type":"Polygon","coordinates":[[[-79.939194,40.400072],[-79.939529,40.40027],[-79.93939,40.400402],[-79.939054,40.400209],[-79.939194,40.400072]]]},"properties":{"parcel_id":"0057G00131000000","block_lot":"57-G-131"}},{"type":"Feature","geometry":{"type":"Polygon","coordinates":[[[-79.939265,40.399914],[-79.939282,40.399936],[-79.939018,40.400186],[-79.938681,40.39999],[-79.938856,40.399799],[-79.939265,40.399914]]]},"properties":{"parcel_id":"0057G00135000000","block_lot":"57-G-135"}},{"type":"Feature","geometry":{"type":"Polygon","coordinates":[[[-79.93849,40.39988],[-79.93863,40.399745],[-79.938856,40.399799],[-79.938681,40.39999],[-79.93849,40.39988]]]},"properties":{"parcel_id":"0057G00142000000","block_lot":"57-G-142"}},{"type":"Feature","geometry":{"type":"Polygon","coordinates":[[[-79.938408,40.399832],[-79.938523,40.399719],[-79.93863,40.399745],[-79.93849,40.39988],[-79.938408,40.399832]]]},"properties":{"parcel_id":"0057G00144000000","block_lot":"57-G-144"}},{"type":"Feature","geometry":{"type":"Polygon","coordinates":[[[-79.938088,40.399646],[-79.938238,40.399668],[-79.938491,40.399712],[-79.938523,40.399719],[-79.938408,40.399832],[-79.938088,40.399646]]]},"properties":{"parcel_id":"0057G00146000000","block_lot":"57-G-146"}},{"type":"Feature","geometry":{"type":"Polygon","coordinates":[[[-79.938062,40.399873],[-79.937955,40.399811],[-79.938061,40.399701],[-79.938169,40.399764],[-79.938062,40.399873]]]},"properties":{"parcel_id":"0057G00147000000","block_lot":"57-G-147"}},{"type":"Feature","geometry":{"type":"Polygon","coordinates":[[[-79.938062,40.399873],[-79.938169,40.399764],[-79.938228,40.399799],[-79.938115,40.399904],[-79.938062,40.399873]]]},"properties":{"parcel_id":"0057G00148000000","block_lot":"57-G-148"}},{"type":"Feature","geometry":{"type":"Polygon","coordinates":[[[-79.938115,40.399904],[-79.938228,40.399799],[-79.938287,40.399834],[-79.938184,40.399936],[-79.938115,40.399904]]]},"properties":{"parcel_id":"0057G00149000000","block_lot":"57-G-149"}},{"type":"Feature","geometry":{"type":"Polygon","coordinates":[[[-79.937955,40.399811],[-79.937999,40.399836],[-79.937849,40.399988],[-79.937807,40.399963],[-79.937955,40.399811]]]},"properties":{"parcel_id":"0057G00150000000","block_lot":"57-G-150"}},{"type":"Feature","geometry":{"type":"Polygon","coordinates":[[[-79.937849,40.399988],[-79.937999,40.399836],[-79.938044,40.399862],[-79.937894,40.400014],[-79.937849,40.399988]]]},"properties":{"parcel_id":"0057G00151000000","block_lot":"57-G-151"}},{"type":"Feature","geometry":{"type":"Polygon","coordinates":[[[-79.937894,40.400014],[-79.938044,40.399862],[-79.938115,40.399904],[-79.937957,40.400051],[-79.937894,40.400014]]]},"properties":{"parcel_id":"0057G00152000000","block_lot":"57-G-152"}},{"type":"Feature","geometry":{"type":"Polygon","coordinates":[[[-79.937957,40.400051],[-79.938115,40.399904],[-79.938184,40.399936],[-79.938026,40.400092],[-79.937957,40.400051]]]},"properties":{"parcel_id":"0057G00153000000","block_lot":"57-G-153"}},{"type":"Feature","geometry":{"type":"Polygon","coordinates":[[[-79.938106,40.400139],[-79.938026,40.400092],[-79.938287,40.399834],[-79.938362,40.399878],[-79.938106,40.400139]]]},"properties":{"parcel_id":"0057G00155000000","block_lot":"57-G-155"}},{"type":"Feature","geometry":{"type":"Polygon","coordinates":[[[-79.938106,40.400139],[-79.938362,40.399878],[-79.938628,40.400035],[-79.93838,40.400299],[-79.938106,40.400139]]]},"properties":{"parcel_id":"0057G00161000000","block_lot":"57-G-161"}},{"type":"Feature","geometry":{"type":"Polygon","coordinates":[[[-79.93838,40.400299],[-79.938628,40.400035],[-79.938768,40.400117],[-79.938516,40.400379],[-79.93838,40.400299]]]},"properties":{"parcel_id":"0057G00164000000","block_lot":"57-G-164"}},{"type":"Feature","geometry":{"type":"Polygon","coordinates":[[[-79.938642,40.400453],[-79.938516,40.400379],[-79.938768,40.400117],[-79.938909,40.400201],[-79.938642,40.400453]]]},"properties":{"parcel_id":"0057G00167000000","block_lot":"57-G-167"}},{"type":"Feature","geometry":{"type":"Polygon","coordinates":[[[-79.938806,40.400298],[-79.938909,40.400201],[-79.938961,40.400231],[-79.938857,40.400334],[-79.938806,40.400298]]]},"properties":{"parcel_id":"0057G00168000A00","block_lot":"57-G-168-A"}},{"type":"Feature","geometry":{"type":"Polygon","coordinates":[[[-79.938857,40.400334],[-79.938961,40.400231],[-79.939004,40.400256],[-79.938901,40.400358],[-79.938857,40.400334]]]},"properties":{"parcel_id":"0057G00168000B00","block_lot":"57-G-168-B"}},{"type":"Feature","geometry":{"type":"Polygon","coordinates":[[[-79.938901,40.400358],[-79.939004,40.400256],[-79.939047,40.400282],[-79.938945,40.400383],[-79.938901,40.400358]]]},"properties":{"parcel_id":"0057G00168000C00","block_lot":"57-G-168-C"}},{"type":"Feature","geometry":{"type":"Polygon","coordinates":[[[-79.938744,40.400513],[-79.938701,40.400488],[-79.938857,40.400334],[-79.938901,40.400358],[-79.938744,40.400513]]]},"properties":{"parcel_id":"0057G00169000000","block_lot":"57-G-169"}},{"type":"Feature","geometry":{"type":"Polygon","coordinates":[[[-79.938701,40.400488],[-79.938642,40.400453],[-79.938806,40.400298],[-79.938857,40.400334],[-79.938701,40.400488]]]},"properties":{"parcel_id":"0057G00169000A00","block_lot":"57-G-169-A"}},{"type":"Feature","geometry":{"type":"Polygon","coordinates":[[[-79.938744,40.400513],[-79.938901,40.400358],[-79.938945,40.400383],[-79.938789,40.400539],[-79.938744,40.400513]]]},"properties":{"parcel_id":"0057G00170000A00","block_lot":"57-G-170-A"}},{"type":"Feature","geometry":{"type":"Polygon","coordinates":[[[-79.938789,40.400539],[-79.939047,40.400282],[-79.939116,40.400323],[-79.938861,40.400581],[-79.938789,40.400539]]]},"properties":{"parcel_id":"0057G00171000000","block_lot":"57-G-171"}},{"type":"Feature","geometry":{"type":"Polygon","coordinates":[[[-79.938861,40.400581],[-79.939116,40.400323],[-79.939184,40.400363],[-79.938927,40.40062],[-79.938861,40.400581]]]},"properties":{"parcel_id":"0057G00172000000","block_lot":"57-G-172"}},{"type":"Feature","geometry":{"type":"Polygon","coordinates":[[[-79.938927,40.40062],[-79.939184,40.400363],[-79.93934,40.400454],[-79.939078,40.400709],[-79.938927,40.40062]]]},"properties":{"parcel_id":"0057G00176000000","block_lot":"57-G-176"}},{"type":"Feature","geometry":{"type":"Polygon","coordinates":[[[-79.939459,40.400935],[-79.939229,40.400801],[-79.939493,40.400536],[-79.939725,40.400673],[-79.939459,40.400935]]]},"properties":{"parcel_id":"0057G00182000000","block_lot":"57-G-182"}},{"type":"Feature","geometry":{"type":"Polygon","coordinates":[[[-79.939459,40.400935],[-79.939725,40.400673],[-79.93979,40.400712],[-79.939521,40.400971],[-79.939459,40.400935]]]},"properties":{"parcel_id":"0057G00184000000","block_lot":"57-G-184"}},{"type":"Feature","geometry":{"type":"Polygon","coordinates":[[[-79.939521,40.400971],[-79.93979,40.400712],[-79.939856,40.40075],[-79.939593,40.401013],[-79.939521,40.400971]]]},"properties":{"parcel_id":"0057G00186000000","block_lot":"57-G-186"}},{"type":"Feature","geometry":{"type":"Polygon","coordinates":[[[-79.939593,40.401013],[-79.939856,40.40075],[-79.939936,40.400798],[-79.939669,40.401057],[-79.939593,40.401013]]]},"properties":{"parcel_id":"0057G00188000000","block_lot":"57-G-188"}},{"type":"Feature","geometry":{"type":"Polygon","coordinates":[[[-79.939669,40.401057],[-79.939936,40.400798],[-79.940069,40.400877],[-79.939795,40.401131],[-79.939669,40.401057]]]},"properties":{"parcel_id":"0057G00190000001","block_lot":"57-G-190-0-1"}},{"type":"Feature","geometry":{"type":"Polygon","coordinates":[[[-79.939795,40.401131],[-79.939964,40.400974],[-79.940001,40.400994],[-79.939832,40.401152],[-79.939795,40.401131]]]},"properties":{"parcel_id":"0057G00191000000","block_lot":"57-G-191"}},{"type":"Feature","geometry":{"type":"Polygon","coordinates":[[[-79.939832,40.401152],[-79.940001,40.400994],[-79.940048,40.40102],[-79.939885,40.401183],[-79.939832,40.401152]]]},"properties":{"parcel_id":"0057G00192000000","block_lot":"57-G-192"}},{"type":"Feature","geometry":{"type":"Polygon","coordinates":[[[-79.939885,40.401183],[-79.940048,40.40102],[-79.94011,40.401054],[-79.939943,40.401217],[-79.939885,40.401183]]]},"properties":{"parcel_id":"0057G00193000000","block_lot":"57-G-193"}},{"type":"Feature","geometry":{"type":"Polygon","coordinates":[[[-79.94011,40.401054],[-79.940025,40.401007],[-79.940131,40.400913],[-79.940208,40.400958],[-79.94011,40.401054]]]},"properties":{"parcel_id":"0057G00195000000","block_lot":"57-G-195"}},{"type":"Feature","geometry":{"type":"Polygon","coordinates":[[[-79.940025,40.401007],[-79.939964,40.400974],[-79.940069,40.400877],[-79.940131,40.400913],[-79.940025,40.401007]]]},"properties":{"parcel_id":"0057G00195000A00","block_lot":"57-G-195-A"}},{"type":"Feature","geometry":{"type":"Polygon","coordinates":[[[-79.939979,40.401238],[-79.940242,40.400978],[-79.94028,40.401001],[-79.940017,40.40126],[-79.939979,40.401238]]]},"properties":{"parcel_id":"0057G00198000000","block_lot":"57-G-198"}},{"type":"Feature","geometry":{"type":"Polygon","coordinates":[[[-79.939943,40.401217],[-79.940208,40.400958],[-79.940242,40.400978],[-79.939979,40.401238],[-79.939943,40.401217]]]},"properties":{"parcel_id":"0057G00199000000","block_lot":"57-G-199"}},{"type":"Feature","geometry":{"type":"Polygon","coordinates":[[[-79.94028,40.401001],[-79.940775,40.401293],[-79.940519,40.401553],[-79.940017,40.40126],[-79.94028,40.401001]]]},"properties":{"parcel_id":"0057G00212000000","block_lot":"57-G-212"}},{"type":"Feature","geometry":{"type":"Polygon","coordinates":[[[-79.941092,40.401487],[-79.941343,40.401659],[-79.941059,40.401905],[-79.94091,40.401803],[-79.940657,40.401641],[-79.940912,40.401376],[-79.941092,40.401487]]]},"properties":{"parcel_id":"0057G00216000000","block_lot":"57-G-216"}},{"type":"Feature","geometry":{"type":"Polygon","coordinates":[[[-79.93977,40.401742],[-79.940038,40.401486],[-79.940164,40.40156],[-79.939895,40.401815],[-79.93977,40.401742]]]},"properties":{"parcel_id":"0057G00219000000","block_lot":"57-G-219"}},{"type":"Feature","geometry":{"type":"Polygon","coordinates":[[[-79.939566,40.401624],[-79.939832,40.401364],[-79.939902,40.401406],[-79.939637,40.401664],[-79.939566,40.401624]]]},"properties":{"parcel_id":"0057G00223000000","block_lot":"57-G-223"}},{"type":"Feature","geometry":{"type":"Polygon","coordinates":[[[-79.939499,40.401584],[-79.939766,40.401325],[-79.939832,40.401364],[-79.939566,40.401624],[-79.939499,40.401584]]]},"properties":{"parcel_id":"0057G00224000000","block_lot":"57-G-224"}},{"type":"Feature","geometry":{"type":"Polygon","coordinates":[[[-79.939499,40.401584],[-79.939431,40.401545],[-79.939695,40.401283],[-79.939766,40.401325],[-79.939499,40.401584]]]},"properties":{"parcel_id":"0057G00225000000","block_lot":"57-G-225"}},{"type":"Feature","geometry":{"type":"Polygon","coordinates":[[[-79.939431,40.401545],[-79.939363,40.401506],[-79.939625,40.401242],[-79.939695,40.401283],[-79.939431,40.401545]]]},"properties":{"parcel_id":"0057G00226000000","block_lot":"57-G-226"}},{"type":"Feature","geometry":{"type":"Polygon","coordinates":[[[-79.939363,40.401506],[-79.939288,40.401462],[-79.939558,40.401203],[-79.939625,40.401242],[-79.939363,40.401506]]]},"properties":{"parcel_id":"0057G00227000000","block_lot":"57-G-227"}},{"type":"Feature","geometry":{"type":"Polygon","coordinates":[[[-79.939558,40.401203],[-79.939288,40.401462],[-79.939151,40.401382],[-79.939415,40.401118],[-79.939558,40.401203]]]},"properties":{"parcel_id":"0057G00228000000","block_lot":"57-G-228"}},{"type":"Feature","geometry":{"type":"Polygon","coordinates":[[[-79.939211,40.400999],[-79.939268,40.401033],[-79.939133,40.401165],[-79.939077,40.40113],[-79.939211,40.400999]]]},"properties":{"parcel_id":"0057G00230000000","block_lot":"57-G-230"}},{"type":"Feature","geometry":{"type":"Polygon","coordinates":[[[-79.938768,40.401165],[-79.939048,40.400903],[-79.939211,40.400999],[-79.939077,40.40113],[-79.939133,40.401165],[-79.938996,40.401298],[-79.938768,40.401165]]]},"properties":{"parcel_id":"0057G00231000000","block_lot":"57-G-231"}},{"type":"Feature","geometry":{"type":"Polygon","coordinates":[[[-79.938709,40.401131],[-79.938993,40.40087],[-79.939048,40.400903],[-79.938768,40.401165],[-79.938709,40.401131]]]},"properties":{"parcel_id":"0057G00233000000","block_lot":"57-G-233"}},{"type":"Feature","geometry":{"type":"Polygon","coordinates":[[[-79.938854,40.400997],[-79.938792,40.400964],[-79.93893,40.400833],[-79.938993,40.40087],[-79.938854,40.400997]]]},"properties":{"parcel_id":"0057G00234000000","block_lot":"57-G-234"}},{"type":"Feature","geometry":{"type":"Polygon","coordinates":[[[-79.938601,40.400936],[-79.938791,40.400751],[-79.93893,40.400833],[-79.938792,40.400964],[-79.938854,40.400997],[-79.938796,40.401051],[-79.938601,40.400936]]]},"properties":{"parcel_id":"0057G00235000000","block_lot":"57-G-235"}},{"type":"Feature","geometry":{"type":"Polygon","coordinates":[[[-79.938349,40.400705],[-79.938495,40.400576],[-79.938671,40.40068],[-79.938535,40.40081],[-79.938349,40.400705]]]},"properties":{"parcel_id":"0057G00237000000","block_lot":"57-G-237"}},{"type":"Feature","geometry":{"type":"Polygon","coordinates":[[[-79.938065,40.400757],[-79.938355,40.400493],[-79.938495,40.400576],[-79.938201,40.400836],[-79.938065,40.400757]]]},"properties":{"parcel_id":"0057G00239000000","block_lot":"57-G-239"}},{"type":"Feature","geometry":{"type":"Polygon","coordinates":[[[-79.937773,40.400584],[-79.938033,40.400354],[-79.938191,40.400396],[-79.938355,40.400493],[-79.938065,40.400757],[-79.937773,40.400584]]]},"properties":{"parcel_id":"0057G00241000000","block_lot":"57-G-241"}},{"type":"Feature","geometry":{"type":"Polygon","coordinates":[[[-79.937703,40.400544],[-79.937942,40.400329],[-79.938033,40.400354],[-79.937773,40.400584],[-79.937703,40.400544]]]},"properties":{"parcel_id":"0057G00245000000","block_lot":"57-G-245"}},{"type":"Feature","geometry":{"type":"Polygon","coordinates":[[[-79.937942,40.400329],[-79.937703,40.400544],[-79.937639,40.400506],[-79.937867,40.40031],[-79.937942,40.400329]]]},"properties":{"parcel_id":"0057G00246000000","block_lot":"57-G-246"}},{"type":"Feature","geometry":{"type":"Polygon","coordinates":[[[-79.93827,40.400775],[-79.938349,40.400705],[-79.938535,40.40081],[-79.93846,40.400882],[-79.93827,40.400775]]]},"properties":{"parcel_id":"0057G00254000000","block_lot":"57-G-254"}},{"type":"Feature","geometry":{"type":"Polygon","coordinates":[[[-79.938201,40.400836],[-79.93827,40.400775],[-79.93846,40.400882],[-79.938391,40.400948],[-79.938201,40.400836]]]},"properties":{"parcel_id":"0057G00255000000","block_lot":"57-G-255"}},{"type":"Feature","geometry":{"type":"Polygon","coordinates":[[[-79.938601,40.400936],[-79.938796,40.401051],[-79.938709,40.401131],[-79.938517,40.401018],[-79.938601,40.400936]]]},"properties":{"parcel_id":"0057G00257000000","block_lot":"57-G-257"}},{"type":"Feature","geometry":{"type":"Polygon","coordinates":[[[-79.939637,40.401664],[-79.939902,40.401406],[-79.940038,40.401486],[-79.93977,40.401742],[-79.939637,40.401664]]]},"properties":{"parcel_id":"0057G00270000000","block_lot":"57-G-270"}},{"type":"Feature","geometry":{"type":"Polygon","coordinates":[[[-79.938649,40.401333],[-79.938758,40.401238],[-79.938793,40.401258],[-79.938685,40.401354],[-79.938649,40.401333]]]},"properties":{"parcel_id":"0057G00276000000","block_lot":"57-G-276"}},{"type":"Feature","geometry":{"type":"Polygon","coordinates":[[[-79.938605,40.401307],[-79.938708,40.401208],[-79.938758,40.401238],[-79.938649,40.401333],[-79.938605,40.401307]]]},"properties":{"parcel_id":"0057G00277000000","block_lot":"57-G-277"}},{"type":"Feature","geometry":{"type":"Polygon","coordinates":[[[-79.938685,40.401354],[-79.938793,40.401258],[-79.938839,40.401286],[-79.938733,40.401383],[-79.938685,40.401354]]]},"properties":{"parcel_id":"0057G00278000000","block_lot":"57-G-278"}},{"type":"Feature","geometry":{"type":"Polygon","coordinates":[[[-79.938812,40.401311],[-79.938839,40.401286],[-79.938945,40.401349],[-79.938921,40.401372],[-79.938812,40.401311]]]},"properties":{"parcel_id":"0057G00279000000","block_lot":"57-G-279"}},{"type":"Feature","geometry":{"type":"Polygon","coordinates":[[[-79.938812,40.401311],[-79.938921,40.401372],[-79.938897,40.401396],[-79.938787,40.401333],[-79.938812,40.401311]]]},"properties":{"parcel_id":"0057G00279000A00","block_lot":"57-G-279-A"}},{"type":"Feature","geometry":{"type":"Polygon","coordinates":[[[-79.93876,40.401358],[-79.938787,40.401333],[-79.938897,40.401396],[-79.938868,40.401423],[-79.93876,40.401358]]]},"properties":{"parcel_id":"0057G00280000000","block_lot":"57-G-280"}},{"type":"Feature","geometry":{"type":"Polygon","coordinates":[[[-79.938843,40.401447],[-79.938733,40.401383],[-79.93876,40.401358],[-79.938868,40.401423],[-79.938843,40.401447]]]},"properties":{"parcel_id":"0057G00280000A00","block_lot":"57-G-280-A"}},{"type":"Feature","geometry":{"type":"Polygon","coordinates":[[[-79.938789,40.401498],[-79.938551,40.40136],[-79.938572,40.401338],[-79.938813,40.401476],[-79.938789,40.401498]]]},"properties":{"parcel_id":"0057G00281000000","block_lot":"57-G-281"}},{"type":"Feature","geometry":{"type":"Polygon","coordinates":[[[-79.938572,40.401338],[-79.938605,40.401307],[-79.938843,40.401447],[-79.938813,40.401476],[-79.938572,40.401338]]]},"properties":{"parcel_id":"0057G00281000A00","block_lot":"57-G-281-A"}},{"type":"Feature","geometry":{"type":"Polygon","coordinates":[[[-79.938522,40.401389],[-79.938551,40.40136],[-79.938789,40.401498],[-79.93876,40.401527],[-79.938522,40.401389]]]},"properties":{"parcel_id":"0057G00282000000","block_lot":"57-G-282"}},{"type":"Feature","geometry":{"type":"Polygon","coordinates":[[[-79.93876,40.401527],[-79.938734,40.401552],[-79.938497,40.401414],[-79.938522,40.401389],[-79.93876,40.401527]]]},"properties":{"parcel_id":"0057G00282000A00","block_lot":"57-G-282-A"}},{"type":"Feature","geometry":{"type":"Polygon","coordinates":[[[-79.938734,40.401552],[-79.938711,40.401575],[-79.938472,40.401437],[-79.938497,40.401414],[-79.938734,40.401552]]]},"properties":{"parcel_id":"0057G00283000000","block_lot":"57-G-283"}},{"type":"Feature","geometry":{"type":"Polygon","coordinates":[[[-79.938711,40.401575],[-79.938681,40.401605],[-79.938442,40.401466],[-79.938472,40.401437],[-79.938711,40.401575]]]},"properties":{"parcel_id":"0057G00283000A00","block_lot":"57-G-283-A"}},{"type":"Feature","geometry":{"type":"Polygon","coordinates":[[[-79.938681,40.401605],[-79.938656,40.40163],[-79.938415,40.401493],[-79.938442,40.401466],[-79.938681,40.401605]]]},"properties":{"parcel_id":"0057G00284000000","block_lot":"57-G-284"}},{"type":"Feature","geometry":{"type":"Polygon","coordinates":[[[-79.938656,40.40163],[-79.93863,40.401655],[-79.938389,40.401517],[-79.938415,40.401493],[-79.938656,40.40163]]]},"properties":{"parcel_id":"0057G00284000A00","block_lot":"57-G-284-A"}},{"type":"Feature","geometry":{"type":"Polygon","coordinates":[[[-79.93863,40.401655],[-79.938601,40.401684],[-79.938364,40.401541],[-79.938389,40.401517],[-79.93863,40.401655]]]},"properties":{"parcel_id":"0057G00285000000","block_lot":"57-G-285"}},{"type":"Feature","geometry":{"type":"Polygon","coordinates":[[[-79.938334,40.401569],[-79.938364,40.401541],[-79.938601,40.401684],[-79.938574,40.40171],[-79.938334,40.401569]]]},"properties":{"parcel_id":"0057G00285000A00","block_lot":"57-G-285-A"}},{"type":"Feature","geometry":{"type":"Polygon","coordinates":[[[-79.938275,40.401629],[-79.938301,40.401601],[-79.938541,40.401741],[-79.938512,40.40177],[-79.938275,40.401629]]]},"properties":{"parcel_id":"0057G00286000000","block_lot":"57-G-286"}},{"type":"Feature","geometry":{"type":"Polygon","coordinates":[[[-79.938301,40.401601],[-79.938334,40.401569],[-79.938574,40.40171],[-79.938541,40.401741],[-79.938301,40.401601]]]},"properties":{"parcel_id":"0057G00286000A00","block_lot":"57-G-286-A"}},{"type":"Feature","geometry":{"type":"Polygon","coordinates":[[[-79.937914,40.401639],[-79.937949,40.401589],[-79.938225,40.4017],[-79.938189,40.40175],[-79.937914,40.401639]]]},"properties":{"parcel_id":"0057G00287000000","block_lot":"57-G-287"}},{"type":"Feature","geometry":{"type":"Polygon","coordinates":[[[-79.937949,40.401589],[-79.937999,40.401517],[-79.938041,40.401476],[-79.938282,40.401619],[-79.938225,40.4017],[-79.937949,40.401589]]]},"properties":{"parcel_id":"0057G00289000000","block_lot":"57-G-289"}},{"type":"Feature","geometry":{"type":"Polygon","coordinates":[[[-79.938041,40.401476],[-79.938131,40.401388],[-79.938377,40.401529],[-79.938282,40.401619],[-79.938041,40.401476]]]},"properties":{"parcel_id":"0057G00291000000","block_lot":"57-G-291"}},{"type":"Feature","geometry":{"type":"Polygon","coordinates":[[[-79.938131,40.401388],[-79.938226,40.401296],[-79.938472,40.401437],[-79.938377,40.401529],[-79.938131,40.401388]]]},"properties":{"parcel_id":"0057G00293000000","block_lot":"57-G-293"}},{"type":"Feature","geometry":{"type":"Polygon","coordinates":[[[-79.938226,40.401296],[-79.938276,40.401247],[-79.938522,40.401389],[-79.938472,40.401437],[-79.938226,40.401296]]]},"properties":{"parcel_id":"0057G00294000000","block_lot":"57-G-294"}},{"type":"Feature","geometry":{"type":"Polygon","coordinates":[[[-79.938276,40.401247],[-79.938323,40.4012],[-79.938572,40.401338],[-79.938522,40.401389],[-79.938276,40.401247]]]},"properties":{"parcel_id":"0057G00295000000","block_lot":"57-G-295"}},{"type":"Feature","geometry":{"type":"Polygon","coordinates":[[[-79.938323,40.4012],[-79.938371,40.401154],[-79.93862,40.401293],[-79.938572,40.401338],[-79.938323,40.4012]]]},"properties":{"parcel_id":"0057G00296000000","block_lot":"57-G-296"}},{"type":"Feature","geometry":{"type":"Polygon","coordinates":[[[-79.938371,40.401154],[-79.938423,40.401103],[-79.938668,40.401247],[-79.93862,40.401293],[-79.938371,40.401154]]]},"properties":{"parcel_id":"0057G00297000000","block_lot":"57-G-297"}},{"type":"Feature","geometry":{"type":"Polygon","coordinates":[[[-79.938423,40.401103],[-79.938459,40.401068],[-79.938708,40.401208],[-79.938668,40.401247],[-79.938423,40.401103]]]},"properties":{"parcel_id":"0057G00298000000","block_lot":"57-G-298"}},{"type":"Feature","geometry":{"type":"Polygon","coordinates":[[[-79.938105,40.40092],[-79.93815,40.400882],[-79.938349,40.400998],[-79.938302,40.401043],[-79.938105,40.40092]]]},"properties":{"parcel_id":"0057G00300000000","block_lot":"57-G-300"}},{"type":"Feature","geometry":{"type":"Polygon","coordinates":[[[-79.937983,40.401025],[-79.938105,40.40092],[-79.938302,40.401043],[-79.938192,40.401151],[-79.937983,40.401025]]]},"properties":{"parcel_id":"0057G00301000000","block_lot":"57-G-301"}},{"type":"Feature","geometry":{"type":"Polygon","coordinates":[[[-79.938137,40.401204],[-79.937926,40.401073],[-79.937983,40.401025],[-79.938192,40.401151],[-79.938137,40.401204]]]},"properties":{"parcel_id":"0057G00303000000","block_lot":"57-G-303"}},{"type":"Feature","geometry":{"type":"Polygon","coordinates":[[[-79.938082,40.401258],[-79.937866,40.401124],[-79.937926,40.401073],[-79.938137,40.401204],[-79.938082,40.401258]]]},"properties":{"parcel_id":"0057G00304000000","block_lot":"57-G-304"}},{"type":"Feature","geometry":{"type":"Polygon","coordinates":[[[-79.937711,40.40111],[-79.937866,40.401124],[-79.938082,40.401258],[-79.938027,40.401311],[-79.937711,40.40111]]]},"properties":{"parcel_id":"0057G00305000000","block_lot":"57-G-305"}},{"type":"Feature","geometry":{"type":"Polygon","coordinates":[[[-79.937561,40.401097],[-79.937711,40.40111],[-79.938027,40.401311],[-79.937978,40.401359],[-79.937561,40.401097]]]},"properties":{"parcel_id":"0057G00306000000","block_lot":"57-G-306"}},{"type":"Feature","geometry":{"type":"Polygon","coordinates":[[[-79.93792,40.401416],[-79.937526,40.401159],[-79.937561,40.401097],[-79.937978,40.401359],[-79.93792,40.401416]]]},"properties":{"parcel_id":"0057G00307000000","block_lot":"57-G-307"}},{"type":"Feature","geometry":{"type":"Polygon","coordinates":[[[-79.937448,40.401296],[-79.937526,40.401159],[-79.93792,40.401416],[-79.937868,40.401466],[-79.937448,40.401296]]]},"properties":{"parcel_id":"0057G00308000000","block_lot":"57-G-308"}},{"type":"Feature","geometry":{"type":"Polygon","coordinates":[[[-79.937394,40.401392],[-79.937448,40.401296],[-79.937868,40.401466],[-79.937803,40.40156],[-79.937394,40.401392]]]},"properties":{"parcel_id":"0057G00310000000","block_lot":"57-G-310"}},{"type":"Feature","geometry":{"type":"Polygon","coordinates":[[[-79.937351,40.401467],[-79.937394,40.401392],[-79.937803,40.40156],[-79.937759,40.401624],[-79.937351,40.401467]]]},"properties":{"parcel_id":"0057G00312000000","block_lot":"57-G-312"}},{"type":"Feature","geometry":{"type":"Polygon","coordinates":[[[-79.937322,40.401518],[-79.937351,40.401467],[-79.937759,40.401624],[-79.937727,40.401671],[-79.937322,40.401518]]]},"properties":{"parcel_id":"0057G00314000000","block_lot":"57-G-314"}},{"type":"Feature","geometry":{"type":"Polygon","coordinates":[[[-79.937262,40.401624],[-79.937322,40.401518],[-79.937727,40.401671],[-79.937653,40.401778],[-79.937262,40.401624]]]},"properties":{"parcel_id":"0057G00315000000","block_lot":"57-G-315"}},{"type":"Feature","geometry":{"type":"Polygon","coordinates":[[[-79.937257,40.401634],[-79.937189,40.401754],[-79.936836,40.40164],[-79.936903,40.401521],[-79.937257,40.401634]]]},"properties":{"parcel_id":"0057G00317000000","block_lot":"57-G-317"}},{"type":"Feature","geometry":{"type":"Polygon","coordinates":[[[-79.936903,40.401521],[-79.93701,40.401331],[-79.937367,40.401439],[-79.937257,40.401634],[-79.936903,40.401521]]]},"properties":{"parcel_id":"0057G00320000000","block_lot":"57-G-320"}},{"type":"Feature","geometry":{"type":"Polygon","coordinates":[[[-79.937474,40.401251],[-79.937367,40.401439],[-79.93701,40.401331],[-79.937117,40.401142],[-79.937474,40.401251]]]},"properties":{"parcel_id":"0057G00324000000","block_lot":"57-G-324"}},{"type":"Feature","geometry":{"type":"Polygon","coordinates":[[[-79.937117,40.401142],[-79.93715,40.401083],[-79.937511,40.401185],[-79.937474,40.401251],[-79.937117,40.401142]]]},"properties":{"parcel_id":"0057G00325000000","block_lot":"57-G-325"}},{"type":"Feature","geometry":{"type":"Polygon","coordinates":[[[-79.93715,40.401083],[-79.937188,40.401015],[-79.937543,40.401129],[-79.937511,40.401185],[-79.93715,40.401083]]]},"properties":{"parcel_id":"0057G00326000000","block_lot":"57-G-326"}},{"type":"Feature","geometry":{"type":"Polygon","coordinates":[[[-79.937543,40.401129],[-79.937188,40.401015],[-79.937236,40.400931],[-79.937561,40.401097],[-79.937543,40.401129]]]},"properties":{"parcel_id":"0057G00327000000","block_lot":"57-G-327"}},{"type":"Feature","geometry":{"type":"Polygon","coordinates":[[[-79.937524,40.401078],[-79.937236,40.400931],[-79.937273,40.400864],[-79.937562,40.401025],[-79.937524,40.401078]]]},"properties":{"parcel_id":"0057G00328000000","block_lot":"57-G-328"}},{"type":"Feature","geometry":{"type":"Polygon","coordinates":[[[-79.937273,40.400864],[-79.937319,40.400782],[-79.937354,40.400752],[-79.937638,40.40092],[-79.937562,40.401025],[-79.937273,40.400864]]]},"properties":{"parcel_id":"0057G00330000000","block_lot":"57-G-330"}},{"type":"Feature","geometry":{"type":"Polygon","coordinates":[[[-79.937638,40.40092],[-79.937354,40.400752],[-79.937473,40.400646],[-79.937753,40.400814],[-79.937638,40.40092]]]},"properties":{"parcel_id":"0057G00334000000","block_lot":"57-G-334"}},{"type":"Feature","geometry":{"type":"Polygon","coordinates":[[[-79.937753,40.400814],[-79.937473,40.400646],[-79.93753,40.400595],[-79.937811,40.40076],[-79.937753,40.400814]]]},"properties":{"parcel_id":"0057G00335000000","block_lot":"57-G-335"}},{"type":"Feature","geometry":{"type":"Polygon","coordinates":[[[-79.937811,40.40076],[-79.93753,40.400595],[-79.937582,40.400549],[-79.937862,40.400713],[-79.937811,40.40076]]]},"properties":{"parcel_id":"0057G00336000000","block_lot":"57-G-336"}},{"type":"Feature","geometry":{"type":"Polygon","coordinates":[[[-79.937866,40.401124],[-79.937561,40.401097],[-79.937524,40.401078],[-79.937638,40.40092],[-79.937862,40.400713],[-79.93815,40.400882],[-79.937866,40.401124]]]},"properties":{"parcel_id":"0057G00340000000","block_lot":"57-G-340"}},{"type":"Feature","geometry":{"type":"Polygon","coordinates":[[[-79.936175,40.399496],[-79.936965,40.399534],[-79.937517,40.399568],[-79.937911,40.399621],[-79.937646,40.399873],[-79.93739,40.399721],[-79.936175,40.399496]]]},"properties":{"parcel_id":"0057G00425000000","block_lot":"57-G-425"}},{"type":"Feature","geometry":{"type":"Polygon","coordinates":[[[-79.939565,40.408984],[-79.940001,40.408965],[-79.94001,40.409036],[-79.939574,40.409062],[-79.939565,40.408984]]]},"properties":{"parcel_id":"0058G00129000000","block_lot":"58-G-129"}},{"type":"Feature","geometry":{"type":"Polygon","coordinates":[[[-79.931083,40.419022],[-79.931111,40.418762],[-79.931165,40.41893],[-79.931466,40.418928],[-79.931441,40.419038],[-79.931083,40.419022]]]},"properties":{"parcel_id":"0088E00222000000","block_lot":"88-E-222"}},{"type":"Feature","geometry":{"type":"Polygon","coordinates":[[[-79.931011,40.419018],[-79.93103,40.418715],[-79.931095,40.418711],[-79.931111,40.418762],[-79.931083,40.419022],[-79.931011,40.419018]]]},"properties":{"parcel_id":"0088E00225000000","block_lot":"88-E-225"}},{"type":"Feature","geometry":{"type":"Polygon","coordinates":[[[-79.931011,40.419018],[-79.930863,40.419011],[-79.930886,40.418722],[-79.93103,40.418715],[-79.931011,40.419018]]]},"properties":{"parcel_id":"0088E00226000000","block_lot":"88-E-226"}},{"type":"Feature","geometry":{"type":"Polygon","coordinates":[[[-79.930797,40.419008],[-79.930817,40.418726],[-79.930886,40.418722],[-79.930863,40.419011],[-79.930797,40.419008]]]},"properties":{"parcel_id":"0088E00228000000","block_lot":"88-E-228"}},{"type":"Feature","geometry":{"type":"Polygon","coordinates":[[[-79.930817,40.418726],[-79.930797,40.419008],[-79.930369,40.418988],[-79.930392,40.418828],[-79.93071,40.418731],[-79.930817,40.418726]]]},"properties":{"parcel_id":"0088E00230000000","block_lot":"88-E-230"}},{"type":"Feature","geometry":{"type":"Polygon","coordinates":[[[-79.929187,40.419686],[-79.928712,40.419652],[-79.928712,40.419164],[-79.92897,40.419203],[-79.929045,40.419186],[-79.929062,40.419235],[-79.929187,40.419686]]]},"properties":{"parcel_id":"0088F00010000000","block_lot":"88-F-10"}},{"type":"Feature","geometry":{"type":"Polygon","coordinates":[[[-79.928135,40.419612],[-79.928295,40.419102],[-79.928712,40.419164],[-79.928712,40.419652],[-79.928135,40.419612]]]},"properties":{"parcel_id":"0088F00011000000","block_lot":"88-F-11"}},{"type":"Feature","geometry":{"type":"Polygon","coordinates":[[[-79.92867,40.41916],[-79.928654,40.419291],[-79.928587,40.419287],[-79.92857,40.41925],[-79.928581,40.419154],[-79.92867,40.41916]]]},"properties":{"parcel_id":"0088F0001100T100","block_lot":"88-F-11-T1"}},{"type":"Feature","geometry":{"type":"Polygon","coordinates":[[[-79.932591,40.41404],[-79.932879,40.413972],[-79.932903,40.414024],[-79.93263,40.414095],[-79.932591,40.41404]]]},"properties":{"parcel_id":"0088N00001000000","block_lot":"88-N-1"}},{"type":"Feature","geometry":{"type":"Polygon","coordinates":[[[-79.932515,40.413935],[-79.93283,40.413858],[-79.932879,40.413972],[-79.932591,40.41404],[-79.932515,40.413935]]]},"properties":{"parcel_id":"0088N00002000000","block_lot":"88-N-2"}},{"type":"Feature","geometry":{"type":"Polygon","coordinates":[[[-79.93283,40.413858],[-79.932515,40.413935],[-79.932452,40.413848],[-79.93272,40.413767],[-79.932744,40.413821],[-79.93281,40.41381],[-79.93283,40.413858]]]},"properties":{"parcel_id":"0088N00004000000","block_lot":"88-N-4"}},{"type":"Feature","geometry":{"type":"Polygon","coordinates":[[[-79.93272,40.413767],[-79.932452,40.413848],[-79.93239,40.413756],[-79.932653,40.413639],[-79.93272,40.413767]]]},"properties":{"parcel_id":"0089A00002000000","block_lot":"89-A-2"}},{"type":"Feature","geometry":{"type":"Polygon","coordinates":[[[-79.932433,40.413561],[-79.93231,40.413616],[-79.93214,40.413376],[-79.932244,40.413327],[-79.932433,40.413561]]]},"properties":{"parcel_id":"0089A00007000000","block_lot":"89-A-7"}},{"type":"Feature","geometry":{"type":"Polygon","coordinates":[[[-79.932244,40.413327],[-79.932366,40.413268],[-79.932552,40.413507],[-79.932433,40.413561],[-79.932244,40.413327]]]},"properties":{"parcel_id":"0089A00009000000","block_lot":"89-A-9"}},{"type":"Feature","geometry":{"type":"Polygon","coordinates":[[[-79.932855,40.413369],[-79.932552,40.413507],[-79.932366,40.413268],[-79.93267,40.413124],[-79.932855,40.413369]]]},"properties":{"parcel_id":"0089A00010000000","block_lot":"89-A-10"}},{"type":"Feature","geometry":{"type":"Polygon","coordinates":[[[-79.932573,40.412874],[-79.932723,40.412809],[-79.932801,40.412907],[-79.932897,40.413021],[-79.932802,40.413061],[-79.932737,40.413092],[-79.932573,40.412874]]]},"properties":{"parcel_id":"0089A00016000000","block_lot":"89-A-16"}},{"type":"Feature","geometry":{"type":"Polygon","coordinates":[[[-79.932501,40.412904],[-79.932573,40.412874],[-79.932737,40.413092],[-79.93267,40.413124],[-79.932501,40.412904]]]},"properties":{"parcel_id":"0089A00020000000","block_lot":"89-A-20"}},{"type":"Feature","geometry":{"type":"Polygon","coordinates":[[[-79.932613,40.413151],[-79.932435,40.412933],[-79.932501,40.412904],[-79.93267,40.413124],[-79.932613,40.413151]]]},"properties":{"parcel_id":"0089A00021000000","block_lot":"89-A-21"}},{"type":"Feature","geometry":{"type":"Polygon","coordinates":[[[-79.932549,40.413181],[-79.932378,40.412958],[-79.932435,40.412933],[-79.932613,40.413151],[-79.932549,40.413181]]]},"properties":{"parcel_id":"0089A00022000000","block_lot":"89-A-22"}},{"type":"Feature","geometry":{"type":"Polygon","coordinates":[[[-79.932427,40.413239],[-79.932248,40.413014],[-79.932378,40.412958],[-79.932549,40.413181],[-79.932427,40.413239]]]},"properties":{"parcel_id":"0089A00023000000","block_lot":"89-A-23"}},{"type":"Feature","geometry":{"type":"Polygon","coordinates":[[[-79.932125,40.413066],[-79.932248,40.413014],[-79.932427,40.413239],[-79.932307,40.413297],[-79.932125,40.413066]]]},"properties":{"parcel_id":"0089A00025000000","block_lot":"89-A-25"}},{"type":"Feature","geometry":{"type":"Polygon","coordinates":[[[-79.932057,40.413095],[-79.932125,40.413066],[-79.932307,40.413297],[-79.932244,40.413327],[-79.932057,40.413095]]]},"properties":{"parcel_id":"0089A00027000000","block_lot":"89-A-27"}},{"type":"Feature","geometry":{"type":"Polygon","coordinates":[[[-79.93214,40.413376],[-79.931969,40.413133],[-79.932057,40.413095],[-79.932244,40.413327],[-79.93214,40.413376]]]},"properties":{"parcel_id":"0089A00028000000","block_lot":"89-A-28"}},{"type":"Feature","geometry":{"type":"Polygon","coordinates":[[[-79.932573,40.412193],[-79.932706,40.412157],[-79.932801,40.412375],[-79.932672,40.41241],[-79.932573,40.412193]]]},"properties":{"parcel_id":"0089A00049000000","block_lot":"89-A-49"}},{"type":"Feature","geometry":{"type":"Polygon","coordinates":[[[-79.932672,40.41241],[-79.932597,40.41243],[-79.932507,40.41221],[-79.932573,40.412193],[-79.932672,40.41241]]]},"properties":{"parcel_id":"0089A00051000000","block_lot":"89-A-51"}},{"type":"Feature","geometry":{"type":"Polygon","coordinates":[[[-79.931706,40.412737],[-79.931886,40.412678],[-79.931756,40.412412],[-79.932507,40.41221],[-79.932597,40.41243],[-79.932801,40.412375],[-79.932706,40.412157],[-79.932894,40.412112],[-79.933001,40.412332],[-79.93326,40.412251],[-79.933159,40.412042],[-79.933237,40.412021],[-79.933331,40.412239],[-79.933683,40.412143],[-79.933444,40.412441],[-79.932957,40.412582],[-79.932801,40.412639],[-79.931905,40.413028],[-79.931706,40.412737]]]},"properties":{"parcel_id":"0089A00052000000","block_lot":"89-A-52"}},{"type":"Feature","geometry":{"type":"Polygon","coordinates":[[[-79.931706,40.412737],[-79.931525,40.412474],[-79.931756,40.412412],[-79.931886,40.412678],[-79.931706,40.412737]]]},"properties":{"parcel_id":"0089A00063000000","block_lot":"89-A-63"}},{"type":"Feature","geometry":{"type":"Polygon","coordinates":[[[-79.932259,40.412158],[-79.931911,40.412246],[-79.931842,40.412065],[-79.932186,40.411981],[-79.932259,40.412158]]]},"properties":{"parcel_id":"0089A00079000000","block_lot":"89-A-79"}},{"type":"Feature","geometry":{"type":"Polygon","coordinates":[[[-79.932615,40.411877],[-79.932871,40.411818],[-79.932929,40.411984],[-79.932674,40.412051],[-79.932615,40.411877]]]},"properties":{"parcel_id":"0089A00086000000","block_lot":"89-A-86"}},{"type":"Feature","geometry":{"type":"Polygon","coordinates":[[[-79.93275,40.411668],[-79.932813,40.411655],[-79.932871,40.411818],[-79.932813,40.411832],[-79.93275,40.411668]]]},"properties":{"parcel_id":"0089A00090000000","block_lot":"89-A-90"}},{"type":"Feature","geometry":{"type":"Polygon","coordinates":[[[-79.932685,40.411682],[-79.93275,40.411668],[-79.932813,40.411832],[-79.932744,40.411848],[-79.932685,40.411682]]]},"properties":{"parcel_id":"0089A00091000000","block_lot":"89-A-91"}},{"type":"Feature","geometry":{"type":"Polygon","coordinates":[[[-79.932609,40.411697],[-79.932685,40.411682],[-79.932744,40.411848],[-79.93267,40.411864],[-79.932609,40.411697]]]},"properties":{"parcel_id":"0089A00092000000","block_lot":"89-A-92"}},{"type":"Feature","geometry":{"type":"Polygon","coordinates":[[[-79.932468,40.411726],[-79.932609,40.411697],[-79.93267,40.411864],[-79.932536,40.411895],[-79.932468,40.411726]]]},"properties":{"parcel_id":"0089A00093000000","block_lot":"89-A-93"}},{"type":"Feature","geometry":{"type":"Polygon","coordinates":[[[-79.932398,40.411741],[-79.932468,40.411726],[-79.932536,40.411895],[-79.932615,40.411877],[-79.932674,40.412051],[-79.932534,40.412087],[-79.932398,40.411741]]]},"properties":{"parcel_id":"0089A00095000000","block_lot":"89-A-95"}},{"type":"Feature","geometry":{"type":"Polygon","coordinates":[[[-79.932255,40.41177],[-79.932398,40.411741],[-79.932534,40.412087],[-79.932393,40.412123],[-79.932255,40.41177]]]},"properties":{"parcel_id":"0089A00096000000","block_lot":"89-A-96"}},{"type":"Feature","geometry":{"type":"Polygon","coordinates":[[[-79.93135,40.411956],[-79.93143,40.412163],[-79.931575,40.412139],[-79.931492,40.411927],[-79.932255,40.41177],[-79.932393,40.412123],[-79.932259,40.412158],[-79.932186,40.411981],[-79.931842,40.412065],[-79.931911,40.412246],[-79.931457,40.412363],[-79.931196,40.411988],[-79.93135,40.411956]]]},"properties":{"parcel_id":"0089A00098000000","block_lot":"89-A-98"}},{"type":"Feature","geometry":{"type":"Polygon","coordinates":[[[-79.931503,40.412151],[-79.931423,40.411942],[-79.931492,40.411927],[-79.931575,40.412139],[-79.931503,40.412151]]]},"properties":{"parcel_id":"0089A00108000000","block_lot":"89-A-108"}},{"type":"Feature","geometry":{"type":"Polygon","coordinates":[[[-79.931503,40.412151],[-79.93143,40.412163],[-79.93135,40.411956],[-79.931423,40.411942],[-79.931503,40.412151]]]},"properties":{"parcel_id":"0089A00109000000","block_lot":"89-A-109"}},{"type":"Feature","geometry":{"type":"Polygon","coordinates":[[[-79.930973,40.411661],[-79.931094,40.411636],[-79.931182,40.411869],[-79.931122,40.411881],[-79.930973,40.411661]]]},"properties":{"parcel_id":"0089A00113000000","block_lot":"89-A-113"}},{"type":"Feature","geometry":{"type":"Polygon","coordinates":[[[-79.931094,40.411636],[-79.931238,40.411606],[-79.93132,40.411842],[-79.931182,40.411869],[-79.931094,40.411636]]]},"properties":{"parcel_id":"0089A00116000000","block_lot":"89-A-116"}},{"type":"Feature","geometry":{"type":"Polygon","coordinates":[[[-79.931094,40.411636],[-79.931238,40.411606],[-79.93132,40.411842],[-79.931182,40.411869],[-79.931094,40.411636]]]},"properties":{"parcel_id":"0089A0011600T100","block_lot":"89-A-116-T1"}},{"type":"Feature","geometry":{"type":"Polygon","coordinates":[[[-79.93132,40.411842],[-79.931238,40.411606],[-79.931299,40.411594],[-79.931382,40.411829],[-79.93132,40.411842]]]},"properties":{"parcel_id":"0089A00117000000","block_lot":"89-A-117"}},{"type":"Feature","geometry":{"type":"Polygon","coordinates":[[[-79.931382,40.411829],[-79.931299,40.411594],[-79.931383,40.411576],[-79.93146,40.411814],[-79.931382,40.411829]]]},"properties":{"parcel_id":"0089A00118000000","block_lot":"89-A-118"}},{"type":"Feature","geometry":{"type":"Polygon","coordinates":[[[-79.93146,40.411814],[-79.931383,40.411576],[-79.931448,40.411563],[-79.931523,40.411801],[-79.93146,40.411814]]]},"properties":{"parcel_id":"0089A00119000000","block_lot":"89-A-119"}},{"type":"Feature","geometry":{"type":"Polygon","coordinates":[[[-79.931523,40.411801],[-79.931448,40.411563],[-79.931574,40.411537],[-79.931661,40.411774],[-79.931523,40.411801]]]},"properties":{"parcel_id":"0089A00121000000","block_lot":"89-A-121"}},{"type":"Feature","geometry":{"type":"Polygon","coordinates":[[[-79.931661,40.411774],[-79.931574,40.411537],[-79.931853,40.411479],[-79.931945,40.411717],[-79.931661,40.411774]]]},"properties":{"parcel_id":"0089A00126000000","block_lot":"89-A-126"}},{"type":"Feature","geometry":{"type":"Polygon","coordinates":[[[-79.931945,40.411717],[-79.931853,40.411479],[-79.931932,40.411463],[-79.932016,40.411703],[-79.931945,40.411717]]]},"properties":{"parcel_id":"0089A00127000000","block_lot":"89-A-127"}},{"type":"Feature","geometry":{"type":"Polygon","coordinates":[[[-79.932016,40.411703],[-79.931932,40.411463],[-79.931997,40.41145],[-79.932085,40.411689],[-79.932016,40.411703]]]},"properties":{"parcel_id":"0089A00128000000","block_lot":"89-A-128"}},{"type":"Feature","geometry":{"type":"Polygon","coordinates":[[[-79.932085,40.411689],[-79.931997,40.41145],[-79.932066,40.411435],[-79.93216,40.411674],[-79.932085,40.411689]]]},"properties":{"parcel_id":"0089A00129000000","block_lot":"89-A-129"}},{"type":"Feature","geometry":{"type":"Polygon","coordinates":[[[-79.932066,40.411435],[-79.932137,40.411421],[-79.932225,40.411661],[-79.93216,40.411674],[-79.932066,40.411435]]]},"properties":{"parcel_id":"0089A00130000000","block_lot":"89-A-130"}},{"type":"Feature","geometry":{"type":"Polygon","coordinates":[[[-79.932137,40.411421],[-79.932417,40.411363],[-79.932508,40.411605],[-79.932225,40.411661],[-79.932137,40.411421]]]},"properties":{"parcel_id":"0089A00134000000","block_lot":"89-A-134"}},{"type":"Feature","geometry":{"type":"Polygon","coordinates":[[[-79.932417,40.411363],[-79.932481,40.41135],[-79.932575,40.411591],[-79.932508,40.411605],[-79.932417,40.411363]]]},"properties":{"parcel_id":"0089A00135000000","block_lot":"89-A-135"}},{"type":"Feature","geometry":{"type":"Polygon","coordinates":[[[-79.932481,40.41135],[-79.932618,40.411322],[-79.932698,40.411567],[-79.932575,40.411591],[-79.932481,40.41135]]]},"properties":{"parcel_id":"0089A00137000000","block_lot":"89-A-137"}},{"type":"Feature","geometry":{"type":"Polygon","coordinates":[[[-79.931169,40.41162],[-79.931087,40.411393],[-79.93163,40.411277],[-79.931721,40.411506],[-79.931169,40.41162]]]},"properties":{"parcel_id":"0089A00141000000","block_lot":"89-A-141"}},{"type":"Feature","geometry":{"type":"Polygon","coordinates":[[[-79.930973,40.411661],[-79.93083,40.411448],[-79.931087,40.411393],[-79.931169,40.41162],[-79.930973,40.411661]]]},"properties":{"parcel_id":"0089A00149000000","block_lot":"89-A-149"}},{"type":"Feature","geometry":{"type":"Polygon","coordinates":[[[-79.93274,40.411066],[-79.932812,40.41105],[-79.932897,40.411263],[-79.932818,40.41128],[-79.93274,40.411066]]]},"properties":{"parcel_id":"0089E00001000000","block_lot":"89-E-1"}},{"type":"Feature","geometry":{"type":"Polygon","coordinates":[[[-79.93247,40.411118],[-79.93274,40.411066],[-79.932818,40.41128],[-79.932551,40.411335],[-79.93247,40.411118]]]},"properties":{"parcel_id":"0089E00002000000","block_lot":"89-E-2"}},{"type":"Feature","geometry":{"type":"Polygon","coordinates":[[[-79.932395,40.411132],[-79.93247,40.411118],[-79.932551,40.411335],[-79.932481,40.41135],[-79.932395,40.411132]]]},"properties":{"parcel_id":"0089E00006000000","block_lot":"89-E-6"}},{"type":"Feature","geometry":{"type":"Polygon","coordinates":[[[-79.932183,40.411172],[-79.932395,40.411132],[-79.932481,40.41135],[-79.932262,40.411395],[-79.932183,40.411172]]]},"properties":{"parcel_id":"0089E00007000000","block_lot":"89-E-7"}},{"type":"Feature","geometry":{"type":"Polygon","coordinates":[[[-79.932123,40.411424],[-79.932043,40.411199],[-79.932183,40.411172],[-79.932262,40.411395],[-79.932123,40.411424]]]},"properties":{"parcel_id":"0089E00010000000","block_lot":"89-E-10"}},{"type":"Feature","geometry":{"type":"Polygon","coordinates":[[[-79.932066,40.411435],[-79.931977,40.411212],[-79.932043,40.411199],[-79.932123,40.411424],[-79.932066,40.411435]]]},"properties":{"parcel_id":"0089E00012000000","block_lot":"89-E-12"}},{"type":"Feature","geometry":{"type":"Polygon","coordinates":[[[-79.931721,40.411506],[-79.93163,40.411277],[-79.931977,40.411212],[-79.932066,40.411435],[-79.931721,40.411506]]]},"properties":{"parcel_id":"0089E00013000000","block_lot":"89-E-13"}},{"type":"Feature","geometry":{"type":"Polygon","coordinates":[[[-79.924899,40.41064],[-79.925084,40.410563],[-79.925174,40.41053],[-79.925268,40.410508],[-79.925397,40.410499],[-79.925512,40.410513],[-79.925853,40.410576],[-79.925981,40.41059],[-79.926138,40.41058],[-79.926239,40.410559],[-79.926259,40.410553],[-79.926378,40.410501],[-79.926505,40.41042],[-79.926523,40.410406],[-79.926598,40.410316],[-79.926642,40.410231],[-79.926662,40.410128],[-79.926652,40.409996],[-79.926613,40.409901],[-79.926565,40.409832],[-79.927159,40.409861],[-79.927893,40.41031],[-79.92553,40.41141],[-79.925714,40.413849],[-79.925726,40.413849],[-79.925942,40.416507],[-79.925145,40.415583],[-79.925097,40.415518],[-79.925083,40.415475],[-79.92508,40.415434],[-79.925084,40.415394],[-79.925106,40.41529],[-79.925133,40.415197],[-79.92514,40.415152],[-79.925129,40.415114],[-79.925111,40.41509],[-79.923772,40.413814],[-79.923744,40.413794],[-79.923647,40.413734],[-79.923554,40.413695],[-79.923622,40.413448],[-79.923012,40.41299],[-79.923077,40.412826],[-79.922672,40.412744],[-79.922867,40.412187],[-79.922899,40.41201],[-79.922887,40.411893],[-79.922913,40.411807],[-79.922936,40.411677],[-79.922971,40.411599],[-79.92306,40.411492],[-79.923141,40.411421],[-79.923297,40.411328],[-79.92347,40.411254],[-79.923689,40.411176],[-79.923947,40.411097],[-79.924069,40.411063],[-79.924165,40.411025],[-79.924301,40.410949],[-79.924535,40.410802],[-79.924899,40.41064]]]},"properties":{"parcel_id":"0089F00200000000","block_lot":"89-F-200"}},{"type":"Feature","geometry":{"type":"Polygon","coordinates":[[[-79.933281,40.449431],[-79.933159,40.44947],[-79.933002,40.449213],[-79.933126,40.449172],[-79.933281,40.449431]]]},"properties":{"parcel_id":"0052H00093000000","block_lot":"52-H-93"}},{"type":"Feature","geometry":{"type":"Polygon","coordinates":[[[-79.963171,40.473821],[-79.96342,40.473619],[-79.963503,40.473678],[-79.963254,40.473881],[-79.963171,40.473821]]]},"properties":{"parcel_id":"0080N00159000000","block_lot":"80-N-159"}},{"type":"Feature","geometry":{"type":"Polygon","coordinates":[[[-79.915108,40.416647],[-79.915348,40.41645],[-79.915416,40.416499],[-79.915181,40.416699],[-79.915108,40.416647]]]},"properties":{"parcel_id":"0129J00037000000","block_lot":"129-J-37"}},{"type":"Feature","geometry":{"type":"Polygon","coordinates":[[[-79.889496,40.441395],[-79.889671,40.441088],[-79.889778,40.441125],[-79.889607,40.441431],[-79.889496,40.441395]]]},"properties":{"parcel_id":"0176C00275000000","block_lot":"176-C-275"}},{"type":"Feature","geometry":{"type":"Polygon","coordinates":[[[-79.897095,40.469007],[-79.897201,40.468982],[-79.897301,40.469243],[-79.897194,40.469269],[-79.897095,40.469007]]]},"properties":{"parcel_id":"0173E00082000000","block_lot":"173-E-82"}},{"type":"Feature","geometry":{"type":"Polygon","coordinates":[[[-79.998723,40.455623],[-79.998824,40.455605],[-79.998903,40.455825],[-79.998801,40.455843],[-79.998723,40.455623]]]},"properties":{"parcel_id":"0024J00060000000","block_lot":"24-J-60"}},{"type":"Feature","geometry":{"type":"Polygon","coordinates":[[[-79.946374,40.422172],[-79.946246,40.421874],[-79.946652,40.422058],[-79.946374,40.422172]]]},"properties":{"parcel_id":"0055A00137000000","block_lot":"55-A-137"}},{"type":"Feature","geometry":{"type":"Polygon","coordinates":[[[-80.015124,40.431139],[-80.015137,40.431068],[-80.015511,40.43111],[-80.015495,40.431182],[-80.015124,40.431139]]]},"properties":{"parcel_id":"0004A00303000000","block_lot":"4-A-303"}}]}
