parcel_id,block_lot,neighborhood,zoning_district,lot_area_sqft,owner_type,assessed_value,product,units,lead,score_p10,score_p50,score_p90,band,approval_path,approval_prob_p10,approval_prob_p50,approval_prob_p90,approval_basis,months_p10,months_p50,months_p90,cost_premium_p10,cost_premium_p50,cost_premium_p90,max_land_p10,max_land_p50,max_land_p90,top_flag,top_flag_severity,unknown_flags,lon,lat
0029S00102000000,29-S-102,Hazelwood,H,2999,private,900,single_family,1,True,19.3,25.3,33.1,high_risk,administrator_exception,0.732,0.792,0.848,placeholder,5.2,6.4,7.6,121154,173600,223268,-463889,-385344,-308052,59% of lot on 25%+ slope,high,,-79.95007,40.424305
0029S00102000000,29-S-102,Hazelwood,H,2999,private,900,duplex,2,False,,,,high_risk,not_allowed,,,,,,,,,,,,,,59% of lot on 25%+ slope,high,,-79.95007,40.424305
0029S00102000000,29-S-102,Hazelwood,H,2999,private,900,triplex,3,False,,,,high_risk,not_allowed,,,,,,,,,,,,,,59% of lot on 25%+ slope,high,,-79.95007,40.424305
0029S00102000000,29-S-102,Hazelwood,H,2999,private,900,townhome,2,False,,,,high_risk,not_allowed,,,,,,,,,,,,,,59% of lot on 25%+ slope,high,,-79.95007,40.424305
0029S00102000000,29-S-102,Hazelwood,H,2999,private,900,walkup,4,False,,,,high_risk,not_allowed,,,,,,,,,,,,,,59% of lot on 25%+ slope,high,,-79.95007,40.424305
0029S00104000000,29-S-104,Hazelwood,H,4877,private,1900,single_family,1,False,21.7,27.6,35.7,high_risk,administrator_exception,0.838,0.89,0.934,placeholder,5.1,6.4,7.6,118045,174571,227143,-460201,-384025,-306382,75% of lot on 25%+ slope,high,,-79.949937,40.424345
0029S00104000000,29-S-104,Hazelwood,H,4877,private,1900,duplex,2,False,,,,high_risk,not_allowed,,,,,,,,,,,,,,75% of lot on 25%+ slope,high,,-79.949937,40.424345
0029S00104000000,29-S-104,Hazelwood,H,4877,private,1900,triplex,3,False,,,,high_risk,not_allowed,,,,,,,,,,,,,,75% of lot on 25%+ slope,high,,-79.949937,40.424345
0029S00104000000,29-S-104,Hazelwood,H,4877,private,1900,townhome,2,True,30.0,34.9,39.9,high_risk,special_exception+variance+subdivision,0.831,0.889,0.935,model+placeholder,8.8,10.3,12.0,121156,171145,223548,-695714,-566274,-440039,75% of lot on 25%+ slope,high,,-79.949937,40.424345
0029S00104000000,29-S-104,Hazelwood,H,4877,private,1900,walkup,4,False,,,,high_risk,not_allowed,,,,,,,,,,,,,,75% of lot on 25%+ slope,high,,-79.949937,40.424345
0029S00107000000,29-S-107,Hazelwood,H,5744,private,4100,single_family,1,False,21.7,27.6,35.7,high_risk,administrator_exception,0.838,0.89,0.934,placeholder,5.1,6.4,7.6,118045,174571,227143,-458161,-382032,-304401,74% of lot on 25%+ slope,high,,-79.949765,40.424408
0029S00107000000,29-S-107,Hazelwood,H,5744,private,4100,duplex,2,False,,,,high_risk,not_allowed,,,,,,,,,,,,,,74% of lot on 25%+ slope,high,,-79.949765,40.424408
0029S00107000000,29-S-107,Hazelwood,H,5744,private,4100,triplex,3,False,,,,high_risk,not_allowed,,,,,,,,,,,,,,74% of lot on 25%+ slope,high,,-79.949765,40.424408
0029S00107000000,29-S-107,Hazelwood,H,5744,private,4100,townhome,2,True,30.0,34.9,39.9,high_risk,special_exception+variance+subdivision,0.831,0.889,0.935,model+placeholder,8.8,10.3,12.0,121156,171145,223548,-691841,-562360,-437632,74% of lot on 25%+ slope,high,,-79.949765,40.424408
0029S00107000000,29-S-107,Hazelwood,H,5744,private,4100,walkup,4,False,,,,high_risk,not_allowed,,,,,,,,,,,,,,74% of lot on 25%+ slope,high,,-79.949765,40.424408
0029S00122000000,29-S-122,Hazelwood,H,3393,private,700,single_family,1,True,23.2,30.2,37.8,high_risk,administrator_exception,0.838,0.89,0.934,placeholder,5.0,6.1,7.3,106252,155916,208678,-447866,-367359,-291630,99% of lot on 25%+ slope,high,,-79.950095,40.42464
0029S00122000000,29-S-122,Hazelwood,H,3393,private,700,duplex,2,False,,,,high_risk,not_allowed,,,,,,,,,,,,,,99% of lot on 25%+ slope,high,,-79.950095,40.42464
0029S00122000000,29-S-122,Hazelwood,H,3393,private,700,triplex,3,False,,,,high_risk,not_allowed,,,,,,,,,,,,,,99% of lot on 25%+ slope,high,,-79.950095,40.42464
0029S00122000000,29-S-122,Hazelwood,H,3393,private,700,townhome,2,False,,,,high_risk,not_allowed,,,,,,,,,,,,,,99% of lot on 25%+ slope,high,,-79.950095,40.42464
0029S00122000000,29-S-122,Hazelwood,H,3393,private,700,walkup,4,False,,,,high_risk,not_allowed,,,,,,,,,,,,,,99% of lot on 25%+ slope,high,,-79.950095,40.42464
0029S00126000000,29-S-126,Hazelwood,H,3276,city,3400,single_family,1,True,22.9,29.7,37.1,high_risk,administrator_exception,0.838,0.89,0.934,placeholder,5.4,6.4,7.6,106729,157471,208454,-452891,-369351,-291062,72% of lot on 25%+ slope,high,,-79.950253,40.424644
0029S00126000000,29-S-126,Hazelwood,H,3276,city,3400,duplex,2,False,,,,high_risk,not_allowed,,,,,,,,,,,,,,72% of lot on 25%+ slope,high,,-79.950253,40.424644
0029S00126000000,29-S-126,Hazelwood,H,3276,city,3400,triplex,3,False,,,,high_risk,not_allowed,,,,,,,,,,,,,,72% of lot on 25%+ slope,high,,-79.950253,40.424644
0029S00126000000,29-S-126,Hazelwood,H,3276,city,3400,townhome,2,False,,,,high_risk,not_allowed,,,,,,,,,,,,,,72% of lot on 25%+ slope,high,,-79.950253,40.424644
0029S00126000000,29-S-126,Hazelwood,H,3276,city,3400,walkup,4,False,,,,high_risk,not_allowed,,,,,,,,,,,,,,72% of lot on 25%+ slope,high,,-79.950253,40.424644
0029S00127000000,29-S-127,Hazelwood,H,3107,city,3200,single_family,1,True,20.4,27.3,34.8,high_risk,administrator_exception,0.732,0.792,0.848,placeholder,5.4,6.4,7.6,107381,156495,210862,-451074,-372349,-289456,81% of lot on 25%+ slope,high,,-79.950316,40.424697
0029S00127000000,29-S-127,Hazelwood,H,3107,city,3200,duplex,2,False,,,,high_risk,not_allowed,,,,,,,,,,,,,,81% of lot on 25%+ slope,high,,-79.950316,40.424697
0029S00127000000,29-S-127,Hazelwood,H,3107,city,3200,triplex,3,False,,,,high_risk,not_allowed,,,,,,,,,,,,,,81% of lot on 25%+ slope,high,,-79.950316,40.424697
0029S00127000000,29-S-127,Hazelwood,H,3107,city,3200,townhome,2,False,,,,high_risk,not_allowed,,,,,,,,,,,,,,81% of lot on 25%+ slope,high,,-79.950316,40.424697
0029S00127000000,29-S-127,Hazelwood,H,3107,city,3200,walkup,4,False,,,,high_risk,not_allowed,,,,,,,,,,,,,,81% of lot on 25%+ slope,high,,-79.950316,40.424697
0029S00133000000,29-S-133,Hazelwood,H,4769,city,4100,single_family,1,True,22.8,29.6,37.0,high_risk,administrator_exception,0.838,0.89,0.934,placeholder,5.4,6.4,7.6,107252,157994,208976,-458246,-375107,-298023,89% of lot on 25%+ slope,high,,-79.950568,40.424886
0029S00133000000,29-S-133,Hazelwood,H,4769,city,4100,duplex,2,False,,,,high_risk,not_allowed,,,,,,,,,,,,,,89% of lot on 25%+ slope,high,,-79.950568,40.424886
0029S00133000000,29-S-133,Hazelwood,H,4769,city,4100,triplex,3,False,,,,high_risk,not_allowed,,,,,,,,,,,,,,89% of lot on 25%+ slope,high,,-79.950568,40.424886
0029S00133000000,29-S-133,Hazelwood,H,4769,city,4100,townhome,2,False,,,,high_risk,not_allowed,,,,,,,,,,,,,,89% of lot on 25%+ slope,high,,-79.950568,40.424886
0029S00133000000,29-S-133,Hazelwood,H,4769,city,4100,walkup,4,False,,,,high_risk,not_allowed,,,,,,,,,,,,,,89% of lot on 25%+ slope,high,,-79.950568,40.424886
0030D00065000000,30-D-65,Hazelwood,UI,1541,private,800,single_family,,False,,,,high_risk,not_allowed,,,,,,,,,,,,,,99% of lot on 25%+ slope,high,,-79.949638,40.421701
0030D00065000000,30-D-65,Hazelwood,UI,1541,private,800,duplex,,False,,,,high_risk,not_allowed,,,,,,,,,,,,,,99% of lot on 25%+ slope,high,,-79.949638,40.421701
0030D00065000000,30-D-65,Hazelwood,UI,1541,private,800,triplex,,False,,,,high_risk,not_allowed,,,,,,,,,,,,,,99% of lot on 25%+ slope,high,,-79.949638,40.421701
0030D00065000000,30-D-65,Hazelwood,UI,1541,private,800,townhome,,False,,,,high_risk,not_allowed,,,,,,,,,,,,,,99% of lot on 25%+ slope,high,,-79.949638,40.421701
0030D00065000000,30-D-65,Hazelwood,UI,1541,private,800,walkup,,False,,,,high_risk,not_allowed,,,,,,,,,,,,,,99% of lot on 25%+ slope,high,,-79.949638,40.421701
0054N00017000000,54-N-17,Hazelwood,H,2481,private,11300,single_family,1,True,27.1,34.5,41.8,high_risk,administrator_exception,0.732,0.792,0.848,placeholder,4.9,6.0,7.2,66478,112143,154985,-400999,-322785,-248598,89% of lot on 25%+ slope,high,,-79.949239,40.42419
0054N00017000000,54-N-17,Hazelwood,H,2481,private,11300,duplex,2,False,,,,high_risk,not_allowed,,,,,,,,,,,,,,89% of lot on 25%+ slope,high,,-79.949239,40.42419
0054N00017000000,54-N-17,Hazelwood,H,2481,private,11300,triplex,3,False,,,,high_risk,not_allowed,,,,,,,,,,,,,,89% of lot on 25%+ slope,high,,-79.949239,40.42419
0054N00017000000,54-N-17,Hazelwood,H,2481,private,11300,townhome,2,False,,,,high_risk,not_allowed,,,,,,,,,,,,,,89% of lot on 25%+ slope,high,,-79.949239,40.42419
0054N00017000000,54-N-17,Hazelwood,H,2481,private,11300,walkup,4,False,,,,high_risk,not_allowed,,,,,,,,,,,,,,89% of lot on 25%+ slope,high,,-79.949239,40.42419
0055A00225000000,55-A-225,Hazelwood,H,2321,private,10400,single_family,1,True,50.6,52.9,55.1,feasible_with_conditions,administrator_exception,0.732,0.792,0.848,placeholder,4.3,5.3,6.3,6620,12484,18408,-297082,-227995,-167225,Combined sewershed (proxy for stormwater requirements),low,,-79.948547,40.423095
0055A00225000000,55-A-225,Hazelwood,H,2321,private,10400,duplex,2,False,,,,high_risk,not_allowed,,,,,,,,,,,,,,Combined sewershed (proxy for stormwater requirements),low,,-79.948547,40.423095
0055A00225000000,55-A-225,Hazelwood,H,2321,private,10400,triplex,3,False,,,,high_risk,not_allowed,,,,,,,,,,,,,,Combined sewershed (proxy for stormwater requirements),low,,-79.948547,40.423095
0055A00225000000,55-A-225,Hazelwood,H,2321,private,10400,townhome,2,False,,,,high_risk,not_allowed,,,,,,,,,,,,,,Combined sewershed (proxy for stormwater requirements),low,,-79.948547,40.423095
0055A00225000000,55-A-225,Hazelwood,H,2321,private,10400,walkup,4,False,,,,high_risk,not_allowed,,,,,,,,,,,,,,Combined sewershed (proxy for stormwater requirements),low,,-79.948547,40.423095
0055A00243000000,55-A-243,Hazelwood,P,7901,private,1000,single_family,1,False,23.5,30.5,38.4,high_risk,administrator_exception,0.838,0.89,0.934,placeholder,5.0,6.1,7.2,103331,152681,204857,-413651,-333181,-255762,67% of lot on 25%+ slope,high,,-79.947964,40.421952
0055A00243000000,55-A-243,Hazelwood,P,7901,private,1000,duplex,2,False,,,,high_risk,not_allowed,,,,,,,,,,,,,,67% of lot on 25%+ slope,high,,-79.947964,40.421952
0055A00243000000,55-A-243,Hazelwood,P,7901,private,1000,triplex,3,False,,,,high_risk,not_allowed,,,,,,,,,,,,,,67% of lot on 25%+ slope,high,,-79.947964,40.421952
0055A00243000000,55-A-243,Hazelwood,P,7901,private,1000,townhome,2,True,32.9,38.1,43.1,high_risk,special_exception+subdivision,0.862,0.913,0.949,model+placeholder,7.9,9.5,11.0,101216,151116,202714,-625580,-492800,-370162,67% of lot on 25%+ slope,high,,-79.947964,40.421952
0055A00243000000,55-A-243,Hazelwood,P,7901,private,1000,walkup,4,False,,,,high_risk,not_allowed,,,,,,,,,,,,,,67% of lot on 25%+ slope,high,,-79.947964,40.421952
0055A00254000000,55-A-254,Hazelwood,H,9179,private,45400,single_family,1,False,50.6,53.1,55.7,feasible_with_conditions,administrator_exception,0.838,0.89,0.934,placeholder,4.0,5.0,6.1,16629,24942,33824,-307087,-235237,-170455,7% of lot on 25%+ slope,low,,-79.948661,40.422596
0055A00254000000,55-A-254,Hazelwood,H,9179,private,45400,duplex,2,False,,,,high_risk,not_allowed,,,,,,,,,,,,,,7% of lot on 25%+ slope,low,,-79.948661,40.422596
0055A00254000000,55-A-254,Hazelwood,H,9179,private,45400,triplex,3,False,,,,high_risk,not_allowed,,,,,,,,,,,,,,7% of lot on 25%+ slope,low,,-79.948661,40.422596
0055A00254000000,55-A-254,Hazelwood,H,9179,private,45400,townhome,3,True,47.5,49.4,51.4,high_risk,special_exception+variance+subdivision,0.763,0.836,0.892,model+placeholder,8.7,10.3,12.0,16560,24648,33348,-780712,-598634,-423208,7% of lot on 25%+ slope,low,,-79.948661,40.422596
0055A00254000000,55-A-254,Hazelwood,H,9179,private,45400,walkup,4,False,,,,high_risk,not_allowed,,,,,,,,,,,,,,7% of lot on 25%+ slope,low,,-79.948661,40.422596
0055A00268000000,55-A-268,Hazelwood,H,4959,private,10000,single_family,1,False,53.0,55.3,57.5,feasible_with_conditions,administrator_exception,0.838,0.89,0.934,placeholder,4.0,5.0,6.1,8957,15067,21309,-306543,-238262,-175125,"2 DEP record(s) within 1,000 ft",low,,-79.949302,40.423521
0055A00268000000,55-A-268,Hazelwood,H,4959,private,10000,duplex,2,False,,,,high_risk,not_allowed,,,,,,,,,,,,,,"2 DEP record(s) within 1,000 ft",low,,-79.949302,40.423521
0055A00268000000,55-A-268,Hazelwood,H,4959,private,10000,triplex,3,False,,,,high_risk,not_allowed,,,,,,,,,,,,,,"2 DEP record(s) within 1,000 ft",low,,-79.949302,40.423521
0055A00268000000,55-A-268,Hazelwood,H,4959,private,10000,townhome,2,True,47.6,49.6,51.6,high_risk,special_exception+variance+subdivision,0.763,0.836,0.892,model+placeholder,8.7,10.3,12.0,8938,14861,21030,-537784,-417948,-305339,"2 DEP record(s) within 1,000 ft",low,,-79.949302,40.423521
0055A00268000000,55-A-268,Hazelwood,H,4959,private,10000,walkup,4,False,,,,high_risk,not_allowed,,,,,,,,,,,,,,"2 DEP record(s) within 1,000 ft",low,,-79.949302,40.423521
0055A00381000000,55-A-381,Hazelwood,UI,3207,private,600,single_family,,False,,,,high_risk,not_allowed,,,,,,,,,,,,,,90% of lot on 25%+ slope,high,,-79.949372,40.42132
0055A00381000000,55-A-381,Hazelwood,UI,3207,private,600,duplex,,False,,,,high_risk,not_allowed,,,,,,,,,,,,,,90% of lot on 25%+ slope,high,,-79.949372,40.42132
0055A00381000000,55-A-381,Hazelwood,UI,3207,private,600,triplex,,False,,,,high_risk,not_allowed,,,,,,,,,,,,,,90% of lot on 25%+ slope,high,,-79.949372,40.42132
0055A00381000000,55-A-381,Hazelwood,UI,3207,private,600,townhome,,False,,,,high_risk,not_allowed,,,,,,,,,,,,,,90% of lot on 25%+ slope,high,,-79.949372,40.42132
0055A00381000000,55-A-381,Hazelwood,UI,3207,private,600,walkup,,False,,,,high_risk,not_allowed,,,,,,,,,,,,,,90% of lot on 25%+ slope,high,,-79.949372,40.42132
0055E00042000000,55-E-42,Hazelwood,UI,2031,private,800,single_family,,False,,,,high_risk,not_allowed,,,,,,,,,,,,,,60% of lot landslide-prone,high,,-79.949155,40.420992
0055E00042000000,55-E-42,Hazelwood,UI,2031,private,800,duplex,,False,,,,high_risk,not_allowed,,,,,,,,,,,,,,60% of lot landslide-prone,high,,-79.949155,40.420992
0055E00042000000,55-E-42,Hazelwood,UI,2031,private,800,triplex,,False,,,,high_risk,not_allowed,,,,,,,,,,,,,,60% of lot landslide-prone,high,,-79.949155,40.420992
0055E00042000000,55-E-42,Hazelwood,UI,2031,private,800,townhome,,False,,,,high_risk,not_allowed,,,,,,,,,,,,,,60% of lot landslide-prone,high,,-79.949155,40.420992
0055E00042000000,55-E-42,Hazelwood,UI,2031,private,800,walkup,,False,,,,high_risk,not_allowed,,,,,,,,,,,,,,60% of lot landslide-prone,high,,-79.949155,40.420992
0055E00193000000,55-E-193,Hazelwood,H,1432,private,6600,single_family,1,True,23.2,30.5,37.9,high_risk,administrator_exception+variance,0.688,0.756,0.817,model+placeholder,8.1,9.6,11.4,63200,107289,151251,-349515,-274696,-202597,92% of lot on 25%+ slope,high,,-79.946021,40.419333
0055E00193000000,55-E-193,Hazelwood,H,1432,private,6600,duplex,2,False,,,,high_risk,not_allowed,,,,,,,,,,,,,,92% of lot on 25%+ slope,high,,-79.946021,40.419333
0055E00193000000,55-E-193,Hazelwood,H,1432,private,6600,triplex,3,False,,,,high_risk,not_allowed,,,,,,,,,,,,,,92% of lot on 25%+ slope,high,,-79.946021,40.419333
0055E00193000000,55-E-193,Hazelwood,H,1432,private,6600,townhome,2,False,,,,high_risk,not_allowed,,,,,,,,,,,,,,92% of lot on 25%+ slope,high,,-79.946021,40.419333
0055E00193000000,55-E-193,Hazelwood,H,1432,private,6600,walkup,4,False,,,,high_risk,not_allowed,,,,,,,,,,,,,,92% of lot on 25%+ slope,high,,-79.946021,40.419333
0055E00197000000,55-E-197,Hazelwood,H,3667,city,1000,single_family,1,True,23.2,30.3,37.7,high_risk,administrator_exception,0.838,0.89,0.934,placeholder,5.4,6.4,7.6,102273,153861,205181,-411036,-325415,-246807,86% of lot on 25%+ slope,high,,-79.946104,40.419454
0055E00197000000,55-E-197,Hazelwood,H,3667,city,1000,duplex,2,False,,,,high_risk,not_allowed,,,,,,,,,,,,,,86% of lot on 25%+ slope,high,,-79.946104,40.419454
0055E00197000000,55-E-197,Hazelwood,H,3667,city,1000,triplex,3,False,,,,high_risk,not_allowed,,,,,,,,,,,,,,86% of lot on 25%+ slope,high,,-79.946104,40.419454
0055E00197000000,55-E-197,Hazelwood,H,3667,city,1000,townhome,2,False,,,,high_risk,not_allowed,,,,,,,,,,,,,,86% of lot on 25%+ slope,high,,-79.946104,40.419454
0055E00197000000,55-E-197,Hazelwood,H,3667,city,1000,walkup,4,False,,,,high_risk,not_allowed,,,,,,,,,,,,,,86% of lot on 25%+ slope,high,,-79.946104,40.419454
0055E00245000000,55-E-245,Hazelwood,H,2438,private,1000,single_family,1,True,50.6,52.8,55.0,feasible_with_conditions,administrator_exception,0.732,0.792,0.848,placeholder,4.4,5.3,6.3,6620,12668,18730,-271717,-199226,-135183,Parcel spans more than one district or has uncovered rules,medium,,-79.945877,40.419901
0055E00245000000,55-E-245,Hazelwood,H,2438,private,1000,duplex,2,False,,,,high_risk,not_allowed,,,,,,,,,,,,,,Parcel spans more than one district or has uncovered rules,medium,,-79.945877,40.419901
0055E00245000000,55-E-245,Hazelwood,H,2438,private,1000,triplex,3,False,,,,high_risk,not_allowed,,,,,,,,,,,,,,Parcel spans more than one district or has uncovered rules,medium,,-79.945877,40.419901
0055E00245000000,55-E-245,Hazelwood,H,2438,private,1000,townhome,2,False,,,,high_risk,not_allowed,,,,,,,,,,,,,,Parcel spans more than one district or has uncovered rules,medium,,-79.945877,40.419901
0055E00245000000,55-E-245,Hazelwood,H,2438,private,1000,walkup,4,False,,,,high_risk,not_allowed,,,,,,,,,,,,,,Parcel spans more than one district or has uncovered rules,medium,,-79.945877,40.419901
0055E00248000000,55-E-248,Hazelwood,R1D-M,2217,private,11300,single_family,1,True,43.4,46.2,48.9,high_risk,administrator_exception+variance,0.725,0.798,0.858,model+placeholder,7.7,9.3,11.2,16740,24904,33226,-271533,-204203,-141910,6% of lot on 25%+ slope,low,,-79.945775,40.419716
0055E00248000000,55-E-248,Hazelwood,R1D-M,2217,private,11300,duplex,2,False,,,,high_risk,not_allowed,,,,,,,,,,,,,,6% of lot on 25%+ slope,low,,-79.945775,40.419716
0055E00248000000,55-E-248,Hazelwood,R1D-M,2217,private,11300,triplex,3,False,,,,high_risk,not_allowed,,,,,,,,,,,,,,6% of lot on 25%+ slope,low,,-79.945775,40.419716
0055E00248000000,55-E-248,Hazelwood,R1D-M,2217,private,11300,townhome,2,False,,,,high_risk,not_allowed,,,,,,,,,,,,,,6% of lot on 25%+ slope,low,,-79.945775,40.419716
0055E00248000000,55-E-248,Hazelwood,R1D-M,2217,private,11300,walkup,4,False,,,,high_risk,not_allowed,,,,,,,,,,,,,,6% of lot on 25%+ slope,low,,-79.945775,40.419716
0055E00253000000,55-E-253,Hazelwood,R1D-M,527,private,300,single_family,1,False,,,,high_risk,not_allowed,,,,,,,,,,,,,,7% of lot on 25%+ slope,low,,-79.945467,40.419349
0055E00253000000,55-E-253,Hazelwood,R1D-M,527,private,300,duplex,2,False,,,,high_risk,not_allowed,,,,,,,,,,,,,,7% of lot on 25%+ slope,low,,-79.945467,40.419349
0055E00253000000,55-E-253,Hazelwood,R1D-M,527,private,300,triplex,3,False,,,,high_risk,not_allowed,,,,,,,,,,,,,,7% of lot on 25%+ slope,low,,-79.945467,40.419349
0055E00253000000,55-E-253,Hazelwood,R1D-M,527,private,300,townhome,2,False,,,,high_risk,not_allowed,,,,,,,,,,,,,,7% of lot on 25%+ slope,low,,-79.945467,40.419349
0055E00253000000,55-E-253,Hazelwood,R1D-M,527,private,300,walkup,4,False,,,,high_risk,not_allowed,,,,,,,,,,,,,,7% of lot on 25%+ slope,low,,-79.945467,40.419349
0055E00256000000,55-E-256,Hazelwood,R1D-M,2228,private,11300,single_family,1,False,,,,high_risk,not_allowed,,,,,,,,,,,,,,9% of lot on 25%+ slope,low,,-79.945669,40.419367
0055E00256000000,55-E-256,Hazelwood,R1D-M,2228,private,11300,duplex,2,False,,,,high_risk,not_allowed,,,,,,,,,,,,,,9% of lot on 25%+ slope,low,,-79.945669,40.419367
0055E00256000000,55-E-256,Hazelwood,R1D-M,2228,private,11300,triplex,3,False,,,,high_risk,not_allowed,,,,,,,,,,,,,,9% of lot on 25%+ slope,low,,-79.945669,40.419367
0055E00256000000,55-E-256,Hazelwood,R1D-M,2228,private,11300,townhome,2,False,,,,high_risk,not_allowed,,,,,,,,,,,,,,9% of lot on 25%+ slope,low,,-79.945669,40.419367
0055E00256000000,55-E-256,Hazelwood,R1D-M,2228,private,11300,walkup,4,False,,,,high_risk,not_allowed,,,,,,,,,,,,,,9% of lot on 25%+ slope,low,,-79.945669,40.419367
0055E00257000000,55-E-257,Hazelwood,R1D-M,498,private,300,single_family,1,False,,,,high_risk,not_allowed,,,,,,,,,,,,,,4% of lot on 25%+ slope,low,,-79.945628,40.419296
0055E00257000000,55-E-257,Hazelwood,R1D-M,498,private,300,duplex,2,False,,,,high_risk,not_allowed,,,,,,,,,,,,,,4% of lot on 25%+ slope,low,,-79.945628,40.419296
0055E00257000000,55-E-257,Hazelwood,R1D-M,498,private,300,triplex,3,False,,,,high_risk,not_allowed,,,,,,,,,,,,,,4% of lot on 25%+ slope,low,,-79.945628,40.419296
0055E00257000000,55-E-257,Hazelwood,R1D-M,498,private,300,townhome,2,False,,,,high_risk,not_allowed,,,,,,,,,,,,,,4% of lot on 25%+ slope,low,,-79.945628,40.419296
0055E00257000000,55-E-257,Hazelwood,R1D-M,498,private,300,walkup,4,False,,,,high_risk,not_allowed,,,,,,,,,,,,,,4% of lot on 25%+ slope,low,,-79.945628,40.419296
0055E00258000000,55-E-258,Hazelwood,R1D-M,1006,private,500,single_family,1,False,,,,high_risk,not_allowed,,,,,,,,,,,,,,16% of lot on 25%+ slope,medium,,-79.945532,40.419297
0055E00258000000,55-E-258,Hazelwood,R1D-M,1006,private,500,duplex,2,False,,,,high_risk,not_allowed,,,,,,,,,,,,,,16% of lot on 25%+ slope,medium,,-79.945532,40.419297
0055E00258000000,55-E-258,Hazelwood,R1D-M,1006,private,500,triplex,3,False,,,,high_risk,not_allowed,,,,,,,,,,,,,,16% of lot on 25%+ slope,medium,,-79.945532,40.419297
0055E00258000000,55-E-258,Hazelwood,R1D-M,1006,private,500,townhome,2,False,,,,high_risk,not_allowed,,,,,,,,,,,,,,16% of lot on 25%+ slope,medium,,-79.945532,40.419297
0055E00258000000,55-E-258,Hazelwood,R1D-M,1006,private,500,walkup,4,False,,,,high_risk,not_allowed,,,,,,,,,,,,,,16% of lot on 25%+ slope,medium,,-79.945532,40.419297
0055E00259000000,55-E-259,Hazelwood,R1D-M,2023,private,900,single_family,1,True,37.3,41.3,45.4,high_risk,administrator_exception+variance,0.725,0.798,0.858,model+placeholder,7.7,9.3,11.2,32272,50332,68434,-293999,-223707,-161550,22% of lot on 25%+ slope,medium,,-79.945513,40.419257
0055E00259000000,55-E-259,Hazelwood,R1D-M,2023,private,900,duplex,2,False,,,,high_risk,not_allowed,,,,,,,,,,,,,,22% of lot on 25%+ slope,medium,,-79.945513,40.419257
0055E00259000000,55-E-259,Hazelwood,R1D-M,2023,private,900,triplex,3,False,,,,high_risk,not_allowed,,,,,,,,,,,,,,22% of lot on 25%+ slope,medium,,-79.945513,40.419257
0055E00259000000,55-E-259,Hazelwood,R1D-M,2023,private,900,townhome,2,False,,,,high_risk,not_allowed,,,,,,,,,,,,,,22% of lot on 25%+ slope,medium,,-79.945513,40.419257
0055E00259000000,55-E-259,Hazelwood,R1D-M,2023,private,900,walkup,4,False,,,,high_risk,not_allowed,,,,,,,,,,,,,,22% of lot on 25%+ slope,medium,,-79.945513,40.419257
0055E00260000000,55-E-260,Hazelwood,R1D-M,1972,private,800,single_family,1,True,38.3,42.3,46.5,high_risk,administrator_exception+variance,0.79,0.85,0.901,model+placeholder,7.7,9.3,11.2,32272,50332,68434,-293999,-223707,-161550,29% of lot on 25%+ slope,medium,,-79.945486,40.419204
0055E00260000000,55-E-260,Hazelwood,R1D-M,1972,private,800,duplex,2,False,,,,high_risk,not_allowed,,,,,,,,,,,,,,29% of lot on 25%+ slope,medium,,-79.945486,40.419204
0055E00260000000,55-E-260,Hazelwood,R1D-M,1972,private,800,triplex,3,False,,,,high_risk,not_allowed,,,,,,,,,,,,,,29% of lot on 25%+ slope,medium,,-79.945486,40.419204
0055E00260000000,55-E-260,Hazelwood,R1D-M,1972,private,800,townhome,2,False,,,,high_risk,not_allowed,,,,,,,,,,,,,,29% of lot on 25%+ slope,medium,,-79.945486,40.419204
0055E00260000000,55-E-260,Hazelwood,R1D-M,1972,private,800,walkup,4,False,,,,high_risk,not_allowed,,,,,,,,,,,,,,29% of lot on 25%+ slope,medium,,-79.945486,40.419204
0055E00261000000,55-E-261,Hazelwood,R1D-M,4757,private,1800,single_family,1,True,47.7,51.9,55.8,feasible_with_conditions,by_right,1.0,1.0,1.0,by_right,3.6,4.6,5.6,31388,49903,68482,-302358,-232637,-166583,39% of lot on 25%+ slope,medium,,-79.945429,40.41912
0055E00261000000,55-E-261,Hazelwood,R1D-M,4757,private,1800,duplex,2,False,,,,high_risk,not_allowed,,,,,,,,,,,,,,39% of lot on 25%+ slope,medium,,-79.945429,40.41912
0055E00261000000,55-E-261,Hazelwood,R1D-M,4757,private,1800,triplex,3,False,,,,high_risk,not_allowed,,,,,,,,,,,,,,39% of lot on 25%+ slope,medium,,-79.945429,40.41912
0055E00261000000,55-E-261,Hazelwood,R1D-M,4757,private,1800,townhome,2,False,43.9,46.8,49.5,high_risk,special_exception+variance+subdivision,0.831,0.889,0.935,model+placeholder,8.7,10.3,12.0,31232,49465,68169,-505891,-381698,-259529,39% of lot on 25%+ slope,medium,,-79.945429,40.41912
0055E00261000000,55-E-261,Hazelwood,R1D-M,4757,private,1800,walkup,4,False,,,,high_risk,not_allowed,,,,,,,,,,,,,,39% of lot on 25%+ slope,medium,,-79.945429,40.41912
0055E00277000000,55-E-277,Hazelwood,R1D-M,5129,private,22600,single_family,1,True,58.6,60.5,62.4,feasible_with_conditions,by_right,1.0,1.0,1.0,by_right,3.0,3.8,4.8,6525,12672,18590,-275272,-201921,-135795,Combined sewershed (proxy for stormwater requirements),low,,-79.94569,40.420378
0055E00277000000,55-E-277,Hazelwood,R1D-M,5129,private,22600,duplex,2,False,,,,high_risk,not_allowed,,,,,,,,,,,,,,Combined sewershed (proxy for stormwater requirements),low,,-79.94569,40.420378
0055E00277000000,55-E-277,Hazelwood,R1D-M,5129,private,22600,triplex,3,False,,,,high_risk,not_allowed,,,,,,,,,,,,,,Combined sewershed (proxy for stormwater requirements),low,,-79.94569,40.420378
0055E00277000000,55-E-277,Hazelwood,R1D-M,5129,private,22600,townhome,2,False,49.7,51.7,53.7,feasible_with_conditions,special_exception+subdivision,0.83,0.885,0.93,model+placeholder,8.0,9.5,11.1,6571,12545,18538,-482549,-356399,-236262,Combined sewershed (proxy for stormwater requirements),low,,-79.94569,40.420378
0055E00277000000,55-E-277,Hazelwood,R1D-M,5129,private,22600,walkup,4,False,,,,high_risk,not_allowed,,,,,,,,,,,,,,Combined sewershed (proxy for stormwater requirements),low,,-79.94569,40.420378
0055F00003000000,55-F-3,Hazelwood,R1D-M,6730,private,22600,single_family,1,True,47.6,51.4,55.2,feasible_with_conditions,by_right,1.0,1.0,1.0,by_right,3.9,4.8,5.8,31959,50752,68523,-300622,-232062,-164648,Parcel spans more than one district or has uncovered rules,medium,,-79.945069,40.418819
0055F00003000000,55-F-3,Hazelwood,R1D-M,6730,private,22600,duplex,2,False,,,,high_risk,not_allowed,,,,,,,,,,,,,,Parcel spans more than one district or has uncovered rules,medium,,-79.945069,40.418819
0055F00003000000,55-F-3,Hazelwood,R1D-M,6730,private,22600,triplex,3,False,,,,high_risk,not_allowed,,,,,,,,,,,,,,Parcel spans more than one district or has uncovered rules,medium,,-79.945069,40.418819
0055F00003000000,55-F-3,Hazelwood,R1D-M,6730,private,22600,townhome,3,False,45.1,47.5,50.0,high_risk,special_exception+variance+subdivision,0.763,0.836,0.892,model+placeholder,8.7,10.3,12.0,31571,49959,68386,-741955,-549521,-381722,Parcel spans more than one district or has uncovered rules,medium,,-79.945069,40.418819
0055F00003000000,55-F-3,Hazelwood,R1D-M,6730,private,22600,walkup,4,False,,,,high_risk,not_allowed,,,,,,,,,,,,,,Parcel spans more than one district or has uncovered rules,medium,,-79.945069,40.418819
0055F00007000000,55-F-7,Hazelwood,R1D-M,3614,private,11500,single_family,1,True,55.4,57.7,59.8,feasible_with_conditions,by_right,1.0,1.0,1.0,by_right,3.1,4.0,5.0,16689,24946,33506,-279568,-209708,-146083,0% of lot on 25%+ slope,low,,-79.944674,40.418892
0055F00007000000,55-F-7,Hazelwood,R1D-M,3614,private,11500,duplex,2,False,,,,high_risk,not_allowed,,,,,,,,,,,,,,0% of lot on 25%+ slope,low,,-79.944674,40.418892
0055F00007000000,55-F-7,Hazelwood,R1D-M,3614,private,11500,triplex,3,False,,,,high_risk,not_allowed,,,,,,,,,,,,,,0% of lot on 25%+ slope,low,,-79.944674,40.418892
0055F00007000000,55-F-7,Hazelwood,R1D-M,3614,private,11500,townhome,2,False,46.4,48.4,50.5,high_risk,special_exception+variance+subdivision,0.763,0.836,0.892,model+placeholder,8.7,10.3,12.0,16560,24648,33348,-482556,-359963,-240941,0% of lot on 25%+ slope,low,,-79.944674,40.418892
0055F00007000000,55-F-7,Hazelwood,R1D-M,3614,private,11500,walkup,4,False,,,,high_risk,not_allowed,,,,,,,,,,,,,,0% of lot on 25%+ slope,low,,-79.944674,40.418892
0055F00009000000,55-F-9,Hazelwood,R1D-M,2306,private,9900,single_family,1,True,52.2,54.6,57.0,feasible_with_conditions,administrator_exception,0.838,0.89,0.934,placeholder,4.6,5.9,7.3,6427,12529,18709,-268236,-197554,-132569,$47 in tax liens,medium,,-79.944587,40.418972
0055F00009000000,55-F-9,Hazelwood,R1D-M,2306,private,9900,duplex,2,False,,,,high_risk,not_allowed,,,,,,,,,,,,,,$47 in tax liens,medium,,-79.944587,40.418972
0055F00009000000,55-F-9,Hazelwood,R1D-M,2306,private,9900,triplex,3,False,,,,high_risk,not_allowed,,,,,,,,,,,,,,$47 in tax liens,medium,,-79.944587,40.418972
0055F00009000000,55-F-9,Hazelwood,R1D-M,2306,private,9900,townhome,2,False,,,,high_risk,not_allowed,,,,,,,,,,,,,,$47 in tax liens,medium,,-79.944587,40.418972
0055F00009000000,55-F-9,Hazelwood,R1D-M,2306,private,9900,walkup,4,False,,,,high_risk,not_allowed,,,,,,,,,,,,,,$47 in tax liens,medium,,-79.944587,40.418972
0055F00059000000,55-F-59,Hazelwood,R1D-M,4957,private,22500,single_family,1,True,43.5,47.4,51.3,high_risk,by_right,1.0,1.0,1.0,by_right,4.8,6.1,7.3,44217,63190,82460,-316927,-243664,-177657,24% of lot over mapped mine workings (UM-O overlay),high,,-79.943781,40.418679
0055F00059000000,55-F-59,Hazelwood,R1D-M,4957,private,22500,duplex,2,False,,,,high_risk,not_allowed,,,,,,,,,,,,,,24% of lot over mapped mine workings (UM-O overlay),medium,,-79.943781,40.418679
0055F00059000000,55-F-59,Hazelwood,R1D-M,4957,private,22500,triplex,3,False,,,,high_risk,not_allowed,,,,,,,,,,,,,,24% of lot over mapped mine workings (UM-O overlay),medium,,-79.943781,40.418679
0055F00059000000,55-F-59,Hazelwood,R1D-M,4957,private,22500,townhome,2,False,42.9,46.1,48.8,high_risk,special_exception+subdivision,0.814,0.882,0.93,model+placeholder,7.9,9.5,11.0,44025,62031,81688,-524601,-398892,-285375,24% of lot over mapped mine workings (UM-O overlay),high,,-79.943781,40.418679
0055F00059000000,55-F-59,Hazelwood,R1D-M,4957,private,22500,walkup,4,False,,,,high_risk,not_allowed,,,,,,,,,,,,,,24% of lot over mapped mine workings (UM-O overlay),medium,,-79.943781,40.418679
0055F00065000000,55-F-65,Hazelwood,R1D-M,2364,private,11300,single_family,1,True,46.3,48.8,51.2,high_risk,administrator_exception+variance,0.725,0.798,0.858,model+placeholder,7.7,9.3,11.1,6571,12545,18538,-264027,-197200,-132735,Combined sewershed (proxy for stormwater requirements),low,,-79.944018,40.419231
0055F00065000000,55-F-65,Hazelwood,R1D-M,2364,private,11300,duplex,2,False,,,,high_risk,not_allowed,,,,,,,,,,,,,,Combined sewershed (proxy for stormwater requirements),low,,-79.944018,40.419231
0055F00065000000,55-F-65,Hazelwood,R1D-M,2364,private,11300,triplex,3,False,,,,high_risk,not_allowed,,,,,,,,,,,,,,Combined sewershed (proxy for stormwater requirements),low,,-79.944018,40.419231
0055F00065000000,55-F-65,Hazelwood,R1D-M,2364,private,11300,townhome,2,False,,,,high_risk,not_allowed,,,,,,,,,,,,,,Combined sewershed (proxy for stormwater requirements),low,,-79.944018,40.419231
0055F00065000000,55-F-65,Hazelwood,R1D-M,2364,private,11300,walkup,4,False,,,,high_risk,not_allowed,,,,,,,,,,,,,,Combined sewershed (proxy for stormwater requirements),low,,-79.944018,40.419231
0055F00076000000,55-F-76,Hazelwood,R1D-M,3034,private,13500,single_family,1,True,58.6,60.5,62.4,feasible_with_conditions,by_right,1.0,1.0,1.0,by_right,3.0,3.8,4.8,6525,12672,18590,-275923,-202555,-136413,Combined sewershed (proxy for stormwater requirements),low,,-79.94436,40.419917
0055F00076000000,55-F-76,Hazelwood,R1D-M,3034,private,13500,duplex,2,False,,,,high_risk,not_allowed,,,,,,,,,,,,,,Combined sewershed (proxy for stormwater requirements),low,,-79.94436,40.419917
0055F00076000000,55-F-76,Hazelwood,R1D-M,3034,private,13500,triplex,3,False,,,,high_risk,not_allowed,,,,,,,,,,,,,,Combined sewershed (proxy for stormwater requirements),low,,-79.94436,40.419917
0055F00076000000,55-F-76,Hazelwood,R1D-M,3034,private,13500,townhome,2,False,,,,high_risk,not_allowed,,,,,,,,,,,,,,Combined sewershed (proxy for stormwater requirements),low,,-79.94436,40.419917
0055F00076000000,55-F-76,Hazelwood,R1D-M,3034,private,13500,walkup,4,False,,,,high_risk,not_allowed,,,,,,,,,,,,,,Combined sewershed (proxy for stormwater requirements),low,,-79.94436,40.419917
0055F00080000000,55-F-80,Hazelwood,R1D-M,3079,private,14000,single_family,1,True,58.6,60.5,62.4,feasible_with_conditions,by_right,1.0,1.0,1.0,by_right,3.0,3.8,4.8,6525,12672,18590,-277624,-203662,-137170,Combined sewershed (proxy for stormwater requirements),low,,-79.94446,40.420109
0055F00080000000,55-F-80,Hazelwood,R1D-M,3079,private,14000,duplex,2,False,,,,high_risk,not_allowed,,,,,,,,,,,,,,Combined sewershed (proxy for stormwater requirements),low,,-79.94446,40.420109
0055F00080000000,55-F-80,Hazelwood,R1D-M,3079,private,14000,triplex,3,False,,,,high_risk,not_allowed,,,,,,,,,,,,,,Combined sewershed (proxy for stormwater requirements),low,,-79.94446,40.420109
0055F00080000000,55-F-80,Hazelwood,R1D-M,3079,private,14000,townhome,2,False,,,,high_risk,not_allowed,,,,,,,,,,,,,,Combined sewershed (proxy for stormwater requirements),low,,-79.94446,40.420109
0055F00080000000,55-F-80,Hazelwood,R1D-M,3079,private,14000,walkup,4,False,,,,high_risk,not_allowed,,,,,,,,,,,,,,Combined sewershed (proxy for stormwater requirements),low,,-79.94446,40.420109
0055F00272000000,55-F-272,Hazelwood,R1D-M,2694,private,15600,single_family,1,True,49.4,52.4,55.0,feasible_with_conditions,by_right,1.0,1.0,1.0,by_right,4.2,5.3,6.5,31078,41775,52558,-296174,-227937,-161770,100% of lot over mapped mine workings (UM-O overlay),medium,,-79.943116,40.419645
0055F00272000000,55-F-272,Hazelwood,R1D-M,2694,private,15600,duplex,2,False,,,,high_risk,not_allowed,,,,,,,,,,,,,,100% of lot over mapped mine workings (UM-O overlay),medium,,-79.943116,40.419645
0055F00272000000,55-F-272,Hazelwood,R1D-M,2694,private,15600,triplex,3,False,,,,high_risk,not_allowed,,,,,,,,,,,,,,100% of lot over mapped mine workings (UM-O overlay),medium,,-79.943116,40.419645
0055F00272000000,55-F-272,Hazelwood,R1D-M,2694,private,15600,townhome,2,False,,,,high_risk,not_allowed,,,,,,,,,,,,,,100% of lot over mapped mine workings (UM-O overlay),medium,,-79.943116,40.419645
0055F00272000000,55-F-272,Hazelwood,R1D-M,2694,private,15600,walkup,4,False,,,,high_risk,not_allowed,,,,,,,,,,,,,,100% of lot over mapped mine workings (UM-O overlay),medium,,-79.943116,40.419645
0055F00281000000,55-F-281,Hazelwood,R1D-M,2338,private,13300,single_family,1,True,53.6,55.8,57.9,feasible_with_conditions,administrator_exception,0.838,0.89,0.934,placeholder,4.0,5.0,6.1,6636,12651,18472,-269916,-201536,-136544,Combined sewershed (proxy for stormwater requirements),low,,-79.943857,40.420028
0055F00281000000,55-F-281,Hazelwood,R1D-M,2338,private,13300,duplex,2,False,,,,high_risk,not_allowed,,,,,,,,,,,,,,Combined sewershed (proxy for stormwater requirements),low,,-79.943857,40.420028
0055F00281000000,55-F-281,Hazelwood,R1D-M,2338,private,13300,triplex,3,False,,,,high_risk,not_allowed,,,,,,,,,,,,,,Combined sewershed (proxy for stormwater requirements),low,,-79.943857,40.420028
0055F00281000000,55-F-281,Hazelwood,R1D-M,2338,private,13300,townhome,2,False,,,,high_risk,not_allowed,,,,,,,,,,,,,,Combined sewershed (proxy for stormwater requirements),low,,-79.943857,40.420028
0055F00281000000,55-F-281,Hazelwood,R1D-M,2338,private,13300,walkup,4,False,,,,high_risk,not_allowed,,,,,,,,,,,,,,Combined sewershed (proxy for stormwater requirements),low,,-79.943857,40.420028
0055F00286000000,55-F-286,Hazelwood,R1D-M,4443,private,20700,single_family,1,True,58.6,60.5,62.4,feasible_with_conditions,by_right,1.0,1.0,1.0,by_right,3.0,3.8,4.8,6525,12672,18590,-276559,-203195,-137176,Combined sewershed (proxy for stormwater requirements),low,,-79.943867,40.419855
0055F00286000000,55-F-286,Hazelwood,R1D-M,4443,private,20700,duplex,2,False,,,,high_risk,not_allowed,,,,,,,,,,,,,,Combined sewershed (proxy for stormwater requirements),low,,-79.943867,40.419855
0055F00286000000,55-F-286,Hazelwood,R1D-M,4443,private,20700,triplex,3,False,,,,high_risk,not_allowed,,,,,,,,,,,,,,Combined sewershed (proxy for stormwater requirements),low,,-79.943867,40.419855
0055F00286000000,55-F-286,Hazelwood,R1D-M,4443,private,20700,townhome,2,False,47.8,49.8,51.9,high_risk,special_exception+variance+subdivision,0.763,0.836,0.892,model+placeholder,8.7,10.3,12.0,6568,12539,18531,-476895,-352806,-239746,Combined sewershed (proxy for stormwater requirements),low,,-79.943867,40.419855
0055F00286000000,55-F-286,Hazelwood,R1D-M,4443,private,20700,walkup,4,False,,,,high_risk,not_allowed,,,,,,,,,,,,,,Combined sewershed (proxy for stormwater requirements),low,,-79.943867,40.419855
0055F00291000000,55-F-291,Hazelwood,R1D-M,5319,private,2200,single_family,1,True,39.2,44.1,48.9,high_risk,by_right,1.0,1.0,1.0,by_right,4.3,5.4,6.5,61909,88043,114749,-340431,-270685,-199330,14% of lot over mapped mine workings (UM-O overlay),high,,-79.94372,40.419646
0055F00291000000,55-F-291,Hazelwood,R1D-M,5319,private,2200,duplex,2,False,,,,high_risk,not_allowed,,,,,,,,,,,,,,20% of lot on 25%+ slope,medium,,-79.94372,40.419646
0055F00291000000,55-F-291,Hazelwood,R1D-M,5319,private,2200,triplex,3,False,,,,high_risk,not_allowed,,,,,,,,,,,,,,20% of lot on 25%+ slope,medium,,-79.94372,40.419646
0055F00291000000,55-F-291,Hazelwood,R1D-M,5319,private,2200,townhome,2,False,40.0,43.5,46.8,high_risk,special_exception+subdivision,0.814,0.882,0.93,model+placeholder,8.0,9.5,11.0,62113,86442,113058,-550938,-422363,-301442,14% of lot over mapped mine workings (UM-O overlay),high,,-79.94372,40.419646
0055F00291000000,55-F-291,Hazelwood,R1D-M,5319,private,2200,walkup,4,False,,,,high_risk,not_allowed,,,,,,,,,,,,,,20% of lot on 25%+ slope,medium,,-79.94372,40.419646
0055F00293000000,55-F-293,Hazelwood,R1D-M,2086,private,800,single_family,1,True,35.0,39.4,43.5,high_risk,administrator_exception+variance,0.781,0.846,0.9,model+placeholder,7.7,9.3,11.1,46383,65677,85755,-312763,-244096,-179382,29% of lot on 25%+ slope,medium,,-79.943637,40.419541
0055F00293000000,55-F-293,Hazelwood,R1D-M,2086,private,800,duplex,2,False,,,,high_risk,not_allowed,,,,,,,,,,,,,,29% of lot on 25%+ slope,medium,,-79.943637,40.419541
0055F00293000000,55-F-293,Hazelwood,R1D-M,2086,private,800,triplex,3,False,,,,high_risk,not_allowed,,,,,,,,,,,,,,29% of lot on 25%+ slope,medium,,-79.943637,40.419541
0055F00293000000,55-F-293,Hazelwood,R1D-M,2086,private,800,townhome,2,False,,,,high_risk,not_allowed,,,,,,,,,,,,,,29% of lot on 25%+ slope,medium,,-79.943637,40.419541
0055F00293000000,55-F-293,Hazelwood,R1D-M,2086,private,800,walkup,4,False,,,,high_risk,not_allowed,,,,,,,,,,,,,,29% of lot on 25%+ slope,medium,,-79.943637,40.419541
0055F00316000000,55-F-316,Hazelwood,R1D-M,1819,private,10800,single_family,1,False,,,,high_risk,not_allowed,,,,,,,,,,,,,,100% of lot over mapped mine workings (UM-O overlay),medium,,-79.942075,40.419177
0055F00316000000,55-F-316,Hazelwood,R1D-M,1819,private,10800,duplex,2,False,,,,high_risk,not_allowed,,,,,,,,,,,,,,100% of lot over mapped mine workings (UM-O overlay),medium,,-79.942075,40.419177
0055F00316000000,55-F-316,Hazelwood,R1D-M,1819,private,10800,triplex,3,False,,,,high_risk,not_allowed,,,,,,,,,,,,,,100% of lot over mapped mine workings (UM-O overlay),medium,,-79.942075,40.419177
0055F00316000000,55-F-316,Hazelwood,R1D-M,1819,private,10800,townhome,2,False,,,,high_risk,not_allowed,,,,,,,,,,,,,,100% of lot over mapped mine workings (UM-O overlay),medium,,-79.942075,40.419177
0055F00316000000,55-F-316,Hazelwood,R1D-M,1819,private,10800,walkup,4,False,,,,high_risk,not_allowed,,,,,,,,,,,,,,100% of lot over mapped mine workings (UM-O overlay),medium,,-79.942075,40.419177
0055F00317000000,55-F-317,Hazelwood,R1D-M,1423,private,7100,single_family,1,False,,,,high_risk,not_allowed,,,,,,,,,,,,,,100% of lot over mapped mine workings (UM-O overlay),medium,,-79.941971,40.419148
0055F00317000000,55-F-317,Hazelwood,R1D-M,1423,private,7100,duplex,2,False,,,,high_risk,not_allowed,,,,,,,,,,,,,,100% of lot over mapped mine workings (UM-O overlay),medium,,-79.941971,40.419148
0055F00317000000,55-F-317,Hazelwood,R1D-M,1423,private,7100,triplex,3,False,,,,high_risk,not_allowed,,,,,,,,,,,,,,100% of lot over mapped mine workings (UM-O overlay),medium,,-79.941971,40.419148
0055F00317000000,55-F-317,Hazelwood,R1D-M,1423,private,7100,townhome,2,False,,,,high_risk,not_allowed,,,,,,,,,,,,,,100% of lot over mapped mine workings (UM-O overlay),medium,,-79.941971,40.419148
0055F00317000000,55-F-317,Hazelwood,R1D-M,1423,private,7100,walkup,4,False,,,,high_risk,not_allowed,,,,,,,,,,,,,,100% of lot over mapped mine workings (UM-O overlay),medium,,-79.941971,40.419148
0055F00318000000,55-F-318,Hazelwood,R1D-M,1122,private,7300,single_family,1,False,,,,high_risk,not_allowed,,,,,,,,,,,,,,100% of lot over mapped mine workings (UM-O overlay),medium,,-79.941859,40.419114
0055F00318000000,55-F-318,Hazelwood,R1D-M,1122,private,7300,duplex,2,False,,,,high_risk,not_allowed,,,,,,,,,,,,,,100% of lot over mapped mine workings (UM-O overlay),medium,,-79.941859,40.419114
0055F00318000000,55-F-318,Hazelwood,R1D-M,1122,private,7300,triplex,3,False,,,,high_risk,not_allowed,,,,,,,,,,,,,,100% of lot over mapped mine workings (UM-O overlay),medium,,-79.941859,40.419114
0055F00318000000,55-F-318,Hazelwood,R1D-M,1122,private,7300,townhome,2,False,,,,high_risk,not_allowed,,,,,,,,,,,,,,100% of lot over mapped mine workings (UM-O overlay),medium,,-79.941859,40.419114
0055F00318000000,55-F-318,Hazelwood,R1D-M,1122,private,7300,walkup,4,False,,,,high_risk,not_allowed,,,,,,,,,,,,,,100% of lot over mapped mine workings (UM-O overlay),medium,,-79.941859,40.419114
0055G00350000100,55-G-350-1,Hazelwood,R1D-M,151,private,2800,single_family,1,False,,,,high_risk,not_allowed,,,,,,,,,,,,,,100% of lot over mapped mine workings (UM-O overlay),medium,,-79.9398,40.41886
0055G00350000100,55-G-350-1,Hazelwood,R1D-M,151,private,2800,duplex,2,False,,,,high_risk,not_allowed,,,,,,,,,,,,,,100% of lot over mapped mine workings (UM-O overlay),medium,,-79.9398,40.41886
0055G00350000100,55-G-350-1,Hazelwood,R1D-M,151,private,2800,triplex,3,False,,,,high_risk,not_allowed,,,,,,,,,,,,,,100% of lot over mapped mine workings (UM-O overlay),medium,,-79.9398,40.41886
0055G00350000100,55-G-350-1,Hazelwood,R1D-M,151,private,2800,townhome,2,False,,,,high_risk,not_allowed,,,,,,,,,,,,,,100% of lot over mapped mine workings (UM-O overlay),medium,,-79.9398,40.41886
0055G00350000100,55-G-350-1,Hazelwood,R1D-M,151,private,2800,walkup,4,False,,,,high_risk,not_allowed,,,,,,,,,,,,,,100% of lot over mapped mine workings (UM-O overlay),medium,,-79.9398,40.41886
0055H00257000000,55-H-257,Hazelwood,P,1615,private,1000,single_family,1,True,27.4,34.5,41.9,high_risk,administrator_exception,0.838,0.89,0.934,placeholder,5.0,6.1,7.2,81051,124778,169734,-371172,-295316,-221845,67% of lot on 25%+ slope,high,,-79.93616,40.41907
0055H00257000000,55-H-257,Hazelwood,P,1615,private,1000,duplex,2,False,,,,high_risk,not_allowed,,,,,,,,,,,,,,67% of lot on 25%+ slope,high,,-79.93616,40.41907
0055H00257000000,55-H-257,Hazelwood,P,1615,private,1000,triplex,3,False,,,,high_risk,not_allowed,,,,,,,,,,,,,,67% of lot on 25%+ slope,high,,-79.93616,40.41907
0055H00257000000,55-H-257,Hazelwood,P,1615,private,1000,townhome,2,False,,,,high_risk,not_allowed,,,,,,,,,,,,,,67% of lot on 25%+ slope,high,,-79.93616,40.41907
0055H00257000000,55-H-257,Hazelwood,P,1615,private,1000,walkup,4,False,,,,high_risk,not_allowed,,,,,,,,,,,,,,67% of lot on 25%+ slope,high,,-79.93616,40.41907
0055H00269000000,55-H-269,Hazelwood,R1D-M,8534,private,15000,single_family,1,True,27.4,34.2,41.5,high_risk,by_right,1.0,1.0,1.0,by_right,4.8,6.1,7.3,100909,148018,196621,-392312,-312013,-234573,71% of lot on 25%+ slope,high,,-79.935024,40.41935
0055H00269000000,55-H-269,Hazelwood,R1D-M,8534,private,15000,duplex,2,False,,,,high_risk,not_allowed,,,,,,,,,,,,,,71% of lot on 25%+ slope,high,,-79.935024,40.41935
0055H00269000000,55-H-269,Hazelwood,R1D-M,8534,private,15000,triplex,3,False,,,,high_risk,not_allowed,,,,,,,,,,,,,,71% of lot on 25%+ slope,high,,-79.935024,40.41935
0055H00269000000,55-H-269,Hazelwood,R1D-M,8534,private,15000,townhome,4,False,40.9,44.2,47.2,high_risk,special_exception+variance+subdivision,0.82,0.887,0.934,model+placeholder,8.8,10.3,12.0,101261,146048,192103,-1034764,-777198,-542004,71% of lot on 25%+ slope,high,,-79.935024,40.41935
0055H00269000000,55-H-269,Hazelwood,R1D-M,8534,private,15000,walkup,4,False,,,,high_risk,not_allowed,,,,,,,,,,,,,,71% of lot on 25%+ slope,high,,-79.935024,40.41935
0055H00274000000,55-H-274,Hazelwood,R1D-M,1713,private,8500,single_family,1,False,,,,high_risk,not_allowed,,,,,,,,,,,,,,54% of lot on 25%+ slope,high,,-79.934813,40.419408
0055H00274000000,55-H-274,Hazelwood,R1D-M,1713,private,8500,duplex,2,False,,,,high_risk,not_allowed,,,,,,,,,,,,,,54% of lot on 25%+ slope,high,,-79.934813,40.419408
0055H00274000000,55-H-274,Hazelwood,R1D-M,1713,private,8500,triplex,3,False,,,,high_risk,not_allowed,,,,,,,,,,,,,,54% of lot on 25%+ slope,high,,-79.934813,40.419408
0055H00274000000,55-H-274,Hazelwood,R1D-M,1713,private,8500,townhome,2,False,,,,high_risk,not_allowed,,,,,,,,,,,,,,54% of lot on 25%+ slope,high,,-79.934813,40.419408
0055H00274000000,55-H-274,Hazelwood,R1D-M,1713,private,8500,walkup,4,False,,,,high_risk,not_allowed,,,,,,,,,,,,,,54% of lot on 25%+ slope,high,,-79.934813,40.419408
0055H00275000000,55-H-275,Hazelwood,R1D-M,1500,private,8400,single_family,1,False,,,,high_risk,not_allowed,,,,,,,,,,,,,,44% of lot on 25%+ slope,medium,,-79.934732,40.419431
0055H00275000000,55-H-275,Hazelwood,R1D-M,1500,private,8400,duplex,2,False,,,,high_risk,not_allowed,,,,,,,,,,,,,,44% of lot on 25%+ slope,medium,,-79.934732,40.419431
0055H00275000000,55-H-275,Hazelwood,R1D-M,1500,private,8400,triplex,3,False,,,,high_risk,not_allowed,,,,,,,,,,,,,,44% of lot on 25%+ slope,medium,,-79.934732,40.419431
0055H00275000000,55-H-275,Hazelwood,R1D-M,1500,private,8400,townhome,2,False,,,,high_risk,not_allowed,,,,,,,,,,,,,,44% of lot on 25%+ slope,medium,,-79.934732,40.419431
0055H00275000000,55-H-275,Hazelwood,R1D-M,1500,private,8400,walkup,4,False,,,,high_risk,not_allowed,,,,,,,,,,,,,,44% of lot on 25%+ slope,medium,,-79.934732,40.419431
0055H00296000000,55-H-296,Hazelwood,P,2442,private,3000,single_family,,False,,,,high_risk,not_allowed,,,,,,,,,,,,,,76% of lot on 25%+ slope,high,,-79.936233,40.418794
0055H00296000000,55-H-296,Hazelwood,P,2442,private,3000,duplex,,False,,,,high_risk,not_allowed,,,,,,,,,,,,,,76% of lot on 25%+ slope,high,,-79.936233,40.418794
0055H00296000000,55-H-296,Hazelwood,P,2442,private,3000,triplex,,False,,,,high_risk,not_allowed,,,,,,,,,,,,,,76% of lot on 25%+ slope,high,,-79.936233,40.418794
0055H00296000000,55-H-296,Hazelwood,P,2442,private,3000,townhome,,False,,,,high_risk,not_allowed,,,,,,,,,,,,,,76% of lot on 25%+ slope,high,,-79.936233,40.418794
0055H00296000000,55-H-296,Hazelwood,P,2442,private,3000,walkup,,False,,,,high_risk,not_allowed,,,,,,,,,,,,,,76% of lot on 25%+ slope,high,,-79.936233,40.418794
0055H00311000001,55-H-311-0-1,Hazelwood,R1D-M,1947,private,1000,single_family,1,True,45.1,48.0,50.8,high_risk,administrator_exception,0.838,0.89,0.934,placeholder,5.0,6.1,7.3,33707,44257,54601,-290910,-217612,-152267,100% of lot over mapped mine workings (UM-O overlay),medium,,-79.934449,40.41895
0055H00311000001,55-H-311-0-1,Hazelwood,R1D-M,1947,private,1000,duplex,2,False,,,,high_risk,not_allowed,,,,,,,,,,,,,,100% of lot over mapped mine workings (UM-O overlay),medium,,-79.934449,40.41895
0055H00311000001,55-H-311-0-1,Hazelwood,R1D-M,1947,private,1000,triplex,3,False,,,,high_risk,not_allowed,,,,,,,,,,,,,,100% of lot over mapped mine workings (UM-O overlay),medium,,-79.934449,40.41895
0055H00311000001,55-H-311-0-1,Hazelwood,R1D-M,1947,private,1000,townhome,2,False,,,,high_risk,not_allowed,,,,,,,,,,,,,,100% of lot over mapped mine workings (UM-O overlay),medium,,-79.934449,40.41895
0055H00311000001,55-H-311-0-1,Hazelwood,R1D-M,1947,private,1000,walkup,4,False,,,,high_risk,not_allowed,,,,,,,,,,,,,,100% of lot over mapped mine workings (UM-O overlay),medium,,-79.934449,40.41895
0055H00320000000,55-H-320,Hazelwood,R1D-M,2504,private,1200,single_family,1,True,38.5,43.0,47.3,high_risk,variance,0.893,0.957,0.983,model,6.2,7.7,9.3,49488,68941,88458,-304771,-233554,-170508,43% of lot on 25%+ slope,medium,,-79.934487,40.418837
0055H00320000000,55-H-320,Hazelwood,R1D-M,2504,private,1200,duplex,2,False,,,,high_risk,not_allowed,,,,,,,,,,,,,,43% of lot on 25%+ slope,medium,,-79.934487,40.418837
0055H00320000000,55-H-320,Hazelwood,R1D-M,2504,private,1200,triplex,3,False,,,,high_risk,not_allowed,,,,,,,,,,,,,,43% of lot on 25%+ slope,medium,,-79.934487,40.418837
0055H00320000000,55-H-320,Hazelwood,R1D-M,2504,private,1200,townhome,2,False,,,,high_risk,not_allowed,,,,,,,,,,,,,,43% of lot on 25%+ slope,medium,,-79.934487,40.418837
0055H00320000000,55-H-320,Hazelwood,R1D-M,2504,private,1200,walkup,4,False,,,,high_risk,not_allowed,,,,,,,,,,,,,,43% of lot on 25%+ slope,medium,,-79.934487,40.418837
0055J00096000000,55-J-96,Hazelwood,NDI,4976,private,4000,single_family,,False,,,,high_risk,not_allowed,,,,,,,,,,,,,,Parcel spans more than one district or has uncovered rules,medium,,-79.947279,40.417526
0055J00096000000,55-J-96,Hazelwood,NDI,4976,private,4000,duplex,,False,,,,high_risk,not_allowed,,,,,,,,,,,,,,Parcel spans more than one district or has uncovered rules,medium,,-79.947279,40.417526
0055J00096000000,55-J-96,Hazelwood,NDI,4976,private,4000,triplex,,False,,,,high_risk,not_allowed,,,,,,,,,,,,,,Parcel spans more than one district or has uncovered rules,medium,,-79.947279,40.417526
0055J00096000000,55-J-96,Hazelwood,NDI,4976,private,4000,townhome,,False,,,,high_risk,not_allowed,,,,,,,,,,,,,,Parcel spans more than one district or has uncovered rules,medium,,-79.947279,40.417526
0055J00096000000,55-J-96,Hazelwood,NDI,4976,private,4000,walkup,,False,,,,high_risk,not_allowed,,,,,,,,,,,,,,Parcel spans more than one district or has uncovered rules,medium,,-79.947279,40.417526
0055J00123000000,55-J-123,Hazelwood,NDI,7432,private,4300,single_family,,False,,,,high_risk,not_allowed,,,,,,,,,,,,,,57% of lot on 25%+ slope,high,,-79.947383,40.418014
0055J00123000000,55-J-123,Hazelwood,NDI,7432,private,4300,duplex,,False,,,,high_risk,not_allowed,,,,,,,,,,,,,,57% of lot on 25%+ slope,high,,-79.947383,40.418014
0055J00123000000,55-J-123,Hazelwood,NDI,7432,private,4300,triplex,,False,,,,high_risk,not_allowed,,,,,,,,,,,,,,57% of lot on 25%+ slope,high,,-79.947383,40.418014
0055J00123000000,55-J-123,Hazelwood,NDI,7432,private,4300,townhome,,False,,,,high_risk,not_allowed,,,,,,,,,,,,,,57% of lot on 25%+ slope,high,,-79.947383,40.418014
0055J00123000000,55-J-123,Hazelwood,NDI,7432,private,4300,walkup,,False,,,,high_risk,not_allowed,,,,,,,,,,,,,,57% of lot on 25%+ slope,high,,-79.947383,40.418014
0055J00126000000,55-J-126,Hazelwood,NDI,4822,private,1900,single_family,,False,,,,high_risk,not_allowed,,,,,,,,,,,,,,61% of lot on 25%+ slope,high,,-79.947299,40.417856
0055J00126000000,55-J-126,Hazelwood,NDI,4822,private,1900,duplex,,False,,,,high_risk,not_allowed,,,,,,,,,,,,,,61% of lot on 25%+ slope,high,,-79.947299,40.417856
0055J00126000000,55-J-126,Hazelwood,NDI,4822,private,1900,triplex,,False,,,,high_risk,not_allowed,,,,,,,,,,,,,,61% of lot on 25%+ slope,high,,-79.947299,40.417856
0055J00126000000,55-J-126,Hazelwood,NDI,4822,private,1900,townhome,,False,,,,high_risk,not_allowed,,,,,,,,,,,,,,61% of lot on 25%+ slope,high,,-79.947299,40.417856
0055J00126000000,55-J-126,Hazelwood,NDI,4822,private,1900,walkup,,False,,,,high_risk,not_allowed,,,,,,,,,,,,,,61% of lot on 25%+ slope,high,,-79.947299,40.417856
0055J00129000000,55-J-129,Hazelwood,NDI,4830,private,1900,single_family,,False,,,,high_risk,not_allowed,,,,,,,,,,,,,,Parcel spans more than one district or has uncovered rules,medium,,-79.947234,40.417732
0055J00129000000,55-J-129,Hazelwood,NDI,4830,private,1900,duplex,,False,,,,high_risk,not_allowed,,,,,,,,,,,,,,Parcel spans more than one district or has uncovered rules,medium,,-79.947234,40.417732
0055J00129000000,55-J-129,Hazelwood,NDI,4830,private,1900,triplex,,False,,,,high_risk,not_allowed,,,,,,,,,,,,,,Parcel spans more than one district or has uncovered rules,medium,,-79.947234,40.417732
0055J00129000000,55-J-129,Hazelwood,NDI,4830,private,1900,townhome,,False,,,,high_risk,not_allowed,,,,,,,,,,,,,,Parcel spans more than one district or has uncovered rules,medium,,-79.947234,40.417732
0055J00129000000,55-J-129,Hazelwood,NDI,4830,private,1900,walkup,,False,,,,high_risk,not_allowed,,,,,,,,,,,,,,Parcel spans more than one district or has uncovered rules,medium,,-79.947234,40.417732
0055J00131000000,55-J-131,Hazelwood,NDI,2272,private,1000,single_family,,False,,,,high_risk,not_allowed,,,,,,,,,,,,,,Parcel spans more than one district or has uncovered rules,medium,,-79.947107,40.417641
0055J00131000000,55-J-131,Hazelwood,NDI,2272,private,1000,duplex,,False,,,,high_risk,not_allowed,,,,,,,,,,,,,,Parcel spans more than one district or has uncovered rules,medium,,-79.947107,40.417641
0055J00131000000,55-J-131,Hazelwood,NDI,2272,private,1000,triplex,,False,,,,high_risk,not_allowed,,,,,,,,,,,,,,Parcel spans more than one district or has uncovered rules,medium,,-79.947107,40.417641
0055J00131000000,55-J-131,Hazelwood,NDI,2272,private,1000,townhome,,False,,,,high_risk,not_allowed,,,,,,,,,,,,,,Parcel spans more than one district or has uncovered rules,medium,,-79.947107,40.417641
0055J00131000000,55-J-131,Hazelwood,NDI,2272,private,1000,walkup,,False,,,,high_risk,not_allowed,,,,,,,,,,,,,,Parcel spans more than one district or has uncovered rules,medium,,-79.947107,40.417641
0055J00133000000,55-J-133,Hazelwood,NDI,2230,private,1000,single_family,,False,,,,high_risk,not_allowed,,,,,,,,,,,,,,Parcel spans more than one district or has uncovered rules,medium,,-79.947052,40.417542
0055J00133000000,55-J-133,Hazelwood,NDI,2230,private,1000,duplex,,False,,,,high_risk,not_allowed,,,,,,,,,,,,,,Parcel spans more than one district or has uncovered rules,medium,,-79.947052,40.417542
0055J00133000000,55-J-133,Hazelwood,NDI,2230,private,1000,triplex,,False,,,,high_risk,not_allowed,,,,,,,,,,,,,,Parcel spans more than one district or has uncovered rules,medium,,-79.947052,40.417542
0055J00133000000,55-J-133,Hazelwood,NDI,2230,private,1000,townhome,,False,,,,high_risk,not_allowed,,,,,,,,,,,,,,Parcel spans more than one district or has uncovered rules,medium,,-79.947052,40.417542
0055J00133000000,55-J-133,Hazelwood,NDI,2230,private,1000,walkup,,False,,,,high_risk,not_allowed,,,,,,,,,,,,,,Parcel spans more than one district or has uncovered rules,medium,,-79.947052,40.417542
0055J00140000000,55-J-140,Hazelwood,NDI,7204,private,4100,single_family,,False,,,,high_risk,not_allowed,,,,,,,,,,,,,,Parcel spans more than one district or has uncovered rules,medium,,-79.946989,40.417178
0055J00140000000,55-J-140,Hazelwood,NDI,7204,private,4100,duplex,,False,,,,high_risk,not_allowed,,,,,,,,,,,,,,Parcel spans more than one district or has uncovered rules,medium,,-79.946989,40.417178
0055J00140000000,55-J-140,Hazelwood,NDI,7204,private,4100,triplex,,False,,,,high_risk,not_allowed,,,,,,,,,,,,,,Parcel spans more than one district or has uncovered rules,medium,,-79.946989,40.417178
0055J00140000000,55-J-140,Hazelwood,NDI,7204,private,4100,townhome,,False,,,,high_risk,not_allowed,,,,,,,,,,,,,,Parcel spans more than one district or has uncovered rules,medium,,-79.946989,40.417178
0055J00140000000,55-J-140,Hazelwood,NDI,7204,private,4100,walkup,,False,,,,high_risk,not_allowed,,,,,,,,,,,,,,Parcel spans more than one district or has uncovered rules,medium,,-79.946989,40.417178
0055J00142000000,55-J-142,Hazelwood,NDI,2184,private,1000,single_family,,False,,,,high_risk,not_allowed,,,,,,,,,,,,,,Parcel spans more than one district or has uncovered rules,medium,,-79.946901,40.417089
0055J00142000000,55-J-142,Hazelwood,NDI,2184,private,1000,duplex,,False,,,,high_risk,not_allowed,,,,,,,,,,,,,,Parcel spans more than one district or has uncovered rules,medium,,-79.946901,40.417089
0055J00142000000,55-J-142,Hazelwood,NDI,2184,private,1000,triplex,,False,,,,high_risk,not_allowed,,,,,,,,,,,,,,Parcel spans more than one district or has uncovered rules,medium,,-79.946901,40.417089
0055J00142000000,55-J-142,Hazelwood,NDI,2184,private,1000,townhome,,False,,,,high_risk,not_allowed,,,,,,,,,,,,,,Parcel spans more than one district or has uncovered rules,medium,,-79.946901,40.417089
0055J00142000000,55-J-142,Hazelwood,NDI,2184,private,1000,walkup,,False,,,,high_risk,not_allowed,,,,,,,,,,,,,,Parcel spans more than one district or has uncovered rules,medium,,-79.946901,40.417089
0055J00152000000,55-J-152,Hazelwood,NDI,3134,city,3300,single_family,,False,,,,high_risk,not_allowed,,,,,,,,,,,,,,Parcel spans more than one district or has uncovered rules,medium,,-79.946454,40.416436
0055J00152000000,55-J-152,Hazelwood,NDI,3134,city,3300,duplex,,False,,,,high_risk,not_allowed,,,,,,,,,,,,,,Parcel spans more than one district or has uncovered rules,medium,,-79.946454,40.416436
0055J00152000000,55-J-152,Hazelwood,NDI,3134,city,3300,triplex,,False,,,,high_risk,not_allowed,,,,,,,,,,,,,,Parcel spans more than one district or has uncovered rules,medium,,-79.946454,40.416436
0055J00152000000,55-J-152,Hazelwood,NDI,3134,city,3300,townhome,,False,,,,high_risk,not_allowed,,,,,,,,,,,,,,Parcel spans more than one district or has uncovered rules,medium,,-79.946454,40.416436
0055J00152000000,55-J-152,Hazelwood,NDI,3134,city,3300,walkup,,False,,,,high_risk,not_allowed,,,,,,,,,,,,,,Parcel spans more than one district or has uncovered rules,medium,,-79.946454,40.416436
0055J00157000000,55-J-157,Hazelwood,R1D-H,5426,city,4000,single_family,1,True,35.5,41.2,47.1,high_risk,by_right,1.0,1.0,1.0,by_right,4.9,6.1,7.3,66822,99413,133739,-354779,-281679,-213888,50% of lot landslide-prone,high,,-79.946005,40.416374
0055J00157000000,55-J-157,Hazelwood,R1D-H,5426,city,4000,duplex,2,False,,,,high_risk,not_allowed,,,,,,,,,,,,,,50% of lot landslide-prone,high,,-79.946005,40.416374
0055J00157000000,55-J-157,Hazelwood,R1D-H,5426,city,4000,triplex,3,False,,,,high_risk,not_allowed,,,,,,,,,,,,,,50% of lot landslide-prone,high,,-79.946005,40.416374
0055J00157000000,55-J-157,Hazelwood,R1D-H,5426,city,4000,townhome,3,False,43.2,46.4,49.3,high_risk,special_exception+subdivision,0.862,0.913,0.949,model+placeholder,7.9,9.5,11.2,66726,98390,130996,-809034,-615277,-441743,50% of lot landslide-prone,high,,-79.946005,40.416374
0055J00157000000,55-J-157,Hazelwood,R1D-H,5426,city,4000,walkup,4,False,,,,high_risk,not_allowed,,,,,,,,,,,,,,50% of lot landslide-prone,high,,-79.946005,40.416374
0055J00161000000,55-J-161,Hazelwood,R1D-H,7539,private,4300,single_family,1,True,35.7,41.4,47.3,high_risk,by_right,1.0,1.0,1.0,by_right,4.9,6.1,7.3,65255,97845,132171,-353231,-279982,-211867,59% of lot landslide-prone,high,,-79.946096,40.416541
0055J00161000000,55-J-161,Hazelwood,R1D-H,7539,private,4300,duplex,2,False,,,,high_risk,not_allowed,,,,,,,,,,,,,,59% of lot landslide-prone,high,,-79.946096,40.416541
0055J00161000000,55-J-161,Hazelwood,R1D-H,7539,private,4300,triplex,3,False,,,,high_risk,not_allowed,,,,,,,,,,,,,,59% of lot landslide-prone,high,,-79.946096,40.416541
0055J00161000000,55-J-161,Hazelwood,R1D-H,7539,private,4300,townhome,4,False,45.0,47.7,50.2,high_risk,special_exception+subdivision,0.83,0.885,0.93,model+placeholder,7.9,9.5,11.2,65158,96822,129428,-1043624,-790521,-557792,59% of lot landslide-prone,high,,-79.946096,40.416541
0055J00161000000,55-J-161,Hazelwood,R1D-H,7539,private,4300,walkup,4,False,,,,high_risk,not_allowed,,,,,,,,,,,,,,59% of lot landslide-prone,high,,-79.946096,40.416541
0055J00167000000,55-J-167,Hazelwood,R1D-H,5241,private,4000,single_family,1,True,41.3,46.8,52.0,high_risk,by_right,1.0,1.0,1.0,by_right,4.2,5.3,6.5,44396,72678,101527,-335054,-261088,-191565,75% of lot landslide-prone,high,,-79.946233,40.416834
0055J00167000000,55-J-167,Hazelwood,R1D-H,5241,private,4000,duplex,2,False,,,,high_risk,not_allowed,,,,,,,,,,,,,,75% of lot landslide-prone,high,,-79.946233,40.416834
0055J00167000000,55-J-167,Hazelwood,R1D-H,5241,private,4000,triplex,3,False,,,,high_risk,not_allowed,,,,,,,,,,,,,,75% of lot landslide-prone,high,,-79.946233,40.416834
0055J00167000000,55-J-167,Hazelwood,R1D-H,5241,private,4000,townhome,2,False,41.5,45.2,48.7,high_risk,special_exception+subdivision,0.83,0.885,0.93,model+placeholder,7.9,9.5,11.0,45040,71337,100792,-547220,-420231,-306040,75% of lot landslide-prone,high,,-79.946233,40.416834
0055J00167000000,55-J-167,Hazelwood,R1D-H,5241,private,4000,walkup,4,False,,,,high_risk,not_allowed,,,,,,,,,,,,,,75% of lot landslide-prone,high,,-79.946233,40.416834
0055J00168000000,55-J-168,Hazelwood,R1D-H,2671,city,3100,single_family,1,True,39.1,44.4,49.7,high_risk,by_right,1.0,1.0,1.0,by_right,4.9,6.0,7.3,51382,80154,109268,-336958,-264406,-199169,76% of lot landslide-prone,high,,-79.946285,40.416928
0055J00168000000,55-J-168,Hazelwood,R1D-H,2671,city,3100,duplex,2,False,,,,high_risk,not_allowed,,,,,,,,,,,,,,76% of lot landslide-prone,high,,-79.946285,40.416928
0055J00168000000,55-J-168,Hazelwood,R1D-H,2671,city,3100,triplex,3,False,,,,high_risk,not_allowed,,,,,,,,,,,,,,76% of lot landslide-prone,high,,-79.946285,40.416928
0055J00168000000,55-J-168,Hazelwood,R1D-H,2671,city,3100,townhome,2,False,,,,high_risk,not_allowed,,,,,,,,,,,,,,76% of lot landslide-prone,high,,-79.946285,40.416928
0055J00168000000,55-J-168,Hazelwood,R1D-H,2671,city,3100,walkup,4,False,,,,high_risk,not_allowed,,,,,,,,,,,,,,76% of lot landslide-prone,high,,-79.946285,40.416928
0055J00169000000,55-J-169,Hazelwood,R1D-H,2760,city,1100,single_family,1,True,35.5,41.4,47.3,high_risk,by_right,1.0,1.0,1.0,by_right,4.9,6.1,7.3,66301,98452,132010,-356077,-280616,-212935,79% of lot landslide-prone,high,,-79.946319,40.416993
0055J00169000000,55-J-169,Hazelwood,R1D-H,2760,city,1100,duplex,2,False,,,,high_risk,not_allowed,,,,,,,,,,,,,,79% of lot landslide-prone,high,,-79.946319,40.416993
0055J00169000000,55-J-169,Hazelwood,R1D-H,2760,city,1100,triplex,3,False,,,,high_risk,not_allowed,,,,,,,,,,,,,,79% of lot landslide-prone,high,,-79.946319,40.416993
0055J00169000000,55-J-169,Hazelwood,R1D-H,2760,city,1100,townhome,2,False,,,,high_risk,not_allowed,,,,,,,,,,,,,,79% of lot landslide-prone,high,,-79.946319,40.416993
0055J00169000000,55-J-169,Hazelwood,R1D-H,2760,city,1100,walkup,4,False,,,,high_risk,not_allowed,,,,,,,,,,,,,,79% of lot landslide-prone,high,,-79.946319,40.416993
0055J00171000000,55-J-171,Hazelwood,H,1056,city,300,single_family,1,False,,,,high_risk,not_allowed,,,,,,,,,,,,,,100% of lot landslide-prone,high,,-79.946293,40.417141
0055J00171000000,55-J-171,Hazelwood,H,1056,city,300,duplex,2,False,,,,high_risk,not_allowed,,,,,,,,,,,,,,100% of lot landslide-prone,high,,-79.946293,40.417141
0055J00171000000,55-J-171,Hazelwood,H,1056,city,300,triplex,3,False,,,,high_risk,not_allowed,,,,,,,,,,,,,,100% of lot landslide-prone,high,,-79.946293,40.417141
0055J00171000000,55-J-171,Hazelwood,H,1056,city,300,townhome,2,False,,,,high_risk,not_allowed,,,,,,,,,,,,,,100% of lot landslide-prone,high,,-79.946293,40.417141
0055J00171000000,55-J-171,Hazelwood,H,1056,city,300,walkup,4,False,,,,high_risk,not_allowed,,,,,,,,,,,,,,100% of lot landslide-prone,high,,-79.946293,40.417141
0055J00171000A00,55-J-171-A,Hazelwood,H,1101,city,300,single_family,1,False,,,,high_risk,not_allowed,,,,,,,,,,,,,,75% of lot landslide-prone,high,,-79.946469,40.417086
0055J00171000A00,55-J-171-A,Hazelwood,H,1101,city,300,duplex,2,False,,,,high_risk,not_allowed,,,,,,,,,,,,,,75% of lot landslide-prone,high,,-79.946469,40.417086
0055J00171000A00,55-J-171-A,Hazelwood,H,1101,city,300,triplex,3,False,,,,high_risk,not_allowed,,,,,,,,,,,,,,75% of lot landslide-prone,high,,-79.946469,40.417086
0055J00171000A00,55-J-171-A,Hazelwood,H,1101,city,300,townhome,2,False,,,,high_risk,not_allowed,,,,,,,,,,,,,,75% of lot landslide-prone,high,,-79.946469,40.417086
0055J00171000A00,55-J-171-A,Hazelwood,H,1101,city,300,walkup,4,False,,,,high_risk,not_allowed,,,,,,,,,,,,,,75% of lot landslide-prone,high,,-79.946469,40.417086
0055J00172000000,55-J-172,Hazelwood,H,2339,private,600,single_family,1,True,31.1,36.7,42.6,high_risk,administrator_exception,0.732,0.792,0.848,placeholder,4.7,5.6,6.7,64862,98150,130291,-352986,-277853,-208612,91% of lot landslide-prone,high,,-79.946409,40.417167
0055J00172000000,55-J-172,Hazelwood,H,2339,private,600,duplex,2,False,,,,high_risk,not_allowed,,,,,,,,,,,,,,91% of lot landslide-prone,high,,-79.946409,40.417167
0055J00172000000,55-J-172,Hazelwood,H,2339,private,600,triplex,3,False,,,,high_risk,not_allowed,,,,,,,,,,,,,,91% of lot landslide-prone,high,,-79.946409,40.417167
0055J00172000000,55-J-172,Hazelwood,H,2339,private,600,townhome,2,False,,,,high_risk,not_allowed,,,,,,,,,,,,,,91% of lot landslide-prone,high,,-79.946409,40.417167
0055J00172000000,55-J-172,Hazelwood,H,2339,private,600,walkup,4,False,,,,high_risk,not_allowed,,,,,,,,,,,,,,91% of lot landslide-prone,high,,-79.946409,40.417167
0055J00173000000,55-J-173,Hazelwood,H,2401,city,600,single_family,1,True,29.2,35.0,40.8,high_risk,administrator_exception,0.732,0.792,0.848,placeholder,5.1,6.1,7.4,73220,105896,139201,-358254,-285179,-213813,96% of lot landslide-prone,high,,-79.946435,40.417225
0055J00173000000,55-J-173,Hazelwood,H,2401,city,600,duplex,2,False,,,,high_risk,not_allowed,,,,,,,,,,,,,,96% of lot landslide-prone,high,,-79.946435,40.417225
0055J00173000000,55-J-173,Hazelwood,H,2401,city,600,triplex,3,False,,,,high_risk,not_allowed,,,,,,,,,,,,,,96% of lot landslide-prone,high,,-79.946435,40.417225
0055J00173000000,55-J-173,Hazelwood,H,2401,city,600,townhome,2,False,,,,high_risk,not_allowed,,,,,,,,,,,,,,96% of lot landslide-prone,high,,-79.946435,40.417225
0055J00173000000,55-J-173,Hazelwood,H,2401,city,600,walkup,4,False,,,,high_risk,not_allowed,,,,,,,,,,,,,,96% of lot landslide-prone,high,,-79.946435,40.417225
0055J00174000000,55-J-174,Hazelwood,H,2181,private,1000,single_family,1,True,30.4,36.3,42.1,high_risk,administrator_exception,0.732,0.792,0.848,placeholder,5.1,6.1,7.4,65217,97892,131197,-351504,-278568,-207550,99% of lot landslide-prone,high,,-79.946467,40.417279
0055J00174000000,55-J-174,Hazelwood,H,2181,private,1000,duplex,2,False,,,,high_risk,not_allowed,,,,,,,,,,,,,,99% of lot landslide-prone,high,,-79.946467,40.417279
0055J00174000000,55-J-174,Hazelwood,H,2181,private,1000,triplex,3,False,,,,high_risk,not_allowed,,,,,,,,,,,,,,99% of lot landslide-prone,high,,-79.946467,40.417279
0055J00174000000,55-J-174,Hazelwood,H,2181,private,1000,townhome,2,False,,,,high_risk,not_allowed,,,,,,,,,,,,,,99% of lot landslide-prone,high,,-79.946467,40.417279
0055J00174000000,55-J-174,Hazelwood,H,2181,private,1000,walkup,4,False,,,,high_risk,not_allowed,,,,,,,,,,,,,,99% of lot landslide-prone,high,,-79.946467,40.417279
0055J00176000000,55-J-176,Hazelwood,H,2237,city,600,single_family,1,True,20.2,26.9,34.4,high_risk,administrator_exception,0.732,0.792,0.848,placeholder,5.4,6.4,7.6,110171,159285,213652,-414353,-335191,-252523,50% of lot on 25%+ slope,high,,-79.946518,40.417387
0055J00176000000,55-J-176,Hazelwood,H,2237,city,600,duplex,2,False,,,,high_risk,not_allowed,,,,,,,,,,,,,,50% of lot on 25%+ slope,high,,-79.946518,40.417387
0055J00176000000,55-J-176,Hazelwood,H,2237,city,600,triplex,3,False,,,,high_risk,not_allowed,,,,,,,,,,,,,,50% of lot on 25%+ slope,high,,-79.946518,40.417387
0055J00176000000,55-J-176,Hazelwood,H,2237,city,600,townhome,2,False,,,,high_risk,not_allowed,,,,,,,,,,,,,,50% of lot on 25%+ slope,high,,-79.946518,40.417387
0055J00176000000,55-J-176,Hazelwood,H,2237,city,600,walkup,4,False,,,,high_risk,not_allowed,,,,,,,,,,,,,,50% of lot on 25%+ slope,high,,-79.946518,40.417387
0055J00248000000,55-J-248,Hazelwood,H,1997,city,900,single_family,1,True,17.9,20.6,27.4,high_risk,administrator_exception,0.732,0.792,0.848,placeholder,5.6,6.6,7.7,162079,217246,277378,-469981,-386003,-302053,100% of lot on 25%+ slope,high,,-79.946086,40.417527
0055J00248000000,55-J-248,Hazelwood,H,1997,city,900,duplex,2,False,,,,high_risk,not_allowed,,,,,,,,,,,,,,100% of lot on 25%+ slope,high,,-79.946086,40.417527
0055J00248000000,55-J-248,Hazelwood,H,1997,city,900,triplex,3,False,,,,high_risk,not_allowed,,,,,,,,,,,,,,100% of lot on 25%+ slope,high,,-79.946086,40.417527
0055J00248000000,55-J-248,Hazelwood,H,1997,city,900,townhome,2,False,,,,high_risk,not_allowed,,,,,,,,,,,,,,100% of lot on 25%+ slope,high,,-79.946086,40.417527
0055J00248000000,55-J-248,Hazelwood,H,1997,city,900,walkup,4,False,,,,high_risk,not_allowed,,,,,,,,,,,,,,100% of lot on 25%+ slope,high,,-79.946086,40.417527
0055J00249000000,55-J-249,Hazelwood,H,2188,city,800,single_family,1,True,17.9,20.6,27.4,high_risk,administrator_exception,0.732,0.792,0.848,placeholder,5.6,6.6,7.7,162080,217247,277379,-467373,-383497,-300068,92% of lot on 25%+ slope,high,,-79.946063,40.41747
0055J00249000000,55-J-249,Hazelwood,H,2188,city,800,duplex,2,False,,,,high_risk,not_allowed,,,,,,,,,,,,,,92% of lot on 25%+ slope,high,,-79.946063,40.41747
0055J00249000000,55-J-249,Hazelwood,H,2188,city,800,triplex,3,False,,,,high_risk,not_allowed,,,,,,,,,,,,,,92% of lot on 25%+ slope,high,,-79.946063,40.41747
0055J00249000000,55-J-249,Hazelwood,H,2188,city,800,townhome,2,False,,,,high_risk,not_allowed,,,,,,,,,,,,,,92% of lot on 25%+ slope,high,,-79.946063,40.41747
0055J00249000000,55-J-249,Hazelwood,H,2188,city,800,walkup,4,False,,,,high_risk,not_allowed,,,,,,,,,,,,,,92% of lot on 25%+ slope,high,,-79.946063,40.41747
0055J00250000000,55-J-250,Hazelwood,H,3862,city,3600,single_family,1,True,20.3,22.9,29.2,high_risk,administrator_exception,0.838,0.89,0.934,placeholder,5.6,6.7,7.8,161651,218876,276857,-468252,-384437,-303074,81% of lot on 25%+ slope,high,,-79.946025,40.417385
0055J00250000000,55-J-250,Hazelwood,H,3862,city,3600,duplex,2,False,,,,high_risk,not_allowed,,,,,,,,,,,,,,81% of lot on 25%+ slope,high,,-79.946025,40.417385
0055J00250000000,55-J-250,Hazelwood,H,3862,city,3600,triplex,3,False,,,,high_risk,not_allowed,,,,,,,,,,,,,,81% of lot on 25%+ slope,high,,-79.946025,40.417385
0055J00250000000,55-J-250,Hazelwood,H,3862,city,3600,townhome,2,False,,,,high_risk,not_allowed,,,,,,,,,,,,,,81% of lot on 25%+ slope,high,,-79.946025,40.417385
0055J00250000000,55-J-250,Hazelwood,H,3862,city,3600,walkup,4,False,,,,high_risk,not_allowed,,,,,,,,,,,,,,81% of lot on 25%+ slope,high,,-79.946025,40.417385
0055J00252000000,55-J-252,Hazelwood,H,2058,city,800,single_family,1,True,17.9,20.6,27.4,high_risk,administrator_exception,0.732,0.792,0.848,placeholder,5.6,6.6,7.7,162076,217243,277375,-468585,-385685,-302351,100% of lot on 25%+ slope,high,,-79.945988,40.417298
0055J00252000000,55-J-252,Hazelwood,H,2058,city,800,duplex,2,False,,,,high_risk,not_allowed,,,,,,,,,,,,,,100% of lot on 25%+ slope,high,,-79.945988,40.417298
0055J00252000000,55-J-252,Hazelwood,H,2058,city,800,triplex,3,False,,,,high_risk,not_allowed,,,,,,,,,,,,,,100% of lot on 25%+ slope,high,,-79.945988,40.417298
0055J00252000000,55-J-252,Hazelwood,H,2058,city,800,townhome,2,False,,,,high_risk,not_allowed,,,,,,,,,,,,,,100% of lot on 25%+ slope,high,,-79.945988,40.417298
0055J00252000000,55-J-252,Hazelwood,H,2058,city,800,walkup,4,False,,,,high_risk,not_allowed,,,,,,,,,,,,,,100% of lot on 25%+ slope,high,,-79.945988,40.417298
0055J00253000000,55-J-253,Hazelwood,H,1844,city,700,single_family,1,True,17.9,20.6,27.4,high_risk,administrator_exception,0.732,0.792,0.848,placeholder,5.6,6.6,7.7,162076,217243,277375,-469780,-387123,-303147,100% of lot on 25%+ slope,high,,-79.945961,40.417238
0055J00253000000,55-J-253,Hazelwood,H,1844,city,700,duplex,2,False,,,,high_risk,not_allowed,,,,,,,,,,,,,,100% of lot on 25%+ slope,high,,-79.945961,40.417238
0055J00253000000,55-J-253,Hazelwood,H,1844,city,700,triplex,3,False,,,,high_risk,not_allowed,,,,,,,,,,,,,,100% of lot on 25%+ slope,high,,-79.945961,40.417238
0055J00253000000,55-J-253,Hazelwood,H,1844,city,700,townhome,2,False,,,,high_risk,not_allowed,,,,,,,,,,,,,,100% of lot on 25%+ slope,high,,-79.945961,40.417238
0055J00253000000,55-J-253,Hazelwood,H,1844,city,700,walkup,4,False,,,,high_risk,not_allowed,,,,,,,,,,,,,,100% of lot on 25%+ slope,high,,-79.945961,40.417238
0055J00254000000,55-J-254,Hazelwood,H,1690,city,800,single_family,1,True,17.9,20.6,27.4,high_risk,administrator_exception,0.732,0.792,0.848,placeholder,5.6,6.6,7.7,162077,217243,277376,-469788,-386931,-302742,100% of lot on 25%+ slope,high,,-79.945936,40.417183
0055J00254000000,55-J-254,Hazelwood,H,1690,city,800,duplex,2,False,,,,high_risk,not_allowed,,,,,,,,,,,,,,100% of lot on 25%+ slope,high,,-79.945936,40.417183
0055J00254000000,55-J-254,Hazelwood,H,1690,city,800,triplex,3,False,,,,high_risk,not_allowed,,,,,,,,,,,,,,100% of lot on 25%+ slope,high,,-79.945936,40.417183
0055J00254000000,55-J-254,Hazelwood,H,1690,city,800,townhome,2,False,,,,high_risk,not_allowed,,,,,,,,,,,,,,100% of lot on 25%+ slope,high,,-79.945936,40.417183
0055J00254000000,55-J-254,Hazelwood,H,1690,city,800,walkup,4,False,,,,high_risk,not_allowed,,,,,,,,,,,,,,100% of lot on 25%+ slope,high,,-79.945936,40.417183
0055J00260000000,55-J-260,Hazelwood,H,2343,city,400,single_family,1,True,17.9,20.6,27.4,high_risk,administrator_exception,0.732,0.792,0.848,placeholder,5.6,6.6,7.7,162130,217297,277429,-468476,-384300,-300341,81% of lot on 25%+ slope,high,,-79.945742,40.417637
0055J00260000000,55-J-260,Hazelwood,H,2343,city,400,duplex,2,False,,,,high_risk,not_allowed,,,,,,,,,,,,,,81% of lot on 25%+ slope,high,,-79.945742,40.417637
0055J00260000000,55-J-260,Hazelwood,H,2343,city,400,triplex,3,False,,,,high_risk,not_allowed,,,,,,,,,,,,,,81% of lot on 25%+ slope,high,,-79.945742,40.417637
0055J00260000000,55-J-260,Hazelwood,H,2343,city,400,townhome,2,False,,,,high_risk,not_allowed,,,,,,,,,,,,,,81% of lot on 25%+ slope,high,,-79.945742,40.417637
0055J00260000000,55-J-260,Hazelwood,H,2343,city,400,walkup,4,False,,,,high_risk,not_allowed,,,,,,,,,,,,,,81% of lot on 25%+ slope,high,,-79.945742,40.417637
0055J00261000000,55-J-261,Hazelwood,H,2368,city,400,single_family,1,True,17.9,20.4,27.1,high_risk,administrator_exception,0.732,0.792,0.848,placeholder,5.6,6.6,7.7,165063,220230,280362,-470025,-386136,-302685,93% of lot on 25%+ slope,high,,-79.94573,40.417575
0055J00261000000,55-J-261,Hazelwood,H,2368,city,400,duplex,2,False,,,,high_risk,not_allowed,,,,,,,,,,,,,,93% of lot on 25%+ slope,high,,-79.94573,40.417575
0055J00261000000,55-J-261,Hazelwood,H,2368,city,400,triplex,3,False,,,,high_risk,not_allowed,,,,,,,,,,,,,,93% of lot on 25%+ slope,high,,-79.94573,40.417575
0055J00261000000,55-J-261,Hazelwood,H,2368,city,400,townhome,2,False,,,,high_risk,not_allowed,,,,,,,,,,,,,,93% of lot on 25%+ slope,high,,-79.94573,40.417575
0055J00261000000,55-J-261,Hazelwood,H,2368,city,400,walkup,4,False,,,,high_risk,not_allowed,,,,,,,,,,,,,,93% of lot on 25%+ slope,high,,-79.94573,40.417575
0055J00263000000,55-J-263,Hazelwood,H,2017,city,400,single_family,1,True,17.9,20.6,27.4,high_risk,administrator_exception,0.732,0.792,0.848,placeholder,5.6,6.6,7.7,162078,217245,277377,-469084,-386204,-303093,100% of lot on 25%+ slope,high,,-79.945703,40.417454
0055J00263000000,55-J-263,Hazelwood,H,2017,city,400,duplex,2,False,,,,high_risk,not_allowed,,,,,,,,,,,,,,100% of lot on 25%+ slope,high,,-79.945703,40.417454
0055J00263000000,55-J-263,Hazelwood,H,2017,city,400,triplex,3,False,,,,high_risk,not_allowed,,,,,,,,,,,,,,100% of lot on 25%+ slope,high,,-79.945703,40.417454
0055J00263000000,55-J-263,Hazelwood,H,2017,city,400,townhome,2,False,,,,high_risk,not_allowed,,,,,,,,,,,,,,100% of lot on 25%+ slope,high,,-79.945703,40.417454
0055J00263000000,55-J-263,Hazelwood,H,2017,city,400,walkup,4,False,,,,high_risk,not_allowed,,,,,,,,,,,,,,100% of lot on 25%+ slope,high,,-79.945703,40.417454
0055J00264000000,55-J-264,Hazelwood,H,2166,city,400,single_family,1,True,17.9,20.6,27.4,high_risk,administrator_exception,0.732,0.792,0.848,placeholder,5.6,6.6,7.7,162079,217245,277377,-468038,-384935,-301885,99% of lot on 25%+ slope,high,,-79.945689,40.417394
0055J00264000000,55-J-264,Hazelwood,H,2166,city,400,duplex,2,False,,,,high_risk,not_allowed,,,,,,,,,,,,,,99% of lot on 25%+ slope,high,,-79.945689,40.417394
0055J00264000000,55-J-264,Hazelwood,H,2166,city,400,triplex,3,False,,,,high_risk,not_allowed,,,,,,,,,,,,,,99% of lot on 25%+ slope,high,,-79.945689,40.417394
0055J00264000000,55-J-264,Hazelwood,H,2166,city,400,townhome,2,False,,,,high_risk,not_allowed,,,,,,,,,,,,,,99% of lot on 25%+ slope,high,,-79.945689,40.417394
0055J00264000000,55-J-264,Hazelwood,H,2166,city,400,walkup,4,False,,,,high_risk,not_allowed,,,,,,,,,,,,,,99% of lot on 25%+ slope,high,,-79.945689,40.417394
0055J00265000000,55-J-265,Hazelwood,H,2016,city,400,single_family,1,True,17.9,20.6,27.4,high_risk,administrator_exception,0.732,0.792,0.848,placeholder,5.6,6.6,7.7,162078,217245,277377,-467185,-383828,-300557,99% of lot on 25%+ slope,high,,-79.945673,40.417331
0055J00265000000,55-J-265,Hazelwood,H,2016,city,400,duplex,2,False,,,,high_risk,not_allowed,,,,,,,,,,,,,,99% of lot on 25%+ slope,high,,-79.945673,40.417331
0055J00265000000,55-J-265,Hazelwood,H,2016,city,400,triplex,3,False,,,,high_risk,not_allowed,,,,,,,,,,,,,,99% of lot on 25%+ slope,high,,-79.945673,40.417331
0055J00265000000,55-J-265,Hazelwood,H,2016,city,400,townhome,2,False,,,,high_risk,not_allowed,,,,,,,,,,,,,,99% of lot on 25%+ slope,high,,-79.945673,40.417331
0055J00265000000,55-J-265,Hazelwood,H,2016,city,400,walkup,4,False,,,,high_risk,not_allowed,,,,,,,,,,,,,,99% of lot on 25%+ slope,high,,-79.945673,40.417331
0055J00266000000,55-J-266,Hazelwood,H,1838,city,300,single_family,1,True,17.9,20.6,27.4,high_risk,administrator_exception,0.732,0.792,0.848,placeholder,5.6,6.6,7.7,162075,217242,277374,-466458,-383137,-299715,99% of lot on 25%+ slope,high,,-79.945659,40.41727
0055J00266000000,55-J-266,Hazelwood,H,1838,city,300,duplex,2,False,,,,high_risk,not_allowed,,,,,,,,,,,,,,99% of lot on 25%+ slope,high,,-79.945659,40.41727
0055J00266000000,55-J-266,Hazelwood,H,1838,city,300,triplex,3,False,,,,high_risk,not_allowed,,,,,,,,,,,,,,99% of lot on 25%+ slope,high,,-79.945659,40.41727
0055J00266000000,55-J-266,Hazelwood,H,1838,city,300,townhome,2,False,,,,high_risk,not_allowed,,,,,,,,,,,,,,99% of lot on 25%+ slope,high,,-79.945659,40.41727
0055J00266000000,55-J-266,Hazelwood,H,1838,city,300,walkup,4,False,,,,high_risk,not_allowed,,,,,,,,,,,,,,99% of lot on 25%+ slope,high,,-79.945659,40.41727
0055J00267000000,55-J-267,Hazelwood,H,3772,city,500,single_family,1,True,20.3,22.9,29.3,high_risk,administrator_exception,0.838,0.89,0.934,placeholder,5.6,6.7,7.8,160787,218012,275993,-466483,-382794,-302469,81% of lot on 25%+ slope,high,,-79.945774,40.417167
0055J00267000000,55-J-267,Hazelwood,H,3772,city,500,duplex,2,False,,,,high_risk,not_allowed,,,,,,,,,,,,,,81% of lot on 25%+ slope,high,,-79.945774,40.417167
0055J00267000000,55-J-267,Hazelwood,H,3772,city,500,triplex,3,False,,,,high_risk,not_allowed,,,,,,,,,,,,,,81% of lot on 25%+ slope,high,,-79.945774,40.417167
0055J00267000000,55-J-267,Hazelwood,H,3772,city,500,townhome,2,False,,,,high_risk,not_allowed,,,,,,,,,,,,,,81% of lot on 25%+ slope,high,,-79.945774,40.417167
0055J00267000000,55-J-267,Hazelwood,H,3772,city,500,walkup,4,False,,,,high_risk,not_allowed,,,,,,,,,,,,,,81% of lot on 25%+ slope,high,,-79.945774,40.417167
0055J00273000000,55-J-273,Hazelwood,R1D-H,9720,city,4400,single_family,1,True,35.0,40.5,46.4,high_risk,by_right,1.0,1.0,1.0,by_right,4.9,6.1,7.3,70652,103243,137569,-361069,-288128,-220062,100% of lot landslide-prone,high,,-79.945762,40.416549
0055J00273000000,55-J-273,Hazelwood,R1D-H,9720,city,4400,duplex,2,False,,,,high_risk,not_allowed,,,,,,,,,,,,,,100% of lot landslide-prone,high,,-79.945762,40.416549
0055J00273000000,55-J-273,Hazelwood,R1D-H,9720,city,4400,triplex,3,False,,,,high_risk,not_allowed,,,,,,,,,,,,,,100% of lot landslide-prone,high,,-79.945762,40.416549
0055J00273000000,55-J-273,Hazelwood,R1D-H,9720,city,4400,townhome,5,False,46.0,48.5,50.8,high_risk,special_exception+subdivision,0.83,0.885,0.93,model+placeholder,7.9,9.5,11.2,70555,102220,134826,-1303087,-987269,-696909,100% of lot landslide-prone,high,,-79.945762,40.416549
0055J00273000000,55-J-273,Hazelwood,R1D-H,9720,city,4400,walkup,4,False,,,,high_risk,not_allowed,,,,,,,,,,,,,,100% of lot landslide-prone,high,,-79.945762,40.416549
0055J00282000000,55-J-282,Hazelwood,H,4375,private,4300,single_family,1,True,23.2,30.2,37.8,high_risk,administrator_exception,0.838,0.89,0.934,placeholder,5.0,6.1,7.3,106252,155916,208678,-411897,-331371,-255331,77% of lot on 25%+ slope,high,,-79.945316,40.417448
0055J00282000000,55-J-282,Hazelwood,H,4375,private,4300,duplex,2,False,,,,high_risk,not_allowed,,,,,,,,,,,,,,77% of lot on 25%+ slope,high,,-79.945316,40.417448
0055J00282000000,55-J-282,Hazelwood,H,4375,private,4300,triplex,3,False,,,,high_risk,not_allowed,,,,,,,,,,,,,,77% of lot on 25%+ slope,high,,-79.945316,40.417448
0055J00282000000,55-J-282,Hazelwood,H,4375,private,4300,townhome,2,False,,,,high_risk,not_allowed,,,,,,,,,,,,,,77% of lot on 25%+ slope,high,,-79.945316,40.417448
0055J00282000000,55-J-282,Hazelwood,H,4375,private,4300,walkup,4,False,,,,high_risk,not_allowed,,,,,,,,,,,,,,77% of lot on 25%+ slope,high,,-79.945316,40.417448
0055K00006000000,55-K-6,Hazelwood,H,3833,city,400,single_family,1,True,22.9,29.7,37.1,high_risk,administrator_exception,0.838,0.89,0.934,placeholder,5.4,6.4,7.6,106211,156953,207936,-416831,-332295,-255042,85% of lot on 25%+ slope,high,,-79.945105,40.417016
0055K00006000000,55-K-6,Hazelwood,H,3833,city,400,duplex,2,False,,,,high_risk,not_allowed,,,,,,,,,,,,,,85% of lot on 25%+ slope,high,,-79.945105,40.417016
0055K00006000000,55-K-6,Hazelwood,H,3833,city,400,triplex,3,False,,,,high_risk,not_allowed,,,,,,,,,,,,,,85% of lot on 25%+ slope,high,,-79.945105,40.417016
0055K00006000000,55-K-6,Hazelwood,H,3833,city,400,townhome,2,False,,,,high_risk,not_allowed,,,,,,,,,,,,,,85% of lot on 25%+ slope,high,,-79.945105,40.417016
0055K00006000000,55-K-6,Hazelwood,H,3833,city,400,walkup,4,False,,,,high_risk,not_allowed,,,,,,,,,,,,,,85% of lot on 25%+ slope,high,,-79.945105,40.417016
0055K00029000000,55-K-29,Hazelwood,H,4516,city,1000,single_family,1,True,22.8,29.5,36.9,high_risk,administrator_exception,0.838,0.89,0.934,placeholder,5.4,6.4,7.6,107869,158611,209593,-418271,-333769,-256516,60% of lot on 25%+ slope,high,,-79.944795,40.416888
0055K00029000000,55-K-29,Hazelwood,H,4516,city,1000,duplex,2,False,,,,high_risk,not_allowed,,,,,,,,,,,,,,60% of lot on 25%+ slope,high,,-79.944795,40.416888
0055K00029000000,55-K-29,Hazelwood,H,4516,city,1000,triplex,3,False,,,,high_risk,not_allowed,,,,,,,,,,,,,,60% of lot on 25%+ slope,high,,-79.944795,40.416888
0055K00029000000,55-K-29,Hazelwood,H,4516,city,1000,townhome,2,False,,,,high_risk,not_allowed,,,,,,,,,,,,,,60% of lot on 25%+ slope,high,,-79.944795,40.416888
0055K00029000000,55-K-29,Hazelwood,H,4516,city,1000,walkup,4,False,,,,high_risk,not_allowed,,,,,,,,,,,,,,60% of lot on 25%+ slope,high,,-79.944795,40.416888
0055K00031000000,55-K-31,Hazelwood,H,3916,city,800,single_family,1,True,23.0,29.9,37.3,high_risk,administrator_exception,0.838,0.89,0.934,placeholder,5.4,6.4,7.6,105143,155885,206868,-413944,-329420,-252186,60% of lot on 25%+ slope,high,,-79.94473,40.416769
0055K00031000000,55-K-31,Hazelwood,H,3916,city,800,duplex,2,False,,,,high_risk,not_allowed,,,,,,,,,,,,,,60% of lot on 25%+ slope,high,,-79.94473,40.416769
0055K00031000000,55-K-31,Hazelwood,H,3916,city,800,triplex,3,False,,,,high_risk,not_allowed,,,,,,,,,,,,,,60% of lot on 25%+ slope,high,,-79.94473,40.416769
0055K00031000000,55-K-31,Hazelwood,H,3916,city,800,townhome,2,False,,,,high_risk,not_allowed,,,,,,,,,,,,,,60% of lot on 25%+ slope,high,,-79.94473,40.416769
0055K00031000000,55-K-31,Hazelwood,H,3916,city,800,walkup,4,False,,,,high_risk,not_allowed,,,,,,,,,,,,,,60% of lot on 25%+ slope,high,,-79.94473,40.416769
0055K00033000000,55-K-33,Hazelwood,H,1347,city,4100,single_family,1,True,23.5,29.3,35.1,high_risk,administrator_exception+variance,0.635,0.709,0.774,model+placeholder,8.0,9.6,11.3,75931,108833,141589,-350502,-279046,-213413,100% of lot landslide-prone,high,,-79.944602,40.416754
0055K00033000000,55-K-33,Hazelwood,H,1347,city,4100,duplex,2,False,,,,high_risk,not_allowed,,,,,,,,,,,,,,100% of lot landslide-prone,high,,-79.944602,40.416754
0055K00033000000,55-K-33,Hazelwood,H,1347,city,4100,triplex,3,False,,,,high_risk,not_allowed,,,,,,,,,,,,,,100% of lot landslide-prone,high,,-79.944602,40.416754
0055K00033000000,55-K-33,Hazelwood,H,1347,city,4100,townhome,2,False,,,,high_risk,not_allowed,,,,,,,,,,,,,,100% of lot landslide-prone,high,,-79.944602,40.416754
0055K00033000000,55-K-33,Hazelwood,H,1347,city,4100,walkup,4,False,,,,high_risk,not_allowed,,,,,,,,,,,,,,100% of lot landslide-prone,high,,-79.944602,40.416754
0055K00034000000,55-K-34,Hazelwood,H,2039,city,3400,single_family,1,True,29.2,35.0,40.8,high_risk,administrator_exception,0.732,0.792,0.848,placeholder,5.1,6.1,7.4,72967,105643,138948,-358980,-286106,-215413,100% of lot landslide-prone,high,,-79.944661,40.416681
0055K00034000000,55-K-34,Hazelwood,H,2039,city,3400,duplex,2,False,,,,high_risk,not_allowed,,,,,,,,,,,,,,100% of lot landslide-prone,high,,-79.944661,40.416681
0055K00034000000,55-K-34,Hazelwood,H,2039,city,3400,triplex,3,False,,,,high_risk,not_allowed,,,,,,,,,,,,,,100% of lot landslide-prone,high,,-79.944661,40.416681
0055K00034000000,55-K-34,Hazelwood,H,2039,city,3400,townhome,2,False,,,,high_risk,not_allowed,,,,,,,,,,,,,,100% of lot landslide-prone,high,,-79.944661,40.416681
0055K00034000000,55-K-34,Hazelwood,H,2039,city,3400,walkup,4,False,,,,high_risk,not_allowed,,,,,,,,,,,,,,100% of lot landslide-prone,high,,-79.944661,40.416681
0055K00035000000,55-K-35,Hazelwood,H,2548,private,3000,single_family,1,True,21.0,27.8,35.5,high_risk,administrator_exception,0.732,0.792,0.848,placeholder,5.0,6.1,7.3,104060,156186,205376,-410983,-330059,-254284,52% of lot on 25%+ slope,high,,-79.944641,40.416631
0055K00035000000,55-K-35,Hazelwood,H,2548,private,3000,duplex,2,False,,,,high_risk,not_allowed,,,,,,,,,,,,,,52% of lot on 25%+ slope,high,,-79.944641,40.416631
0055K00035000000,55-K-35,Hazelwood,H,2548,private,3000,triplex,3,False,,,,high_risk,not_allowed,,,,,,,,,,,,,,52% of lot on 25%+ slope,high,,-79.944641,40.416631
0055K00035000000,55-K-35,Hazelwood,H,2548,private,3000,townhome,2,False,,,,high_risk,not_allowed,,,,,,,,,,,,,,52% of lot on 25%+ slope,high,,-79.944641,40.416631
0055K00035000000,55-K-35,Hazelwood,H,2548,private,3000,walkup,4,False,,,,high_risk,not_allowed,,,,,,,,,,,,,,52% of lot on 25%+ slope,high,,-79.944641,40.416631
0055K00043000000,55-K-43,Hazelwood,H,3853,private,3000,single_family,1,True,33.5,39.3,45.3,high_risk,administrator_exception,0.838,0.89,0.934,placeholder,4.6,5.5,6.5,66042,98193,131751,-353510,-278032,-210078,100% of lot landslide-prone,high,,-79.943805,40.416358
0055K00043000000,55-K-43,Hazelwood,H,3853,private,3000,duplex,2,False,,,,high_risk,not_allowed,,,,,,,,,,,,,,100% of lot landslide-prone,high,,-79.943805,40.416358
0055K00043000000,55-K-43,Hazelwood,H,3853,private,3000,triplex,3,False,,,,high_risk,not_allowed,,,,,,,,,,,,,,100% of lot landslide-prone,high,,-79.943805,40.416358
0055K00043000000,55-K-43,Hazelwood,H,3853,private,3000,townhome,2,False,,,,high_risk,not_allowed,,,,,,,,,,,,,,100% of lot landslide-prone,high,,-79.943805,40.416358
0055K00043000000,55-K-43,Hazelwood,H,3853,private,3000,walkup,4,False,,,,high_risk,not_allowed,,,,,,,,,,,,,,100% of lot landslide-prone,high,,-79.943805,40.416358
0055K00045000000,55-K-45,Hazelwood,H,6572,city,1500,single_family,1,False,32.9,38.6,44.2,high_risk,administrator_exception,0.838,0.89,0.934,placeholder,5.0,6.1,7.3,66545,98329,131755,-359186,-281018,-207693,100% of lot landslide-prone,high,,-79.943815,40.416449
0055K00045000000,55-K-45,Hazelwood,H,6572,city,1500,duplex,2,False,,,,high_risk,not_allowed,,,,,,,,,,,,,,100% of lot landslide-prone,high,,-79.943815,40.416449
0055K00045000000,55-K-45,Hazelwood,H,6572,city,1500,triplex,3,False,,,,high_risk,not_allowed,,,,,,,,,,,,,,100% of lot landslide-prone,high,,-79.943815,40.416449
0055K00045000000,55-K-45,Hazelwood,H,6572,city,1500,townhome,2,True,38.5,42.5,46.3,high_risk,special_exception+subdivision,0.83,0.885,0.93,model+placeholder,7.9,9.5,11.2,66182,97846,130452,-567566,-437667,-319954,100% of lot landslide-prone,high,,-79.943815,40.416449
0055K00045000000,55-K-45,Hazelwood,H,6572,city,1500,walkup,4,False,,,,high_risk,not_allowed,,,,,,,,,,,,,,100% of lot landslide-prone,high,,-79.943815,40.416449
0055K00046000000,55-K-46,Hazelwood,H,4043,city,1700,single_family,1,True,33.0,38.6,44.3,high_risk,administrator_exception,0.838,0.89,0.934,placeholder,5.0,6.1,7.3,66119,97903,131330,-356849,-278956,-205821,100% of lot landslide-prone,high,,-79.943875,40.416529
0055K00046000000,55-K-46,Hazelwood,H,4043,city,1700,duplex,2,False,,,,high_risk,not_allowed,,,,,,,,,,,,,,100% of lot landslide-prone,high,,-79.943875,40.416529
0055K00046000000,55-K-46,Hazelwood,H,4043,city,1700,triplex,3,False,,,,high_risk,not_allowed,,,,,,,,,,,,,,100% of lot landslide-prone,high,,-79.943875,40.416529
0055K00046000000,55-K-46,Hazelwood,H,4043,city,1700,townhome,2,False,,,,high_risk,not_allowed,,,,,,,,,,,,,,100% of lot landslide-prone,high,,-79.943875,40.416529
0055K00046000000,55-K-46,Hazelwood,H,4043,city,1700,walkup,4,False,,,,high_risk,not_allowed,,,,,,,,,,,,,,100% of lot landslide-prone,high,,-79.943875,40.416529
0055K00047000000,55-K-47,Hazelwood,H,4264,city,900,single_family,1,True,33.0,38.6,44.3,high_risk,administrator_exception,0.838,0.89,0.934,placeholder,5.0,6.1,7.3,66032,97816,131242,-356773,-278879,-205744,100% of lot landslide-prone,high,,-79.943902,40.416596
0055K00047000000,55-K-47,Hazelwood,H,4264,city,900,duplex,2,False,,,,high_risk,not_allowed,,,,,,,,,,,,,,100% of lot landslide-prone,high,,-79.943902,40.416596
0055K00047000000,55-K-47,Hazelwood,H,4264,city,900,triplex,3,False,,,,high_risk,not_allowed,,,,,,,,,,,,,,100% of lot landslide-prone,high,,-79.943902,40.416596
0055K00047000000,55-K-47,Hazelwood,H,4264,city,900,townhome,2,False,,,,high_risk,not_allowed,,,,,,,,,,,,,,100% of lot landslide-prone,high,,-79.943902,40.416596
0055K00047000000,55-K-47,Hazelwood,H,4264,city,900,walkup,4,False,,,,high_risk,not_allowed,,,,,,,,,,,,,,100% of lot landslide-prone,high,,-79.943902,40.416596
0055K00065000000,55-K-65,Hazelwood,H,2581,private,1000,single_family,1,True,21.0,27.8,35.5,high_risk,administrator_exception,0.732,0.792,0.848,placeholder,5.0,6.1,7.3,104060,156186,205376,-409117,-328217,-251826,68% of lot on 25%+ slope,high,,-79.944887,40.417542
0055K00065000000,55-K-65,Hazelwood,H,2581,private,1000,duplex,2,False,,,,high_risk,not_allowed,,,,,,,,,,,,,,68% of lot on 25%+ slope,high,,-79.944887,40.417542
0055K00065000000,55-K-65,Hazelwood,H,2581,private,1000,triplex,3,False,,,,high_risk,not_allowed,,,,,,,,,,,,,,68% of lot on 25%+ slope,high,,-79.944887,40.417542
0055K00065000000,55-K-65,Hazelwood,H,2581,private,1000,townhome,2,False,,,,high_risk,not_allowed,,,,,,,,,,,,,,68% of lot on 25%+ slope,high,,-79.944887,40.417542
0055K00065000000,55-K-65,Hazelwood,H,2581,private,1000,walkup,4,False,,,,high_risk,not_allowed,,,,,,,,,,,,,,68% of lot on 25%+ slope,high,,-79.944887,40.417542
0055K00067000000,55-K-67,Hazelwood,H,2629,private,1000,single_family,1,True,18.1,20.9,27.5,high_risk,administrator_exception,0.732,0.792,0.848,placeholder,5.3,6.5,7.5,158735,217493,278198,-469589,-384542,-300279,78% of lot on 25%+ slope,high,,-79.944985,40.417643
0055K00067000000,55-K-67,Hazelwood,H,2629,private,1000,duplex,2,False,,,,high_risk,not_allowed,,,,,,,,,,,,,,78% of lot on 25%+ slope,high,,-79.944985,40.417643
0055K00067000000,55-K-67,Hazelwood,H,2629,private,1000,triplex,3,False,,,,high_risk,not_allowed,,,,,,,,,,,,,,78% of lot on 25%+ slope,high,,-79.944985,40.417643
0055K00067000000,55-K-67,Hazelwood,H,2629,private,1000,townhome,2,False,,,,high_risk,not_allowed,,,,,,,,,,,,,,78% of lot on 25%+ slope,high,,-79.944985,40.417643
0055K00067000000,55-K-67,Hazelwood,H,2629,private,1000,walkup,4,False,,,,high_risk,not_allowed,,,,,,,,,,,,,,78% of lot on 25%+ slope,high,,-79.944985,40.417643
0055K00070000000,55-K-70,Hazelwood,H,3199,private,1100,single_family,1,True,18.1,20.9,27.5,high_risk,administrator_exception,0.732,0.792,0.848,placeholder,5.3,6.5,7.5,158735,217493,278198,-469589,-384542,-300279,89% of lot on 25%+ slope,high,,-79.945129,40.417795
0055K00070000000,55-K-70,Hazelwood,H,3199,private,1100,duplex,2,False,,,,high_risk,not_allowed,,,,,,,,,,,,,,89% of lot on 25%+ slope,high,,-79.945129,40.417795
0055K00070000000,55-K-70,Hazelwood,H,3199,private,1100,triplex,3,False,,,,high_risk,not_allowed,,,,,,,,,,,,,,89% of lot on 25%+ slope,high,,-79.945129,40.417795
0055K00070000000,55-K-70,Hazelwood,H,3199,private,1100,townhome,2,False,,,,high_risk,not_allowed,,,,,,,,,,,,,,89% of lot on 25%+ slope,high,,-79.945129,40.417795
0055K00070000000,55-K-70,Hazelwood,H,3199,private,1100,walkup,4,False,,,,high_risk,not_allowed,,,,,,,,,,,,,,89% of lot on 25%+ slope,high,,-79.945129,40.417795
0055K00177000000,55-K-177,Hazelwood,R1D-M,2429,private,3000,single_family,1,True,45.7,48.9,51.9,high_risk,variance,0.796,0.895,0.948,model,6.3,7.6,9.3,20417,29498,38075,-280793,-211608,-147285,90% of lot over mapped mine workings (UM-O overlay),medium,,-79.943737,40.418581
0055K00177000000,55-K-177,Hazelwood,R1D-M,2429,private,3000,duplex,2,False,,,,high_risk,not_allowed,,,,,,,,,,,,,,90% of lot over mapped mine workings (UM-O overlay),medium,,-79.943737,40.418581
0055K00177000000,55-K-177,Hazelwood,R1D-M,2429,private,3000,triplex,3,False,,,,high_risk,not_allowed,,,,,,,,,,,,,,90% of lot over mapped mine workings (UM-O overlay),medium,,-79.943737,40.418581
0055K00177000000,55-K-177,Hazelwood,R1D-M,2429,private,3000,townhome,2,False,,,,high_risk,not_allowed,,,,,,,,,,,,,,90% of lot over mapped mine workings (UM-O overlay),medium,,-79.943737,40.418581
0055K00177000000,55-K-177,Hazelwood,R1D-M,2429,private,3000,walkup,4,False,,,,high_risk,not_allowed,,,,,,,,,,,,,,90% of lot over mapped mine workings (UM-O overlay),medium,,-79.943737,40.418581
0055K00178000000,55-K-178,Hazelwood,R1D-M,2607,private,1000,single_family,1,True,51.2,53.7,56.2,feasible_with_conditions,by_right,1.0,1.0,1.0,by_right,4.8,6.0,7.4,20164,29322,38322,-280902,-213207,-147197,100% of lot over mapped mine workings (UM-O overlay),medium,,-79.94371,40.418514
0055K00178000000,55-K-178,Hazelwood,R1D-M,2607,private,1000,duplex,2,False,,,,high_risk,not_allowed,,,,,,,,,,,,,,100% of lot over mapped mine workings (UM-O overlay),medium,,-79.94371,40.418514
0055K00178000000,55-K-178,Hazelwood,R1D-M,2607,private,1000,triplex,3,False,,,,high_risk,not_allowed,,,,,,,,,,,,,,100% of lot over mapped mine workings (UM-O overlay),medium,,-79.94371,40.418514
0055K00178000000,55-K-178,Hazelwood,R1D-M,2607,private,1000,townhome,2,False,,,,high_risk,not_allowed,,,,,,,,,,,,,,100% of lot over mapped mine workings (UM-O overlay),medium,,-79.94371,40.418514
0055K00178000000,55-K-178,Hazelwood,R1D-M,2607,private,1000,walkup,4,False,,,,high_risk,not_allowed,,,,,,,,,,,,,,100% of lot over mapped mine workings (UM-O overlay),medium,,-79.94371,40.418514
0055K00181000000,55-K-181,Hazelwood,H,4819,private,2000,single_family,1,False,48.2,50.9,53.5,feasible_with_conditions,administrator_exception,0.838,0.89,0.934,placeholder,5.0,6.1,7.3,20431,29336,38343,-284352,-214283,-151590,98% of lot over mapped mine workings (UM-O overlay),medium,,-79.94361,40.418287
0055K00181000000,55-K-181,Hazelwood,H,4819,private,2000,duplex,2,False,,,,high_risk,not_allowed,,,,,,,,,,,,,,98% of lot over mapped mine workings (UM-O overlay),medium,,-79.94361,40.418287
0055K00181000000,55-K-181,Hazelwood,H,4819,private,2000,triplex,3,False,,,,high_risk,not_allowed,,,,,,,,,,,,,,98% of lot over mapped mine workings (UM-O overlay),medium,,-79.94361,40.418287
0055K00181000000,55-K-181,Hazelwood,H,4819,private,2000,townhome,2,True,42.5,45.4,48.5,high_risk,special_exception+variance+subdivision,0.737,0.829,0.894,model+placeholder,8.7,10.3,12.0,31816,50203,68630,-513186,-384983,-271467,98% of lot over mapped mine workings (UM-O overlay),high,,-79.94361,40.418287
0055K00181000000,55-K-181,Hazelwood,H,4819,private,2000,walkup,4,False,,,,high_risk,not_allowed,,,,,,,,,,,,,,98% of lot over mapped mine workings (UM-O overlay),medium,,-79.94361,40.418287
0055K00214000000,55-K-214,Hazelwood,H,11981,private,4600,single_family,1,False,33.5,39.3,45.3,high_risk,administrator_exception,0.838,0.89,0.934,placeholder,4.6,5.5,6.5,66042,98193,131751,-355447,-278859,-210572,29% of lot on 25%+ slope,medium,,-79.94237,40.416385
0055K00214000000,55-K-214,Hazelwood,H,11981,private,4600,duplex,2,False,,,,high_risk,not_allowed,,,,,,,,,,,,,,29% of lot on 25%+ slope,medium,,-79.94237,40.416385
0055K00214000000,55-K-214,Hazelwood,H,11981,private,4600,triplex,3,False,,,,high_risk,not_allowed,,,,,,,,,,,,,,29% of lot on 25%+ slope,medium,,-79.94237,40.416385
0055K00214000000,55-K-214,Hazelwood,H,11981,private,4600,townhome,4,True,44.2,47.0,49.5,high_risk,special_exception+variance+subdivision,0.831,0.889,0.935,model+placeholder,8.8,10.3,12.0,65056,96720,129326,-1035765,-780778,-548202,29% of lot on 25%+ slope,medium,,-79.94237,40.416385
0055K00214000000,55-K-214,Hazelwood,H,11981,private,4600,walkup,4,False,,,,high_risk,not_allowed,,,,,,,,,,,,,,29% of lot on 25%+ slope,medium,,-79.94237,40.416385
0055K00250000000,55-K-250,Hazelwood,R1D-M,8938,private,3800,single_family,1,True,44.2,48.5,52.5,high_risk,by_right,1.0,1.0,1.0,by_right,4.2,5.3,6.5,43387,62730,82583,-316134,-247020,-180128,100% of lot over mapped mine workings (UM-O overlay),high,,-79.943202,40.418546
0055K00250000000,55-K-250,Hazelwood,R1D-M,8938,private,3800,duplex,2,False,,,,high_risk,not_allowed,,,,,,,,,,,,,,100% of lot over mapped mine workings (UM-O overlay),medium,,-79.943202,40.418546
0055K00250000000,55-K-250,Hazelwood,R1D-M,8938,private,3800,triplex,3,False,,,,high_risk,not_allowed,,,,,,,,,,,,,,100% of lot over mapped mine workings (UM-O overlay),medium,,-79.943202,40.418546
0055K00250000000,55-K-250,Hazelwood,R1D-M,8938,private,3800,townhome,4,False,45.2,47.6,49.9,high_risk,special_exception+variance+subdivision,0.737,0.829,0.894,model+placeholder,8.7,10.3,12.0,43496,61502,81159,-1000770,-747347,-524965,100% of lot over mapped mine workings (UM-O overlay),high,,-79.943202,40.418546
0055K00250000000,55-K-250,Hazelwood,R1D-M,8938,private,3800,walkup,4,False,,,,high_risk,not_allowed,,,,,,,,,,,,,,100% of lot over mapped mine workings (UM-O overlay),medium,,-79.943202,40.418546
0055K00282000000,55-K-282,Hazelwood,R1D-M,3198,private,15300,single_family,1,True,30.4,37.3,44.2,high_risk,by_right,1.0,1.0,1.0,by_right,4.9,6.1,7.3,82523,126931,170732,-381680,-302246,-227847,55% of lot on 25%+ slope,high,,-79.941826,40.416648
0055K00282000000,55-K-282,Hazelwood,R1D-M,3198,private,15300,duplex,2,False,,,,high_risk,not_allowed,,,,,,,,,,,,,,55% of lot on 25%+ slope,high,,-79.941826,40.416648
0055K00282000000,55-K-282,Hazelwood,R1D-M,3198,private,15300,triplex,3,False,,,,high_risk,not_allowed,,,,,,,,,,,,,,55% of lot on 25%+ slope,high,,-79.941826,40.416648
0055K00282000000,55-K-282,Hazelwood,R1D-M,3198,private,15300,townhome,2,False,,,,high_risk,not_allowed,,,,,,,,,,,,,,55% of lot on 25%+ slope,high,,-79.941826,40.416648
0055K00282000000,55-K-282,Hazelwood,R1D-M,3198,private,15300,walkup,4,False,,,,high_risk,not_allowed,,,,,,,,,,,,,,55% of lot on 25%+ slope,high,,-79.941826,40.416648
0055K00283000000,55-K-283,Hazelwood,R1D-M,3441,private,17900,single_family,1,True,30.4,37.3,44.2,high_risk,by_right,1.0,1.0,1.0,by_right,4.9,6.1,7.3,82523,126931,170732,-381680,-302246,-227847,53% of lot on 25%+ slope,high,,-79.941855,40.416715
0055K00283000000,55-K-283,Hazelwood,R1D-M,3441,private,17900,duplex,2,False,,,,high_risk,not_allowed,,,,,,,,,,,,,,53% of lot on 25%+ slope,high,,-79.941855,40.416715
0055K00283000000,55-K-283,Hazelwood,R1D-M,3441,private,17900,triplex,3,False,,,,high_risk,not_allowed,,,,,,,,,,,,,,53% of lot on 25%+ slope,high,,-79.941855,40.416715
0055K00283000000,55-K-283,Hazelwood,R1D-M,3441,private,17900,townhome,2,False,,,,high_risk,not_allowed,,,,,,,,,,,,,,53% of lot on 25%+ slope,high,,-79.941855,40.416715
0055K00283000000,55-K-283,Hazelwood,R1D-M,3441,private,17900,walkup,4,False,,,,high_risk,not_allowed,,,,,,,,,,,,,,53% of lot on 25%+ slope,high,,-79.941855,40.416715
0055K00290000000,55-K-290,Hazelwood,R1D-M,8369,city,22600,single_family,1,True,26.5,33.3,40.5,high_risk,by_right,1.0,1.0,1.0,by_right,5.3,6.4,7.5,104042,149689,197596,-396405,-317491,-244133,72% of lot on 25%+ slope,high,,-79.94198,40.417124
0055K00290000000,55-K-290,Hazelwood,R1D-M,8369,city,22600,duplex,2,False,,,,high_risk,not_allowed,,,,,,,,,,,,,,72% of lot on 25%+ slope,high,,-79.94198,40.417124
0055K00290000000,55-K-290,Hazelwood,R1D-M,8369,city,22600,triplex,3,False,,,,high_risk,not_allowed,,,,,,,,,,,,,,72% of lot on 25%+ slope,high,,-79.94198,40.417124
0055K00290000000,55-K-290,Hazelwood,R1D-M,8369,city,22600,townhome,2,False,33.2,38.1,43.1,high_risk,special_exception+subdivision,0.859,0.911,0.949,model+placeholder,8.0,9.5,11.1,101538,147956,195234,-595349,-464857,-343351,72% of lot on 25%+ slope,high,,-79.94198,40.417124
0055K00290000000,55-K-290,Hazelwood,R1D-M,8369,city,22600,walkup,4,False,,,,high_risk,not_allowed,,,,,,,,,,,,,,72% of lot on 25%+ slope,high,,-79.94198,40.417124
0055K00291000000,55-K-291,Hazelwood,H,3294,city,3700,single_family,1,True,27.1,33.9,40.9,high_risk,administrator_exception,0.838,0.89,0.934,placeholder,5.3,6.5,7.7,82767,126487,170399,-372365,-296908,-223937,79% of lot on 25%+ slope,high,,-79.942107,40.417191
0055K00291000000,55-K-291,Hazelwood,H,3294,city,3700,duplex,2,False,,,,high_risk,not_allowed,,,,,,,,,,,,,,79% of lot on 25%+ slope,high,,-79.942107,40.417191
0055K00291000000,55-K-291,Hazelwood,H,3294,city,3700,triplex,3,False,,,,high_risk,not_allowed,,,,,,,,,,,,,,79% of lot on 25%+ slope,high,,-79.942107,40.417191
0055K00291000000,55-K-291,Hazelwood,H,3294,city,3700,townhome,2,False,,,,high_risk,not_allowed,,,,,,,,,,,,,,79% of lot on 25%+ slope,high,,-79.942107,40.417191
0055K00291000000,55-K-291,Hazelwood,H,3294,city,3700,walkup,4,False,,,,high_risk,not_allowed,,,,,,,,,,,,,,79% of lot on 25%+ slope,high,,-79.942107,40.417191
0055K00293000000,55-K-293,Hazelwood,H,3403,city,4700,single_family,1,True,27.0,33.8,40.8,high_risk,administrator_exception,0.838,0.89,0.934,placeholder,5.3,6.5,7.7,83540,127260,171172,-373995,-298560,-225444,84% of lot on 25%+ slope,high,,-79.942251,40.417249
0055K00293000000,55-K-293,Hazelwood,H,3403,city,4700,duplex,2,False,,,,high_risk,not_allowed,,,,,,,,,,,,,,84% of lot on 25%+ slope,high,,-79.942251,40.417249
0055K00293000000,55-K-293,Hazelwood,H,3403,city,4700,triplex,3,False,,,,high_risk,not_allowed,,,,,,,,,,,,,,84% of lot on 25%+ slope,high,,-79.942251,40.417249
0055K00293000000,55-K-293,Hazelwood,H,3403,city,4700,townhome,2,False,,,,high_risk,not_allowed,,,,,,,,,,,,,,84% of lot on 25%+ slope,high,,-79.942251,40.417249
0055K00293000000,55-K-293,Hazelwood,H,3403,city,4700,walkup,4,False,,,,high_risk,not_allowed,,,,,,,,,,,,,,84% of lot on 25%+ slope,high,,-79.942251,40.417249
0055K00310000000,55-K-310,Hazelwood,H,3892,city,22100,single_family,1,True,26.8,33.8,41.3,high_risk,administrator_exception,0.838,0.89,0.934,placeholder,5.3,6.4,7.6,82559,126285,171241,-374583,-298829,-225123,71% of lot on 25%+ slope,high,,-79.941622,40.417571
0055K00310000000,55-K-310,Hazelwood,H,3892,city,22100,duplex,2,False,,,,high_risk,not_allowed,,,,,,,,,,,,,,71% of lot on 25%+ slope,high,,-79.941622,40.417571
0055K00310000000,55-K-310,Hazelwood,H,3892,city,22100,triplex,3,False,,,,high_risk,not_allowed,,,,,,,,,,,,,,71% of lot on 25%+ slope,high,,-79.941622,40.417571
0055K00310000000,55-K-310,Hazelwood,H,3892,city,22100,townhome,2,False,,,,high_risk,not_allowed,,,,,,,,,,,,,,71% of lot on 25%+ slope,high,,-79.941622,40.417571
0055K00310000000,55-K-310,Hazelwood,H,3892,city,22100,walkup,4,False,,,,high_risk,not_allowed,,,,,,,,,,,,,,71% of lot on 25%+ slope,high,,-79.941622,40.417571
0055K00316000000,55-K-316,Hazelwood,H,16512,city,23600,single_family,1,False,21.0,25.2,32.7,high_risk,administrator_exception,0.838,0.89,0.934,placeholder,5.6,6.6,7.7,137228,190747,243891,-438665,-354819,-274884,95% of lot on 25%+ slope,high,,-79.941938,40.417607
0055K00316000000,55-K-316,Hazelwood,H,16512,city,23600,duplex,2,False,,,,high_risk,not_allowed,,,,,,,,,,,,,,95% of lot on 25%+ slope,high,,-79.941938,40.417607
0055K00316000000,55-K-316,Hazelwood,H,16512,city,23600,triplex,3,False,,,,high_risk,not_allowed,,,,,,,,,,,,,,95% of lot on 25%+ slope,high,,-79.941938,40.417607
0055K00316000000,55-K-316,Hazelwood,H,16512,city,23600,townhome,5,True,41.3,44.5,47.3,high_risk,special_exception+subdivision,0.859,0.911,0.949,model+placeholder,7.9,9.5,11.2,157796,208585,264224,-1354328,-1031071,-732482,95% of lot on 25%+ slope,high,,-79.941938,40.417607
0055K00316000000,55-K-316,Hazelwood,H,16512,city,23600,walkup,4,False,,,,high_risk,not_allowed,,,,,,,,,,,,,,95% of lot on 25%+ slope,high,,-79.941938,40.417607
0055K00317000000,55-K-317,Hazelwood,H,3900,city,18600,single_family,1,True,21.1,25.5,33.0,high_risk,administrator_exception,0.838,0.89,0.934,placeholder,5.6,6.6,7.7,135006,188525,241668,-437144,-353402,-273439,92% of lot on 25%+ slope,high,,-79.942161,40.417629
0055K00317000000,55-K-317,Hazelwood,H,3900,city,18600,duplex,2,False,,,,high_risk,not_allowed,,,,,,,,,,,,,,92% of lot on 25%+ slope,high,,-79.942161,40.417629
0055K00317000000,55-K-317,Hazelwood,H,3900,city,18600,triplex,3,False,,,,high_risk,not_allowed,,,,,,,,,,,,,,92% of lot on 25%+ slope,high,,-79.942161,40.417629
0055K00317000000,55-K-317,Hazelwood,H,3900,city,18600,townhome,2,False,,,,high_risk,not_allowed,,,,,,,,,,,,,,92% of lot on 25%+ slope,high,,-79.942161,40.417629
0055K00317000000,55-K-317,Hazelwood,H,3900,city,18600,walkup,4,False,,,,high_risk,not_allowed,,,,,,,,,,,,,,92% of lot on 25%+ slope,high,,-79.942161,40.417629
0055K00318000000,55-K-318,Hazelwood,H,4043,city,18500,single_family,1,True,39.4,43.7,48.0,high_risk,administrator_exception,0.838,0.89,0.934,placeholder,5.0,6.1,7.3,47882,67396,87165,-317425,-247008,-180871,48% of lot on 25%+ slope,medium,,-79.942246,40.417643
0055K00318000000,55-K-318,Hazelwood,H,4043,city,18500,duplex,2,False,,,,high_risk,not_allowed,,,,,,,,,,,,,,48% of lot on 25%+ slope,medium,,-79.942246,40.417643
0055K00318000000,55-K-318,Hazelwood,H,4043,city,18500,triplex,3,False,,,,high_risk,not_allowed,,,,,,,,,,,,,,48% of lot on 25%+ slope,medium,,-79.942246,40.417643
0055K00318000000,55-K-318,Hazelwood,H,4043,city,18500,townhome,2,False,,,,high_risk,not_allowed,,,,,,,,,,,,,,48% of lot on 25%+ slope,medium,,-79.942246,40.417643
0055K00318000000,55-K-318,Hazelwood,H,4043,city,18500,walkup,4,False,,,,high_risk,not_allowed,,,,,,,,,,,,,,48% of lot on 25%+ slope,medium,,-79.942246,40.417643
0055K00319000000,55-K-319,Hazelwood,H,4092,city,18500,single_family,1,True,39.4,43.7,48.0,high_risk,administrator_exception,0.838,0.89,0.934,placeholder,5.0,6.1,7.3,47882,67396,87165,-317996,-247520,-181245,33% of lot on 25%+ slope,medium,,-79.942336,40.417651
0055K00319000000,55-K-319,Hazelwood,H,4092,city,18500,duplex,2,False,,,,high_risk,not_allowed,,,,,,,,,,,,,,33% of lot on 25%+ slope,medium,,-79.942336,40.417651
0055K00319000000,55-K-319,Hazelwood,H,4092,city,18500,triplex,3,False,,,,high_risk,not_allowed,,,,,,,,,,,,,,33% of lot on 25%+ slope,medium,,-79.942336,40.417651
0055K00319000000,55-K-319,Hazelwood,H,4092,city,18500,townhome,2,False,,,,high_risk,not_allowed,,,,,,,,,,,,,,33% of lot on 25%+ slope,medium,,-79.942336,40.417651
0055K00319000000,55-K-319,Hazelwood,H,4092,city,18500,walkup,4,False,,,,high_risk,not_allowed,,,,,,,,,,,,,,33% of lot on 25%+ slope,medium,,-79.942336,40.417651
0055K00337000000,55-K-337,Hazelwood,H,3509,private,7400,single_family,1,True,40.3,44.6,48.6,high_risk,administrator_exception,0.838,0.89,0.934,placeholder,4.6,5.5,6.6,47528,67077,86047,-318754,-247062,-183455,22% of lot on 25%+ slope,medium,,-79.941629,40.417987
0055K00337000000,55-K-337,Hazelwood,H,3509,private,7400,duplex,2,False,,,,high_risk,not_allowed,,,,,,,,,,,,,,22% of lot on 25%+ slope,medium,,-79.941629,40.417987
0055K00337000000,55-K-337,Hazelwood,H,3509,private,7400,triplex,3,False,,,,high_risk,not_allowed,,,,,,,,,,,,,,22% of lot on 25%+ slope,medium,,-79.941629,40.417987
0055K00337000000,55-K-337,Hazelwood,H,3509,private,7400,townhome,2,False,,,,high_risk,not_allowed,,,,,,,,,,,,,,22% of lot on 25%+ slope,medium,,-79.941629,40.417987
0055K00337000000,55-K-337,Hazelwood,H,3509,private,7400,walkup,4,False,,,,high_risk,not_allowed,,,,,,,,,,,,,,22% of lot on 25%+ slope,medium,,-79.941629,40.417987
0055K00344000000,55-K-344,Hazelwood,H,6285,private,22700,single_family,1,False,39.6,43.9,47.9,high_risk,administrator_exception,0.838,0.89,0.934,placeholder,5.0,6.1,7.3,47372,67548,86787,-325523,-249567,-183267,Parcel spans more than one district or has uncovered rules,medium,,-79.941886,40.418234
0055K00344000000,55-K-344,Hazelwood,H,6285,private,22700,duplex,2,False,,,,high_risk,not_allowed,,,,,,,,,,,,,,Parcel spans more than one district or has uncovered rules,medium,,-79.941886,40.418234
0055K00344000000,55-K-344,Hazelwood,H,6285,private,22700,triplex,3,False,,,,high_risk,not_allowed,,,,,,,,,,,,,,Parcel spans more than one district or has uncovered rules,medium,,-79.941886,40.418234
0055K00344000000,55-K-344,Hazelwood,H,6285,private,22700,townhome,2,True,38.0,41.5,44.9,high_risk,special_exception+variance+subdivision,0.737,0.829,0.894,model+placeholder,8.8,10.3,12.0,61791,88274,113475,-546530,-416148,-297983,100% of lot over mapped mine workings (UM-O overlay),high,,-79.941886,40.418234
0055K00344000000,55-K-344,Hazelwood,H,6285,private,22700,walkup,4,False,,,,high_risk,not_allowed,,,,,,,,,,,,,,Parcel spans more than one district or has uncovered rules,medium,,-79.941886,40.418234
0055K00349000000,55-K-349,Hazelwood,H,5288,private,2200,single_family,1,False,21.2,25.7,33.7,high_risk,administrator_exception,0.838,0.89,0.934,placeholder,5.3,6.4,7.6,132872,188843,240786,-433732,-356238,-277887,79% of lot on 25%+ slope,high,,-79.942491,40.418092
0055K00349000000,55-K-349,Hazelwood,H,5288,private,2200,duplex,2,False,,,,high_risk,not_allowed,,,,,,,,,,,,,,79% of lot on 25%+ slope,high,,-79.942491,40.418092
0055K00349000000,55-K-349,Hazelwood,H,5288,private,2200,triplex,3,False,,,,high_risk,not_allowed,,,,,,,,,,,,,,79% of lot on 25%+ slope,high,,-79.942491,40.418092
0055K00349000000,55-K-349,Hazelwood,H,5288,private,2200,townhome,2,True,26.7,31.8,37.0,high_risk,special_exception+variance+subdivision,0.82,0.887,0.934,model+placeholder,8.8,10.3,12.0,155107,205896,261534,-655209,-521911,-395494,79% of lot on 25%+ slope,high,,-79.942491,40.418092
0055K00349000000,55-K-349,Hazelwood,H,5288,private,2200,walkup,4,False,,,,high_risk,not_allowed,,,,,,,,,,,,,,79% of lot on 25%+ slope,high,,-79.942491,40.418092
0055K00353000000,55-K-353,Hazelwood,H,5584,private,2500,single_family,1,False,21.2,25.7,33.7,high_risk,administrator_exception,0.838,0.89,0.934,placeholder,5.3,6.4,7.6,132872,188843,240786,-432113,-354505,-276255,57% of lot on 25%+ slope,high,,-79.942677,40.418131
0055K00353000000,55-K-353,Hazelwood,H,5584,private,2500,duplex,2,False,,,,high_risk,not_allowed,,,,,,,,,,,,,,57% of lot on 25%+ slope,high,,-79.942677,40.418131
0055K00353000000,55-K-353,Hazelwood,H,5584,private,2500,triplex,3,False,,,,high_risk,not_allowed,,,,,,,,,,,,,,57% of lot on 25%+ slope,high,,-79.942677,40.418131
0055K00353000000,55-K-353,Hazelwood,H,5584,private,2500,townhome,2,True,26.7,31.8,37.0,high_risk,special_exception+variance+subdivision,0.82,0.887,0.934,model+placeholder,8.8,10.3,12.0,155107,205896,261534,-651873,-518620,-392597,57% of lot on 25%+ slope,high,,-79.942677,40.418131
0055K00353000000,55-K-353,Hazelwood,H,5584,private,2500,walkup,4,False,,,,high_risk,not_allowed,,,,,,,,,,,,,,57% of lot on 25%+ slope,high,,-79.942677,40.418131
0055K00356000000,55-K-356,Hazelwood,R1D-M,5798,private,1100,single_family,1,True,46.7,50.8,54.8,feasible_with_conditions,by_right,1.0,1.0,1.0,by_right,4.2,5.3,6.5,31388,49903,68482,-303772,-234810,-169478,100% of lot over mapped mine workings (UM-O overlay),high,,-79.942857,40.418568
0055K00356000000,55-K-356,Hazelwood,R1D-M,5798,private,1100,duplex,2,False,,,,high_risk,not_allowed,,,,,,,,,,,,,,100% of lot over mapped mine workings (UM-O overlay),medium,,-79.942857,40.418568
0055K00356000000,55-K-356,Hazelwood,R1D-M,5798,private,1100,triplex,3,False,,,,high_risk,not_allowed,,,,,,,,,,,,,,100% of lot over mapped mine workings (UM-O overlay),medium,,-79.942857,40.418568
0055K00356000000,55-K-356,Hazelwood,R1D-M,5798,private,1100,townhome,3,False,44.7,47.3,49.8,high_risk,special_exception+variance+subdivision,0.737,0.829,0.894,model+placeholder,8.7,10.3,12.0,31232,49465,68169,-744249,-559396,-380271,100% of lot over mapped mine workings (UM-O overlay),high,,-79.942857,40.418568
0055K00356000000,55-K-356,Hazelwood,R1D-M,5798,private,1100,walkup,4,False,,,,high_risk,not_allowed,,,,,,,,,,,,,,100% of lot over mapped mine workings (UM-O overlay),medium,,-79.942857,40.418568
0055K00357000000,55-K-357,Hazelwood,R1D-M,2842,private,1100,single_family,1,True,36.8,42.5,48.1,high_risk,by_right,1.0,1.0,1.0,by_right,4.9,6.0,7.3,60410,91763,123132,-341811,-271375,-201491,No street frontage within 60 ft,high,,-79.942714,40.418528
0055K00357000000,55-K-357,Hazelwood,R1D-M,2842,private,1100,duplex,2,False,,,,high_risk,not_allowed,,,,,,,,,,,,,,No street frontage within 60 ft,high,,-79.942714,40.418528
0055K00357000000,55-K-357,Hazelwood,R1D-M,2842,private,1100,triplex,3,False,,,,high_risk,not_allowed,,,,,,,,,,,,,,No street frontage within 60 ft,high,,-79.942714,40.418528
0055K00357000000,55-K-357,Hazelwood,R1D-M,2842,private,1100,townhome,2,False,,,,high_risk,not_allowed,,,,,,,,,,,,,,No street frontage within 60 ft,high,,-79.942714,40.418528
0055K00357000000,55-K-357,Hazelwood,R1D-M,2842,private,1100,walkup,4,False,,,,high_risk,not_allowed,,,,,,,,,,,,,,No street frontage within 60 ft,high,,-79.942714,40.418528
0055K00358000000,55-K-358,Hazelwood,R1D-M,5598,private,2200,single_family,1,True,30.9,36.7,42.4,high_risk,by_right,1.0,1.0,1.0,by_right,5.2,6.4,7.5,90817,125951,160926,-374975,-298420,-230070,100% of lot over mapped mine workings (UM-O overlay),high,,-79.942578,40.418515
0055K00358000000,55-K-358,Hazelwood,R1D-M,5598,private,2200,duplex,2,False,,,,high_risk,not_allowed,,,,,,,,,,,,,,No street frontage within 60 ft,high,,-79.942578,40.418515
0055K00358000000,55-K-358,Hazelwood,R1D-M,5598,private,2200,triplex,3,False,,,,high_risk,not_allowed,,,,,,,,,,,,,,No street frontage within 60 ft,high,,-79.942578,40.418515
0055K00358000000,55-K-358,Hazelwood,R1D-M,5598,private,2200,townhome,2,False,35.6,39.7,43.7,high_risk,special_exception+subdivision,0.814,0.882,0.93,model+placeholder,7.9,9.5,11.2,90296,125189,160232,-579364,-452452,-331244,100% of lot over mapped mine workings (UM-O overlay),high,,-79.942578,40.418515
0055K00358000000,55-K-358,Hazelwood,R1D-M,5598,private,2200,walkup,4,False,,,,high_risk,not_allowed,,,,,,,,,,,,,,No street frontage within 60 ft,high,,-79.942578,40.418515
0055K00360000000,55-K-360,Hazelwood,R1D-M,2699,private,1100,single_family,1,True,34.9,40.4,45.9,high_risk,by_right,1.0,1.0,1.0,by_right,4.8,6.1,7.3,74111,104789,136734,-357375,-281111,-212559,No street frontage within 60 ft,high,,-79.942445,40.418502
0055K00360000000,55-K-360,Hazelwood,R1D-M,2699,private,1100,duplex,2,False,,,,high_risk,not_allowed,,,,,,,,,,,,,,No street frontage within 60 ft,high,,-79.942445,40.418502
0055K00360000000,55-K-360,Hazelwood,R1D-M,2699,private,1100,triplex,3,False,,,,high_risk,not_allowed,,,,,,,,,,,,,,No street frontage within 60 ft,high,,-79.942445,40.418502
0055K00360000000,55-K-360,Hazelwood,R1D-M,2699,private,1100,townhome,2,False,,,,high_risk,not_allowed,,,,,,,,,,,,,,No street frontage within 60 ft,high,,-79.942445,40.418502
0055K00360000000,55-K-360,Hazelwood,R1D-M,2699,private,1100,walkup,4,False,,,,high_risk,not_allowed,,,,,,,,,,,,,,No street frontage within 60 ft,high,,-79.942445,40.418502
0055K00362000000,55-K-362,Hazelwood,R1D-M,5686,private,2200,single_family,1,True,30.9,36.7,42.4,high_risk,by_right,1.0,1.0,1.0,by_right,5.2,6.4,7.5,90707,125841,160816,-374879,-298323,-229974,100% of lot over mapped mine workings (UM-O overlay),high,,-79.942218,40.418479
0055K00362000000,55-K-362,Hazelwood,R1D-M,5686,private,2200,duplex,2,False,,,,high_risk,not_allowed,,,,,,,,,,,,,,No street frontage within 60 ft,high,,-79.942218,40.418479
0055K00362000000,55-K-362,Hazelwood,R1D-M,5686,private,2200,triplex,3,False,,,,high_risk,not_allowed,,,,,,,,,,,,,,No street frontage within 60 ft,high,,-79.942218,40.418479
0055K00362000000,55-K-362,Hazelwood,R1D-M,5686,private,2200,townhome,2,False,35.6,39.8,43.7,high_risk,special_exception+subdivision,0.814,0.882,0.93,model+placeholder,7.9,9.5,11.2,90186,125079,160122,-579267,-452356,-331151,100% of lot over mapped mine workings (UM-O overlay),high,,-79.942218,40.418479
0055K00362000000,55-K-362,Hazelwood,R1D-M,5686,private,2200,walkup,4,False,,,,high_risk,not_allowed,,,,,,,,,,,,,,No street frontage within 60 ft,high,,-79.942218,40.418479
0055K00364000000,55-K-364,Hazelwood,R1D-M,2651,private,1100,single_family,1,True,36.8,42.5,48.1,high_risk,by_right,1.0,1.0,1.0,by_right,4.9,6.0,7.3,60410,91763,123132,-341321,-270863,-200948,No street frontage within 60 ft,high,,-79.942085,40.418467
0055K00364000000,55-K-364,Hazelwood,R1D-M,2651,private,1100,duplex,2,False,,,,high_risk,not_allowed,,,,,,,,,,,,,,No street frontage within 60 ft,high,,-79.942085,40.418467
0055K00364000000,55-K-364,Hazelwood,R1D-M,2651,private,1100,triplex,3,False,,,,high_risk,not_allowed,,,,,,,,,,,,,,No street frontage within 60 ft,high,,-79.942085,40.418467
0055K00364000000,55-K-364,Hazelwood,R1D-M,2651,private,1100,townhome,2,False,,,,high_risk,not_allowed,,,,,,,,,,,,,,No street frontage within 60 ft,high,,-79.942085,40.418467
0055K00364000000,55-K-364,Hazelwood,R1D-M,2651,private,1100,walkup,4,False,,,,high_risk,not_allowed,,,,,,,,,,,,,,No street frontage within 60 ft,high,,-79.942085,40.418467
0055K00386000000,55-K-386,Hazelwood,R1D-M,3324,private,12600,single_family,1,True,49.4,52.4,55.0,feasible_with_conditions,by_right,1.0,1.0,1.0,by_right,4.2,5.3,6.5,31078,41775,52558,-292032,-224106,-158144,100% of lot over mapped mine workings (UM-O overlay),medium,,-79.941223,40.417606
0055K00386000000,55-K-386,Hazelwood,R1D-M,3324,private,12600,duplex,2,False,,,,high_risk,not_allowed,,,,,,,,,,,,,,100% of lot over mapped mine workings (UM-O overlay),medium,,-79.941223,40.417606
0055K00386000000,55-K-386,Hazelwood,R1D-M,3324,private,12600,triplex,3,False,,,,high_risk,not_allowed,,,,,,,,,,,,,,100% of lot over mapped mine workings (UM-O overlay),medium,,-79.941223,40.417606
0055K00386000000,55-K-386,Hazelwood,R1D-M,3324,private,12600,townhome,2,False,,,,high_risk,not_allowed,,,,,,,,,,,,,,100% of lot over mapped mine workings (UM-O overlay),medium,,-79.941223,40.417606
0055K00386000000,55-K-386,Hazelwood,R1D-M,3324,private,12600,walkup,4,False,,,,high_risk,not_allowed,,,,,,,,,,,,,,100% of lot over mapped mine workings (UM-O overlay),medium,,-79.941223,40.417606
0055L00033000000,55-L-33,Hazelwood,R1D-M,3298,private,1600,single_family,1,True,37.0,42.8,48.8,high_risk,by_right,1.0,1.0,1.0,by_right,4.3,5.4,6.5,61242,96435,130008,-342740,-271227,-199367,100% of lot landslide-prone,high,,-79.937329,40.417091
0055L00033000000,55-L-33,Hazelwood,R1D-M,3298,private,1600,duplex,2,False,,,,high_risk,not_allowed,,,,,,,,,,,,,,100% of lot landslide-prone,high,,-79.937329,40.417091
0055L00033000000,55-L-33,Hazelwood,R1D-M,3298,private,1600,triplex,3,False,,,,high_risk,not_allowed,,,,,,,,,,,,,,100% of lot landslide-prone,high,,-79.937329,40.417091
0055L00033000000,55-L-33,Hazelwood,R1D-M,3298,private,1600,townhome,2,False,,,,high_risk,not_allowed,,,,,,,,,,,,,,100% of lot landslide-prone,high,,-79.937329,40.417091
0055L00033000000,55-L-33,Hazelwood,R1D-M,3298,private,1600,walkup,4,False,,,,high_risk,not_allowed,,,,,,,,,,,,,,100% of lot landslide-prone,high,,-79.937329,40.417091
0055L00034000000,55-L-34,Hazelwood,R1D-M,261,private,200,single_family,1,False,,,,high_risk,not_allowed,,,,,,,,,,,,,,58% of lot on 25%+ slope,high,,-79.937243,40.416911
0055L00034000000,55-L-34,Hazelwood,R1D-M,261,private,200,duplex,2,False,,,,high_risk,not_allowed,,,,,,,,,,,,,,58% of lot on 25%+ slope,high,,-79.937243,40.416911
0055L00034000000,55-L-34,Hazelwood,R1D-M,261,private,200,triplex,3,False,,,,high_risk,not_allowed,,,,,,,,,,,,,,58% of lot on 25%+ slope,high,,-79.937243,40.416911
0055L00034000000,55-L-34,Hazelwood,R1D-M,261,private,200,townhome,2,False,,,,high_risk,not_allowed,,,,,,,,,,,,,,58% of lot on 25%+ slope,high,,-79.937243,40.416911
0055L00034000000,55-L-34,Hazelwood,R1D-M,261,private,200,walkup,4,False,,,,high_risk,not_allowed,,,,,,,,,,,,,,58% of lot on 25%+ slope,high,,-79.937243,40.416911
0055L00054000000,55-L-54,Hazelwood,P,7643,private,3200,single_family,,False,,,,high_risk,not_allowed,,,,,,,,,,,,,,100% of lot landslide-prone,high,,-79.938822,40.416322
0055L00054000000,55-L-54,Hazelwood,P,7643,private,3200,duplex,,False,,,,high_risk,not_allowed,,,,,,,,,,,,,,100% of lot landslide-prone,high,,-79.938822,40.416322
0055L00054000000,55-L-54,Hazelwood,P,7643,private,3200,triplex,,False,,,,high_risk,not_allowed,,,,,,,,,,,,,,100% of lot landslide-prone,high,,-79.938822,40.416322
0055L00054000000,55-L-54,Hazelwood,P,7643,private,3200,townhome,,False,,,,high_risk,not_allowed,,,,,,,,,,,,,,100% of lot landslide-prone,high,,-79.938822,40.416322
0055L00054000000,55-L-54,Hazelwood,P,7643,private,3200,walkup,,False,,,,high_risk,not_allowed,,,,,,,,,,,,,,100% of lot landslide-prone,high,,-79.938822,40.416322
0055L00056000000,55-L-56,Hazelwood,P,36020,private,5000,single_family,,False,,,,high_risk,not_allowed,,,,,,,,,,,,,,82% of lot landslide-prone,high,,-79.938715,40.416583
0055L00056000000,55-L-56,Hazelwood,P,36020,private,5000,duplex,,False,,,,high_risk,not_allowed,,,,,,,,,,,,,,82% of lot landslide-prone,high,,-79.938715,40.416583
0055L00056000000,55-L-56,Hazelwood,P,36020,private,5000,triplex,,False,,,,high_risk,not_allowed,,,,,,,,,,,,,,82% of lot landslide-prone,high,,-79.938715,40.416583
0055L00056000000,55-L-56,Hazelwood,P,36020,private,5000,townhome,,False,,,,high_risk,not_allowed,,,,,,,,,,,,,,82% of lot landslide-prone,high,,-79.938715,40.416583
0055L00056000000,55-L-56,Hazelwood,P,36020,private,5000,walkup,,False,,,,high_risk,not_allowed,,,,,,,,,,,,,,82% of lot landslide-prone,high,,-79.938715,40.416583
0055L00057000000,55-L-57,Hazelwood,P,7359,private,2600,single_family,,False,,,,high_risk,not_allowed,,,,,,,,,,,,,,57% of lot landslide-prone,high,,-79.938554,40.416839
0055L00057000000,55-L-57,Hazelwood,P,7359,private,2600,duplex,,False,,,,high_risk,not_allowed,,,,,,,,,,,,,,57% of lot landslide-prone,high,,-79.938554,40.416839
0055L00057000000,55-L-57,Hazelwood,P,7359,private,2600,triplex,,False,,,,high_risk,not_allowed,,,,,,,,,,,,,,57% of lot landslide-prone,high,,-79.938554,40.416839
0055L00057000000,55-L-57,Hazelwood,P,7359,private,2600,townhome,,False,,,,high_risk,not_allowed,,,,,,,,,,,,,,57% of lot landslide-prone,high,,-79.938554,40.416839
0055L00057000000,55-L-57,Hazelwood,P,7359,private,2600,walkup,,False,,,,high_risk,not_allowed,,,,,,,,,,,,,,57% of lot landslide-prone,high,,-79.938554,40.416839
0055L00058000000,55-L-58,Hazelwood,P,787,private,3000,single_family,,False,,,,high_risk,not_allowed,,,,,,,,,,,,,,60% of lot on 25%+ slope,high,,-79.938445,40.416807
0055L00058000000,55-L-58,Hazelwood,P,787,private,3000,duplex,,False,,,,high_risk,not_allowed,,,,,,,,,,,,,,60% of lot on 25%+ slope,high,,-79.938445,40.416807
0055L00058000000,55-L-58,Hazelwood,P,787,private,3000,triplex,,False,,,,high_risk,not_allowed,,,,,,,,,,,,,,60% of lot on 25%+ slope,high,,-79.938445,40.416807
0055L00058000000,55-L-58,Hazelwood,P,787,private,3000,townhome,,False,,,,high_risk,not_allowed,,,,,,,,,,,,,,60% of lot on 25%+ slope,high,,-79.938445,40.416807
0055L00058000000,55-L-58,Hazelwood,P,787,private,3000,walkup,,False,,,,high_risk,not_allowed,,,,,,,,,,,,,,60% of lot on 25%+ slope,high,,-79.938445,40.416807
0055L00061000000,55-L-61,Hazelwood,P,4977,private,18400,single_family,,False,,,,high_risk,not_allowed,,,,,,,,,,,,,,56% of lot on 25%+ slope,high,,-79.938313,40.416912
0055L00061000000,55-L-61,Hazelwood,P,4977,private,18400,duplex,,False,,,,high_risk,not_allowed,,,,,,,,,,,,,,56% of lot on 25%+ slope,high,,-79.938313,40.416912
0055L00061000000,55-L-61,Hazelwood,P,4977,private,18400,triplex,,False,,,,high_risk,not_allowed,,,,,,,,,,,,,,56% of lot on 25%+ slope,high,,-79.938313,40.416912
0055L00061000000,55-L-61,Hazelwood,P,4977,private,18400,townhome,,False,,,,high_risk,not_allowed,,,,,,,,,,,,,,56% of lot on 25%+ slope,high,,-79.938313,40.416912
0055L00061000000,55-L-61,Hazelwood,P,4977,private,18400,walkup,,False,,,,high_risk,not_allowed,,,,,,,,,,,,,,56% of lot on 25%+ slope,high,,-79.938313,40.416912
0055L00068000000,55-L-68,Hazelwood,P,4133,private,1600,single_family,,False,,,,high_risk,not_allowed,,,,,,,,,,,,,,68% of lot on 25%+ slope,high,,-79.938002,40.417228
0055L00068000000,55-L-68,Hazelwood,P,4133,private,1600,duplex,,False,,,,high_risk,not_allowed,,,,,,,,,,,,,,68% of lot on 25%+ slope,high,,-79.938002,40.417228
0055L00068000000,55-L-68,Hazelwood,P,4133,private,1600,triplex,,False,,,,high_risk,not_allowed,,,,,,,,,,,,,,68% of lot on 25%+ slope,high,,-79.938002,40.417228
0055L00068000000,55-L-68,Hazelwood,P,4133,private,1600,townhome,,False,,,,high_risk,not_allowed,,,,,,,,,,,,,,68% of lot on 25%+ slope,high,,-79.938002,40.417228
0055L00068000000,55-L-68,Hazelwood,P,4133,private,1600,walkup,,False,,,,high_risk,not_allowed,,,,,,,,,,,,,,68% of lot on 25%+ slope,high,,-79.938002,40.417228
0055L00076000000,55-L-76,Hazelwood,P,4514,private,41800,single_family,,False,,,,high_risk,not_allowed,,,,,,,,,,,,,,68% of lot on 25%+ slope,high,,-79.93748,40.417664
0055L00076000000,55-L-76,Hazelwood,P,4514,private,41800,duplex,,False,,,,high_risk,not_allowed,,,,,,,,,,,,,,68% of lot on 25%+ slope,high,,-79.93748,40.417664
0055L00076000000,55-L-76,Hazelwood,P,4514,private,41800,triplex,,False,,,,high_risk,not_allowed,,,,,,,,,,,,,,68% of lot on 25%+ slope,high,,-79.93748,40.417664
0055L00076000000,55-L-76,Hazelwood,P,4514,private,41800,townhome,,False,,,,high_risk,not_allowed,,,,,,,,,,,,,,68% of lot on 25%+ slope,high,,-79.93748,40.417664
0055L00076000000,55-L-76,Hazelwood,P,4514,private,41800,walkup,,False,,,,high_risk,not_allowed,,,,,,,,,,,,,,68% of lot on 25%+ slope,high,,-79.93748,40.417664
0055L00078000000,55-L-78,Hazelwood,P,3364,private,37900,single_family,,False,,,,high_risk,not_allowed,,,,,,,,,,,,,,68% of lot on 25%+ slope,high,,-79.937322,40.417787
0055L00078000000,55-L-78,Hazelwood,P,3364,private,37900,duplex,,False,,,,high_risk,not_allowed,,,,,,,,,,,,,,68% of lot on 25%+ slope,high,,-79.937322,40.417787
0055L00078000000,55-L-78,Hazelwood,P,3364,private,37900,triplex,,False,,,,high_risk,not_allowed,,,,,,,,,,,,,,68% of lot on 25%+ slope,high,,-79.937322,40.417787
0055L00078000000,55-L-78,Hazelwood,P,3364,private,37900,townhome,,False,,,,high_risk,not_allowed,,,,,,,,,,,,,,68% of lot on 25%+ slope,high,,-79.937322,40.417787
0055L00078000000,55-L-78,Hazelwood,P,3364,private,37900,walkup,,False,,,,high_risk,not_allowed,,,,,,,,,,,,,,68% of lot on 25%+ slope,high,,-79.937322,40.417787
0055L00120000000,55-L-120,Hazelwood,R1D-M,8796,private,8000,single_family,1,True,41.5,47.1,52.6,high_risk,by_right,1.0,1.0,1.0,by_right,4.2,5.3,6.5,41048,70092,99672,-319881,-249227,-179602,6% of lot landslide-prone,medium,,-79.939652,40.416999
0055L00120000000,55-L-120,Hazelwood,R1D-M,8796,private,8000,duplex,2,False,,,,high_risk,not_allowed,,,,,,,,,,,,,,6% of lot landslide-prone,medium,,-79.939652,40.416999
0055L00120000000,55-L-120,Hazelwood,R1D-M,8796,private,8000,triplex,3,False,,,,high_risk,not_allowed,,,,,,,,,,,,,,6% of lot landslide-prone,medium,,-79.939652,40.416999
0055L00120000000,55-L-120,Hazelwood,R1D-M,8796,private,8000,townhome,4,False,44.8,47.3,49.9,high_risk,special_exception+variance+subdivision,0.763,0.836,0.892,model+placeholder,8.7,10.3,12.0,41885,68638,98048,-988584,-733286,-511172,6% of lot landslide-prone,medium,,-79.939652,40.416999
0055L00120000000,55-L-120,Hazelwood,R1D-M,8796,private,8000,walkup,4,False,,,,high_risk,not_allowed,,,,,,,,,,,,,,6% of lot landslide-prone,medium,,-79.939652,40.416999
0055L00139000000,55-L-139,Hazelwood,R1D-M,2050,private,800,single_family,1,False,,,,high_risk,not_allowed,,,,,,,,,,,,,,61% of lot on 25%+ slope,high,,-79.940401,40.416569
0055L00139000000,55-L-139,Hazelwood,R1D-M,2050,private,800,duplex,2,False,,,,high_risk,not_allowed,,,,,,,,,,,,,,61% of lot on 25%+ slope,high,,-79.940401,40.416569
0055L00139000000,55-L-139,Hazelwood,R1D-M,2050,private,800,triplex,3,False,,,,high_risk,not_allowed,,,,,,,,,,,,,,61% of lot on 25%+ slope,high,,-79.940401,40.416569
0055L00139000000,55-L-139,Hazelwood,R1D-M,2050,private,800,townhome,2,False,,,,high_risk,not_allowed,,,,,,,,,,,,,,61% of lot on 25%+ slope,high,,-79.940401,40.416569
0055L00139000000,55-L-139,Hazelwood,R1D-M,2050,private,800,walkup,4,False,,,,high_risk,not_allowed,,,,,,,,,,,,,,61% of lot on 25%+ slope,high,,-79.940401,40.416569
0055L00152000000,55-L-152,Hazelwood,R1D-M,4267,private,22500,single_family,1,True,27.4,34.2,41.5,high_risk,by_right,1.0,1.0,1.0,by_right,4.8,6.1,7.3,100909,148018,196621,-397989,-317499,-239891,64% of lot on 25%+ slope,high,,-79.941194,40.416505
0055L00152000000,55-L-152,Hazelwood,R1D-M,4267,private,22500,duplex,2,False,,,,high_risk,not_allowed,,,,,,,,,,,,,,64% of lot on 25%+ slope,high,,-79.941194,40.416505
0055L00152000000,55-L-152,Hazelwood,R1D-M,4267,private,22500,triplex,3,False,,,,high_risk,not_allowed,,,,,,,,,,,,,,64% of lot on 25%+ slope,high,,-79.941194,40.416505
0055L00152000000,55-L-152,Hazelwood,R1D-M,4267,private,22500,townhome,2,False,32.1,37.1,41.8,high_risk,special_exception+variance+subdivision,0.82,0.887,0.934,model+placeholder,8.8,10.3,12.0,101261,146048,192103,-592185,-461340,-339334,64% of lot on 25%+ slope,high,,-79.941194,40.416505
0055L00152000000,55-L-152,Hazelwood,R1D-M,4267,private,22500,walkup,4,False,,,,high_risk,not_allowed,,,,,,,,,,,,,,64% of lot on 25%+ slope,high,,-79.941194,40.416505
0055L00159000000,55-L-159,Hazelwood,P,5186,private,12500,single_family,1,True,24.3,28.0,35.7,high_risk,by_right,1.0,1.0,1.0,by_right,5.1,6.1,7.3,141132,193818,246885,-438940,-357585,-276710,85% of lot on 25%+ slope,high,,-79.940867,40.416785
0055L00159000000,55-L-159,Hazelwood,P,5186,private,12500,duplex,2,False,,,,high_risk,not_allowed,,,,,,,,,,,,,,85% of lot on 25%+ slope,high,,-79.940867,40.416785
0055L00159000000,55-L-159,Hazelwood,P,5186,private,12500,triplex,3,False,,,,high_risk,not_allowed,,,,,,,,,,,,,,85% of lot on 25%+ slope,high,,-79.940867,40.416785
0055L00159000000,55-L-159,Hazelwood,P,5186,private,12500,townhome,2,False,29.1,34.3,39.7,high_risk,special_exception+subdivision,0.859,0.911,0.949,model+placeholder,8.0,9.5,11.1,138266,192350,245654,-631945,-501139,-373672,85% of lot on 25%+ slope,high,,-79.940867,40.416785
0055L00159000000,55-L-159,Hazelwood,P,5186,private,12500,walkup,4,False,,,,high_risk,not_allowed,,,,,,,,,,,,,,85% of lot on 25%+ slope,high,,-79.940867,40.416785
0055L00170000000,55-L-170,Hazelwood,P,2857,private,1200,single_family,,False,,,,high_risk,not_allowed,,,,,,,,,,,,,,95% of lot on 25%+ slope,high,,-79.940748,40.417466
0055L00170000000,55-L-170,Hazelwood,P,2857,private,1200,duplex,,False,,,,high_risk,not_allowed,,,,,,,,,,,,,,95% of lot on 25%+ slope,high,,-79.940748,40.417466
0055L00170000000,55-L-170,Hazelwood,P,2857,private,1200,triplex,,False,,,,high_risk,not_allowed,,,,,,,,,,,,,,95% of lot on 25%+ slope,high,,-79.940748,40.417466
0055L00170000000,55-L-170,Hazelwood,P,2857,private,1200,townhome,,False,,,,high_risk,not_allowed,,,,,,,,,,,,,,95% of lot on 25%+ slope,high,,-79.940748,40.417466
0055L00170000000,55-L-170,Hazelwood,P,2857,private,1200,walkup,,False,,,,high_risk,not_allowed,,,,,,,,,,,,,,95% of lot on 25%+ slope,high,,-79.940748,40.417466
0055L00171000000,55-L-171,Hazelwood,P,2798,private,1200,single_family,,False,,,,high_risk,not_allowed,,,,,,,,,,,,,,99% of lot on 25%+ slope,high,,-79.940737,40.417534
0055L00171000000,55-L-171,Hazelwood,P,2798,private,1200,duplex,,False,,,,high_risk,not_allowed,,,,,,,,,,,,,,99% of lot on 25%+ slope,high,,-79.940737,40.417534
0055L00171000000,55-L-171,Hazelwood,P,2798,private,1200,triplex,,False,,,,high_risk,not_allowed,,,,,,,,,,,,,,99% of lot on 25%+ slope,high,,-79.940737,40.417534
0055L00171000000,55-L-171,Hazelwood,P,2798,private,1200,townhome,,False,,,,high_risk,not_allowed,,,,,,,,,,,,,,99% of lot on 25%+ slope,high,,-79.940737,40.417534
0055L00171000000,55-L-171,Hazelwood,P,2798,private,1200,walkup,,False,,,,high_risk,not_allowed,,,,,,,,,,,,,,99% of lot on 25%+ slope,high,,-79.940737,40.417534
0055L00172000000,55-L-172,Hazelwood,P,5798,private,22600,single_family,,False,,,,high_risk,not_allowed,,,,,,,,,,,,,,97% of lot on 25%+ slope,high,,-79.940719,40.417639
0055L00172000000,55-L-172,Hazelwood,P,5798,private,22600,duplex,,False,,,,high_risk,not_allowed,,,,,,,,,,,,,,97% of lot on 25%+ slope,high,,-79.940719,40.417639
0055L00172000000,55-L-172,Hazelwood,P,5798,private,22600,triplex,,False,,,,high_risk,not_allowed,,,,,,,,,,,,,,97% of lot on 25%+ slope,high,,-79.940719,40.417639
0055L00172000000,55-L-172,Hazelwood,P,5798,private,22600,townhome,,False,,,,high_risk,not_allowed,,,,,,,,,,,,,,97% of lot on 25%+ slope,high,,-79.940719,40.417639
0055L00172000000,55-L-172,Hazelwood,P,5798,private,22600,walkup,,False,,,,high_risk,not_allowed,,,,,,,,,,,,,,97% of lot on 25%+ slope,high,,-79.940719,40.417639
0055L00191000000,55-L-191,Hazelwood,R1D-M,2048,private,9700,single_family,1,False,,,,high_risk,not_allowed,,,,,,,,,,,,,,68% of lot on 25%+ slope,high,,-79.939857,40.417333
0055L00191000000,55-L-191,Hazelwood,R1D-M,2048,private,9700,duplex,2,False,,,,high_risk,not_allowed,,,,,,,,,,,,,,68% of lot on 25%+ slope,high,,-79.939857,40.417333
0055L00191000000,55-L-191,Hazelwood,R1D-M,2048,private,9700,triplex,3,False,,,,high_risk,not_allowed,,,,,,,,,,,,,,68% of lot on 25%+ slope,high,,-79.939857,40.417333
0055L00191000000,55-L-191,Hazelwood,R1D-M,2048,private,9700,townhome,2,False,,,,high_risk,not_allowed,,,,,,,,,,,,,,68% of lot on 25%+ slope,high,,-79.939857,40.417333
0055L00191000000,55-L-191,Hazelwood,R1D-M,2048,private,9700,walkup,4,False,,,,high_risk,not_allowed,,,,,,,,,,,,,,68% of lot on 25%+ slope,high,,-79.939857,40.417333
0055L00208000100,55-L-208-1,Hazelwood,R1D-M,851,private,300,single_family,1,False,,,,high_risk,not_allowed,,,,,,,,,,,,,,100% of lot on 25%+ slope,high,,-79.938558,40.417666
0055L00208000100,55-L-208-1,Hazelwood,R1D-M,851,private,300,duplex,2,False,,,,high_risk,not_allowed,,,,,,,,,,,,,,100% of lot on 25%+ slope,high,,-79.938558,40.417666
0055L00208000100,55-L-208-1,Hazelwood,R1D-M,851,private,300,triplex,3,False,,,,high_risk,not_allowed,,,,,,,,,,,,,,100% of lot on 25%+ slope,high,,-79.938558,40.417666
0055L00208000100,55-L-208-1,Hazelwood,R1D-M,851,private,300,townhome,2,False,,,,high_risk,not_allowed,,,,,,,,,,,,,,100% of lot on 25%+ slope,high,,-79.938558,40.417666
0055L00208000100,55-L-208-1,Hazelwood,R1D-M,851,private,300,walkup,4,False,,,,high_risk,not_allowed,,,,,,,,,,,,,,100% of lot on 25%+ slope,high,,-79.938558,40.417666
0055L00212000000,55-L-212,Hazelwood,P,9333,private,10000,single_family,,False,,,,high_risk,not_allowed,,,,,,,,,,,,,,79% of lot on 25%+ slope,high,,-79.938162,40.417726
0055L00212000000,55-L-212,Hazelwood,P,9333,private,10000,duplex,,False,,,,high_risk,not_allowed,,,,,,,,,,,,,,79% of lot on 25%+ slope,high,,-79.938162,40.417726
0055L00212000000,55-L-212,Hazelwood,P,9333,private,10000,triplex,,False,,,,high_risk,not_allowed,,,,,,,,,,,,,,79% of lot on 25%+ slope,high,,-79.938162,40.417726
0055L00212000000,55-L-212,Hazelwood,P,9333,private,10000,townhome,,False,,,,high_risk,not_allowed,,,,,,,,,,,,,,79% of lot on 25%+ slope,high,,-79.938162,40.417726
0055L00212000000,55-L-212,Hazelwood,P,9333,private,10000,walkup,,False,,,,high_risk,not_allowed,,,,,,,,,,,,,,79% of lot on 25%+ slope,high,,-79.938162,40.417726
0055L00221000000,55-L-221,Hazelwood,P,4217,private,20200,single_family,,False,,,,high_risk,not_allowed,,,,,,,,,,,,,,72% of lot on 25%+ slope,high,,-79.937617,40.418055
0055L00221000000,55-L-221,Hazelwood,P,4217,private,20200,duplex,,False,,,,high_risk,not_allowed,,,,,,,,,,,,,,72% of lot on 25%+ slope,high,,-79.937617,40.418055
0055L00221000000,55-L-221,Hazelwood,P,4217,private,20200,triplex,,False,,,,high_risk,not_allowed,,,,,,,,,,,,,,72% of lot on 25%+ slope,high,,-79.937617,40.418055
0055L00221000000,55-L-221,Hazelwood,P,4217,private,20200,townhome,,False,,,,high_risk,not_allowed,,,,,,,,,,,,,,72% of lot on 25%+ slope,high,,-79.937617,40.418055
0055L00221000000,55-L-221,Hazelwood,P,4217,private,20200,walkup,,False,,,,high_risk,not_allowed,,,,,,,,,,,,,,72% of lot on 25%+ slope,high,,-79.937617,40.418055
0055L00223000000,55-L-223,Hazelwood,P,10022,private,23200,single_family,,False,,,,high_risk,not_allowed,,,,,,,,,,,,,,69% of lot on 25%+ slope,high,,-79.937522,40.418154
0055L00223000000,55-L-223,Hazelwood,P,10022,private,23200,duplex,,False,,,,high_risk,not_allowed,,,,,,,,,,,,,,69% of lot on 25%+ slope,high,,-79.937522,40.418154
0055L00223000000,55-L-223,Hazelwood,P,10022,private,23200,triplex,,False,,,,high_risk,not_allowed,,,,,,,,,,,,,,69% of lot on 25%+ slope,high,,-79.937522,40.418154
0055L00223000000,55-L-223,Hazelwood,P,10022,private,23200,townhome,,False,,,,high_risk,not_allowed,,,,,,,,,,,,,,69% of lot on 25%+ slope,high,,-79.937522,40.418154
0055L00223000000,55-L-223,Hazelwood,P,10022,private,23200,walkup,,False,,,,high_risk,not_allowed,,,,,,,,,,,,,,69% of lot on 25%+ slope,high,,-79.937522,40.418154
0055L00226000000,55-L-226,Hazelwood,P,1912,private,1000,single_family,,False,,,,high_risk,not_allowed,,,,,,,,,,,,,,54% of lot on 25%+ slope,high,,-79.937251,40.418098
0055L00226000000,55-L-226,Hazelwood,P,1912,private,1000,duplex,,False,,,,high_risk,not_allowed,,,,,,,,,,,,,,54% of lot on 25%+ slope,high,,-79.937251,40.418098
0055L00226000000,55-L-226,Hazelwood,P,1912,private,1000,triplex,,False,,,,high_risk,not_allowed,,,,,,,,,,,,,,54% of lot on 25%+ slope,high,,-79.937251,40.418098
0055L00226000000,55-L-226,Hazelwood,P,1912,private,1000,townhome,,False,,,,high_risk,not_allowed,,,,,,,,,,,,,,54% of lot on 25%+ slope,high,,-79.937251,40.418098
0055L00226000000,55-L-226,Hazelwood,P,1912,private,1000,walkup,,False,,,,high_risk,not_allowed,,,,,,,,,,,,,,54% of lot on 25%+ slope,high,,-79.937251,40.418098
0055L00228000000,55-L-228,Hazelwood,P,3931,private,41500,single_family,,False,,,,high_risk,not_allowed,,,,,,,,,,,,,,54% of lot on 25%+ slope,high,,-79.937097,40.418166
0055L00228000000,55-L-228,Hazelwood,P,3931,private,41500,duplex,,False,,,,high_risk,not_allowed,,,,,,,,,,,,,,54% of lot on 25%+ slope,high,,-79.937097,40.418166
0055L00228000000,55-L-228,Hazelwood,P,3931,private,41500,triplex,,False,,,,high_risk,not_allowed,,,,,,,,,,,,,,54% of lot on 25%+ slope,high,,-79.937097,40.418166
0055L00228000000,55-L-228,Hazelwood,P,3931,private,41500,townhome,,False,,,,high_risk,not_allowed,,,,,,,,,,,,,,54% of lot on 25%+ slope,high,,-79.937097,40.418166
0055L00228000000,55-L-228,Hazelwood,P,3931,private,41500,walkup,,False,,,,high_risk,not_allowed,,,,,,,,,,,,,,54% of lot on 25%+ slope,high,,-79.937097,40.418166
0055L00230000000,55-L-230,Hazelwood,P,26171,private,24700,single_family,1,True,23.7,26.5,33.2,high_risk,by_right,1.0,1.0,1.0,by_right,5.3,6.5,7.5,153296,209439,263072,-451544,-370375,-292402,94% of lot on 25%+ slope,high,,-79.937279,40.41851
0055L00230000000,55-L-230,Hazelwood,P,26171,private,24700,duplex,2,False,,,,high_risk,not_allowed,,,,,,,,,,,,,,94% of lot on 25%+ slope,high,,-79.937279,40.41851
0055L00230000000,55-L-230,Hazelwood,P,26171,private,24700,triplex,3,False,,,,high_risk,not_allowed,,,,,,,,,,,,,,94% of lot on 25%+ slope,high,,-79.937279,40.41851
0055L00230000000,55-L-230,Hazelwood,P,26171,private,24700,townhome,7,False,44.3,47.1,49.4,high_risk,special_exception+subdivision,0.859,0.911,0.949,model+placeholder,7.9,9.5,11.2,155107,205896,261534,-1822860,-1376255,-967221,94% of lot on 25%+ slope,high,,-79.937279,40.41851
0055L00230000000,55-L-230,Hazelwood,P,26171,private,24700,walkup,4,False,,,,high_risk,not_allowed,,,,,,,,,,,,,,94% of lot on 25%+ slope,high,,-79.937279,40.41851
0055L00260000000,55-L-260,Hazelwood,P,17294,private,23400,single_family,,False,,,,high_risk,not_allowed,,,,,,,,,,,,,,90% of lot on 25%+ slope,high,,-79.939183,40.417444
0055L00260000000,55-L-260,Hazelwood,P,17294,private,23400,duplex,,False,,,,high_risk,not_allowed,,,,,,,,,,,,,,90% of lot on 25%+ slope,high,,-79.939183,40.417444
0055L00260000000,55-L-260,Hazelwood,P,17294,private,23400,triplex,,False,,,,high_risk,not_allowed,,,,,,,,,,,,,,90% of lot on 25%+ slope,high,,-79.939183,40.417444
0055L00260000000,55-L-260,Hazelwood,P,17294,private,23400,townhome,,False,,,,high_risk,not_allowed,,,,,,,,,,,,,,90% of lot on 25%+ slope,high,,-79.939183,40.417444
0055L00260000000,55-L-260,Hazelwood,P,17294,private,23400,walkup,,False,,,,high_risk,not_allowed,,,,,,,,,,,,,,90% of lot on 25%+ slope,high,,-79.939183,40.417444
0055L00304000100,55-L-304-1,Hazelwood,P,7986,private,45300,single_family,1,True,23.7,26.5,33.2,high_risk,by_right,1.0,1.0,1.0,by_right,5.3,6.5,7.5,153296,209439,263072,-451717,-369853,-291381,81% of lot on 25%+ slope,high,,-79.939528,40.417825
0055L00304000100,55-L-304-1,Hazelwood,P,7986,private,45300,duplex,2,False,,,,high_risk,not_allowed,,,,,,,,,,,,,,81% of lot on 25%+ slope,high,,-79.939528,40.417825
0055L00304000100,55-L-304-1,Hazelwood,P,7986,private,45300,triplex,3,False,,,,high_risk,not_allowed,,,,,,,,,,,,,,81% of lot on 25%+ slope,high,,-79.939528,40.417825
0055L00304000100,55-L-304-1,Hazelwood,P,7986,private,45300,townhome,4,False,37.6,41.0,44.5,high_risk,special_exception+variance+subdivision,0.82,0.887,0.934,model+placeholder,8.8,10.3,12.0,153204,206963,263422,-1109223,-852463,-618176,81% of lot on 25%+ slope,high,,-79.939528,40.417825
0055L00304000100,55-L-304-1,Hazelwood,P,7986,private,45300,walkup,4,False,,,,high_risk,not_allowed,,,,,,,,,,,,,,81% of lot on 25%+ slope,high,,-79.939528,40.417825
0055M00007000000,55-M-7,Hazelwood,P,29674,private,47200,single_family,1,True,27.5,34.5,41.9,high_risk,by_right,1.0,1.0,1.0,by_right,4.9,6.1,7.3,98213,146558,193583,-396061,-315838,-237858,74% of lot on 25%+ slope,high,,-79.936739,40.418596
0055M00007000000,55-M-7,Hazelwood,P,29674,private,47200,duplex,2,False,,,,high_risk,not_allowed,,,,,,,,,,,,,,74% of lot on 25%+ slope,high,,-79.936739,40.418596
0055M00007000000,55-M-7,Hazelwood,P,29674,private,47200,triplex,3,False,,,,high_risk,not_allowed,,,,,,,,,,,,,,74% of lot on 25%+ slope,high,,-79.936739,40.418596
0055M00007000000,55-M-7,Hazelwood,P,29674,private,47200,townhome,8,False,47.2,49.5,51.8,high_risk,special_exception+subdivision,0.859,0.911,0.949,model+placeholder,7.9,9.5,11.0,98409,144867,190695,-1999809,-1485950,-1036616,74% of lot on 25%+ slope,high,,-79.936739,40.418596
0055M00007000000,55-M-7,Hazelwood,P,29674,private,47200,walkup,4,False,,,,high_risk,not_allowed,,,,,,,,,,,,,,74% of lot on 25%+ slope,high,,-79.936739,40.418596
0055M00055000000,55-M-55,Hazelwood,R1D-M,675,private,200,single_family,1,False,,,,high_risk,not_allowed,,,,,,,,,,,,,,100% of lot landslide-prone,high,,-79.936658,40.417414
0055M00055000000,55-M-55,Hazelwood,R1D-M,675,private,200,duplex,2,False,,,,high_risk,not_allowed,,,,,,,,,,,,,,100% of lot landslide-prone,high,,-79.936658,40.417414
0055M00055000000,55-M-55,Hazelwood,R1D-M,675,private,200,triplex,3,False,,,,high_risk,not_allowed,,,,,,,,,,,,,,100% of lot landslide-prone,high,,-79.936658,40.417414
0055M00055000000,55-M-55,Hazelwood,R1D-M,675,private,200,townhome,2,False,,,,high_risk,not_allowed,,,,,,,,,,,,,,100% of lot landslide-prone,high,,-79.936658,40.417414
0055M00055000000,55-M-55,Hazelwood,R1D-M,675,private,200,walkup,4,False,,,,high_risk,not_allowed,,,,,,,,,,,,,,100% of lot landslide-prone,high,,-79.936658,40.417414
0055M00108000000,55-M-108,Hazelwood,R1D-M,4202,private,18400,single_family,1,True,26.3,33.4,41.2,high_risk,by_right,1.0,1.0,1.0,by_right,4.9,6.1,7.3,101361,153650,205878,-398972,-321546,-241040,67% of lot on 25%+ slope,high,,-79.936795,40.417099
0055M00108000000,55-M-108,Hazelwood,R1D-M,4202,private,18400,duplex,2,False,,,,high_risk,not_allowed,,,,,,,,,,,,,,67% of lot on 25%+ slope,high,,-79.936795,40.417099
0055M00108000000,55-M-108,Hazelwood,R1D-M,4202,private,18400,triplex,3,False,,,,high_risk,not_allowed,,,,,,,,,,,,,,67% of lot on 25%+ slope,high,,-79.936795,40.417099
0055M00108000000,55-M-108,Hazelwood,R1D-M,4202,private,18400,townhome,2,False,31.5,36.6,41.8,high_risk,special_exception+variance+subdivision,0.831,0.889,0.935,model+placeholder,8.7,10.3,12.0,101216,151116,202714,-595627,-466138,-343293,67% of lot on 25%+ slope,high,,-79.936795,40.417099
0055M00108000000,55-M-108,Hazelwood,R1D-M,4202,private,18400,walkup,4,False,,,,high_risk,not_allowed,,,,,,,,,,,,,,67% of lot on 25%+ slope,high,,-79.936795,40.417099
0055M00118000000,55-M-118,Hazelwood,R1D-M,3390,private,39400,single_family,1,True,23.9,28.0,35.2,high_risk,by_right,1.0,1.0,1.0,by_right,5.4,6.4,7.6,139883,191686,245007,-433173,-353490,-273604,95% of lot on 25%+ slope,high,,-79.936605,40.416993
0055M00118000000,55-M-118,Hazelwood,R1D-M,3390,private,39400,duplex,2,False,,,,high_risk,not_allowed,,,,,,,,,,,,,,95% of lot on 25%+ slope,high,,-79.936605,40.416993
0055M00118000000,55-M-118,Hazelwood,R1D-M,3390,private,39400,triplex,3,False,,,,high_risk,not_allowed,,,,,,,,,,,,,,95% of lot on 25%+ slope,high,,-79.936605,40.416993
0055M00118000000,55-M-118,Hazelwood,R1D-M,3390,private,39400,townhome,2,False,,,,high_risk,not_allowed,,,,,,,,,,,,,,95% of lot on 25%+ slope,high,,-79.936605,40.416993
0055M00118000000,55-M-118,Hazelwood,R1D-M,3390,private,39400,walkup,4,False,,,,high_risk,not_allowed,,,,,,,,,,,,,,95% of lot on 25%+ slope,high,,-79.936605,40.416993
0055M00125000000,55-M-125,Hazelwood,R1D-M,8652,private,4400,single_family,1,True,26.3,33.4,41.2,high_risk,by_right,1.0,1.0,1.0,by_right,4.9,6.1,7.3,101361,153650,205878,-399627,-322205,-241498,52% of lot on 25%+ slope,high,,-79.93624,40.41741
0055M00125000000,55-M-125,Hazelwood,R1D-M,8652,private,4400,duplex,2,False,,,,high_risk,not_allowed,,,,,,,,,,,,,,52% of lot on 25%+ slope,high,,-79.93624,40.41741
0055M00125000000,55-M-125,Hazelwood,R1D-M,8652,private,4400,triplex,3,False,,,,high_risk,not_allowed,,,,,,,,,,,,,,52% of lot on 25%+ slope,high,,-79.93624,40.41741
0055M00125000000,55-M-125,Hazelwood,R1D-M,8652,private,4400,townhome,3,False,38.7,42.8,46.7,high_risk,special_exception+subdivision,0.862,0.913,0.949,model+placeholder,8.0,9.5,11.0,100492,150537,202569,-830519,-637065,-453084,52% of lot on 25%+ slope,high,,-79.93624,40.41741
0055M00125000000,55-M-125,Hazelwood,R1D-M,8652,private,4400,walkup,4,False,,,,high_risk,not_allowed,,,,,,,,,,,,,,52% of lot on 25%+ slope,high,,-79.93624,40.41741
0055M00136000000,55-M-136,Hazelwood,R1D-M,925,private,1000,single_family,1,False,,,,high_risk,not_allowed,,,,,,,,,,,,,,52% of lot on 25%+ slope,high,,-79.93581,40.417975
0055M00136000000,55-M-136,Hazelwood,R1D-M,925,private,1000,duplex,2,False,,,,high_risk,not_allowed,,,,,,,,,,,,,,52% of lot on 25%+ slope,high,,-79.93581,40.417975
0055M00136000000,55-M-136,Hazelwood,R1D-M,925,private,1000,triplex,3,False,,,,high_risk,not_allowed,,,,,,,,,,,,,,52% of lot on 25%+ slope,high,,-79.93581,40.417975
0055M00136000000,55-M-136,Hazelwood,R1D-M,925,private,1000,townhome,2,False,,,,high_risk,not_allowed,,,,,,,,,,,,,,52% of lot on 25%+ slope,high,,-79.93581,40.417975
0055M00136000000,55-M-136,Hazelwood,R1D-M,925,private,1000,walkup,4,False,,,,high_risk,not_allowed,,,,,,,,,,,,,,52% of lot on 25%+ slope,high,,-79.93581,40.417975
0055M00152000000,55-M-152,Hazelwood,R1D-M,1783,private,600,single_family,1,False,,,,high_risk,not_allowed,,,,,,,,,,,,,,55% of lot on 25%+ slope,high,,-79.935072,40.418609
0055M00152000000,55-M-152,Hazelwood,R1D-M,1783,private,600,duplex,2,False,,,,high_risk,not_allowed,,,,,,,,,,,,,,55% of lot on 25%+ slope,high,,-79.935072,40.418609
0055M00152000000,55-M-152,Hazelwood,R1D-M,1783,private,600,triplex,3,False,,,,high_risk,not_allowed,,,,,,,,,,,,,,55% of lot on 25%+ slope,high,,-79.935072,40.418609
0055M00152000000,55-M-152,Hazelwood,R1D-M,1783,private,600,townhome,2,False,,,,high_risk,not_allowed,,,,,,,,,,,,,,55% of lot on 25%+ slope,high,,-79.935072,40.418609
0055M00152000000,55-M-152,Hazelwood,R1D-M,1783,private,600,walkup,4,False,,,,high_risk,not_allowed,,,,,,,,,,,,,,55% of lot on 25%+ slope,high,,-79.935072,40.418609
0055M00179000000,55-M-179,Hazelwood,R1D-M,2358,private,10800,single_family,1,True,23.4,30.4,37.4,high_risk,administrator_exception+variance,0.781,0.846,0.9,model+placeholder,7.7,9.3,11.1,78796,122798,167660,-364215,-287031,-213945,71% of lot on 25%+ slope,high,,-79.935081,40.417777
0055M00179000000,55-M-179,Hazelwood,R1D-M,2358,private,10800,duplex,2,False,,,,high_risk,not_allowed,,,,,,,,,,,,,,71% of lot on 25%+ slope,high,,-79.935081,40.417777
0055M00179000000,55-M-179,Hazelwood,R1D-M,2358,private,10800,triplex,3,False,,,,high_risk,not_allowed,,,,,,,,,,,,,,71% of lot on 25%+ slope,high,,-79.935081,40.417777
0055M00179000000,55-M-179,Hazelwood,R1D-M,2358,private,10800,townhome,2,False,,,,high_risk,not_allowed,,,,,,,,,,,,,,71% of lot on 25%+ slope,high,,-79.935081,40.417777
0055M00179000000,55-M-179,Hazelwood,R1D-M,2358,private,10800,walkup,4,False,,,,high_risk,not_allowed,,,,,,,,,,,,,,71% of lot on 25%+ slope,high,,-79.935081,40.417777
0055M00201000000,55-M-201,Hazelwood,R1D-M,5130,private,19600,single_family,1,True,27.5,34.5,41.9,high_risk,by_right,1.0,1.0,1.0,by_right,4.9,6.1,7.3,98213,146558,193583,-393677,-313642,-235536,78% of lot on 25%+ slope,high,,-79.936103,40.416837
0055M00201000000,55-M-201,Hazelwood,R1D-M,5130,private,19600,duplex,2,False,,,,high_risk,not_allowed,,,,,,,,,,,,,,78% of lot on 25%+ slope,high,,-79.936103,40.416837
0055M00201000000,55-M-201,Hazelwood,R1D-M,5130,private,19600,triplex,3,False,,,,high_risk,not_allowed,,,,,,,,,,,,,,78% of lot on 25%+ slope,high,,-79.936103,40.416837
0055M00201000000,55-M-201,Hazelwood,R1D-M,5130,private,19600,townhome,2,False,33.8,38.7,43.5,high_risk,special_exception+subdivision,0.859,0.911,0.949,model+placeholder,7.9,9.5,11.0,98409,144867,190695,-592195,-461072,-341213,78% of lot on 25%+ slope,high,,-79.936103,40.416837
0055M00201000000,55-M-201,Hazelwood,R1D-M,5130,private,19600,walkup,4,False,,,,high_risk,not_allowed,,,,,,,,,,,,,,78% of lot on 25%+ slope,high,,-79.936103,40.416837
0055M00207000000,55-M-207,Hazelwood,R1D-M,6070,private,11300,single_family,1,True,24.4,28.6,35.9,high_risk,by_right,1.0,1.0,1.0,by_right,5.0,6.2,7.3,137376,190899,246280,-435995,-351739,-272413,61% of lot on 25%+ slope,high,,-79.936414,40.41659
0055M00207000000,55-M-207,Hazelwood,R1D-M,6070,private,11300,duplex,2,False,,,,high_risk,not_allowed,,,,,,,,,,,,,,61% of lot on 25%+ slope,high,,-79.936414,40.41659
0055M00207000000,55-M-207,Hazelwood,R1D-M,6070,private,11300,triplex,3,False,,,,high_risk,not_allowed,,,,,,,,,,,,,,61% of lot on 25%+ slope,high,,-79.936414,40.41659
0055M00207000000,55-M-207,Hazelwood,R1D-M,6070,private,11300,townhome,3,False,34.9,38.9,42.9,high_risk,special_exception+variance+subdivision,0.82,0.887,0.934,model+placeholder,8.8,10.3,12.0,139080,187815,242028,-859659,-660403,-480981,61% of lot on 25%+ slope,high,,-79.936414,40.41659
0055M00207000000,55-M-207,Hazelwood,R1D-M,6070,private,11300,walkup,4,False,,,,high_risk,not_allowed,,,,,,,,,,,,,,61% of lot on 25%+ slope,high,,-79.936414,40.41659
0055M00216000000,55-M-216,Hazelwood,H,17236,private,3200,single_family,1,False,27.4,34.5,41.9,high_risk,administrator_exception,0.838,0.89,0.934,placeholder,5.0,6.1,7.2,81051,124778,169734,-369545,-293469,-219922,81% of lot on 25%+ slope,high,,-79.93589,40.416436
0055M00216000000,55-M-216,Hazelwood,H,17236,private,3200,duplex,2,False,,,,high_risk,not_allowed,,,,,,,,,,,,,,81% of lot on 25%+ slope,high,,-79.93589,40.416436
0055M00216000000,55-M-216,Hazelwood,H,17236,private,3200,triplex,3,False,,,,high_risk,not_allowed,,,,,,,,,,,,,,81% of lot on 25%+ slope,high,,-79.93589,40.416436
0055M00216000000,55-M-216,Hazelwood,H,17236,private,3200,townhome,6,True,44.2,46.8,49.3,high_risk,special_exception+variance+subdivision,0.82,0.887,0.934,model+placeholder,8.8,10.3,12.0,98921,142963,190074,-1500472,-1116743,-766811,81% of lot on 25%+ slope,high,,-79.93589,40.416436
0055M00216000000,55-M-216,Hazelwood,H,17236,private,3200,walkup,4,False,,,,high_risk,not_allowed,,,,,,,,,,,,,,81% of lot on 25%+ slope,high,,-79.93589,40.416436
0055M00237000000,55-M-237,Hazelwood,H,4818,private,1700,single_family,1,False,27.0,34.2,41.5,high_risk,administrator_exception,0.838,0.89,0.934,placeholder,5.0,6.1,7.3,84257,127809,172137,-362021,-285495,-212873,52% of lot on 25%+ slope,high,,-79.934068,40.418185
0055M00237000000,55-M-237,Hazelwood,H,4818,private,1700,duplex,2,False,,,,high_risk,not_allowed,,,,,,,,,,,,,,52% of lot on 25%+ slope,high,,-79.934068,40.418185
0055M00237000000,55-M-237,Hazelwood,H,4818,private,1700,triplex,3,False,,,,high_risk,not_allowed,,,,,,,,,,,,,,52% of lot on 25%+ slope,high,,-79.934068,40.418185
0055M00237000000,55-M-237,Hazelwood,H,4818,private,1700,townhome,2,True,32.1,37.1,41.8,high_risk,special_exception+variance+subdivision,0.82,0.887,0.934,model+placeholder,8.8,10.3,12.0,101261,146048,192103,-568800,-437850,-314824,52% of lot on 25%+ slope,high,,-79.934068,40.418185
0055M00237000000,55-M-237,Hazelwood,H,4818,private,1700,walkup,4,False,,,,high_risk,not_allowed,,,,,,,,,,,,,,52% of lot on 25%+ slope,high,,-79.934068,40.418185
0055M00238000000,55-M-238,Hazelwood,H,2536,private,1000,single_family,1,True,25.0,31.8,38.9,high_risk,administrator_exception,0.732,0.792,0.848,placeholder,5.0,6.1,7.3,82324,126044,169956,-361192,-285288,-212050,55% of lot on 25%+ slope,high,,-79.93415,40.418115
0055M00238000000,55-M-238,Hazelwood,H,2536,private,1000,duplex,2,False,,,,high_risk,not_allowed,,,,,,,,,,,,,,55% of lot on 25%+ slope,high,,-79.93415,40.418115
0055M00238000000,55-M-238,Hazelwood,H,2536,private,1000,triplex,3,False,,,,high_risk,not_allowed,,,,,,,,,,,,,,55% of lot on 25%+ slope,high,,-79.93415,40.418115
0055M00238000000,55-M-238,Hazelwood,H,2536,private,1000,townhome,2,False,,,,high_risk,not_allowed,,,,,,,,,,,,,,55% of lot on 25%+ slope,high,,-79.93415,40.418115
0055M00238000000,55-M-238,Hazelwood,H,2536,private,1000,walkup,4,False,,,,high_risk,not_allowed,,,,,,,,,,,,,,55% of lot on 25%+ slope,high,,-79.93415,40.418115
0055M00239000000,55-M-239,Hazelwood,H,2586,private,1000,single_family,1,True,25.0,31.8,38.9,high_risk,administrator_exception,0.732,0.792,0.848,placeholder,5.0,6.1,7.3,82324,126044,169956,-361899,-285903,-212961,53% of lot on 25%+ slope,high,,-79.934204,40.418064
0055M00239000000,55-M-239,Hazelwood,H,2586,private,1000,duplex,2,False,,,,high_risk,not_allowed,,,,,,,,,,,,,,53% of lot on 25%+ slope,high,,-79.934204,40.418064
0055M00239000000,55-M-239,Hazelwood,H,2586,private,1000,triplex,3,False,,,,high_risk,not_allowed,,,,,,,,,,,,,,53% of lot on 25%+ slope,high,,-79.934204,40.418064
0055M00239000000,55-M-239,Hazelwood,H,2586,private,1000,townhome,2,False,,,,high_risk,not_allowed,,,,,,,,,,,,,,53% of lot on 25%+ slope,high,,-79.934204,40.418064
0055M00239000000,55-M-239,Hazelwood,H,2586,private,1000,walkup,4,False,,,,high_risk,not_allowed,,,,,,,,,,,,,,53% of lot on 25%+ slope,high,,-79.934204,40.418064
0055M00243000000,55-M-243,Hazelwood,H,7705,private,2800,single_family,1,False,27.0,34.2,41.5,high_risk,administrator_exception,0.838,0.89,0.934,placeholder,5.0,6.1,7.3,84257,127809,172137,-369265,-293112,-220459,64% of lot on 25%+ slope,high,,-79.934317,40.417964
0055M00243000000,55-M-243,Hazelwood,H,7705,private,2800,duplex,2,False,,,,high_risk,not_allowed,,,,,,,,,,,,,,64% of lot on 25%+ slope,high,,-79.934317,40.417964
0055M00243000000,55-M-243,Hazelwood,H,7705,private,2800,triplex,3,False,,,,high_risk,not_allowed,,,,,,,,,,,,,,64% of lot on 25%+ slope,high,,-79.934317,40.417964
0055M00243000000,55-M-243,Hazelwood,H,7705,private,2800,townhome,3,True,37.8,41.7,45.4,high_risk,special_exception+variance+subdivision,0.82,0.887,0.934,model+placeholder,8.8,10.3,12.0,101261,146048,192103,-808964,-614725,-436678,64% of lot on 25%+ slope,high,,-79.934317,40.417964
0055M00243000000,55-M-243,Hazelwood,H,7705,private,2800,walkup,4,False,,,,high_risk,not_allowed,,,,,,,,,,,,,,64% of lot on 25%+ slope,high,,-79.934317,40.417964
0055M00245000000,55-M-245,Hazelwood,H,3756,private,5000,single_family,1,True,27.0,34.2,41.5,high_risk,administrator_exception,0.838,0.89,0.934,placeholder,5.0,6.1,7.3,84257,127809,172137,-370070,-293920,-221363,64% of lot on 25%+ slope,high,,-79.934442,40.417852
0055M00245000000,55-M-245,Hazelwood,H,3756,private,5000,duplex,2,False,,,,high_risk,not_allowed,,,,,,,,,,,,,,64% of lot on 25%+ slope,high,,-79.934442,40.417852
0055M00245000000,55-M-245,Hazelwood,H,3756,private,5000,triplex,3,False,,,,high_risk,not_allowed,,,,,,,,,,,,,,64% of lot on 25%+ slope,high,,-79.934442,40.417852
0055M00245000000,55-M-245,Hazelwood,H,3756,private,5000,townhome,2,False,,,,high_risk,not_allowed,,,,,,,,,,,,,,64% of lot on 25%+ slope,high,,-79.934442,40.417852
0055M00245000000,55-M-245,Hazelwood,H,3756,private,5000,walkup,4,False,,,,high_risk,not_allowed,,,,,,,,,,,,,,64% of lot on 25%+ slope,high,,-79.934442,40.417852
0055M00249000000,55-M-249,Hazelwood,H,6522,private,2300,single_family,1,False,27.0,34.2,41.5,high_risk,administrator_exception,0.838,0.89,0.934,placeholder,5.0,6.1,7.3,84257,127809,172137,-370070,-293920,-221363,65% of lot on 25%+ slope,high,,-79.934555,40.417752
0055M00249000000,55-M-249,Hazelwood,H,6522,private,2300,duplex,2,False,,,,high_risk,not_allowed,,,,,,,,,,,,,,65% of lot on 25%+ slope,high,,-79.934555,40.417752
0055M00249000000,55-M-249,Hazelwood,H,6522,private,2300,triplex,3,False,,,,high_risk,not_allowed,,,,,,,,,,,,,,65% of lot on 25%+ slope,high,,-79.934555,40.417752
0055M00249000000,55-M-249,Hazelwood,H,6522,private,2300,townhome,2,True,33.6,38.4,43.3,high_risk,special_exception+subdivision,0.859,0.911,0.949,model+placeholder,7.9,9.5,11.0,101040,147284,193138,-589394,-457879,-335743,65% of lot on 25%+ slope,high,,-79.934555,40.417752
0055M00249000000,55-M-249,Hazelwood,H,6522,private,2300,walkup,4,False,,,,high_risk,not_allowed,,,,,,,,,,,,,,65% of lot on 25%+ slope,high,,-79.934555,40.417752
0055M00251000000,55-M-251,Hazelwood,H,4927,private,44100,single_family,1,False,26.7,33.7,41.2,high_risk,administrator_exception,0.838,0.89,0.934,placeholder,5.3,6.4,7.6,83080,126807,171763,-372180,-296625,-223674,79% of lot on 25%+ slope,high,,-79.934681,40.417641
0055M00251000000,55-M-251,Hazelwood,H,4927,private,44100,duplex,2,False,,,,high_risk,not_allowed,,,,,,,,,,,,,,79% of lot on 25%+ slope,high,,-79.934681,40.417641
0055M00251000000,55-M-251,Hazelwood,H,4927,private,44100,triplex,3,False,,,,high_risk,not_allowed,,,,,,,,,,,,,,79% of lot on 25%+ slope,high,,-79.934681,40.417641
0055M00251000000,55-M-251,Hazelwood,H,4927,private,44100,townhome,2,True,32.2,37.2,41.8,high_risk,special_exception+variance+subdivision,0.82,0.887,0.934,model+placeholder,8.8,10.3,12.0,100950,144992,192104,-589941,-460759,-336208,79% of lot on 25%+ slope,high,,-79.934681,40.417641
0055M00251000000,55-M-251,Hazelwood,H,4927,private,44100,walkup,4,False,,,,high_risk,not_allowed,,,,,,,,,,,,,,79% of lot on 25%+ slope,high,,-79.934681,40.417641
0055M00252000000,55-M-252,Hazelwood,H,2588,private,1000,single_family,1,True,25.1,32.3,39.4,high_risk,administrator_exception,0.732,0.792,0.848,placeholder,5.1,6.1,7.3,80445,126305,169287,-376985,-295783,-221283,74% of lot on 25%+ slope,high,,-79.934765,40.417568
0055M00252000000,55-M-252,Hazelwood,H,2588,private,1000,duplex,2,False,,,,high_risk,not_allowed,,,,,,,,,,,,,,74% of lot on 25%+ slope,high,,-79.934765,40.417568
0055M00252000000,55-M-252,Hazelwood,H,2588,private,1000,triplex,3,False,,,,high_risk,not_allowed,,,,,,,,,,,,,,74% of lot on 25%+ slope,high,,-79.934765,40.417568
0055M00252000000,55-M-252,Hazelwood,H,2588,private,1000,townhome,2,False,,,,high_risk,not_allowed,,,,,,,,,,,,,,74% of lot on 25%+ slope,high,,-79.934765,40.417568
0055M00252000000,55-M-252,Hazelwood,H,2588,private,1000,walkup,4,False,,,,high_risk,not_allowed,,,,,,,,,,,,,,74% of lot on 25%+ slope,high,,-79.934765,40.417568
0055M00253000000,55-M-253,Hazelwood,H,2555,private,1000,single_family,1,True,25.1,32.3,39.4,high_risk,administrator_exception,0.732,0.792,0.848,placeholder,5.1,6.1,7.3,80445,126305,169287,-376595,-295378,-220917,75% of lot on 25%+ slope,high,,-79.934821,40.417517
0055M00253000000,55-M-253,Hazelwood,H,2555,private,1000,duplex,2,False,,,,high_risk,not_allowed,,,,,,,,,,,,,,75% of lot on 25%+ slope,high,,-79.934821,40.417517
0055M00253000000,55-M-253,Hazelwood,H,2555,private,1000,triplex,3,False,,,,high_risk,not_allowed,,,,,,,,,,,,,,75% of lot on 25%+ slope,high,,-79.934821,40.417517
0055M00253000000,55-M-253,Hazelwood,H,2555,private,1000,townhome,2,False,,,,high_risk,not_allowed,,,,,,,,,,,,,,75% of lot on 25%+ slope,high,,-79.934821,40.417517
0055M00253000000,55-M-253,Hazelwood,H,2555,private,1000,walkup,4,False,,,,high_risk,not_allowed,,,,,,,,,,,,,,75% of lot on 25%+ slope,high,,-79.934821,40.417517
0055M00257000000,55-M-257,Hazelwood,H,7784,private,2800,single_family,1,False,27.7,34.8,41.7,high_risk,administrator_exception,0.838,0.89,0.934,placeholder,5.0,6.1,7.3,80807,124317,167869,-371974,-293019,-220770,80% of lot on 25%+ slope,high,,-79.934935,40.417415
0055M00257000000,55-M-257,Hazelwood,H,7784,private,2800,duplex,2,False,,,,high_risk,not_allowed,,,,,,,,,,,,,,80% of lot on 25%+ slope,high,,-79.934935,40.417415
0055M00257000000,55-M-257,Hazelwood,H,7784,private,2800,triplex,3,False,,,,high_risk,not_allowed,,,,,,,,,,,,,,80% of lot on 25%+ slope,high,,-79.934935,40.417415
0055M00257000000,55-M-257,Hazelwood,H,7784,private,2800,townhome,3,True,38.0,41.8,45.7,high_risk,special_exception+variance+subdivision,0.82,0.887,0.934,model+placeholder,8.7,10.3,12.0,98409,144867,190695,-819746,-628740,-452380,80% of lot on 25%+ slope,high,,-79.934935,40.417415
0055M00257000000,55-M-257,Hazelwood,H,7784,private,2800,walkup,4,False,,,,high_risk,not_allowed,,,,,,,,,,,,,,80% of lot on 25%+ slope,high,,-79.934935,40.417415
0055M00261000000,55-M-261,Hazelwood,H,7476,private,4000,single_family,1,False,27.7,34.8,41.7,high_risk,administrator_exception,0.838,0.89,0.934,placeholder,5.0,6.1,7.3,80807,124317,167869,-370965,-292211,-220012,74% of lot on 25%+ slope,high,,-79.935104,40.417265
0055M00261000000,55-M-261,Hazelwood,H,7476,private,4000,duplex,2,False,,,,high_risk,not_allowed,,,,,,,,,,,,,,74% of lot on 25%+ slope,high,,-79.935104,40.417265
0055M00261000000,55-M-261,Hazelwood,H,7476,private,4000,triplex,3,False,,,,high_risk,not_allowed,,,,,,,,,,,,,,74% of lot on 25%+ slope,high,,-79.935104,40.417265
0055M00261000000,55-M-261,Hazelwood,H,7476,private,4000,townhome,3,True,38.0,41.8,45.7,high_risk,special_exception+variance+subdivision,0.82,0.887,0.934,model+placeholder,8.7,10.3,12.0,98409,144867,190695,-817447,-626264,-450480,74% of lot on 25%+ slope,high,,-79.935104,40.417265
0055M00261000000,55-M-261,Hazelwood,H,7476,private,4000,walkup,4,False,,,,high_risk,not_allowed,,,,,,,,,,,,,,74% of lot on 25%+ slope,high,,-79.935104,40.417265
0055M00266000000,55-M-266,Hazelwood,H,11747,private,4800,single_family,1,False,27.4,34.5,41.9,high_risk,administrator_exception,0.838,0.89,0.934,placeholder,5.0,6.1,7.2,81051,124778,169734,-370816,-294997,-221703,75% of lot on 25%+ slope,high,,-79.935333,40.417166
0055M00266000000,55-M-266,Hazelwood,H,11747,private,4800,duplex,2,False,,,,high_risk,not_allowed,,,,,,,,,,,,,,75% of lot on 25%+ slope,high,,-79.935333,40.417166
0055M00266000000,55-M-266,Hazelwood,H,11747,private,4800,triplex,3,False,,,,high_risk,not_allowed,,,,,,,,,,,,,,75% of lot on 25%+ slope,high,,-79.935333,40.417166
0055M00266000000,55-M-266,Hazelwood,H,11747,private,4800,townhome,4,True,41.1,44.3,47.3,high_risk,special_exception+variance+subdivision,0.82,0.887,0.934,model+placeholder,8.8,10.3,12.0,98921,142963,190074,-1045791,-790293,-555481,75% of lot on 25%+ slope,high,,-79.935333,40.417166
0055M00266000000,55-M-266,Hazelwood,H,11747,private,4800,walkup,4,False,,,,high_risk,not_allowed,,,,,,,,,,,,,,75% of lot on 25%+ slope,high,,-79.935333,40.417166
0055M00289000000,55-M-289,Hazelwood,H,3289,private,16600,single_family,1,True,27.7,34.8,41.7,high_risk,administrator_exception,0.838,0.89,0.934,placeholder,5.0,6.1,7.3,80807,124317,167869,-366407,-286891,-214477,57% of lot on 25%+ slope,high,,-79.934994,40.416684
0055M00289000000,55-M-289,Hazelwood,H,3289,private,16600,duplex,2,False,,,,high_risk,not_allowed,,,,,,,,,,,,,,57% of lot on 25%+ slope,high,,-79.934994,40.416684
0055M00289000000,55-M-289,Hazelwood,H,3289,private,16600,triplex,3,False,,,,high_risk,not_allowed,,,,,,,,,,,,,,57% of lot on 25%+ slope,high,,-79.934994,40.416684
0055M00289000000,55-M-289,Hazelwood,H,3289,private,16600,townhome,2,False,,,,high_risk,not_allowed,,,,,,,,,,,,,,57% of lot on 25%+ slope,high,,-79.934994,40.416684
0055M00289000000,55-M-289,Hazelwood,H,3289,private,16600,walkup,4,False,,,,high_risk,not_allowed,,,,,,,,,,,,,,57% of lot on 25%+ slope,high,,-79.934994,40.416684
0055M00290000000,55-M-290,Hazelwood,H,3758,private,16600,single_family,1,True,27.7,34.8,41.7,high_risk,administrator_exception,0.838,0.89,0.934,placeholder,5.0,6.1,7.3,80807,124317,167869,-366407,-286891,-214477,54% of lot on 25%+ slope,high,,-79.934927,40.416728
0055M00290000000,55-M-290,Hazelwood,H,3758,private,16600,duplex,2,False,,,,high_risk,not_allowed,,,,,,,,,,,,,,54% of lot on 25%+ slope,high,,-79.934927,40.416728
0055M00290000000,55-M-290,Hazelwood,H,3758,private,16600,triplex,3,False,,,,high_risk,not_allowed,,,,,,,,,,,,,,54% of lot on 25%+ slope,high,,-79.934927,40.416728
0055M00290000000,55-M-290,Hazelwood,H,3758,private,16600,townhome,2,False,,,,high_risk,not_allowed,,,,,,,,,,,,,,54% of lot on 25%+ slope,high,,-79.934927,40.416728
0055M00290000000,55-M-290,Hazelwood,H,3758,private,16600,walkup,4,False,,,,high_risk,not_allowed,,,,,,,,,,,,,,54% of lot on 25%+ slope,high,,-79.934927,40.416728
0055M00291000000,55-M-291,Hazelwood,H,2356,private,7900,single_family,1,True,37.7,41.9,46.1,high_risk,administrator_exception,0.732,0.792,0.848,placeholder,4.7,5.6,6.7,46644,66903,85224,-312116,-239884,-172644,Parcel spans more than one district or has uncovered rules,medium,,-79.934766,40.416582
0055M00291000000,55-M-291,Hazelwood,H,2356,private,7900,duplex,2,False,,,,high_risk,not_allowed,,,,,,,,,,,,,,Parcel spans more than one district or has uncovered rules,medium,,-79.934766,40.416582
0055M00291000000,55-M-291,Hazelwood,H,2356,private,7900,triplex,3,False,,,,high_risk,not_allowed,,,,,,,,,,,,,,Parcel spans more than one district or has uncovered rules,medium,,-79.934766,40.416582
0055M00291000000,55-M-291,Hazelwood,H,2356,private,7900,townhome,2,False,,,,high_risk,not_allowed,,,,,,,,,,,,,,Parcel spans more than one district or has uncovered rules,medium,,-79.934766,40.416582
0055M00291000000,55-M-291,Hazelwood,H,2356,private,7900,walkup,4,False,,,,high_risk,not_allowed,,,,,,,,,,,,,,Parcel spans more than one district or has uncovered rules,medium,,-79.934766,40.416582
0055N00005000000,55-N-5,Hazelwood,R1D-H,3611,private,3400,single_family,1,True,41.3,46.8,52.0,high_risk,by_right,1.0,1.0,1.0,by_right,4.2,5.3,6.5,44396,72678,101527,-333345,-258833,-188423,100% of lot landslide-prone,high,,-79.945554,40.416263
0055N00005000000,55-N-5,Hazelwood,R1D-H,3611,private,3400,duplex,2,False,,,,high_risk,not_allowed,,,,,,,,,,,,,,100% of lot landslide-prone,high,,-79.945554,40.416263
0055N00005000000,55-N-5,Hazelwood,R1D-H,3611,private,3400,triplex,3,False,,,,high_risk,not_allowed,,,,,,,,,,,,,,100% of lot landslide-prone,high,,-79.945554,40.416263
0055N00005000000,55-N-5,Hazelwood,R1D-H,3611,private,3400,townhome,2,False,41.5,45.2,48.7,high_risk,special_exception+subdivision,0.83,0.885,0.93,model+placeholder,7.9,9.5,11.0,45040,71337,100792,-542666,-416526,-301410,100% of lot landslide-prone,high,,-79.945554,40.416263
0055N00005000000,55-N-5,Hazelwood,R1D-H,3611,private,3400,walkup,4,False,,,,high_risk,not_allowed,,,,,,,,,,,,,,100% of lot landslide-prone,high,,-79.945554,40.416263
0055N00026000000,55-N-26,Hazelwood,R1D-H,2500,city,600,single_family,1,True,48.6,52.1,55.8,feasible_with_conditions,by_right,1.0,1.0,1.0,by_right,4.7,6.0,7.4,22099,37786,52830,-308613,-240139,-172662,1 DEP record(s) within 250 ft (nearest 230 ft: storage tank inactive),medium,,-79.945464,40.415421
0055N00026000000,55-N-26,Hazelwood,R1D-H,2500,city,600,duplex,2,False,,,,high_risk,not_allowed,,,,,,,,,,,,,,1 DEP record(s) within 250 ft (nearest 230 ft: storage tank inactive),medium,,-79.945464,40.415421
0055N00026000000,55-N-26,Hazelwood,R1D-H,2500,city,600,triplex,3,False,,,,high_risk,not_allowed,,,,,,,,,,,,,,1 DEP record(s) within 250 ft (nearest 230 ft: storage tank inactive),medium,,-79.945464,40.415421
0055N00026000000,55-N-26,Hazelwood,R1D-H,2500,city,600,townhome,2,False,,,,high_risk,not_allowed,,,,,,,,,,,,,,1 DEP record(s) within 250 ft (nearest 230 ft: storage tank inactive),medium,,-79.945464,40.415421
0055N00026000000,55-N-26,Hazelwood,R1D-H,2500,city,600,walkup,4,False,,,,high_risk,not_allowed,,,,,,,,,,,,,,1 DEP record(s) within 250 ft (nearest 230 ft: storage tank inactive),medium,,-79.945464,40.415421
0055N00027000000,55-N-27,Hazelwood,R1D-H,1774,city,500,single_family,1,True,49.0,52.6,56.2,feasible_with_conditions,by_right,1.0,1.0,1.0,by_right,4.7,6.0,7.4,20057,35743,50787,-305636,-237541,-170802,1 DEP record(s) within 250 ft (nearest 219 ft: storage tank inactive),medium,,-79.945535,40.415459
0055N00027000000,55-N-27,Hazelwood,R1D-H,1774,city,500,duplex,2,False,,,,high_risk,not_allowed,,,,,,,,,,,,,,1 DEP record(s) within 250 ft (nearest 219 ft: storage tank inactive),medium,,-79.945535,40.415459
0055N00027000000,55-N-27,Hazelwood,R1D-H,1774,city,500,triplex,3,False,,,,high_risk,not_allowed,,,,,,,,,,,,,,1 DEP record(s) within 250 ft (nearest 219 ft: storage tank inactive),medium,,-79.945535,40.415459
0055N00027000000,55-N-27,Hazelwood,R1D-H,1774,city,500,townhome,2,False,,,,high_risk,not_allowed,,,,,,,,,,,,,,1 DEP record(s) within 250 ft (nearest 219 ft: storage tank inactive),medium,,-79.945535,40.415459
0055N00027000000,55-N-27,Hazelwood,R1D-H,1774,city,500,walkup,4,False,,,,high_risk,not_allowed,,,,,,,,,,,,,,1 DEP record(s) within 250 ft (nearest 219 ft: storage tank inactive),medium,,-79.945535,40.415459
0055N00028000000,55-N-28,Hazelwood,R1D-H,2005,city,500,single_family,1,True,49.0,52.5,56.2,feasible_with_conditions,by_right,1.0,1.0,1.0,by_right,4.7,6.0,7.4,20152,35839,50883,-305721,-237625,-170887,1 DEP record(s) within 250 ft (nearest 208 ft: storage tank inactive),medium,,-79.945559,40.415511
0055N00028000000,55-N-28,Hazelwood,R1D-H,2005,city,500,duplex,2,False,,,,high_risk,not_allowed,,,,,,,,,,,,,,1 DEP record(s) within 250 ft (nearest 208 ft: storage tank inactive),medium,,-79.945559,40.415511
0055N00028000000,55-N-28,Hazelwood,R1D-H,2005,city,500,triplex,3,False,,,,high_risk,not_allowed,,,,,,,,,,,,,,1 DEP record(s) within 250 ft (nearest 208 ft: storage tank inactive),medium,,-79.945559,40.415511
0055N00028000000,55-N-28,Hazelwood,R1D-H,2005,city,500,townhome,2,False,,,,high_risk,not_allowed,,,,,,,,,,,,,,1 DEP record(s) within 250 ft (nearest 208 ft: storage tank inactive),medium,,-79.945559,40.415511
0055N00028000000,55-N-28,Hazelwood,R1D-H,2005,city,500,walkup,4,False,,,,high_risk,not_allowed,,,,,,,,,,,,,,1 DEP record(s) within 250 ft (nearest 208 ft: storage tank inactive),medium,,-79.945559,40.415511
0055N00029000000,55-N-29,Hazelwood,R1D-H,2302,city,600,single_family,1,True,48.1,51.7,55.4,feasible_with_conditions,by_right,1.0,1.0,1.0,by_right,4.7,6.0,7.4,24293,39980,55024,-308315,-240328,-174117,1 DEP record(s) within 250 ft (nearest 198 ft: storage tank inactive),medium,,-79.945585,40.415571
0055N00029000000,55-N-29,Hazelwood,R1D-H,2302,city,600,duplex,2,False,,,,high_risk,not_allowed,,,,,,,,,,,,,,1 DEP record(s) within 250 ft (nearest 198 ft: storage tank inactive),medium,,-79.945585,40.415571
0055N00029000000,55-N-29,Hazelwood,R1D-H,2302,city,600,triplex,3,False,,,,high_risk,not_allowed,,,,,,,,,,,,,,1 DEP record(s) within 250 ft (nearest 198 ft: storage tank inactive),medium,,-79.945585,40.415571
0055N00029000000,55-N-29,Hazelwood,R1D-H,2302,city,600,townhome,2,False,,,,high_risk,not_allowed,,,,,,,,,,,,,,1 DEP record(s) within 250 ft (nearest 198 ft: storage tank inactive),medium,,-79.945585,40.415571
0055N00029000000,55-N-29,Hazelwood,R1D-H,2302,city,600,walkup,4,False,,,,high_risk,not_allowed,,,,,,,,,,,,,,1 DEP record(s) within 250 ft (nearest 198 ft: storage tank inactive),medium,,-79.945585,40.415571
0055N00033000000,55-N-33,Hazelwood,R1D-H,14908,city,4900,single_family,1,True,36.0,41.8,47.4,high_risk,by_right,1.0,1.0,1.0,by_right,5.1,6.1,7.4,64266,95041,127440,-361963,-288125,-218576,39% of lot landslide-prone,medium,,-79.945486,40.415746
0055N00033000000,55-N-33,Hazelwood,R1D-H,14908,city,4900,duplex,2,False,,,,high_risk,not_allowed,,,,,,,,,,,,,,39% of lot landslide-prone,medium,,-79.945486,40.415746
0055N00033000000,55-N-33,Hazelwood,R1D-H,14908,city,4900,triplex,3,False,,,,high_risk,not_allowed,,,,,,,,,,,,,,39% of lot landslide-prone,medium,,-79.945486,40.415746
0055N00033000000,55-N-33,Hazelwood,R1D-H,14908,city,4900,townhome,4,False,45.1,47.8,50.4,high_risk,special_exception+subdivision,0.83,0.885,0.93,model+placeholder,7.9,9.5,11.2,62724,94011,126268,-1082683,-825585,-591985,39% of lot landslide-prone,medium,,-79.945486,40.415746
0055N00033000000,55-N-33,Hazelwood,R1D-H,14908,city,4900,walkup,4,False,,,,high_risk,not_allowed,,,,,,,,,,,,,,39% of lot landslide-prone,medium,,-79.945486,40.415746
0055N00038000000,55-N-38,Hazelwood,R1D-H,3952,private,3600,single_family,1,True,36.5,42.2,47.9,high_risk,by_right,1.0,1.0,1.0,by_right,5.1,6.1,7.4,61231,92007,124405,-355445,-281966,-213195,15% of lot landslide-prone,medium,,-79.945798,40.415981
0055N00038000000,55-N-38,Hazelwood,R1D-H,3952,private,3600,duplex,2,False,,,,high_risk,not_allowed,,,,,,,,,,,,,,15% of lot landslide-prone,medium,,-79.945798,40.415981
0055N00038000000,55-N-38,Hazelwood,R1D-H,3952,private,3600,triplex,3,False,,,,high_risk,not_allowed,,,,,,,,,,,,,,15% of lot landslide-prone,medium,,-79.945798,40.415981
0055N00038000000,55-N-38,Hazelwood,R1D-H,3952,private,3600,townhome,2,False,39.4,43.2,47.0,high_risk,special_exception+subdivision,0.83,0.885,0.93,model+placeholder,7.9,9.5,11.2,59690,90977,123234,-575782,-446430,-327410,15% of lot landslide-prone,medium,,-79.945798,40.415981
0055N00038000000,55-N-38,Hazelwood,R1D-H,3952,private,3600,walkup,4,False,,,,high_risk,not_allowed,,,,,,,,,,,,,,15% of lot landslide-prone,medium,,-79.945798,40.415981
0055N00039000000,55-N-39,Hazelwood,R1D-H,3843,private,1600,single_family,1,True,39.5,45.1,51.0,high_risk,by_right,1.0,1.0,1.0,by_right,4.5,5.6,6.7,47734,79817,111140,-344185,-273775,-201696,27% of lot landslide-prone,medium,,-79.945853,40.416083
0055N00039000000,55-N-39,Hazelwood,R1D-H,3843,private,1600,duplex,2,False,,,,high_risk,not_allowed,,,,,,,,,,,,,,27% of lot landslide-prone,medium,,-79.945853,40.416083
0055N00039000000,55-N-39,Hazelwood,R1D-H,3843,private,1600,triplex,3,False,,,,high_risk,not_allowed,,,,,,,,,,,,,,27% of lot landslide-prone,medium,,-79.945853,40.416083
0055N00039000000,55-N-39,Hazelwood,R1D-H,3843,private,1600,townhome,2,False,40.6,44.6,48.3,high_risk,special_exception+subdivision,0.83,0.885,0.93,model+placeholder,8.0,9.5,11.0,47237,77907,110023,-564239,-434768,-313743,27% of lot landslide-prone,medium,,-79.945853,40.416083
0055N00039000000,55-N-39,Hazelwood,R1D-H,3843,private,1600,walkup,4,False,,,,high_risk,not_allowed,,,,,,,,,,,,,,27% of lot landslide-prone,medium,,-79.945853,40.416083
0055N00045000000,55-N-45,Hazelwood,NDI,787,city,200,single_family,,False,,,,high_risk,not_allowed,,,,,,,,,,,,,,Parcel spans more than one district or has uncovered rules,medium,,-79.946289,40.416071
0055N00045000000,55-N-45,Hazelwood,NDI,787,city,200,duplex,,False,,,,high_risk,not_allowed,,,,,,,,,,,,,,Parcel spans more than one district or has uncovered rules,medium,,-79.946289,40.416071
0055N00045000000,55-N-45,Hazelwood,NDI,787,city,200,triplex,,False,,,,high_risk,not_allowed,,,,,,,,,,,,,,Parcel spans more than one district or has uncovered rules,medium,,-79.946289,40.416071
0055N00045000000,55-N-45,Hazelwood,NDI,787,city,200,townhome,,False,,,,high_risk,not_allowed,,,,,,,,,,,,,,Parcel spans more than one district or has uncovered rules,medium,,-79.946289,40.416071
0055N00045000000,55-N-45,Hazelwood,NDI,787,city,200,walkup,,False,,,,high_risk,not_allowed,,,,,,,,,,,,,,Parcel spans more than one district or has uncovered rules,medium,,-79.946289,40.416071
0055N00046000000,55-N-46,Hazelwood,NDI,664,city,200,single_family,,False,,,,high_risk,not_allowed,,,,,,,,,,,,,,Parcel spans more than one district or has uncovered rules,medium,,-79.94627,40.416032
0055N00046000000,55-N-46,Hazelwood,NDI,664,city,200,duplex,,False,,,,high_risk,not_allowed,,,,,,,,,,,,,,Parcel spans more than one district or has uncovered rules,medium,,-79.94627,40.416032
0055N00046000000,55-N-46,Hazelwood,NDI,664,city,200,triplex,,False,,,,high_risk,not_allowed,,,,,,,,,,,,,,Parcel spans more than one district or has uncovered rules,medium,,-79.94627,40.416032
0055N00046000000,55-N-46,Hazelwood,NDI,664,city,200,townhome,,False,,,,high_risk,not_allowed,,,,,,,,,,,,,,Parcel spans more than one district or has uncovered rules,medium,,-79.94627,40.416032
0055N00046000000,55-N-46,Hazelwood,NDI,664,city,200,walkup,,False,,,,high_risk,not_allowed,,,,,,,,,,,,,,Parcel spans more than one district or has uncovered rules,medium,,-79.94627,40.416032
0055N00047000000,55-N-47,Hazelwood,NDI,677,city,200,single_family,,False,,,,high_risk,not_allowed,,,,,,,,,,,,,,Parcel spans more than one district or has uncovered rules,medium,,-79.946255,40.415994
0055N00047000000,55-N-47,Hazelwood,NDI,677,city,200,duplex,,False,,,,high_risk,not_allowed,,,,,,,,,,,,,,Parcel spans more than one district or has uncovered rules,medium,,-79.946255,40.415994
0055N00047000000,55-N-47,Hazelwood,NDI,677,city,200,triplex,,False,,,,high_risk,not_allowed,,,,,,,,,,,,,,Parcel spans more than one district or has uncovered rules,medium,,-79.946255,40.415994
0055N00047000000,55-N-47,Hazelwood,NDI,677,city,200,townhome,,False,,,,high_risk,not_allowed,,,,,,,,,,,,,,Parcel spans more than one district or has uncovered rules,medium,,-79.946255,40.415994
0055N00047000000,55-N-47,Hazelwood,NDI,677,city,200,walkup,,False,,,,high_risk,not_allowed,,,,,,,,,,,,,,Parcel spans more than one district or has uncovered rules,medium,,-79.946255,40.415994
0055N00048000000,55-N-48,Hazelwood,NDI,660,city,200,single_family,,False,,,,high_risk,not_allowed,,,,,,,,,,,,,,Parcel spans more than one district or has uncovered rules,medium,,-79.946231,40.41596
0055N00048000000,55-N-48,Hazelwood,NDI,660,city,200,duplex,,False,,,,high_risk,not_allowed,,,,,,,,,,,,,,Parcel spans more than one district or has uncovered rules,medium,,-79.946231,40.41596
0055N00048000000,55-N-48,Hazelwood,NDI,660,city,200,triplex,,False,,,,high_risk,not_allowed,,,,,,,,,,,,,,Parcel spans more than one district or has uncovered rules,medium,,-79.946231,40.41596
0055N00048000000,55-N-48,Hazelwood,NDI,660,city,200,townhome,,False,,,,high_risk,not_allowed,,,,,,,,,,,,,,Parcel spans more than one district or has uncovered rules,medium,,-79.946231,40.41596
0055N00048000000,55-N-48,Hazelwood,NDI,660,city,200,walkup,,False,,,,high_risk,not_allowed,,,,,,,,,,,,,,Parcel spans more than one district or has uncovered rules,medium,,-79.946231,40.41596
0055N00049000000,55-N-49,Hazelwood,NDI,587,city,200,single_family,,False,,,,high_risk,not_allowed,,,,,,,,,,,,,,Parcel spans more than one district or has uncovered rules,medium,,-79.946219,40.415925
0055N00049000000,55-N-49,Hazelwood,NDI,587,city,200,duplex,,False,,,,high_risk,not_allowed,,,,,,,,,,,,,,Parcel spans more than one district or has uncovered rules,medium,,-79.946219,40.415925
0055N00049000000,55-N-49,Hazelwood,NDI,587,city,200,triplex,,False,,,,high_risk,not_allowed,,,,,,,,,,,,,,Parcel spans more than one district or has uncovered rules,medium,,-79.946219,40.415925
0055N00049000000,55-N-49,Hazelwood,NDI,587,city,200,townhome,,False,,,,high_risk,not_allowed,,,,,,,,,,,,,,Parcel spans more than one district or has uncovered rules,medium,,-79.946219,40.415925
0055N00049000000,55-N-49,Hazelwood,NDI,587,city,200,walkup,,False,,,,high_risk,not_allowed,,,,,,,,,,,,,,Parcel spans more than one district or has uncovered rules,medium,,-79.946219,40.415925
0055N00050000000,55-N-50,Hazelwood,NDI,633,city,200,single_family,,False,,,,high_risk,not_allowed,,,,,,,,,,,,,,Parcel spans more than one district or has uncovered rules,medium,,-79.946198,40.415894
0055N00050000000,55-N-50,Hazelwood,NDI,633,city,200,duplex,,False,,,,high_risk,not_allowed,,,,,,,,,,,,,,Parcel spans more than one district or has uncovered rules,medium,,-79.946198,40.415894
0055N00050000000,55-N-50,Hazelwood,NDI,633,city,200,triplex,,False,,,,high_risk,not_allowed,,,,,,,,,,,,,,Parcel spans more than one district or has uncovered rules,medium,,-79.946198,40.415894
0055N00050000000,55-N-50,Hazelwood,NDI,633,city,200,townhome,,False,,,,high_risk,not_allowed,,,,,,,,,,,,,,Parcel spans more than one district or has uncovered rules,medium,,-79.946198,40.415894
0055N00050000000,55-N-50,Hazelwood,NDI,633,city,200,walkup,,False,,,,high_risk,not_allowed,,,,,,,,,,,,,,Parcel spans more than one district or has uncovered rules,medium,,-79.946198,40.415894
0055N00065000000,55-N-65,Hazelwood,NDI,5461,private,1600,single_family,,False,,,,high_risk,not_allowed,,,,,,,,,,,,,,Parcel spans more than one district or has uncovered rules,medium,,-79.945853,40.414978
0055N00065000000,55-N-65,Hazelwood,NDI,5461,private,1600,duplex,,False,,,,high_risk,not_allowed,,,,,,,,,,,,,,Parcel spans more than one district or has uncovered rules,medium,,-79.945853,40.414978
0055N00065000000,55-N-65,Hazelwood,NDI,5461,private,1600,triplex,,False,,,,high_risk,not_allowed,,,,,,,,,,,,,,Parcel spans more than one district or has uncovered rules,medium,,-79.945853,40.414978
0055N00065000000,55-N-65,Hazelwood,NDI,5461,private,1600,townhome,,False,,,,high_risk,not_allowed,,,,,,,,,,,,,,Parcel spans more than one district or has uncovered rules,medium,,-79.945853,40.414978
0055N00065000000,55-N-65,Hazelwood,NDI,5461,private,1600,walkup,,False,,,,high_risk,not_allowed,,,,,,,,,,,,,,Parcel spans more than one district or has uncovered rules,medium,,-79.945853,40.414978
0055N00067000000,55-N-67,Hazelwood,NDI,9409,private,4500,single_family,,False,,,,high_risk,not_allowed,,,,,,,,,,,,,,Parcel spans more than one district or has uncovered rules,medium,,-79.945771,40.414819
0055N00067000000,55-N-67,Hazelwood,NDI,9409,private,4500,duplex,,False,,,,high_risk,not_allowed,,,,,,,,,,,,,,Parcel spans more than one district or has uncovered rules,medium,,-79.945771,40.414819
0055N00067000000,55-N-67,Hazelwood,NDI,9409,private,4500,triplex,,False,,,,high_risk,not_allowed,,,,,,,,,,,,,,Parcel spans more than one district or has uncovered rules,medium,,-79.945771,40.414819
0055N00067000000,55-N-67,Hazelwood,NDI,9409,private,4500,townhome,,False,,,,high_risk,not_allowed,,,,,,,,,,,,,,Parcel spans more than one district or has uncovered rules,medium,,-79.945771,40.414819
0055N00067000000,55-N-67,Hazelwood,NDI,9409,private,4500,walkup,,False,,,,high_risk,not_allowed,,,,,,,,,,,,,,Parcel spans more than one district or has uncovered rules,medium,,-79.945771,40.414819
0055N00123000000,55-N-123,Hazelwood,NDI,8509,private,4400,single_family,,False,,,,high_risk,not_allowed,,,,,,,,,,,,,,Parcel spans more than one district or has uncovered rules,medium,,-79.946258,40.415751
0055N00123000000,55-N-123,Hazelwood,NDI,8509,private,4400,duplex,,False,,,,high_risk,not_allowed,,,,,,,,,,,,,,Parcel spans more than one district or has uncovered rules,medium,,-79.946258,40.415751
0055N00123000000,55-N-123,Hazelwood,NDI,8509,private,4400,triplex,,False,,,,high_risk,not_allowed,,,,,,,,,,,,,,Parcel spans more than one district or has uncovered rules,medium,,-79.946258,40.415751
0055N00123000000,55-N-123,Hazelwood,NDI,8509,private,4400,townhome,,False,,,,high_risk,not_allowed,,,,,,,,,,,,,,Parcel spans more than one district or has uncovered rules,medium,,-79.946258,40.415751
0055N00123000000,55-N-123,Hazelwood,NDI,8509,private,4400,walkup,,False,,,,high_risk,not_allowed,,,,,,,,,,,,,,Parcel spans more than one district or has uncovered rules,medium,,-79.946258,40.415751
0055P00004000000,55-P-4,Hazelwood,R1D-H,2425,city,3000,single_family,1,True,44.1,48.3,52.2,high_risk,by_right,1.0,1.0,1.0,by_right,4.5,5.9,7.3,41356,60323,78841,-346227,-270869,-198867,42% of lot on 25%+ slope,medium,,-79.944697,40.413899
0055P00004000000,55-P-4,Hazelwood,R1D-H,2425,city,3000,duplex,2,False,,,,high_risk,not_allowed,,,,,,,,,,,,,,42% of lot on 25%+ slope,medium,,-79.944697,40.413899
0055P00004000000,55-P-4,Hazelwood,R1D-H,2425,city,3000,triplex,3,False,,,,high_risk,not_allowed,,,,,,,,,,,,,,42% of lot on 25%+ slope,medium,,-79.944697,40.413899
0055P00004000000,55-P-4,Hazelwood,R1D-H,2425,city,3000,townhome,2,False,,,,high_risk,not_allowed,,,,,,,,,,,,,,42% of lot on 25%+ slope,medium,,-79.944697,40.413899
0055P00004000000,55-P-4,Hazelwood,R1D-H,2425,city,3000,walkup,4,False,,,,high_risk,not_allowed,,,,,,,,,,,,,,42% of lot on 25%+ slope,medium,,-79.944697,40.413899
0055P00008000000,55-P-8,Hazelwood,R1D-H,2543,city,400,single_family,1,True,37.9,42.6,47.3,high_risk,by_right,1.0,1.0,1.0,by_right,4.9,6.1,7.3,65754,90910,116019,-365620,-290224,-220288,39% of lot on 25%+ slope,medium,,-79.94483,40.414163
0055P00008000000,55-P-8,Hazelwood,R1D-H,2543,city,400,duplex,2,False,,,,high_risk,not_allowed,,,,,,,,,,,,,,39% of lot on 25%+ slope,medium,,-79.94483,40.414163
0055P00008000000,55-P-8,Hazelwood,R1D-H,2543,city,400,triplex,3,False,,,,high_risk,not_allowed,,,,,,,,,,,,,,39% of lot on 25%+ slope,medium,,-79.94483,40.414163
0055P00008000000,55-P-8,Hazelwood,R1D-H,2543,city,400,townhome,2,False,,,,high_risk,not_allowed,,,,,,,,,,,,,,39% of lot on 25%+ slope,medium,,-79.94483,40.414163
0055P00008000000,55-P-8,Hazelwood,R1D-H,2543,city,400,walkup,4,False,,,,high_risk,not_allowed,,,,,,,,,,,,,,39% of lot on 25%+ slope,medium,,-79.94483,40.414163
0055P00009000000,55-P-9,Hazelwood,R1D-H,2547,city,3000,single_family,1,True,45.3,49.5,53.4,high_risk,by_right,1.0,1.0,1.0,by_right,4.5,5.9,7.3,34862,53829,72347,-331393,-259229,-189339,19% of lot on 25%+ slope,medium,,-79.944866,40.414227
0055P00009000000,55-P-9,Hazelwood,R1D-H,2547,city,3000,duplex,2,False,,,,high_risk,not_allowed,,,,,,,,,,,,,,19% of lot on 25%+ slope,medium,,-79.944866,40.414227
0055P00009000000,55-P-9,Hazelwood,R1D-H,2547,city,3000,triplex,3,False,,,,high_risk,not_allowed,,,,,,,,,,,,,,19% of lot on 25%+ slope,medium,,-79.944866,40.414227
0055P00009000000,55-P-9,Hazelwood,R1D-H,2547,city,3000,townhome,2,False,,,,high_risk,not_allowed,,,,,,,,,,,,,,19% of lot on 25%+ slope,medium,,-79.944866,40.414227
0055P00009000000,55-P-9,Hazelwood,R1D-H,2547,city,3000,walkup,4,False,,,,high_risk,not_allowed,,,,,,,,,,,,,,19% of lot on 25%+ slope,medium,,-79.944866,40.414227
0055P00011000000,55-P-11,Hazelwood,R1D-H,2172,city,2900,single_family,1,True,43.1,47.3,51.1,high_risk,by_right,1.0,1.0,1.0,by_right,4.5,5.9,7.3,47189,66156,84674,-342377,-270211,-200031,22% of lot on 25%+ slope,medium,,-79.944909,40.414355
0055P00011000000,55-P-11,Hazelwood,R1D-H,2172,city,2900,duplex,2,False,,,,high_risk,not_allowed,,,,,,,,,,,,,,22% of lot on 25%+ slope,medium,,-79.944909,40.414355
0055P00011000000,55-P-11,Hazelwood,R1D-H,2172,city,2900,triplex,3,False,,,,high_risk,not_allowed,,,,,,,,,,,,,,22% of lot on 25%+ slope,medium,,-79.944909,40.414355
0055P00011000000,55-P-11,Hazelwood,R1D-H,2172,city,2900,townhome,2,False,,,,high_risk,not_allowed,,,,,,,,,,,,,,22% of lot on 25%+ slope,medium,,-79.944909,40.414355
0055P00011000000,55-P-11,Hazelwood,R1D-H,2172,city,2900,walkup,4,False,,,,high_risk,not_allowed,,,,,,,,,,,,,,22% of lot on 25%+ slope,medium,,-79.944909,40.414355
0055P00012000000,55-P-12,Hazelwood,R1D-H,2204,city,2900,single_family,1,True,43.3,47.5,51.3,high_risk,by_right,1.0,1.0,1.0,by_right,4.5,5.9,7.3,46030,64998,83516,-340384,-268598,-198675,20% of lot on 25%+ slope,medium,,-79.944938,40.414405
0055P00012000000,55-P-12,Hazelwood,R1D-H,2204,city,2900,duplex,2,False,,,,high_risk,not_allowed,,,,,,,,,,,,,,20% of lot on 25%+ slope,medium,,-79.944938,40.414405
0055P00012000000,55-P-12,Hazelwood,R1D-H,2204,city,2900,triplex,3,False,,,,high_risk,not_allowed,,,,,,,,,,,,,,20% of lot on 25%+ slope,medium,,-79.944938,40.414405
0055P00012000000,55-P-12,Hazelwood,R1D-H,2204,city,2900,townhome,2,False,,,,high_risk,not_allowed,,,,,,,,,,,,,,20% of lot on 25%+ slope,medium,,-79.944938,40.414405
0055P00012000000,55-P-12,Hazelwood,R1D-H,2204,city,2900,walkup,4,False,,,,high_risk,not_allowed,,,,,,,,,,,,,,20% of lot on 25%+ slope,medium,,-79.944938,40.414405
0055P00014000000,55-P-14,Hazelwood,R1D-H,2058,private,2900,single_family,1,True,45.4,49.6,53.5,high_risk,by_right,1.0,1.0,1.0,by_right,4.5,5.9,7.3,34262,53229,71747,-329882,-258133,-188503,25% of lot on 25%+ slope,medium,,-79.944992,40.414509
0055P00014000000,55-P-14,Hazelwood,R1D-H,2058,private,2900,duplex,2,False,,,,high_risk,not_allowed,,,,,,,,,,,,,,25% of lot on 25%+ slope,medium,,-79.944992,40.414509
0055P00014000000,55-P-14,Hazelwood,R1D-H,2058,private,2900,triplex,3,False,,,,high_risk,not_allowed,,,,,,,,,,,,,,25% of lot on 25%+ slope,medium,,-79.944992,40.414509
0055P00014000000,55-P-14,Hazelwood,R1D-H,2058,private,2900,townhome,2,False,,,,high_risk,not_allowed,,,,,,,,,,,,,,25% of lot on 25%+ slope,medium,,-79.944992,40.414509
0055P00014000000,55-P-14,Hazelwood,R1D-H,2058,private,2900,walkup,4,False,,,,high_risk,not_allowed,,,,,,,,,,,,,,25% of lot on 25%+ slope,medium,,-79.944992,40.414509
0055P00015000000,55-P-15,Hazelwood,R1D-H,2220,city,500,single_family,1,True,45.2,49.3,53.2,high_risk,by_right,1.0,1.0,1.0,by_right,4.5,5.9,7.3,35700,54667,73185,-331128,-259420,-189746,31% of lot on 25%+ slope,medium,,-79.94502,40.414558
0055P00015000000,55-P-15,Hazelwood,R1D-H,2220,city,500,duplex,2,False,,,,high_risk,not_allowed,,,,,,,,,,,,,,31% of lot on 25%+ slope,medium,,-79.94502,40.414558
0055P00015000000,55-P-15,Hazelwood,R1D-H,2220,city,500,triplex,3,False,,,,high_risk,not_allowed,,,,,,,,,,,,,,31% of lot on 25%+ slope,medium,,-79.94502,40.414558
0055P00015000000,55-P-15,Hazelwood,R1D-H,2220,city,500,townhome,2,False,,,,high_risk,not_allowed,,,,,,,,,,,,,,31% of lot on 25%+ slope,medium,,-79.94502,40.414558
0055P00015000000,55-P-15,Hazelwood,R1D-H,2220,city,500,walkup,4,False,,,,high_risk,not_allowed,,,,,,,,,,,,,,31% of lot on 25%+ slope,medium,,-79.94502,40.414558
0055P00016000000,55-P-16,Hazelwood,R1D-H,2236,city,2900,single_family,1,True,44.6,48.7,52.6,high_risk,by_right,1.0,1.0,1.0,by_right,4.5,5.9,7.3,38839,57806,76324,-333914,-262230,-192459,28% of lot on 25%+ slope,medium,,-79.945045,40.414611
0055P00016000000,55-P-16,Hazelwood,R1D-H,2236,city,2900,duplex,2,False,,,,high_risk,not_allowed,,,,,,,,,,,,,,28% of lot on 25%+ slope,medium,,-79.945045,40.414611
0055P00016000000,55-P-16,Hazelwood,R1D-H,2236,city,2900,triplex,3,False,,,,high_risk,not_allowed,,,,,,,,,,,,,,28% of lot on 25%+ slope,medium,,-79.945045,40.414611
0055P00016000000,55-P-16,Hazelwood,R1D-H,2236,city,2900,townhome,2,False,,,,high_risk,not_allowed,,,,,,,,,,,,,,28% of lot on 25%+ slope,medium,,-79.945045,40.414611
0055P00016000000,55-P-16,Hazelwood,R1D-H,2236,city,2900,walkup,4,False,,,,high_risk,not_allowed,,,,,,,,,,,,,,28% of lot on 25%+ slope,medium,,-79.945045,40.414611
0055P00017000000,55-P-17,Hazelwood,R1D-H,2315,private,2900,single_family,1,True,54.8,57.0,59.2,feasible_with_conditions,by_right,1.0,1.0,1.0,by_right,3.3,4.0,5.0,19040,27740,36151,-307138,-238614,-169042,13% of lot on 25%+ slope,low,,-79.945076,40.414662
0055P00017000000,55-P-17,Hazelwood,R1D-H,2315,private,2900,duplex,2,False,,,,high_risk,not_allowed,,,,,,,,,,,,,,13% of lot on 25%+ slope,low,,-79.945076,40.414662
0055P00017000000,55-P-17,Hazelwood,R1D-H,2315,private,2900,triplex,3,False,,,,high_risk,not_allowed,,,,,,,,,,,,,,13% of lot on 25%+ slope,low,,-79.945076,40.414662
0055P00017000000,55-P-17,Hazelwood,R1D-H,2315,private,2900,townhome,2,False,,,,high_risk,not_allowed,,,,,,,,,,,,,,13% of lot on 25%+ slope,low,,-79.945076,40.414662
0055P00017000000,55-P-17,Hazelwood,R1D-H,2315,private,2900,walkup,4,False,,,,high_risk,not_allowed,,,,,,,,,,,,,,13% of lot on 25%+ slope,low,,-79.945076,40.414662
0055P00018000000,55-P-18,Hazelwood,R1D-H,2742,private,1100,single_family,1,True,51.7,54.3,57.0,feasible_with_conditions,by_right,1.0,1.0,1.0,by_right,4.4,5.8,7.3,19559,27905,36587,-308167,-235200,-167049,$272 in tax liens,medium,,-79.945102,40.414722
0055P00018000000,55-P-18,Hazelwood,R1D-H,2742,private,1100,duplex,2,False,,,,high_risk,not_allowed,,,,,,,,,,,,,,$272 in tax liens,medium,,-79.945102,40.414722
0055P00018000000,55-P-18,Hazelwood,R1D-H,2742,private,1100,triplex,3,False,,,,high_risk,not_allowed,,,,,,,,,,,,,,$272 in tax liens,medium,,-79.945102,40.414722
0055P00018000000,55-P-18,Hazelwood,R1D-H,2742,private,1100,townhome,2,False,,,,high_risk,not_allowed,,,,,,,,,,,,,,$272 in tax liens,medium,,-79.945102,40.414722
0055P00018000000,55-P-18,Hazelwood,R1D-H,2742,private,1100,walkup,4,False,,,,high_risk,not_allowed,,,,,,,,,,,,,,$272 in tax liens,medium,,-79.945102,40.414722
0055P00021000000,55-P-21,Hazelwood,R1D-H,3233,private,3300,single_family,1,True,45.4,49.6,53.5,high_risk,by_right,1.0,1.0,1.0,by_right,4.5,5.9,7.3,34195,53162,71680,-331906,-259203,-189388,20% of lot on 25%+ slope,medium,,-79.945248,40.414917
0055P00021000000,55-P-21,Hazelwood,R1D-H,3233,private,3300,duplex,2,False,,,,high_risk,not_allowed,,,,,,,,,,,,,,20% of lot on 25%+ slope,medium,,-79.945248,40.414917
0055P00021000000,55-P-21,Hazelwood,R1D-H,3233,private,3300,triplex,3,False,,,,high_risk,not_allowed,,,,,,,,,,,,,,20% of lot on 25%+ slope,medium,,-79.945248,40.414917
0055P00021000000,55-P-21,Hazelwood,R1D-H,3233,private,3300,townhome,2,False,,,,high_risk,not_allowed,,,,,,,,,,,,,,20% of lot on 25%+ slope,medium,,-79.945248,40.414917
0055P00021000000,55-P-21,Hazelwood,R1D-H,3233,private,3300,walkup,4,False,,,,high_risk,not_allowed,,,,,,,,,,,,,,20% of lot on 25%+ slope,medium,,-79.945248,40.414917
0055P00024000000,55-P-24,Hazelwood,R1D-H,2197,city,500,single_family,1,True,40.2,45.7,51.0,high_risk,by_right,1.0,1.0,1.0,by_right,4.8,6.0,7.3,44522,73422,101599,-337531,-265074,-195241,53% of lot landslide-prone,high,,-79.945264,40.41566
0055P00024000000,55-P-24,Hazelwood,R1D-H,2197,city,500,duplex,2,False,,,,high_risk,not_allowed,,,,,,,,,,,,,,53% of lot landslide-prone,high,,-79.945264,40.41566
0055P00024000000,55-P-24,Hazelwood,R1D-H,2197,city,500,triplex,3,False,,,,high_risk,not_allowed,,,,,,,,,,,,,,53% of lot landslide-prone,high,,-79.945264,40.41566
0055P00024000000,55-P-24,Hazelwood,R1D-H,2197,city,500,townhome,2,False,,,,high_risk,not_allowed,,,,,,,,,,,,,,53% of lot landslide-prone,high,,-79.945264,40.41566
0055P00024000000,55-P-24,Hazelwood,R1D-H,2197,city,500,walkup,4,False,,,,high_risk,not_allowed,,,,,,,,,,,,,,53% of lot landslide-prone,high,,-79.945264,40.41566
0055P00029000000,55-P-29,Hazelwood,R1D-H,1655,private,800,single_family,1,True,43.5,48.8,54.5,high_risk,by_right,1.0,1.0,1.0,by_right,4.2,5.3,6.4,31782,60931,88514,-332736,-261584,-191741,62% of lot landslide-prone,high,,-79.945095,40.415397
0055P00029000000,55-P-29,Hazelwood,R1D-H,1655,private,800,duplex,2,False,,,,high_risk,not_allowed,,,,,,,,,,,,,,62% of lot landslide-prone,high,,-79.945095,40.415397
0055P00029000000,55-P-29,Hazelwood,R1D-H,1655,private,800,triplex,3,False,,,,high_risk,not_allowed,,,,,,,,,,,,,,62% of lot landslide-prone,high,,-79.945095,40.415397
0055P00029000000,55-P-29,Hazelwood,R1D-H,1655,private,800,townhome,2,False,,,,high_risk,not_allowed,,,,,,,,,,,,,,62% of lot landslide-prone,high,,-79.945095,40.415397
0055P00029000000,55-P-29,Hazelwood,R1D-H,1655,private,800,walkup,4,False,,,,high_risk,not_allowed,,,,,,,,,,,,,,62% of lot landslide-prone,high,,-79.945095,40.415397
0055P00031000000,55-P-31,Hazelwood,R1D-H,12638,private,4800,single_family,1,True,41.3,46.8,52.0,high_risk,by_right,1.0,1.0,1.0,by_right,4.2,5.3,6.5,44396,72678,101527,-353951,-277511,-202554,57% of lot landslide-prone,high,,-79.944996,40.415136
0055P00031000000,55-P-31,Hazelwood,R1D-H,12638,private,4800,duplex,2,False,,,,high_risk,not_allowed,,,,,,,,,,,,,,57% of lot landslide-prone,high,,-79.944996,40.415136
0055P00031000000,55-P-31,Hazelwood,R1D-H,12638,private,4800,triplex,3,False,,,,high_risk,not_allowed,,,,,,,,,,,,,,57% of lot landslide-prone,high,,-79.944996,40.415136
0055P00031000000,55-P-31,Hazelwood,R1D-H,12638,private,4800,townhome,5,False,47.4,49.9,52.1,high_risk,special_exception+subdivision,0.83,0.885,0.93,model+placeholder,7.9,9.5,11.0,45040,71337,100792,-1356489,-1029459,-730799,57% of lot landslide-prone,high,,-79.944996,40.415136
0055P00031000000,55-P-31,Hazelwood,R1D-H,12638,private,4800,walkup,4,False,,,,high_risk,not_allowed,,,,,,,,,,,,,,57% of lot landslide-prone,high,,-79.944996,40.415136
0055P00045000000,55-P-45,Hazelwood,R1D-H,2233,city,500,single_family,1,True,39.8,45.2,50.6,high_risk,by_right,1.0,1.0,1.0,by_right,4.9,6.0,7.3,46809,75581,104695,-349766,-275379,-205919,50% of lot landslide-prone,medium,,-79.944572,40.41452
0055P00045000000,55-P-45,Hazelwood,R1D-H,2233,city,500,duplex,2,False,,,,high_risk,not_allowed,,,,,,,,,,,,,,50% of lot landslide-prone,medium,,-79.944572,40.41452
0055P00045000000,55-P-45,Hazelwood,R1D-H,2233,city,500,triplex,3,False,,,,high_risk,not_allowed,,,,,,,,,,,,,,50% of lot landslide-prone,medium,,-79.944572,40.41452
0055P00045000000,55-P-45,Hazelwood,R1D-H,2233,city,500,townhome,2,False,,,,high_risk,not_allowed,,,,,,,,,,,,,,50% of lot landslide-prone,medium,,-79.944572,40.41452
0055P00045000000,55-P-45,Hazelwood,R1D-H,2233,city,500,walkup,4,False,,,,high_risk,not_allowed,,,,,,,,,,,,,,50% of lot landslide-prone,medium,,-79.944572,40.41452
0055P00058000000,55-P-58,Hazelwood,R1D-H,2086,city,400,single_family,1,True,42.4,47.9,53.3,high_risk,by_right,1.0,1.0,1.0,by_right,4.8,6.0,7.3,32245,61145,89322,-346646,-270243,-197141,100% of lot landslide-prone,high,,-79.943697,40.413969
0055P00058000000,55-P-58,Hazelwood,R1D-H,2086,city,400,duplex,2,False,,,,high_risk,not_allowed,,,,,,,,,,,,,,100% of lot landslide-prone,high,,-79.943697,40.413969
0055P00058000000,55-P-58,Hazelwood,R1D-H,2086,city,400,triplex,3,False,,,,high_risk,not_allowed,,,,,,,,,,,,,,100% of lot landslide-prone,high,,-79.943697,40.413969
0055P00058000000,55-P-58,Hazelwood,R1D-H,2086,city,400,townhome,2,False,,,,high_risk,not_allowed,,,,,,,,,,,,,,100% of lot landslide-prone,high,,-79.943697,40.413969
0055P00058000000,55-P-58,Hazelwood,R1D-H,2086,city,400,walkup,4,False,,,,high_risk,not_allowed,,,,,,,,,,,,,,100% of lot landslide-prone,high,,-79.943697,40.413969
0055P00060000000,55-P-60,Hazelwood,R1D-H,9959,city,4400,single_family,1,True,42.3,47.9,53.3,high_risk,by_right,1.0,1.0,1.0,by_right,4.8,6.0,7.3,32482,61381,89559,-346852,-270448,-197348,100% of lot landslide-prone,high,,-79.94377,40.414094
0055P00060000000,55-P-60,Hazelwood,R1D-H,9959,city,4400,duplex,2,False,,,,high_risk,not_allowed,,,,,,,,,,,,,,100% of lot landslide-prone,high,,-79.94377,40.414094
0055P00060000000,55-P-60,Hazelwood,R1D-H,9959,city,4400,triplex,3,False,,,,high_risk,not_allowed,,,,,,,,,,,,,,100% of lot landslide-prone,high,,-79.94377,40.414094
0055P00060000000,55-P-60,Hazelwood,R1D-H,9959,city,4400,townhome,4,False,47.2,49.7,52.2,high_risk,special_exception+subdivision,0.83,0.885,0.93,model+placeholder,7.9,9.5,11.0,32485,60358,88591,-1105478,-839531,-597269,100% of lot landslide-prone,high,,-79.94377,40.414094
0055P00060000000,55-P-60,Hazelwood,R1D-H,9959,city,4400,walkup,4,False,,,,high_risk,not_allowed,,,,,,,,,,,,,,100% of lot landslide-prone,high,,-79.94377,40.414094
0055P00062000000,55-P-62,Hazelwood,R1D-H,1882,city,400,single_family,1,True,42.4,48.0,53.4,high_risk,by_right,1.0,1.0,1.0,by_right,4.8,6.0,7.3,31788,60688,88865,-346248,-269846,-196740,100% of lot landslide-prone,high,,-79.943857,40.414217
0055P00062000000,55-P-62,Hazelwood,R1D-H,1882,city,400,duplex,2,False,,,,high_risk,not_allowed,,,,,,,,,,,,,,100% of lot landslide-prone,high,,-79.943857,40.414217
0055P00062000000,55-P-62,Hazelwood,R1D-H,1882,city,400,triplex,3,False,,,,high_risk,not_allowed,,,,,,,,,,,,,,100% of lot landslide-prone,high,,-79.943857,40.414217
0055P00062000000,55-P-62,Hazelwood,R1D-H,1882,city,400,townhome,2,False,,,,high_risk,not_allowed,,,,,,,,,,,,,,100% of lot landslide-prone,high,,-79.943857,40.414217
0055P00062000000,55-P-62,Hazelwood,R1D-H,1882,city,400,walkup,4,False,,,,high_risk,not_allowed,,,,,,,,,,,,,,100% of lot landslide-prone,high,,-79.943857,40.414217
0055P00068000000,55-P-68,Hazelwood,R1D-H,2228,city,400,single_family,1,True,35.8,41.4,47.3,high_risk,by_right,1.0,1.0,1.0,by_right,4.9,6.1,7.3,65200,97791,132117,-369762,-294374,-222966,100% of lot landslide-prone,high,,-79.944091,40.414604
0055P00068000000,55-P-68,Hazelwood,R1D-H,2228,city,400,duplex,2,False,,,,high_risk,not_allowed,,,,,,,,,,,,,,100% of lot landslide-prone,high,,-79.944091,40.414604
0055P00068000000,55-P-68,Hazelwood,R1D-H,2228,city,400,triplex,3,False,,,,high_risk,not_allowed,,,,,,,,,,,,,,100% of lot landslide-prone,high,,-79.944091,40.414604
0055P00068000000,55-P-68,Hazelwood,R1D-H,2228,city,400,townhome,2,False,,,,high_risk,not_allowed,,,,,,,,,,,,,,100% of lot landslide-prone,high,,-79.944091,40.414604
0055P00068000000,55-P-68,Hazelwood,R1D-H,2228,city,400,walkup,4,False,,,,high_risk,not_allowed,,,,,,,,,,,,,,100% of lot landslide-prone,high,,-79.944091,40.414604
0055P00069000000,55-P-69,Hazelwood,R1D-H,2260,city,3000,single_family,1,True,36.8,42.6,48.1,high_risk,by_right,1.0,1.0,1.0,by_right,4.4,5.4,6.5,65177,97793,131676,-374868,-298255,-222425,100% of lot landslide-prone,high,,-79.944125,40.414665
0055P00069000000,55-P-69,Hazelwood,R1D-H,2260,city,3000,duplex,2,False,,,,high_risk,not_allowed,,,,,,,,,,,,,,100% of lot landslide-prone,high,,-79.944125,40.414665
0055P00069000000,55-P-69,Hazelwood,R1D-H,2260,city,3000,triplex,3,False,,,,high_risk,not_allowed,,,,,,,,,,,,,,100% of lot landslide-prone,high,,-79.944125,40.414665
0055P00069000000,55-P-69,Hazelwood,R1D-H,2260,city,3000,townhome,2,False,,,,high_risk,not_allowed,,,,,,,,,,,,,,100% of lot landslide-prone,high,,-79.944125,40.414665
0055P00069000000,55-P-69,Hazelwood,R1D-H,2260,city,3000,walkup,4,False,,,,high_risk,not_allowed,,,,,,,,,,,,,,100% of lot landslide-prone,high,,-79.944125,40.414665
0055P00070000000,55-P-70,Hazelwood,R1D-H,2164,city,3000,single_family,1,True,34.1,39.6,45.4,high_risk,by_right,1.0,1.0,1.0,by_right,4.9,6.1,7.3,76932,109523,143849,-379930,-304791,-233386,100% of lot landslide-prone,high,,-79.944157,40.414726
0055P00070000000,55-P-70,Hazelwood,R1D-H,2164,city,3000,duplex,2,False,,,,high_risk,not_allowed,,,,,,,,,,,,,,100% of lot landslide-prone,high,,-79.944157,40.414726
0055P00070000000,55-P-70,Hazelwood,R1D-H,2164,city,3000,triplex,3,False,,,,high_risk,not_allowed,,,,,,,,,,,,,,100% of lot landslide-prone,high,,-79.944157,40.414726
0055P00070000000,55-P-70,Hazelwood,R1D-H,2164,city,3000,townhome,2,False,,,,high_risk,not_allowed,,,,,,,,,,,,,,100% of lot landslide-prone,high,,-79.944157,40.414726
0055P00070000000,55-P-70,Hazelwood,R1D-H,2164,city,3000,walkup,4,False,,,,high_risk,not_allowed,,,,,,,,,,,,,,100% of lot landslide-prone,high,,-79.944157,40.414726
0055P00071000000,55-P-71,Hazelwood,R1D-H,2411,city,400,single_family,1,True,39.9,45.3,50.7,high_risk,by_right,1.0,1.0,1.0,by_right,4.9,6.0,7.3,46084,74856,103970,-350239,-275720,-206157,100% of lot landslide-prone,high,,-79.944187,40.41479
0055P00071000000,55-P-71,Hazelwood,R1D-H,2411,city,400,duplex,2,False,,,,high_risk,not_allowed,,,,,,,,,,,,,,100% of lot landslide-prone,high,,-79.944187,40.41479
0055P00071000000,55-P-71,Hazelwood,R1D-H,2411,city,400,triplex,3,False,,,,high_risk,not_allowed,,,,,,,,,,,,,,100% of lot landslide-prone,high,,-79.944187,40.41479
0055P00071000000,55-P-71,Hazelwood,R1D-H,2411,city,400,townhome,2,False,,,,high_risk,not_allowed,,,,,,,,,,,,,,100% of lot landslide-prone,high,,-79.944187,40.41479
0055P00071000000,55-P-71,Hazelwood,R1D-H,2411,city,400,walkup,4,False,,,,high_risk,not_allowed,,,,,,,,,,,,,,100% of lot landslide-prone,high,,-79.944187,40.41479
0055P00072000000,55-P-72,Hazelwood,R1D-H,2368,private,3000,single_family,1,True,40.1,45.5,50.9,high_risk,by_right,1.0,1.0,1.0,by_right,4.9,6.0,7.3,45056,73828,102942,-349343,-274816,-205261,100% of lot landslide-prone,high,,-79.944221,40.414856
0055P00072000000,55-P-72,Hazelwood,R1D-H,2368,private,3000,duplex,2,False,,,,high_risk,not_allowed,,,,,,,,,,,,,,100% of lot landslide-prone,high,,-79.944221,40.414856
0055P00072000000,55-P-72,Hazelwood,R1D-H,2368,private,3000,triplex,3,False,,,,high_risk,not_allowed,,,,,,,,,,,,,,100% of lot landslide-prone,high,,-79.944221,40.414856
0055P00072000000,55-P-72,Hazelwood,R1D-H,2368,private,3000,townhome,2,False,,,,high_risk,not_allowed,,,,,,,,,,,,,,100% of lot landslide-prone,high,,-79.944221,40.414856
0055P00072000000,55-P-72,Hazelwood,R1D-H,2368,private,3000,walkup,4,False,,,,high_risk,not_allowed,,,,,,,,,,,,,,100% of lot landslide-prone,high,,-79.944221,40.414856
0055P00077000000,55-P-77,Hazelwood,R1D-H,6254,private,3200,single_family,1,True,26.2,33.2,40.9,high_risk,by_right,1.0,1.0,1.0,by_right,4.8,6.1,7.3,103850,155297,209534,-431056,-345097,-264618,77% of lot on 25%+ slope,high,,-79.94438,40.41532
0055P00077000000,55-P-77,Hazelwood,R1D-H,6254,private,3200,duplex,2,False,,,,high_risk,not_allowed,,,,,,,,,,,,,,77% of lot on 25%+ slope,high,,-79.94438,40.41532
0055P00077000000,55-P-77,Hazelwood,R1D-H,6254,private,3200,triplex,3,False,,,,high_risk,not_allowed,,,,,,,,,,,,,,77% of lot on 25%+ slope,high,,-79.94438,40.41532
0055P00077000000,55-P-77,Hazelwood,R1D-H,6254,private,3200,townhome,2,False,32.7,37.9,42.9,high_risk,special_exception+subdivision,0.862,0.913,0.949,model+placeholder,7.9,9.5,11.0,104113,153945,205202,-647412,-514090,-386942,77% of lot on 25%+ slope,high,,-79.94438,40.41532
0055P00077000000,55-P-77,Hazelwood,R1D-H,6254,private,3200,walkup,4,False,,,,high_risk,not_allowed,,,,,,,,,,,,,,77% of lot on 25%+ slope,high,,-79.94438,40.41532
0055P00082000000,55-P-82,Hazelwood,R1D-H,2917,private,1200,single_family,1,True,36.8,42.6,48.1,high_risk,by_right,1.0,1.0,1.0,by_right,4.4,5.4,6.5,65177,97793,131676,-376371,-299561,-223617,100% of lot landslide-prone,high,,-79.944674,40.415338
0055P00082000000,55-P-82,Hazelwood,R1D-H,2917,private,1200,duplex,2,False,,,,high_risk,not_allowed,,,,,,,,,,,,,,100% of lot landslide-prone,high,,-79.944674,40.415338
0055P00082000000,55-P-82,Hazelwood,R1D-H,2917,private,1200,triplex,3,False,,,,high_risk,not_allowed,,,,,,,,,,,,,,100% of lot landslide-prone,high,,-79.944674,40.415338
0055P00082000000,55-P-82,Hazelwood,R1D-H,2917,private,1200,townhome,2,False,39.3,43.2,46.9,high_risk,special_exception+subdivision,0.862,0.913,0.949,model+placeholder,7.9,9.5,11.0,65779,96195,129755,-598653,-468736,-347947,100% of lot landslide-prone,high,,-79.944674,40.415338
0055P00082000000,55-P-82,Hazelwood,R1D-H,2917,private,1200,walkup,4,False,,,,high_risk,not_allowed,,,,,,,,,,,,,,100% of lot landslide-prone,high,,-79.944674,40.415338
0055P00087000000,55-P-87,Hazelwood,R1D-H,516,private,300,single_family,1,False,,,,high_risk,not_allowed,,,,,,,,,,,,,,97% of lot on 25%+ slope,high,,-79.944477,40.415582
0055P00087000000,55-P-87,Hazelwood,R1D-H,516,private,300,duplex,2,False,,,,high_risk,not_allowed,,,,,,,,,,,,,,97% of lot on 25%+ slope,high,,-79.944477,40.415582
0055P00087000000,55-P-87,Hazelwood,R1D-H,516,private,300,triplex,3,False,,,,high_risk,not_allowed,,,,,,,,,,,,,,97% of lot on 25%+ slope,high,,-79.944477,40.415582
0055P00087000000,55-P-87,Hazelwood,R1D-H,516,private,300,townhome,2,False,,,,high_risk,not_allowed,,,,,,,,,,,,,,97% of lot on 25%+ slope,high,,-79.944477,40.415582
0055P00087000000,55-P-87,Hazelwood,R1D-H,516,private,300,walkup,4,False,,,,high_risk,not_allowed,,,,,,,,,,,,,,97% of lot on 25%+ slope,high,,-79.944477,40.415582
0055P00088000000,55-P-88,Hazelwood,R1D-H,1008,private,500,single_family,1,False,,,,high_risk,not_allowed,,,,,,,,,,,,,,100% of lot on 25%+ slope,high,,-79.944519,40.415626
0055P00088000000,55-P-88,Hazelwood,R1D-H,1008,private,500,duplex,2,False,,,,high_risk,not_allowed,,,,,,,,,,,,,,100% of lot on 25%+ slope,high,,-79.944519,40.415626
0055P00088000000,55-P-88,Hazelwood,R1D-H,1008,private,500,triplex,3,False,,,,high_risk,not_allowed,,,,,,,,,,,,,,100% of lot on 25%+ slope,high,,-79.944519,40.415626
0055P00088000000,55-P-88,Hazelwood,R1D-H,1008,private,500,townhome,2,False,,,,high_risk,not_allowed,,,,,,,,,,,,,,100% of lot on 25%+ slope,high,,-79.944519,40.415626
0055P00088000000,55-P-88,Hazelwood,R1D-H,1008,private,500,walkup,4,False,,,,high_risk,not_allowed,,,,,,,,,,,,,,100% of lot on 25%+ slope,high,,-79.944519,40.415626
0055P00089000000,55-P-89,Hazelwood,R1D-H,3890,private,1800,single_family,1,True,36.8,42.6,48.1,high_risk,by_right,1.0,1.0,1.0,by_right,4.4,5.4,6.5,65177,97793,131676,-363572,-286902,-213505,100% of lot landslide-prone,high,,-79.944709,40.415549
0055P00089000000,55-P-89,Hazelwood,R1D-H,3890,private,1800,duplex,2,False,,,,high_risk,not_allowed,,,,,,,,,,,,,,100% of lot landslide-prone,high,,-79.944709,40.415549
0055P00089000000,55-P-89,Hazelwood,R1D-H,3890,private,1800,triplex,3,False,,,,high_risk,not_allowed,,,,,,,,,,,,,,100% of lot landslide-prone,high,,-79.944709,40.415549
0055P00089000000,55-P-89,Hazelwood,R1D-H,3890,private,1800,townhome,2,False,39.3,43.2,46.9,high_risk,special_exception+subdivision,0.862,0.913,0.949,model+placeholder,7.9,9.5,11.0,65779,96195,129755,-573991,-446580,-328406,100% of lot landslide-prone,high,,-79.944709,40.415549
0055P00089000000,55-P-89,Hazelwood,R1D-H,3890,private,1800,walkup,4,False,,,,high_risk,not_allowed,,,,,,,,,,,,,,100% of lot landslide-prone,high,,-79.944709,40.415549
0055P00092000000,55-P-92,Hazelwood,R1D-H,4700,private,2000,single_family,1,True,26.2,33.2,40.9,high_risk,by_right,1.0,1.0,1.0,by_right,4.8,6.1,7.3,103850,155297,209534,-414891,-331848,-251627,63% of lot on 25%+ slope,high,,-79.944704,40.415672
0055P00092000000,55-P-92,Hazelwood,R1D-H,4700,private,2000,duplex,2,False,,,,high_risk,not_allowed,,,,,,,,,,,,,,63% of lot on 25%+ slope,high,,-79.944704,40.415672
0055P00092000000,55-P-92,Hazelwood,R1D-H,4700,private,2000,triplex,3,False,,,,high_risk,not_allowed,,,,,,,,,,,,,,63% of lot on 25%+ slope,high,,-79.944704,40.415672
0055P00092000000,55-P-92,Hazelwood,R1D-H,4700,private,2000,townhome,2,False,32.7,37.9,42.9,high_risk,special_exception+subdivision,0.862,0.913,0.949,model+placeholder,7.9,9.5,11.0,104113,153945,205202,-620283,-488703,-363778,63% of lot on 25%+ slope,high,,-79.944704,40.415672
0055P00092000000,55-P-92,Hazelwood,R1D-H,4700,private,2000,walkup,4,False,,,,high_risk,not_allowed,,,,,,,,,,,,,,63% of lot on 25%+ slope,high,,-79.944704,40.415672
0055P00096000000,55-P-96,Hazelwood,R1D-H,2558,city,3000,single_family,1,True,25.7,32.7,40.1,high_risk,by_right,1.0,1.0,1.0,by_right,5.3,6.4,7.6,104985,155655,206631,-410837,-330723,-252236,66% of lot on 25%+ slope,high,,-79.944765,40.415801
0055P00096000000,55-P-96,Hazelwood,R1D-H,2558,city,3000,duplex,2,False,,,,high_risk,not_allowed,,,,,,,,,,,,,,66% of lot on 25%+ slope,high,,-79.944765,40.415801
0055P00096000000,55-P-96,Hazelwood,R1D-H,2558,city,3000,triplex,3,False,,,,high_risk,not_allowed,,,,,,,,,,,,,,66% of lot on 25%+ slope,high,,-79.944765,40.415801
0055P00096000000,55-P-96,Hazelwood,R1D-H,2558,city,3000,townhome,2,False,,,,high_risk,not_allowed,,,,,,,,,,,,,,66% of lot on 25%+ slope,high,,-79.944765,40.415801
0055P00096000000,55-P-96,Hazelwood,R1D-H,2558,city,3000,walkup,4,False,,,,high_risk,not_allowed,,,,,,,,,,,,,,66% of lot on 25%+ slope,high,,-79.944765,40.415801
0055P00098000000,55-P-98,Hazelwood,R1D-H,2287,city,3000,single_family,1,True,25.7,32.7,40.1,high_risk,by_right,1.0,1.0,1.0,by_right,5.3,6.4,7.6,104976,155647,206623,-410829,-330715,-252229,64% of lot on 25%+ slope,high,,-79.944795,40.415851
0055P00098000000,55-P-98,Hazelwood,R1D-H,2287,city,3000,duplex,2,False,,,,high_risk,not_allowed,,,,,,,,,,,,,,64% of lot on 25%+ slope,high,,-79.944795,40.415851
0055P00098000000,55-P-98,Hazelwood,R1D-H,2287,city,3000,triplex,3,False,,,,high_risk,not_allowed,,,,,,,,,,,,,,64% of lot on 25%+ slope,high,,-79.944795,40.415851
0055P00098000000,55-P-98,Hazelwood,R1D-H,2287,city,3000,townhome,2,False,,,,high_risk,not_allowed,,,,,,,,,,,,,,64% of lot on 25%+ slope,high,,-79.944795,40.415851
0055P00098000000,55-P-98,Hazelwood,R1D-H,2287,city,3000,walkup,4,False,,,,high_risk,not_allowed,,,,,,,,,,,,,,64% of lot on 25%+ slope,high,,-79.944795,40.415851
0055P00103000000,55-P-103,Hazelwood,R1D-H,4922,city,4000,single_family,1,True,25.4,32.2,39.6,high_risk,by_right,1.0,1.0,1.0,by_right,5.3,6.4,7.6,108510,159181,210157,-416161,-336385,-257271,67% of lot on 25%+ slope,high,,-79.944862,40.415977
0055P00103000000,55-P-103,Hazelwood,R1D-H,4922,city,4000,duplex,2,False,,,,high_risk,not_allowed,,,,,,,,,,,,,,67% of lot on 25%+ slope,high,,-79.944862,40.415977
0055P00103000000,55-P-103,Hazelwood,R1D-H,4922,city,4000,triplex,3,False,,,,high_risk,not_allowed,,,,,,,,,,,,,,67% of lot on 25%+ slope,high,,-79.944862,40.415977
0055P00103000000,55-P-103,Hazelwood,R1D-H,4922,city,4000,townhome,2,False,32.2,37.5,42.5,high_risk,special_exception+subdivision,0.862,0.913,0.949,model+placeholder,7.9,9.5,11.2,108548,157280,208547,-625889,-492313,-369828,67% of lot on 25%+ slope,high,,-79.944862,40.415977
0055P00103000000,55-P-103,Hazelwood,R1D-H,4922,city,4000,walkup,4,False,,,,high_risk,not_allowed,,,,,,,,,,,,,,67% of lot on 25%+ slope,high,,-79.944862,40.415977
0055P00109000000,55-P-109,Hazelwood,R1D-H,2455,city,4200,single_family,1,True,39.3,44.7,50.0,high_risk,by_right,1.0,1.0,1.0,by_right,4.9,6.0,7.3,49755,78527,107641,-334390,-261431,-196219,100% of lot landslide-prone,high,,-79.94513,40.416241
0055P00109000000,55-P-109,Hazelwood,R1D-H,2455,city,4200,duplex,2,False,,,,high_risk,not_allowed,,,,,,,,,,,,,,100% of lot landslide-prone,high,,-79.94513,40.416241
0055P00109000000,55-P-109,Hazelwood,R1D-H,2455,city,4200,triplex,3,False,,,,high_risk,not_allowed,,,,,,,,,,,,,,100% of lot landslide-prone,high,,-79.94513,40.416241
0055P00109000000,55-P-109,Hazelwood,R1D-H,2455,city,4200,townhome,2,False,40.9,44.5,48.2,high_risk,special_exception+subdivision,0.83,0.885,0.93,model+placeholder,7.9,9.5,11.2,49584,77265,105991,-548930,-420099,-301117,100% of lot landslide-prone,high,,-79.94513,40.416241
0055P00109000000,55-P-109,Hazelwood,R1D-H,2455,city,4200,walkup,4,False,,,,high_risk,not_allowed,,,,,,,,,,,,,,100% of lot landslide-prone,high,,-79.94513,40.416241
0055P00139000000,55-P-139,Hazelwood,H,1418,private,300,single_family,1,True,23.2,28.9,35.2,high_risk,administrator_exception+variance,0.688,0.756,0.817,model+placeholder,8.1,9.6,11.4,80467,116933,151258,-382389,-305121,-233345,100% of lot landslide-prone,high,,-79.943063,40.413856
0055P00139000000,55-P-139,Hazelwood,H,1418,private,300,duplex,2,False,,,,high_risk,not_allowed,,,,,,,,,,,,,,100% of lot landslide-prone,high,,-79.943063,40.413856
0055P00139000000,55-P-139,Hazelwood,H,1418,private,300,triplex,3,False,,,,high_risk,not_allowed,,,,,,,,,,,,,,100% of lot landslide-prone,high,,-79.943063,40.413856
0055P00139000000,55-P-139,Hazelwood,H,1418,private,300,townhome,2,False,,,,high_risk,not_allowed,,,,,,,,,,,,,,100% of lot landslide-prone,high,,-79.943063,40.413856
0055P00139000000,55-P-139,Hazelwood,H,1418,private,300,walkup,4,False,,,,high_risk,not_allowed,,,,,,,,,,,,,,100% of lot landslide-prone,high,,-79.943063,40.413856
0055P00140000000,55-P-140,Hazelwood,H,1410,city,300,single_family,1,True,15.4,21.1,28.8,high_risk,administrator_exception+variance,0.688,0.756,0.817,model+placeholder,8.0,9.6,11.3,121010,174462,228182,-438454,-358085,-277276,55% of lot on 25%+ slope,high,,-79.943088,40.413902
0055P00140000000,55-P-140,Hazelwood,H,1410,city,300,duplex,2,False,,,,high_risk,not_allowed,,,,,,,,,,,,,,55% of lot on 25%+ slope,high,,-79.943088,40.413902
0055P00140000000,55-P-140,Hazelwood,H,1410,city,300,triplex,3,False,,,,high_risk,not_allowed,,,,,,,,,,,,,,55% of lot on 25%+ slope,high,,-79.943088,40.413902
0055P00140000000,55-P-140,Hazelwood,H,1410,city,300,townhome,2,False,,,,high_risk,not_allowed,,,,,,,,,,,,,,55% of lot on 25%+ slope,high,,-79.943088,40.413902
0055P00140000000,55-P-140,Hazelwood,H,1410,city,300,walkup,4,False,,,,high_risk,not_allowed,,,,,,,,,,,,,,55% of lot on 25%+ slope,high,,-79.943088,40.413902
0055P00141000000,55-P-141,Hazelwood,H,1187,city,300,single_family,1,True,15.0,19.9,27.4,high_risk,administrator_exception+variance,0.688,0.756,0.817,model+placeholder,8.0,9.6,11.3,130345,183797,237517,-446491,-366117,-285255,71% of lot on 25%+ slope,high,,-79.943109,40.413945
0055P00141000000,55-P-141,Hazelwood,H,1187,city,300,duplex,2,False,,,,high_risk,not_allowed,,,,,,,,,,,,,,71% of lot on 25%+ slope,high,,-79.943109,40.413945
0055P00141000000,55-P-141,Hazelwood,H,1187,city,300,triplex,3,False,,,,high_risk,not_allowed,,,,,,,,,,,,,,71% of lot on 25%+ slope,high,,-79.943109,40.413945
0055P00141000000,55-P-141,Hazelwood,H,1187,city,300,townhome,2,False,,,,high_risk,not_allowed,,,,,,,,,,,,,,71% of lot on 25%+ slope,high,,-79.943109,40.413945
0055P00141000000,55-P-141,Hazelwood,H,1187,city,300,walkup,4,False,,,,high_risk,not_allowed,,,,,,,,,,,,,,71% of lot on 25%+ slope,high,,-79.943109,40.413945
0055P00142000000,55-P-142,Hazelwood,H,1677,city,400,single_family,1,True,18.7,23.4,30.4,high_risk,administrator_exception,0.732,0.792,0.848,placeholder,5.4,6.5,7.6,135898,188529,243065,-461335,-380913,-296815,67% of lot on 25%+ slope,high,,-79.943143,40.41399
0055P00142000000,55-P-142,Hazelwood,H,1677,city,400,duplex,2,False,,,,high_risk,not_allowed,,,,,,,,,,,,,,67% of lot on 25%+ slope,high,,-79.943143,40.41399
0055P00142000000,55-P-142,Hazelwood,H,1677,city,400,triplex,3,False,,,,high_risk,not_allowed,,,,,,,,,,,,,,67% of lot on 25%+ slope,high,,-79.943143,40.41399
0055P00142000000,55-P-142,Hazelwood,H,1677,city,400,townhome,2,False,,,,high_risk,not_allowed,,,,,,,,,,,,,,67% of lot on 25%+ slope,high,,-79.943143,40.41399
0055P00142000000,55-P-142,Hazelwood,H,1677,city,400,walkup,4,False,,,,high_risk,not_allowed,,,,,,,,,,,,,,67% of lot on 25%+ slope,high,,-79.943143,40.41399
0055P00146000000,55-P-146,Hazelwood,H,4584,city,3700,single_family,1,True,21.4,26.5,33.9,high_risk,administrator_exception,0.838,0.89,0.934,placeholder,5.4,6.5,7.7,126619,182043,232858,-453151,-370249,-287844,61% of lot on 25%+ slope,high,,-79.943302,40.41412
0055P00146000000,55-P-146,Hazelwood,H,4584,city,3700,duplex,2,False,,,,high_risk,not_allowed,,,,,,,,,,,,,,61% of lot on 25%+ slope,high,,-79.943302,40.41412
0055P00146000000,55-P-146,Hazelwood,H,4584,city,3700,triplex,3,False,,,,high_risk,not_allowed,,,,,,,,,,,,,,61% of lot on 25%+ slope,high,,-79.943302,40.41412
0055P00146000000,55-P-146,Hazelwood,H,4584,city,3700,townhome,2,False,,,,high_risk,not_allowed,,,,,,,,,,,,,,61% of lot on 25%+ slope,high,,-79.943302,40.41412
0055P00146000000,55-P-146,Hazelwood,H,4584,city,3700,walkup,4,False,,,,high_risk,not_allowed,,,,,,,,,,,,,,61% of lot on 25%+ slope,high,,-79.943302,40.41412
0055P00148000000,55-P-148,Hazelwood,H,4346,city,3700,single_family,1,True,21.6,27.0,34.6,high_risk,administrator_exception,0.838,0.89,0.934,placeholder,5.4,6.5,7.7,122282,177706,228521,-449344,-366512,-284013,78% of lot on 25%+ slope,high,,-79.943348,40.414212
0055P00148000000,55-P-148,Hazelwood,H,4346,city,3700,duplex,2,False,,,,high_risk,not_allowed,,,,,,,,,,,,,,78% of lot on 25%+ slope,high,,-79.943348,40.414212
0055P00148000000,55-P-148,Hazelwood,H,4346,city,3700,triplex,3,False,,,,high_risk,not_allowed,,,,,,,,,,,,,,78% of lot on 25%+ slope,high,,-79.943348,40.414212
0055P00148000000,55-P-148,Hazelwood,H,4346,city,3700,townhome,2,False,,,,high_risk,not_allowed,,,,,,,,,,,,,,78% of lot on 25%+ slope,high,,-79.943348,40.414212
0055P00148000000,55-P-148,Hazelwood,H,4346,city,3700,walkup,4,False,,,,high_risk,not_allowed,,,,,,,,,,,,,,78% of lot on 25%+ slope,high,,-79.943348,40.414212
0055P00149000A00,55-P-149-A,Hazelwood,H,961,city,300,single_family,1,False,,,,high_risk,not_allowed,,,,,,,,,,,,,,67% of lot on 25%+ slope,high,,-79.943301,40.414341
0055P00149000A00,55-P-149-A,Hazelwood,H,961,city,300,duplex,2,False,,,,high_risk,not_allowed,,,,,,,,,,,,,,67% of lot on 25%+ slope,high,,-79.943301,40.414341
0055P00149000A00,55-P-149-A,Hazelwood,H,961,city,300,triplex,3,False,,,,high_risk,not_allowed,,,,,,,,,,,,,,67% of lot on 25%+ slope,high,,-79.943301,40.414341
0055P00149000A00,55-P-149-A,Hazelwood,H,961,city,300,townhome,2,False,,,,high_risk,not_allowed,,,,,,,,,,,,,,67% of lot on 25%+ slope,high,,-79.943301,40.414341
0055P00149000A00,55-P-149-A,Hazelwood,H,961,city,300,walkup,4,False,,,,high_risk,not_allowed,,,,,,,,,,,,,,67% of lot on 25%+ slope,high,,-79.943301,40.414341
0055P00166000000,55-P-166,Hazelwood,H,3242,city,3300,single_family,1,True,22.3,28.9,36.1,high_risk,administrator_exception,0.838,0.89,0.934,placeholder,5.4,6.4,7.6,113386,164128,215111,-438233,-352646,-273058,76% of lot on 25%+ slope,high,,-79.943741,40.414908
0055P00166000000,55-P-166,Hazelwood,H,3242,city,3300,duplex,2,False,,,,high_risk,not_allowed,,,,,,,,,,,,,,76% of lot on 25%+ slope,high,,-79.943741,40.414908
0055P00166000000,55-P-166,Hazelwood,H,3242,city,3300,triplex,3,False,,,,high_risk,not_allowed,,,,,,,,,,,,,,76% of lot on 25%+ slope,high,,-79.943741,40.414908
0055P00166000000,55-P-166,Hazelwood,H,3242,city,3300,townhome,2,False,,,,high_risk,not_allowed,,,,,,,,,,,,,,76% of lot on 25%+ slope,high,,-79.943741,40.414908
0055P00166000000,55-P-166,Hazelwood,H,3242,city,3300,walkup,4,False,,,,high_risk,not_allowed,,,,,,,,,,,,,,76% of lot on 25%+ slope,high,,-79.943741,40.414908
0055P00167000000,55-P-167,Hazelwood,H,3179,city,3200,single_family,1,True,19.8,26.2,33.6,high_risk,administrator_exception,0.732,0.792,0.848,placeholder,5.4,6.4,7.6,115595,164709,219076,-436850,-356754,-272757,79% of lot on 25%+ slope,high,,-79.943779,40.41497
0055P00167000000,55-P-167,Hazelwood,H,3179,city,3200,duplex,2,False,,,,high_risk,not_allowed,,,,,,,,,,,,,,79% of lot on 25%+ slope,high,,-79.943779,40.41497
0055P00167000000,55-P-167,Hazelwood,H,3179,city,3200,triplex,3,False,,,,high_risk,not_allowed,,,,,,,,,,,,,,79% of lot on 25%+ slope,high,,-79.943779,40.41497
0055P00167000000,55-P-167,Hazelwood,H,3179,city,3200,townhome,2,False,,,,high_risk,not_allowed,,,,,,,,,,,,,,79% of lot on 25%+ slope,high,,-79.943779,40.41497
0055P00167000000,55-P-167,Hazelwood,H,3179,city,3200,walkup,4,False,,,,high_risk,not_allowed,,,,,,,,,,,,,,79% of lot on 25%+ slope,high,,-79.943779,40.41497
0055P00168000A00,55-P-168-A,Hazelwood,H,3315,private,3200,single_family,1,True,22.0,28.0,35.2,high_risk,administrator_exception,0.838,0.89,0.934,placeholder,5.4,6.4,7.6,119940,170682,221665,-444032,-358336,-278856,90% of lot on 25%+ slope,high,,-79.943846,40.415098
0055P00168000A00,55-P-168-A,Hazelwood,H,3315,private,3200,duplex,2,False,,,,high_risk,not_allowed,,,,,,,,,,,,,,90% of lot on 25%+ slope,high,,-79.943846,40.415098
0055P00168000A00,55-P-168-A,Hazelwood,H,3315,private,3200,triplex,3,False,,,,high_risk,not_allowed,,,,,,,,,,,,,,90% of lot on 25%+ slope,high,,-79.943846,40.415098
0055P00168000A00,55-P-168-A,Hazelwood,H,3315,private,3200,townhome,2,False,,,,high_risk,not_allowed,,,,,,,,,,,,,,90% of lot on 25%+ slope,high,,-79.943846,40.415098
0055P00168000A00,55-P-168-A,Hazelwood,H,3315,private,3200,walkup,4,False,,,,high_risk,not_allowed,,,,,,,,,,,,,,90% of lot on 25%+ slope,high,,-79.943846,40.415098
0055P00169000000,55-P-169,Hazelwood,H,6158,private,4100,single_family,1,False,23.0,29.8,37.5,high_risk,administrator_exception,0.838,0.89,0.934,placeholder,5.3,6.5,7.7,104067,156194,205384,-427592,-344686,-265442,75% of lot on 25%+ slope,high,,-79.943694,40.414814
0055P00169000000,55-P-169,Hazelwood,H,6158,private,4100,duplex,2,False,,,,high_risk,not_allowed,,,,,,,,,,,,,,75% of lot on 25%+ slope,high,,-79.943694,40.414814
0055P00169000000,55-P-169,Hazelwood,H,6158,private,4100,triplex,3,False,,,,high_risk,not_allowed,,,,,,,,,,,,,,75% of lot on 25%+ slope,high,,-79.943694,40.414814
0055P00169000000,55-P-169,Hazelwood,H,6158,private,4100,townhome,2,True,31.3,36.2,41.5,high_risk,special_exception+variance+subdivision,0.831,0.889,0.935,model+placeholder,8.7,10.3,12.0,103968,155188,206386,-644709,-507619,-382752,75% of lot on 25%+ slope,high,,-79.943694,40.414814
0055P00169000000,55-P-169,Hazelwood,H,6158,private,4100,walkup,4,False,,,,high_risk,not_allowed,,,,,,,,,,,,,,75% of lot on 25%+ slope,high,,-79.943694,40.414814
0055P00170000000,55-P-170,Hazelwood,H,3979,private,3700,single_family,1,True,21.0,25.0,32.3,high_risk,administrator_exception,0.838,0.89,0.934,placeholder,5.4,6.5,7.6,141879,194303,246321,-461513,-376950,-298711,80% of lot on 25%+ slope,high,,-79.944068,40.415312
0055P00170000000,55-P-170,Hazelwood,H,3979,private,3700,duplex,2,False,,,,high_risk,not_allowed,,,,,,,,,,,,,,80% of lot on 25%+ slope,high,,-79.944068,40.415312
0055P00170000000,55-P-170,Hazelwood,H,3979,private,3700,triplex,3,False,,,,high_risk,not_allowed,,,,,,,,,,,,,,80% of lot on 25%+ slope,high,,-79.944068,40.415312
0055P00170000000,55-P-170,Hazelwood,H,3979,private,3700,townhome,2,False,,,,high_risk,not_allowed,,,,,,,,,,,,,,80% of lot on 25%+ slope,high,,-79.944068,40.415312
0055P00170000000,55-P-170,Hazelwood,H,3979,private,3700,walkup,4,False,,,,high_risk,not_allowed,,,,,,,,,,,,,,80% of lot on 25%+ slope,high,,-79.944068,40.415312
0055P00178000000,55-P-178,Hazelwood,H,2616,city,1000,single_family,1,True,20.6,27.5,35.1,high_risk,administrator_exception,0.732,0.792,0.848,placeholder,5.4,6.4,7.6,105279,154393,208760,-413196,-333402,-250676,83% of lot on 25%+ slope,high,,-79.944128,40.415653
0055P00178000000,55-P-178,Hazelwood,H,2616,city,1000,duplex,2,False,,,,high_risk,not_allowed,,,,,,,,,,,,,,83% of lot on 25%+ slope,high,,-79.944128,40.415653
0055P00178000000,55-P-178,Hazelwood,H,2616,city,1000,triplex,3,False,,,,high_risk,not_allowed,,,,,,,,,,,,,,83% of lot on 25%+ slope,high,,-79.944128,40.415653
0055P00178000000,55-P-178,Hazelwood,H,2616,city,1000,townhome,2,False,,,,high_risk,not_allowed,,,,,,,,,,,,,,83% of lot on 25%+ slope,high,,-79.944128,40.415653
0055P00178000000,55-P-178,Hazelwood,H,2616,city,1000,walkup,4,False,,,,high_risk,not_allowed,,,,,,,,,,,,,,83% of lot on 25%+ slope,high,,-79.944128,40.415653
0055P00185000000,55-P-185,Hazelwood,H,2393,city,600,single_family,1,True,20.6,27.4,35.0,high_risk,administrator_exception,0.732,0.792,0.848,placeholder,5.4,6.4,7.6,106102,155216,209583,-414059,-334345,-251820,93% of lot on 25%+ slope,high,,-79.944318,40.416014
0055P00185000000,55-P-185,Hazelwood,H,2393,city,600,duplex,2,False,,,,high_risk,not_allowed,,,,,,,,,,,,,,93% of lot on 25%+ slope,high,,-79.944318,40.416014
0055P00185000000,55-P-185,Hazelwood,H,2393,city,600,triplex,3,False,,,,high_risk,not_allowed,,,,,,,,,,,,,,93% of lot on 25%+ slope,high,,-79.944318,40.416014
0055P00185000000,55-P-185,Hazelwood,H,2393,city,600,townhome,2,False,,,,high_risk,not_allowed,,,,,,,,,,,,,,93% of lot on 25%+ slope,high,,-79.944318,40.416014
0055P00185000000,55-P-185,Hazelwood,H,2393,city,600,walkup,4,False,,,,high_risk,not_allowed,,,,,,,,,,,,,,93% of lot on 25%+ slope,high,,-79.944318,40.416014
0055P00194000000,55-P-194,Hazelwood,H,8148,private,4300,single_family,1,False,23.0,29.9,37.3,high_risk,administrator_exception,0.838,0.89,0.934,placeholder,5.4,6.4,7.6,104984,155726,206708,-415090,-330508,-253172,55% of lot on 25%+ slope,high,,-79.943667,40.416142
0055P00194000000,55-P-194,Hazelwood,H,8148,private,4300,duplex,2,False,,,,high_risk,not_allowed,,,,,,,,,,,,,,55% of lot on 25%+ slope,high,,-79.943667,40.416142
0055P00194000000,55-P-194,Hazelwood,H,8148,private,4300,triplex,3,False,,,,high_risk,not_allowed,,,,,,,,,,,,,,55% of lot on 25%+ slope,high,,-79.943667,40.416142
0055P00194000000,55-P-194,Hazelwood,H,8148,private,4300,townhome,2,True,32.5,37.8,42.8,high_risk,special_exception+subdivision,0.862,0.913,0.949,model+placeholder,7.9,9.5,11.2,104974,153707,204974,-616231,-484527,-362767,55% of lot on 25%+ slope,high,,-79.943667,40.416142
0055P00194000000,55-P-194,Hazelwood,H,8148,private,4300,walkup,4,False,,,,high_risk,not_allowed,,,,,,,,,,,,,,55% of lot on 25%+ slope,high,,-79.943667,40.416142
0055P00196000000,55-P-196,Hazelwood,H,3866,city,900,single_family,1,True,22.8,29.6,36.9,high_risk,administrator_exception,0.838,0.89,0.934,placeholder,5.4,6.4,7.6,107606,158348,209331,-418520,-334406,-256716,63% of lot on 25%+ slope,high,,-79.943612,40.416049
0055P00196000000,55-P-196,Hazelwood,H,3866,city,900,duplex,2,False,,,,high_risk,not_allowed,,,,,,,,,,,,,,63% of lot on 25%+ slope,high,,-79.943612,40.416049
0055P00196000000,55-P-196,Hazelwood,H,3866,city,900,triplex,3,False,,,,high_risk,not_allowed,,,,,,,,,,,,,,63% of lot on 25%+ slope,high,,-79.943612,40.416049
0055P00196000000,55-P-196,Hazelwood,H,3866,city,900,townhome,2,False,,,,high_risk,not_allowed,,,,,,,,,,,,,,63% of lot on 25%+ slope,high,,-79.943612,40.416049
0055P00196000000,55-P-196,Hazelwood,H,3866,city,900,walkup,4,False,,,,high_risk,not_allowed,,,,,,,,,,,,,,63% of lot on 25%+ slope,high,,-79.943612,40.416049
0055P00197000000,55-P-197,Hazelwood,H,4212,city,3700,single_family,1,True,23.0,30.0,37.4,high_risk,administrator_exception,0.838,0.89,0.934,placeholder,5.4,6.4,7.6,104619,155361,206344,-415632,-331582,-253821,64% of lot on 25%+ slope,high,,-79.943587,40.415984
0055P00197000000,55-P-197,Hazelwood,H,4212,city,3700,duplex,2,False,,,,high_risk,not_allowed,,,,,,,,,,,,,,64% of lot on 25%+ slope,high,,-79.943587,40.415984
0055P00197000000,55-P-197,Hazelwood,H,4212,city,3700,triplex,3,False,,,,high_risk,not_allowed,,,,,,,,,,,,,,64% of lot on 25%+ slope,high,,-79.943587,40.415984
0055P00197000000,55-P-197,Hazelwood,H,4212,city,3700,townhome,2,False,,,,high_risk,not_allowed,,,,,,,,,,,,,,64% of lot on 25%+ slope,high,,-79.943587,40.415984
0055P00197000000,55-P-197,Hazelwood,H,4212,city,3700,walkup,4,False,,,,high_risk,not_allowed,,,,,,,,,,,,,,64% of lot on 25%+ slope,high,,-79.943587,40.415984
0055P00198000000,55-P-198,Hazelwood,H,8028,city,4300,single_family,1,False,22.7,29.3,36.6,high_risk,administrator_exception,0.838,0.89,0.934,placeholder,5.4,6.4,7.6,109702,160444,211427,-419609,-335525,-257755,72% of lot on 25%+ slope,high,,-79.943533,40.415888
0055P00198000000,55-P-198,Hazelwood,H,8028,city,4300,duplex,2,False,,,,high_risk,not_allowed,,,,,,,,,,,,,,72% of lot on 25%+ slope,high,,-79.943533,40.415888
0055P00198000000,55-P-198,Hazelwood,H,8028,city,4300,triplex,3,False,,,,high_risk,not_allowed,,,,,,,,,,,,,,72% of lot on 25%+ slope,high,,-79.943533,40.415888
0055P00198000000,55-P-198,Hazelwood,H,8028,city,4300,townhome,2,True,32.1,37.4,42.4,high_risk,special_exception+subdivision,0.862,0.913,0.949,model+placeholder,7.9,9.5,11.2,109692,158425,209692,-622986,-490035,-367270,72% of lot on 25%+ slope,high,,-79.943533,40.415888
0055P00198000000,55-P-198,Hazelwood,H,8028,city,4300,walkup,4,False,,,,high_risk,not_allowed,,,,,,,,,,,,,,72% of lot on 25%+ slope,high,,-79.943533,40.415888
0055P00215000000,55-P-215,Hazelwood,H,5540,city,2000,single_family,1,True,21.7,27.3,34.7,high_risk,administrator_exception,0.838,0.89,0.934,placeholder,5.5,6.4,7.6,122947,175669,228915,-447295,-360367,-278988,73% of lot on 25%+ slope,high,,-79.942877,40.414651
0055P00215000000,55-P-215,Hazelwood,H,5540,city,2000,duplex,2,False,,,,high_risk,not_allowed,,,,,,,,,,,,,,73% of lot on 25%+ slope,high,,-79.942877,40.414651
0055P00215000000,55-P-215,Hazelwood,H,5540,city,2000,triplex,3,False,,,,high_risk,not_allowed,,,,,,,,,,,,,,73% of lot on 25%+ slope,high,,-79.942877,40.414651
0055P00215000000,55-P-215,Hazelwood,H,5540,city,2000,townhome,2,False,,,,high_risk,not_allowed,,,,,,,,,,,,,,73% of lot on 25%+ slope,high,,-79.942877,40.414651
0055P00215000000,55-P-215,Hazelwood,H,5540,city,2000,walkup,4,False,,,,high_risk,not_allowed,,,,,,,,,,,,,,73% of lot on 25%+ slope,high,,-79.942877,40.414651
0055P00216000000,55-P-216,Hazelwood,H,8596,city,4400,single_family,1,False,21.7,27.2,34.6,high_risk,administrator_exception,0.838,0.89,0.934,placeholder,5.5,6.4,7.6,123677,176399,229645,-449656,-362328,-280999,81% of lot on 25%+ slope,high,,-79.942939,40.41476
0055P00216000000,55-P-216,Hazelwood,H,8596,city,4400,duplex,2,False,,,,high_risk,not_allowed,,,,,,,,,,,,,,81% of lot on 25%+ slope,high,,-79.942939,40.41476
0055P00216000000,55-P-216,Hazelwood,H,8596,city,4400,triplex,3,False,,,,high_risk,not_allowed,,,,,,,,,,,,,,81% of lot on 25%+ slope,high,,-79.942939,40.41476
0055P00216000000,55-P-216,Hazelwood,H,8596,city,4400,townhome,2,True,30.8,36.1,41.1,high_risk,special_exception+subdivision,0.862,0.913,0.949,model+placeholder,7.9,9.5,11.2,124057,173182,226589,-662966,-528176,-399183,81% of lot on 25%+ slope,high,,-79.942939,40.41476
0055P00216000000,55-P-216,Hazelwood,H,8596,city,4400,walkup,4,False,,,,high_risk,not_allowed,,,,,,,,,,,,,,81% of lot on 25%+ slope,high,,-79.942939,40.41476
0055P00218000000,55-P-218,Hazelwood,H,13251,city,4800,single_family,1,False,21.6,27.0,34.4,high_risk,administrator_exception,0.838,0.89,0.934,placeholder,5.5,6.4,7.6,125513,178235,231481,-451263,-363961,-282637,63% of lot on 25%+ slope,high,,-79.942803,40.414504
0055P00218000000,55-P-218,Hazelwood,H,13251,city,4800,duplex,2,False,,,,high_risk,not_allowed,,,,,,,,,,,,,,63% of lot on 25%+ slope,high,,-79.942803,40.414504
0055P00218000000,55-P-218,Hazelwood,H,13251,city,4800,triplex,3,False,,,,high_risk,not_allowed,,,,,,,,,,,,,,63% of lot on 25%+ slope,high,,-79.942803,40.414504
0055P00218000000,55-P-218,Hazelwood,H,13251,city,4800,townhome,4,True,40.6,44.1,47.3,high_risk,special_exception+subdivision,0.862,0.913,0.949,model+placeholder,7.9,9.5,11.2,125893,175018,228426,-1170066,-906754,-660628,63% of lot on 25%+ slope,high,,-79.942803,40.414504
0055P00218000000,55-P-218,Hazelwood,H,13251,city,4800,walkup,4,False,,,,high_risk,not_allowed,,,,,,,,,,,,,,63% of lot on 25%+ slope,high,,-79.942803,40.414504
0055P00221000000,55-P-221,Hazelwood,H,8875,city,4400,single_family,1,False,21.7,27.1,34.5,high_risk,administrator_exception,0.838,0.89,0.934,placeholder,5.5,6.4,7.6,124555,177277,230523,-450751,-363385,-281919,62% of lot on 25%+ slope,high,,-79.942713,40.414333
0055P00221000000,55-P-221,Hazelwood,H,8875,city,4400,duplex,2,False,,,,high_risk,not_allowed,,,,,,,,,,,,,,62% of lot on 25%+ slope,high,,-79.942713,40.414333
0055P00221000000,55-P-221,Hazelwood,H,8875,city,4400,triplex,3,False,,,,high_risk,not_allowed,,,,,,,,,,,,,,62% of lot on 25%+ slope,high,,-79.942713,40.414333
0055P00221000000,55-P-221,Hazelwood,H,8875,city,4400,townhome,2,True,30.7,36.0,41.0,high_risk,special_exception+subdivision,0.862,0.913,0.949,model+placeholder,7.9,9.5,11.2,124935,174060,227467,-664263,-529343,-400139,62% of lot on 25%+ slope,high,,-79.942713,40.414333
0055P00221000000,55-P-221,Hazelwood,H,8875,city,4400,walkup,4,False,,,,high_risk,not_allowed,,,,,,,,,,,,,,62% of lot on 25%+ slope,high,,-79.942713,40.414333
0055P00223000000,55-P-223,Hazelwood,H,1773,city,1000,single_family,1,True,19.2,25.0,32.4,high_risk,administrator_exception,0.732,0.792,0.848,placeholder,5.4,6.5,7.6,122478,175109,229644,-446380,-366598,-282712,79% of lot on 25%+ slope,high,,-79.94268,40.414247
0055P00223000000,55-P-223,Hazelwood,H,1773,city,1000,duplex,2,False,,,,high_risk,not_allowed,,,,,,,,,,,,,,79% of lot on 25%+ slope,high,,-79.94268,40.414247
0055P00223000000,55-P-223,Hazelwood,H,1773,city,1000,triplex,3,False,,,,high_risk,not_allowed,,,,,,,,,,,,,,79% of lot on 25%+ slope,high,,-79.94268,40.414247
0055P00223000000,55-P-223,Hazelwood,H,1773,city,1000,townhome,2,False,,,,high_risk,not_allowed,,,,,,,,,,,,,,79% of lot on 25%+ slope,high,,-79.94268,40.414247
0055P00223000000,55-P-223,Hazelwood,H,1773,city,1000,walkup,4,False,,,,high_risk,not_allowed,,,,,,,,,,,,,,79% of lot on 25%+ slope,high,,-79.94268,40.414247
0055P00224000000,55-P-224,Hazelwood,H,6273,city,1800,single_family,1,False,21.7,27.3,34.6,high_risk,administrator_exception,0.838,0.89,0.934,placeholder,5.5,6.4,7.6,123628,176350,229596,-450583,-363256,-281791,61% of lot on 25%+ slope,high,,-79.942601,40.414207
0055P00224000000,55-P-224,Hazelwood,H,6273,city,1800,duplex,2,False,,,,high_risk,not_allowed,,,,,,,,,,,,,,61% of lot on 25%+ slope,high,,-79.942601,40.414207
0055P00224000000,55-P-224,Hazelwood,H,6273,city,1800,triplex,3,False,,,,high_risk,not_allowed,,,,,,,,,,,,,,61% of lot on 25%+ slope,high,,-79.942601,40.414207
0055P00224000000,55-P-224,Hazelwood,H,6273,city,1800,townhome,2,True,29.4,34.5,39.8,high_risk,special_exception+variance+subdivision,0.831,0.889,0.935,model+placeholder,8.8,10.3,12.0,121168,174731,228147,-659455,-525790,-396903,61% of lot on 25%+ slope,high,,-79.942601,40.414207
0055P00224000000,55-P-224,Hazelwood,H,6273,city,1800,walkup,4,False,,,,high_risk,not_allowed,,,,,,,,,,,,,,61% of lot on 25%+ slope,high,,-79.942601,40.414207
0055P00226000000,55-P-226,Hazelwood,H,6021,city,4100,single_family,1,True,21.2,25.8,33.0,high_risk,administrator_exception,0.838,0.89,0.934,placeholder,5.5,6.4,7.6,135774,188496,241742,-462462,-375046,-293704,73% of lot on 25%+ slope,high,,-79.942538,40.414135
0055P00226000000,55-P-226,Hazelwood,H,6021,city,4100,duplex,2,False,,,,high_risk,not_allowed,,,,,,,,,,,,,,73% of lot on 25%+ slope,high,,-79.942538,40.414135
0055P00226000000,55-P-226,Hazelwood,H,6021,city,4100,triplex,3,False,,,,high_risk,not_allowed,,,,,,,,,,,,,,73% of lot on 25%+ slope,high,,-79.942538,40.414135
0055P00226000000,55-P-226,Hazelwood,H,6021,city,4100,townhome,2,False,,,,high_risk,not_allowed,,,,,,,,,,,,,,73% of lot on 25%+ slope,high,,-79.942538,40.414135
0055P00226000000,55-P-226,Hazelwood,H,6021,city,4100,walkup,4,False,,,,high_risk,not_allowed,,,,,,,,,,,,,,73% of lot on 25%+ slope,high,,-79.942538,40.414135
0055P00269000000,55-P-269,Hazelwood,H,3361,private,3300,single_family,1,True,23.2,30.2,37.8,high_risk,administrator_exception,0.838,0.89,0.934,placeholder,5.0,6.1,7.3,106252,155916,208678,-409785,-329130,-253137,81% of lot on 25%+ slope,high,,-79.942945,40.416156
0055P00269000000,55-P-269,Hazelwood,H,3361,private,3300,duplex,2,False,,,,high_risk,not_allowed,,,,,,,,,,,,,,81% of lot on 25%+ slope,high,,-79.942945,40.416156
0055P00269000000,55-P-269,Hazelwood,H,3361,private,3300,triplex,3,False,,,,high_risk,not_allowed,,,,,,,,,,,,,,81% of lot on 25%+ slope,high,,-79.942945,40.416156
0055P00269000000,55-P-269,Hazelwood,H,3361,private,3300,townhome,2,False,,,,high_risk,not_allowed,,,,,,,,,,,,,,81% of lot on 25%+ slope,high,,-79.942945,40.416156
0055P00269000000,55-P-269,Hazelwood,H,3361,private,3300,walkup,4,False,,,,high_risk,not_allowed,,,,,,,,,,,,,,81% of lot on 25%+ slope,high,,-79.942945,40.416156
0055P00270000000,55-P-270,Hazelwood,H,3301,city,3300,single_family,1,True,23.0,30.0,37.4,high_risk,administrator_exception,0.838,0.89,0.934,placeholder,5.4,6.4,7.6,104768,155510,206493,-412758,-328099,-250617,76% of lot on 25%+ slope,high,,-79.942913,40.41609
0055P00270000000,55-P-270,Hazelwood,H,3301,city,3300,duplex,2,False,,,,high_risk,not_allowed,,,,,,,,,,,,,,76% of lot on 25%+ slope,high,,-79.942913,40.41609
0055P00270000000,55-P-270,Hazelwood,H,3301,city,3300,triplex,3,False,,,,high_risk,not_allowed,,,,,,,,,,,,,,76% of lot on 25%+ slope,high,,-79.942913,40.41609
0055P00270000000,55-P-270,Hazelwood,H,3301,city,3300,townhome,2,False,,,,high_risk,not_allowed,,,,,,,,,,,,,,76% of lot on 25%+ slope,high,,-79.942913,40.41609
0055P00270000000,55-P-270,Hazelwood,H,3301,city,3300,walkup,4,False,,,,high_risk,not_allowed,,,,,,,,,,,,,,76% of lot on 25%+ slope,high,,-79.942913,40.41609
0055P00274000000,55-P-274,Hazelwood,H,3314,city,1300,single_family,1,True,22.7,29.5,36.9,high_risk,administrator_exception,0.838,0.89,0.934,placeholder,5.4,6.4,7.6,108007,158749,209732,-418199,-333845,-255912,89% of lot on 25%+ slope,high,,-79.942778,40.415839
0055P00274000000,55-P-274,Hazelwood,H,3314,city,1300,duplex,2,False,,,,high_risk,not_allowed,,,,,,,,,,,,,,89% of lot on 25%+ slope,high,,-79.942778,40.415839
0055P00274000000,55-P-274,Hazelwood,H,3314,city,1300,triplex,3,False,,,,high_risk,not_allowed,,,,,,,,,,,,,,89% of lot on 25%+ slope,high,,-79.942778,40.415839
0055P00274000000,55-P-274,Hazelwood,H,3314,city,1300,townhome,2,False,,,,high_risk,not_allowed,,,,,,,,,,,,,,89% of lot on 25%+ slope,high,,-79.942778,40.415839
0055P00274000000,55-P-274,Hazelwood,H,3314,city,1300,walkup,4,False,,,,high_risk,not_allowed,,,,,,,,,,,,,,89% of lot on 25%+ slope,high,,-79.942778,40.415839
0055P00275000000,55-P-275,Hazelwood,H,3365,city,3300,single_family,1,True,22.7,29.4,36.8,high_risk,administrator_exception,0.838,0.89,0.934,placeholder,5.4,6.4,7.6,108718,159460,210442,-417556,-333347,-255319,94% of lot on 25%+ slope,high,,-79.942748,40.415773
0055P00275000000,55-P-275,Hazelwood,H,3365,city,3300,duplex,2,False,,,,high_risk,not_allowed,,,,,,,,,,,,,,94% of lot on 25%+ slope,high,,-79.942748,40.415773
0055P00275000000,55-P-275,Hazelwood,H,3365,city,3300,triplex,3,False,,,,high_risk,not_allowed,,,,,,,,,,,,,,94% of lot on 25%+ slope,high,,-79.942748,40.415773
0055P00275000000,55-P-275,Hazelwood,H,3365,city,3300,townhome,2,False,,,,high_risk,not_allowed,,,,,,,,,,,,,,94% of lot on 25%+ slope,high,,-79.942748,40.415773
0055P00275000000,55-P-275,Hazelwood,H,3365,city,3300,walkup,4,False,,,,high_risk,not_allowed,,,,,,,,,,,,,,94% of lot on 25%+ slope,high,,-79.942748,40.415773
0055P00344000000,55-P-344,Hazelwood,R1D-M,7296,private,4200,single_family,1,True,36.8,42.6,48.1,high_risk,by_right,1.0,1.0,1.0,by_right,4.4,5.4,6.5,65177,97793,131676,-363010,-286750,-213361,23% of lot on 25%+ slope,medium,,-79.941899,40.415463
0055P00344000000,55-P-344,Hazelwood,R1D-M,7296,private,4200,duplex,2,False,,,,high_risk,not_allowed,,,,,,,,,,,,,,23% of lot on 25%+ slope,medium,,-79.941899,40.415463
0055P00344000000,55-P-344,Hazelwood,R1D-M,7296,private,4200,triplex,3,False,,,,high_risk,not_allowed,,,,,,,,,,,,,,23% of lot on 25%+ slope,medium,,-79.941899,40.415463
0055P00344000000,55-P-344,Hazelwood,R1D-M,7296,private,4200,townhome,3,False,42.8,45.9,48.9,high_risk,special_exception+subdivision,0.83,0.885,0.93,model+placeholder,7.9,9.5,11.0,65779,96195,129755,-821186,-627105,-456125,23% of lot on 25%+ slope,medium,,-79.941899,40.415463
0055P00344000000,55-P-344,Hazelwood,R1D-M,7296,private,4200,walkup,4,False,,,,high_risk,not_allowed,,,,,,,,,,,,,,23% of lot on 25%+ slope,medium,,-79.941899,40.415463
0055P00350000000,55-P-350,Hazelwood,H,2613,private,700,single_family,1,True,21.0,27.8,35.5,high_risk,administrator_exception,0.732,0.792,0.848,placeholder,5.0,6.1,7.3,104060,156186,205376,-421778,-339483,-262240,54% of lot on 25%+ slope,high,,-79.941741,40.415172
0055P00350000000,55-P-350,Hazelwood,H,2613,private,700,duplex,2,False,,,,high_risk,not_allowed,,,,,,,,,,,,,,54% of lot on 25%+ slope,high,,-79.941741,40.415172
0055P00350000000,55-P-350,Hazelwood,H,2613,private,700,triplex,3,False,,,,high_risk,not_allowed,,,,,,,,,,,,,,54% of lot on 25%+ slope,high,,-79.941741,40.415172
0055P00350000000,55-P-350,Hazelwood,H,2613,private,700,townhome,2,False,,,,high_risk,not_allowed,,,,,,,,,,,,,,54% of lot on 25%+ slope,high,,-79.941741,40.415172
0055P00350000000,55-P-350,Hazelwood,H,2613,private,700,walkup,4,False,,,,high_risk,not_allowed,,,,,,,,,,,,,,54% of lot on 25%+ slope,high,,-79.941741,40.415172
0055P00355000000,55-P-355,Hazelwood,H,15603,city,5200,single_family,1,False,22.0,27.6,35.3,high_risk,administrator_exception,0.838,0.89,0.934,placeholder,5.1,6.2,7.3,122919,175440,227740,-447517,-364933,-283102,95% of lot on 25%+ slope,high,,-79.941488,40.414701
0055P00355000000,55-P-355,Hazelwood,H,15603,city,5200,duplex,2,False,,,,high_risk,not_allowed,,,,,,,,,,,,,,95% of lot on 25%+ slope,high,,-79.941488,40.414701
0055P00355000000,55-P-355,Hazelwood,H,15603,city,5200,triplex,3,False,,,,high_risk,not_allowed,,,,,,,,,,,,,,95% of lot on 25%+ slope,high,,-79.941488,40.414701
0055P00355000000,55-P-355,Hazelwood,H,15603,city,5200,townhome,6,True,43.1,45.9,48.6,high_risk,special_exception+variance+subdivision,0.831,0.889,0.935,model+placeholder,8.8,10.3,12.0,122877,172002,225409,-1674468,-1286472,-924852,95% of lot on 25%+ slope,high,,-79.941488,40.414701
0055P00355000000,55-P-355,Hazelwood,H,15603,city,5200,walkup,4,False,,,,high_risk,not_allowed,,,,,,,,,,,,,,95% of lot on 25%+ slope,high,,-79.941488,40.414701
0055P00385000000,55-P-385,Hazelwood,R1D-M,2605,private,15500,single_family,1,True,57.8,59.8,61.6,feasible_with_conditions,by_right,1.0,1.0,1.0,by_right,3.1,4.0,5.0,9001,15071,21327,-283539,-213185,-148863,"2 DEP record(s) within 1,000 ft",low,,-79.941521,40.416029
0055P00385000000,55-P-385,Hazelwood,R1D-M,2605,private,15500,duplex,2,False,,,,high_risk,not_allowed,,,,,,,,,,,,,,"2 DEP record(s) within 1,000 ft",low,,-79.941521,40.416029
0055P00385000000,55-P-385,Hazelwood,R1D-M,2605,private,15500,triplex,3,False,,,,high_risk,not_allowed,,,,,,,,,,,,,,"2 DEP record(s) within 1,000 ft",low,,-79.941521,40.416029
0055P00385000000,55-P-385,Hazelwood,R1D-M,2605,private,15500,townhome,2,False,,,,high_risk,not_allowed,,,,,,,,,,,,,,"2 DEP record(s) within 1,000 ft",low,,-79.941521,40.416029
0055P00385000000,55-P-385,Hazelwood,R1D-M,2605,private,15500,walkup,4,False,,,,high_risk,not_allowed,,,,,,,,,,,,,,"2 DEP record(s) within 1,000 ft",low,,-79.941521,40.416029
0055R00008000000,55-R-8,Hazelwood,R1D-M,7835,private,1500,single_family,1,True,36.6,42.4,48.3,high_risk,by_right,1.0,1.0,1.0,by_right,4.4,5.4,6.5,65152,97743,132069,-370951,-296401,-225068,100% of lot landslide-prone,high,,-79.940217,40.414574
0055R00008000000,55-R-8,Hazelwood,R1D-M,7835,private,1500,duplex,2,False,,,,high_risk,not_allowed,,,,,,,,,,,,,,100% of lot landslide-prone,high,,-79.940217,40.414574
0055R00008000000,55-R-8,Hazelwood,R1D-M,7835,private,1500,triplex,3,False,,,,high_risk,not_allowed,,,,,,,,,,,,,,100% of lot landslide-prone,high,,-79.940217,40.414574
0055R00008000000,55-R-8,Hazelwood,R1D-M,7835,private,1500,townhome,2,False,38.6,42.6,46.4,high_risk,special_exception+subdivision,0.83,0.885,0.93,model+placeholder,7.9,9.5,11.2,65056,96720,129326,-598256,-465683,-343206,100% of lot landslide-prone,high,,-79.940217,40.414574
0055R00008000000,55-R-8,Hazelwood,R1D-M,7835,private,1500,walkup,4,False,,,,high_risk,not_allowed,,,,,,,,,,,,,,100% of lot landslide-prone,high,,-79.940217,40.414574
0055R00009000000,55-R-9,Hazelwood,H,1165,private,300,single_family,1,True,14.2,16.9,23.7,high_risk,administrator_exception+variance,0.688,0.756,0.817,model+placeholder,8.0,9.6,11.3,158856,219201,275187,-470536,-389508,-307982,70% of lot on 25%+ slope,high,,-79.940266,40.414204
0055R00009000000,55-R-9,Hazelwood,H,1165,private,300,duplex,2,False,,,,high_risk,not_allowed,,,,,,,,,,,,,,70% of lot on 25%+ slope,high,,-79.940266,40.414204
0055R00009000000,55-R-9,Hazelwood,H,1165,private,300,triplex,3,False,,,,high_risk,not_allowed,,,,,,,,,,,,,,70% of lot on 25%+ slope,high,,-79.940266,40.414204
0055R00009000000,55-R-9,Hazelwood,H,1165,private,300,townhome,2,False,,,,high_risk,not_allowed,,,,,,,,,,,,,,70% of lot on 25%+ slope,high,,-79.940266,40.414204
0055R00009000000,55-R-9,Hazelwood,H,1165,private,300,walkup,4,False,,,,high_risk,not_allowed,,,,,,,,,,,,,,70% of lot on 25%+ slope,high,,-79.940266,40.414204
0055R00016000000,55-R-16,Hazelwood,R1D-M,7946,private,2500,single_family,1,True,54.1,56.6,59.1,feasible_with_conditions,by_right,1.0,1.0,1.0,by_right,4.4,5.8,7.4,10793,17200,23458,-283031,-215273,-147872,"$2,039 in tax liens",medium,,-79.940817,40.415322
0055R00016000000,55-R-16,Hazelwood,R1D-M,7946,private,2500,duplex,2,False,,,,high_risk,not_allowed,,,,,,,,,,,,,,"$2,039 in tax liens",medium,,-79.940817,40.415322
0055R00016000000,55-R-16,Hazelwood,R1D-M,7946,private,2500,triplex,3,False,,,,high_risk,not_allowed,,,,,,,,,,,,,,"$2,039 in tax liens",medium,,-79.940817,40.415322
0055R00016000000,55-R-16,Hazelwood,R1D-M,7946,private,2500,townhome,2,False,,,,high_risk,not_allowed,,,,,,,,,,,,,,"$2,039 in tax liens",medium,,-79.940817,40.415322
0055R00016000000,55-R-16,Hazelwood,R1D-M,7946,private,2500,walkup,4,False,,,,high_risk,not_allowed,,,,,,,,,,,,,,"$2,039 in tax liens",medium,,-79.940817,40.415322
0055R00130000000,55-R-130,Hazelwood,R1D-H,7735,private,4300,single_family,1,True,41.3,46.8,52.0,high_risk,by_right,1.0,1.0,1.0,by_right,4.2,5.3,6.5,44396,72678,101527,-349788,-273014,-199055,100% of lot landslide-prone,high,,-79.938861,40.414002
0055R00130000000,55-R-130,Hazelwood,R1D-H,7735,private,4300,duplex,2,False,,,,high_risk,not_allowed,,,,,,,,,,,,,,100% of lot landslide-prone,high,,-79.938861,40.414002
0055R00130000000,55-R-130,Hazelwood,R1D-H,7735,private,4300,triplex,3,False,,,,high_risk,not_allowed,,,,,,,,,,,,,,100% of lot landslide-prone,high,,-79.938861,40.414002
0055R00130000000,55-R-130,Hazelwood,R1D-H,7735,private,4300,townhome,5,False,47.4,49.9,52.1,high_risk,special_exception+subdivision,0.83,0.885,0.93,model+placeholder,7.9,9.5,11.0,45040,71337,100792,-1338269,-1009360,-715221,100% of lot landslide-prone,high,,-79.938861,40.414002
0055R00130000000,55-R-130,Hazelwood,R1D-H,7735,private,4300,walkup,4,False,,,,high_risk,not_allowed,,,,,,,,,,,,,,100% of lot landslide-prone,high,,-79.938861,40.414002
0055R00238000000,55-R-238,Hazelwood,P,11720,private,4900,single_family,,False,,,,high_risk,not_allowed,,,,,,,,,,,,,,80% of lot on 25%+ slope,high,,-79.938859,40.416163
0055R00238000000,55-R-238,Hazelwood,P,11720,private,4900,duplex,,False,,,,high_risk,not_allowed,,,,,,,,,,,,,,80% of lot on 25%+ slope,high,,-79.938859,40.416163
0055R00238000000,55-R-238,Hazelwood,P,11720,private,4900,triplex,,False,,,,high_risk,not_allowed,,,,,,,,,,,,,,80% of lot on 25%+ slope,high,,-79.938859,40.416163
0055R00238000000,55-R-238,Hazelwood,P,11720,private,4900,townhome,,False,,,,high_risk,not_allowed,,,,,,,,,,,,,,80% of lot on 25%+ slope,high,,-79.938859,40.416163
0055R00238000000,55-R-238,Hazelwood,P,11720,private,4900,walkup,,False,,,,high_risk,not_allowed,,,,,,,,,,,,,,80% of lot on 25%+ slope,high,,-79.938859,40.416163
0055S00029000000,55-S-29,Hazelwood,H,5712,private,4100,single_family,1,False,33.2,39.0,44.9,high_risk,administrator_exception,0.838,0.89,0.934,placeholder,5.0,6.1,7.3,63608,95580,128874,-351698,-274751,-204227,63% of lot landslide-prone,high,,-79.934331,40.413937
0055S00029000000,55-S-29,Hazelwood,H,5712,private,4100,duplex,2,False,,,,high_risk,not_allowed,,,,,,,,,,,,,,63% of lot landslide-prone,high,,-79.934331,40.413937
0055S00029000000,55-S-29,Hazelwood,H,5712,private,4100,triplex,3,False,,,,high_risk,not_allowed,,,,,,,,,,,,,,63% of lot landslide-prone,high,,-79.934331,40.413937
0055S00029000000,55-S-29,Hazelwood,H,5712,private,4100,townhome,2,True,38.2,42.2,46.0,high_risk,special_exception+variance+subdivision,0.831,0.889,0.935,model+placeholder,8.8,10.3,12.0,62430,94573,127374,-561188,-427834,-306160,63% of lot landslide-prone,high,,-79.934331,40.413937
0055S00029000000,55-S-29,Hazelwood,H,5712,private,4100,walkup,4,False,,,,high_risk,not_allowed,,,,,,,,,,,,,,63% of lot landslide-prone,high,,-79.934331,40.413937
0055S00038000000,55-S-38,Hazelwood,H,2077,private,500,single_family,1,True,21.0,27.7,35.5,high_risk,administrator_exception,0.732,0.792,0.848,placeholder,5.3,6.5,7.6,102216,153926,203097,-409364,-326897,-248788,60% of lot on 25%+ slope,high,,-79.93364,40.414089
0055S00038000000,55-S-38,Hazelwood,H,2077,private,500,duplex,2,False,,,,high_risk,not_allowed,,,,,,,,,,,,,,60% of lot on 25%+ slope,high,,-79.93364,40.414089
0055S00038000000,55-S-38,Hazelwood,H,2077,private,500,triplex,3,False,,,,high_risk,not_allowed,,,,,,,,,,,,,,60% of lot on 25%+ slope,high,,-79.93364,40.414089
0055S00038000000,55-S-38,Hazelwood,H,2077,private,500,townhome,2,False,,,,high_risk,not_allowed,,,,,,,,,,,,,,60% of lot on 25%+ slope,high,,-79.93364,40.414089
0055S00038000000,55-S-38,Hazelwood,H,2077,private,500,walkup,4,False,,,,high_risk,not_allowed,,,,,,,,,,,,,,60% of lot on 25%+ slope,high,,-79.93364,40.414089
0055S00041000000,55-S-41,Hazelwood,H,1760,private,500,single_family,1,True,21.1,28.3,35.9,high_risk,administrator_exception,0.732,0.792,0.848,placeholder,5.1,6.1,7.3,101767,153354,204674,-413140,-327444,-248405,58% of lot on 25%+ slope,high,,-79.933573,40.414106
0055S00041000000,55-S-41,Hazelwood,H,1760,private,500,duplex,2,False,,,,high_risk,not_allowed,,,,,,,,,,,,,,58% of lot on 25%+ slope,high,,-79.933573,40.414106
0055S00041000000,55-S-41,Hazelwood,H,1760,private,500,triplex,3,False,,,,high_risk,not_allowed,,,,,,,,,,,,,,58% of lot on 25%+ slope,high,,-79.933573,40.414106
0055S00041000000,55-S-41,Hazelwood,H,1760,private,500,townhome,2,False,,,,high_risk,not_allowed,,,,,,,,,,,,,,58% of lot on 25%+ slope,high,,-79.933573,40.414106
0055S00041000000,55-S-41,Hazelwood,H,1760,private,500,walkup,4,False,,,,high_risk,not_allowed,,,,,,,,,,,,,,58% of lot on 25%+ slope,high,,-79.933573,40.414106
0055S00046000000,55-S-46,Hazelwood,H,5990,private,3600,single_family,1,False,33.7,39.8,45.7,high_risk,administrator_exception,0.838,0.89,0.934,placeholder,4.6,5.5,6.6,63053,95199,129146,-342991,-268129,-196930,99% of lot landslide-prone,high,,-79.933159,40.414206
0055S00046000000,55-S-46,Hazelwood,H,5990,private,3600,duplex,2,False,,,,high_risk,not_allowed,,,,,,,,,,,,,,99% of lot landslide-prone,high,,-79.933159,40.414206
0055S00046000000,55-S-46,Hazelwood,H,5990,private,3600,triplex,3,False,,,,high_risk,not_allowed,,,,,,,,,,,,,,99% of lot landslide-prone,high,,-79.933159,40.414206
0055S00046000000,55-S-46,Hazelwood,H,5990,private,3600,townhome,2,True,38.1,42.1,45.9,high_risk,special_exception+variance+subdivision,0.831,0.889,0.935,model+placeholder,8.7,10.3,12.0,63165,93141,126978,-545492,-414106,-296073,99% of lot landslide-prone,high,,-79.933159,40.414206
0055S00046000000,55-S-46,Hazelwood,H,5990,private,3600,walkup,4,False,,,,high_risk,not_allowed,,,,,,,,,,,,,,99% of lot landslide-prone,high,,-79.933159,40.414206
0055S00050000000,55-S-50,Hazelwood,H,3417,private,3500,single_family,1,True,27.6,33.8,39.8,high_risk,administrator_exception,0.838,0.89,0.934,placeholder,4.8,5.7,6.8,96836,133617,171884,-379807,-301437,-230106,100% of lot landslide-prone,high,,-79.932871,40.414192
0055S00050000000,55-S-50,Hazelwood,H,3417,private,3500,duplex,2,False,,,,high_risk,not_allowed,,,,,,,,,,,,,,100% of lot landslide-prone,high,,-79.932871,40.414192
0055S00050000000,55-S-50,Hazelwood,H,3417,private,3500,triplex,3,False,,,,high_risk,not_allowed,,,,,,,,,,,,,,100% of lot landslide-prone,high,,-79.932871,40.414192
0055S00050000000,55-S-50,Hazelwood,H,3417,private,3500,townhome,2,False,,,,high_risk,not_allowed,,,,,,,,,,,,,,100% of lot landslide-prone,high,,-79.932871,40.414192
0055S00050000000,55-S-50,Hazelwood,H,3417,private,3500,walkup,4,False,,,,high_risk,not_allowed,,,,,,,,,,,,,,100% of lot landslide-prone,high,,-79.932871,40.414192
0055S00054000000,55-S-54,Hazelwood,H,1528,private,400,single_family,1,True,41.0,45.3,49.2,high_risk,administrator_exception,0.732,0.792,0.848,placeholder,4.4,5.3,6.3,32309,50140,69173,-299282,-226114,-158305,22% of lot on 25%+ slope,medium,,-79.932991,40.414417
0055S00054000000,55-S-54,Hazelwood,H,1528,private,400,duplex,2,False,,,,high_risk,not_allowed,,,,,,,,,,,,,,22% of lot on 25%+ slope,medium,,-79.932991,40.414417
0055S00054000000,55-S-54,Hazelwood,H,1528,private,400,triplex,3,False,,,,high_risk,not_allowed,,,,,,,,,,,,,,22% of lot on 25%+ slope,medium,,-79.932991,40.414417
0055S00054000000,55-S-54,Hazelwood,H,1528,private,400,townhome,2,False,,,,high_risk,not_allowed,,,,,,,,,,,,,,22% of lot on 25%+ slope,medium,,-79.932991,40.414417
0055S00054000000,55-S-54,Hazelwood,H,1528,private,400,walkup,4,False,,,,high_risk,not_allowed,,,,,,,,,,,,,,22% of lot on 25%+ slope,medium,,-79.932991,40.414417
0055S00060000000,55-S-60,Hazelwood,H,2087,private,800,single_family,1,True,19.5,25.6,33.0,high_risk,administrator_exception,0.732,0.792,0.848,placeholder,5.4,6.5,7.6,118121,169025,223084,-412611,-331732,-248592,57% of lot on 25%+ slope,high,,-79.933198,40.414481
0055S00060000000,55-S-60,Hazelwood,H,2087,private,800,duplex,2,False,,,,high_risk,not_allowed,,,,,,,,,,,,,,57% of lot on 25%+ slope,high,,-79.933198,40.414481
0055S00060000000,55-S-60,Hazelwood,H,2087,private,800,triplex,3,False,,,,high_risk,not_allowed,,,,,,,,,,,,,,57% of lot on 25%+ slope,high,,-79.933198,40.414481
0055S00060000000,55-S-60,Hazelwood,H,2087,private,800,townhome,2,False,,,,high_risk,not_allowed,,,,,,,,,,,,,,57% of lot on 25%+ slope,high,,-79.933198,40.414481
0055S00060000000,55-S-60,Hazelwood,H,2087,private,800,walkup,4,False,,,,high_risk,not_allowed,,,,,,,,,,,,,,57% of lot on 25%+ slope,high,,-79.933198,40.414481
0055S00062000000,55-S-62,Hazelwood,H,3970,private,3600,single_family,1,True,22.0,28.0,35.2,high_risk,administrator_exception,0.838,0.89,0.934,placeholder,5.5,6.5,7.6,118576,170219,221445,-418220,-331024,-250483,79% of lot on 25%+ slope,high,,-79.933303,40.414456
0055S00062000000,55-S-62,Hazelwood,H,3970,private,3600,duplex,2,False,,,,high_risk,not_allowed,,,,,,,,,,,,,,79% of lot on 25%+ slope,high,,-79.933303,40.414456
0055S00062000000,55-S-62,Hazelwood,H,3970,private,3600,triplex,3,False,,,,high_risk,not_allowed,,,,,,,,,,,,,,79% of lot on 25%+ slope,high,,-79.933303,40.414456
0055S00062000000,55-S-62,Hazelwood,H,3970,private,3600,townhome,2,False,,,,high_risk,not_allowed,,,,,,,,,,,,,,79% of lot on 25%+ slope,high,,-79.933303,40.414456
0055S00062000000,55-S-62,Hazelwood,H,3970,private,3600,walkup,4,False,,,,high_risk,not_allowed,,,,,,,,,,,,,,79% of lot on 25%+ slope,high,,-79.933303,40.414456
0055S00065000000,55-S-65,Hazelwood,H,1724,city,2800,single_family,1,True,19.2,24.9,32.1,high_risk,administrator_exception,0.732,0.792,0.848,placeholder,5.4,6.5,7.6,123850,174753,228813,-424768,-345359,-263057,93% of lot on 25%+ slope,high,,-79.933536,40.414397
0055S00065000000,55-S-65,Hazelwood,H,1724,city,2800,duplex,2,False,,,,high_risk,not_allowed,,,,,,,,,,,,,,93% of lot on 25%+ slope,high,,-79.933536,40.414397
0055S00065000000,55-S-65,Hazelwood,H,1724,city,2800,triplex,3,False,,,,high_risk,not_allowed,,,,,,,,,,,,,,93% of lot on 25%+ slope,high,,-79.933536,40.414397
0055S00065000000,55-S-65,Hazelwood,H,1724,city,2800,townhome,2,False,,,,high_risk,not_allowed,,,,,,,,,,,,,,93% of lot on 25%+ slope,high,,-79.933536,40.414397
0055S00065000000,55-S-65,Hazelwood,H,1724,city,2800,walkup,4,False,,,,high_risk,not_allowed,,,,,,,,,,,,,,93% of lot on 25%+ slope,high,,-79.933536,40.414397
0055S00067000000,55-S-67,Hazelwood,H,1836,private,800,single_family,1,True,19.8,25.8,33.3,high_risk,administrator_exception,0.732,0.792,0.848,placeholder,5.1,6.2,7.4,117991,170558,219772,-420987,-337851,-260401,91% of lot on 25%+ slope,high,,-79.933683,40.414367
0055S00067000000,55-S-67,Hazelwood,H,1836,private,800,duplex,2,False,,,,high_risk,not_allowed,,,,,,,,,,,,,,91% of lot on 25%+ slope,high,,-79.933683,40.414367
0055S00067000000,55-S-67,Hazelwood,H,1836,private,800,triplex,3,False,,,,high_risk,not_allowed,,,,,,,,,,,,,,91% of lot on 25%+ slope,high,,-79.933683,40.414367
0055S00067000000,55-S-67,Hazelwood,H,1836,private,800,townhome,2,False,,,,high_risk,not_allowed,,,,,,,,,,,,,,91% of lot on 25%+ slope,high,,-79.933683,40.414367
0055S00067000000,55-S-67,Hazelwood,H,1836,private,800,walkup,4,False,,,,high_risk,not_allowed,,,,,,,,,,,,,,91% of lot on 25%+ slope,high,,-79.933683,40.414367
0055S00072000000,55-S-72,Hazelwood,H,12108,city,4600,single_family,1,False,21.9,27.8,34.9,high_risk,administrator_exception,0.838,0.89,0.934,placeholder,5.5,6.5,7.6,120107,171750,222976,-427187,-340743,-261741,64% of lot on 25%+ slope,high,,-79.933905,40.414222
0055S00072000000,55-S-72,Hazelwood,H,12108,city,4600,duplex,2,False,,,,high_risk,not_allowed,,,,,,,,,,,,,,64% of lot on 25%+ slope,high,,-79.933905,40.414222
0055S00072000000,55-S-72,Hazelwood,H,12108,city,4600,triplex,3,False,,,,high_risk,not_allowed,,,,,,,,,,,,,,64% of lot on 25%+ slope,high,,-79.933905,40.414222
0055S00072000000,55-S-72,Hazelwood,H,12108,city,4600,townhome,4,True,38.3,41.8,45.2,high_risk,special_exception+variance+subdivision,0.82,0.887,0.934,model+placeholder,8.8,10.3,12.0,137038,191956,244947,-1109019,-846185,-607594,64% of lot on 25%+ slope,high,,-79.933905,40.414222
0055S00072000000,55-S-72,Hazelwood,H,12108,city,4600,walkup,4,False,,,,high_risk,not_allowed,,,,,,,,,,,,,,64% of lot on 25%+ slope,high,,-79.933905,40.414222
0055S00073000000,55-S-73,Hazelwood,H,5904,city,4100,single_family,1,False,30.7,36.2,41.9,high_risk,administrator_exception,0.838,0.89,0.934,placeholder,5.2,6.1,7.3,80169,112903,146590,-372692,-293295,-219065,64% of lot landslide-prone,high,,-79.934041,40.414098
0055S00073000000,55-S-73,Hazelwood,H,5904,city,4100,duplex,2,False,,,,high_risk,not_allowed,,,,,,,,,,,,,,64% of lot landslide-prone,high,,-79.934041,40.414098
0055S00073000000,55-S-73,Hazelwood,H,5904,city,4100,triplex,3,False,,,,high_risk,not_allowed,,,,,,,,,,,,,,64% of lot landslide-prone,high,,-79.934041,40.414098
0055S00073000000,55-S-73,Hazelwood,H,5904,city,4100,townhome,2,True,34.1,38.1,42.2,high_risk,special_exception+variance+subdivision,0.82,0.887,0.934,model+placeholder,8.8,10.3,12.0,97140,134104,170756,-592565,-461647,-339960,64% of lot landslide-prone,high,,-79.934041,40.414098
0055S00073000000,55-S-73,Hazelwood,H,5904,city,4100,walkup,4,False,,,,high_risk,not_allowed,,,,,,,,,,,,,,64% of lot landslide-prone,high,,-79.934041,40.414098
0055S00074000000,55-S-74,Hazelwood,H,4156,private,3600,single_family,1,True,21.9,27.9,35.0,high_risk,administrator_exception,0.838,0.89,0.934,placeholder,5.5,6.5,7.6,119313,170957,222182,-427820,-341649,-262072,55% of lot on 25%+ slope,high,,-79.934192,40.414247
0055S00074000000,55-S-74,Hazelwood,H,4156,private,3600,duplex,2,False,,,,high_risk,not_allowed,,,,,,,,,,,,,,55% of lot on 25%+ slope,high,,-79.934192,40.414247
0055S00074000000,55-S-74,Hazelwood,H,4156,private,3600,triplex,3,False,,,,high_risk,not_allowed,,,,,,,,,,,,,,55% of lot on 25%+ slope,high,,-79.934192,40.414247
0055S00074000000,55-S-74,Hazelwood,H,4156,private,3600,townhome,2,False,,,,high_risk,not_allowed,,,,,,,,,,,,,,55% of lot on 25%+ slope,high,,-79.934192,40.414247
0055S00074000000,55-S-74,Hazelwood,H,4156,private,3600,walkup,4,False,,,,high_risk,not_allowed,,,,,,,,,,,,,,55% of lot on 25%+ slope,high,,-79.934192,40.414247
0055S00075000000,55-S-75,Hazelwood,H,1878,private,500,single_family,1,True,30.7,36.5,42.4,high_risk,administrator_exception,0.732,0.792,0.848,placeholder,5.0,6.1,7.3,62359,95965,128167,-351548,-275221,-203164,83% of lot landslide-prone,high,,-79.934119,40.413981
0055S00075000000,55-S-75,Hazelwood,H,1878,private,500,duplex,2,False,,,,high_risk,not_allowed,,,,,,,,,,,,,,83% of lot landslide-prone,high,,-79.934119,40.413981
0055S00075000000,55-S-75,Hazelwood,H,1878,private,500,triplex,3,False,,,,high_risk,not_allowed,,,,,,,,,,,,,,83% of lot landslide-prone,high,,-79.934119,40.413981
0055S00075000000,55-S-75,Hazelwood,H,1878,private,500,townhome,2,False,,,,high_risk,not_allowed,,,,,,,,,,,,,,83% of lot landslide-prone,high,,-79.934119,40.413981
0055S00075000000,55-S-75,Hazelwood,H,1878,private,500,walkup,4,False,,,,high_risk,not_allowed,,,,,,,,,,,,,,83% of lot landslide-prone,high,,-79.934119,40.413981
0055S00089000000,55-S-89,Hazelwood,H,10375,private,4500,single_family,1,False,22.2,28.2,35.9,high_risk,administrator_exception,0.838,0.89,0.934,placeholder,5.1,6.2,7.3,120182,169718,222665,-424086,-342235,-263137,70% of lot on 25%+ slope,high,,-79.935059,40.41405
0055S00089000000,55-S-89,Hazelwood,H,10375,private,4500,duplex,2,False,,,,high_risk,not_allowed,,,,,,,,,,,,,,70% of lot on 25%+ slope,high,,-79.935059,40.41405
0055S00089000000,55-S-89,Hazelwood,H,10375,private,4500,triplex,3,False,,,,high_risk,not_allowed,,,,,,,,,,,,,,70% of lot on 25%+ slope,high,,-79.935059,40.41405
0055S00089000000,55-S-89,Hazelwood,H,10375,private,4500,townhome,4,True,38.6,42.0,45.3,high_risk,special_exception+variance+subdivision,0.82,0.887,0.934,model+placeholder,8.8,10.3,12.0,139080,187815,242028,-1121430,-857503,-617686,70% of lot on 25%+ slope,high,,-79.935059,40.41405
0055S00089000000,55-S-89,Hazelwood,H,10375,private,4500,walkup,4,False,,,,high_risk,not_allowed,,,,,,,,,,,,,,70% of lot on 25%+ slope,high,,-79.935059,40.41405
0055S00218000000,55-S-218,Hazelwood,R2-L,4663,private,20500,single_family,1,False,52.3,54.9,57.3,feasible_with_conditions,by_right,1.0,1.0,1.0,by_right,4.2,5.3,6.5,20209,29030,38087,-273345,-204002,-139369,100% of lot over mapped mine workings (UM-O overlay),medium,,-79.934042,40.416071
0055S00218000000,55-S-218,Hazelwood,R2-L,4663,private,20500,duplex,2,True,50.7,53.9,56.9,feasible_with_conditions,by_right,1.0,1.0,1.0,by_right,4.2,5.3,6.5,31388,49903,68482,-408662,-305934,-209980,100% of lot over mapped mine workings (UM-O overlay),high,,-79.934042,40.416071
0055S00218000000,55-S-218,Hazelwood,R2-L,4663,private,20500,triplex,3,False,,,,high_risk,not_allowed,,,,,,,,,,,,,,100% of lot over mapped mine workings (UM-O overlay),medium,,-79.934042,40.416071
0055S00218000000,55-S-218,Hazelwood,R2-L,4663,private,20500,townhome,2,False,42.6,45.8,48.8,high_risk,variance+subdivision,0.735,0.83,0.894,model+placeholder,8.3,10.0,11.8,32272,50332,68434,-493035,-365608,-247357,100% of lot over mapped mine workings (UM-O overlay),high,,-79.934042,40.416071
0055S00218000000,55-S-218,Hazelwood,R2-L,4663,private,20500,walkup,4,False,,,,high_risk,not_allowed,,,,,,,,,,,,,,100% of lot over mapped mine workings (UM-O overlay),medium,,-79.934042,40.416071
0055S00221000000,55-S-221,Hazelwood,R2-L,1943,private,800,single_family,1,False,,,,high_risk,not_allowed,,,,,,,,,,,,,,100% of lot over mapped mine workings (UM-O overlay),medium,,-79.934294,40.416018
0055S00221000000,55-S-221,Hazelwood,R2-L,1943,private,800,duplex,2,False,,,,high_risk,not_allowed,,,,,,,,,,,,,,100% of lot over mapped mine workings (UM-O overlay),medium,,-79.934294,40.416018
0055S00221000000,55-S-221,Hazelwood,R2-L,1943,private,800,triplex,3,False,,,,high_risk,not_allowed,,,,,,,,,,,,,,100% of lot over mapped mine workings (UM-O overlay),medium,,-79.934294,40.416018
0055S00221000000,55-S-221,Hazelwood,R2-L,1943,private,800,townhome,2,False,,,,high_risk,not_allowed,,,,,,,,,,,,,,100% of lot over mapped mine workings (UM-O overlay),medium,,-79.934294,40.416018
0055S00221000000,55-S-221,Hazelwood,R2-L,1943,private,800,walkup,4,False,,,,high_risk,not_allowed,,,,,,,,,,,,,,100% of lot over mapped mine workings (UM-O overlay),medium,,-79.934294,40.416018
0055S00223000000,55-S-223,Hazelwood,R2-L,3898,private,18000,single_family,1,False,52.3,54.9,57.3,feasible_with_conditions,by_right,1.0,1.0,1.0,by_right,4.2,5.3,6.5,20209,29030,38087,-277234,-208187,-145328,100% of lot over mapped mine workings (UM-O overlay),medium,,-79.934396,40.415989
0055S00223000000,55-S-223,Hazelwood,R2-L,3898,private,18000,duplex,2,True,50.7,53.9,56.9,feasible_with_conditions,by_right,1.0,1.0,1.0,by_right,4.2,5.3,6.5,31388,49903,68482,-413894,-312116,-218208,100% of lot over mapped mine workings (UM-O overlay),high,,-79.934396,40.415989
0055S00223000000,55-S-223,Hazelwood,R2-L,3898,private,18000,triplex,3,False,,,,high_risk,not_allowed,,,,,,,,,,,,,,100% of lot over mapped mine workings (UM-O overlay),medium,,-79.934396,40.415989
0055S00223000000,55-S-223,Hazelwood,R2-L,3898,private,18000,townhome,2,False,,,,high_risk,not_allowed,,,,,,,,,,,,,,100% of lot over mapped mine workings (UM-O overlay),medium,,-79.934396,40.415989
0055S00223000000,55-S-223,Hazelwood,R2-L,3898,private,18000,walkup,4,False,,,,high_risk,not_allowed,,,,,,,,,,,,,,100% of lot over mapped mine workings (UM-O overlay),medium,,-79.934396,40.415989
0055S00232000000,55-S-232,Hazelwood,R2-L,2141,private,2500,single_family,1,True,42.2,45.2,48.0,high_risk,administrator_exception+variance,0.699,0.791,0.86,model+placeholder,7.7,9.3,11.2,20155,28917,37740,-270724,-202794,-141076,100% of lot over mapped mine workings (UM-O overlay),medium,,-79.935048,40.415833
0055S00232000000,55-S-232,Hazelwood,R2-L,2141,private,2500,duplex,2,False,,,,high_risk,not_allowed,,,,,,,,,,,,,,100% of lot over mapped mine workings (UM-O overlay),medium,,-79.935048,40.415833
0055S00232000000,55-S-232,Hazelwood,R2-L,2141,private,2500,triplex,3,False,,,,high_risk,not_allowed,,,,,,,,,,,,,,100% of lot over mapped mine workings (UM-O overlay),medium,,-79.935048,40.415833
0055S00232000000,55-S-232,Hazelwood,R2-L,2141,private,2500,townhome,2,False,,,,high_risk,not_allowed,,,,,,,,,,,,,,100% of lot over mapped mine workings (UM-O overlay),medium,,-79.935048,40.415833
0055S00232000000,55-S-232,Hazelwood,R2-L,2141,private,2500,walkup,4,False,,,,high_risk,not_allowed,,,,,,,,,,,,,,100% of lot over mapped mine workings (UM-O overlay),medium,,-79.935048,40.415833
0055S00246000000,55-S-246,Hazelwood,H,25126,private,2500,single_family,1,False,40.3,44.5,48.7,high_risk,administrator_exception,0.838,0.89,0.934,placeholder,4.6,5.5,6.5,47414,66929,86697,-313588,-242273,-175587,Parcel spans more than one district or has uncovered rules,medium,,-79.935527,40.41571
0055S00246000000,55-S-246,Hazelwood,H,25126,private,2500,duplex,2,False,,,,high_risk,not_allowed,,,,,,,,,,,,,,Parcel spans more than one district or has uncovered rules,medium,,-79.935527,40.41571
0055S00246000000,55-S-246,Hazelwood,H,25126,private,2500,triplex,3,False,,,,high_risk,not_allowed,,,,,,,,,,,,,,Parcel spans more than one district or has uncovered rules,medium,,-79.935527,40.41571
0055S00246000000,55-S-246,Hazelwood,H,25126,private,2500,townhome,5,True,47.4,49.7,51.8,high_risk,special_exception+subdivision,0.859,0.911,0.949,model+placeholder,7.9,9.5,11.0,62420,86819,112583,-1231488,-911934,-631573,100% of lot over mapped mine workings (UM-O overlay),high,,-79.935527,40.41571
0055S00246000000,55-S-246,Hazelwood,H,25126,private,2500,walkup,4,False,,,,high_risk,not_allowed,,,,,,,,,,,,,,Parcel spans more than one district or has uncovered rules,medium,,-79.935527,40.41571
0055S00250000000,55-S-250,Hazelwood,H,5775,private,30400,single_family,1,False,21.2,25.7,33.7,high_risk,administrator_exception,0.838,0.89,0.934,placeholder,5.3,6.4,7.6,132872,188843,240786,-427868,-350368,-271907,88% of lot on 25%+ slope,high,,-79.936136,40.41556
0055S00250000000,55-S-250,Hazelwood,H,5775,private,30400,duplex,2,False,,,,high_risk,not_allowed,,,,,,,,,,,,,,88% of lot on 25%+ slope,high,,-79.936136,40.41556
0055S00250000000,55-S-250,Hazelwood,H,5775,private,30400,triplex,3,False,,,,high_risk,not_allowed,,,,,,,,,,,,,,88% of lot on 25%+ slope,high,,-79.936136,40.41556
0055S00250000000,55-S-250,Hazelwood,H,5775,private,30400,townhome,2,True,26.7,31.8,37.0,high_risk,special_exception+variance+subdivision,0.82,0.887,0.934,model+placeholder,8.8,10.3,12.0,155107,205896,261534,-644186,-511332,-385528,88% of lot on 25%+ slope,high,,-79.936136,40.41556
0055S00250000000,55-S-250,Hazelwood,H,5775,private,30400,walkup,4,False,,,,high_risk,not_allowed,,,,,,,,,,,,,,88% of lot on 25%+ slope,high,,-79.936136,40.41556
0055S00259000000,55-S-259,Hazelwood,H,1617,private,5500,single_family,1,True,37.7,42.1,46.0,high_risk,administrator_exception,0.732,0.792,0.848,placeholder,4.7,5.6,6.6,47171,67348,86587,-318178,-241721,-176038,48% of lot on 25%+ slope,medium,,-79.935661,40.415965
0055S00259000000,55-S-259,Hazelwood,H,1617,private,5500,duplex,2,False,,,,high_risk,not_allowed,,,,,,,,,,,,,,48% of lot on 25%+ slope,medium,,-79.935661,40.415965
0055S00259000000,55-S-259,Hazelwood,H,1617,private,5500,triplex,3,False,,,,high_risk,not_allowed,,,,,,,,,,,,,,48% of lot on 25%+ slope,medium,,-79.935661,40.415965
0055S00259000000,55-S-259,Hazelwood,H,1617,private,5500,townhome,2,False,,,,high_risk,not_allowed,,,,,,,,,,,,,,48% of lot on 25%+ slope,medium,,-79.935661,40.415965
0055S00259000000,55-S-259,Hazelwood,H,1617,private,5500,walkup,4,False,,,,high_risk,not_allowed,,,,,,,,,,,,,,48% of lot on 25%+ slope,medium,,-79.935661,40.415965
0055S00261000000,55-S-261,Hazelwood,H,2434,private,1000,single_family,1,True,37.7,42.1,46.0,high_risk,administrator_exception,0.732,0.792,0.848,placeholder,4.7,5.6,6.6,47171,67348,86587,-317319,-240635,-173790,42% of lot on 25%+ slope,medium,,-79.935719,40.416007
0055S00261000000,55-S-261,Hazelwood,H,2434,private,1000,duplex,2,False,,,,high_risk,not_allowed,,,,,,,,,,,,,,42% of lot on 25%+ slope,medium,,-79.935719,40.416007
0055S00261000000,55-S-261,Hazelwood,H,2434,private,1000,triplex,3,False,,,,high_risk,not_allowed,,,,,,,,,,,,,,42% of lot on 25%+ slope,medium,,-79.935719,40.416007
0055S00261000000,55-S-261,Hazelwood,H,2434,private,1000,townhome,2,False,,,,high_risk,not_allowed,,,,,,,,,,,,,,42% of lot on 25%+ slope,medium,,-79.935719,40.416007
0055S00261000000,55-S-261,Hazelwood,H,2434,private,1000,walkup,4,False,,,,high_risk,not_allowed,,,,,,,,,,,,,,42% of lot on 25%+ slope,medium,,-79.935719,40.416007
0055S00267000000,55-S-267,Hazelwood,H,7983,private,22800,single_family,1,False,40.3,44.6,48.6,high_risk,administrator_exception,0.838,0.89,0.934,placeholder,4.6,5.5,6.6,47528,67077,86047,-310844,-238094,-173576,49% of lot on 25%+ slope,medium,,-79.935892,40.416264
0055S00267000000,55-S-267,Hazelwood,H,7983,private,22800,duplex,2,False,,,,high_risk,not_allowed,,,,,,,,,,,,,,49% of lot on 25%+ slope,medium,,-79.935892,40.416264
0055S00267000000,55-S-267,Hazelwood,H,7983,private,22800,triplex,3,False,,,,high_risk,not_allowed,,,,,,,,,,,,,,49% of lot on 25%+ slope,medium,,-79.935892,40.416264
0055S00267000000,55-S-267,Hazelwood,H,7983,private,22800,townhome,3,True,43.0,45.7,48.5,high_risk,special_exception+variance+subdivision,0.82,0.887,0.934,model+placeholder,8.7,10.3,12.0,62420,86819,112583,-756938,-564603,-394794,100% of lot over mapped mine workings (UM-O overlay),high,,-79.935892,40.416264
0055S00267000000,55-S-267,Hazelwood,H,7983,private,22800,walkup,4,False,,,,high_risk,not_allowed,,,,,,,,,,,,,,49% of lot on 25%+ slope,medium,,-79.935892,40.416264
0056B00008000100,56-B-8-1,Hazelwood,NDI,858,city,300,single_family,,False,,,,high_risk,not_allowed,,,,,,,,,,,,,,Parcel spans more than one district or has uncovered rules,medium,,-79.94515,40.413309
0056B00008000100,56-B-8-1,Hazelwood,NDI,858,city,300,duplex,,False,,,,high_risk,not_allowed,,,,,,,,,,,,,,Parcel spans more than one district or has uncovered rules,medium,,-79.94515,40.413309
0056B00008000100,56-B-8-1,Hazelwood,NDI,858,city,300,triplex,,False,,,,high_risk,not_allowed,,,,,,,,,,,,,,Parcel spans more than one district or has uncovered rules,medium,,-79.94515,40.413309
0056B00008000100,56-B-8-1,Hazelwood,NDI,858,city,300,townhome,,False,,,,high_risk,not_allowed,,,,,,,,,,,,,,Parcel spans more than one district or has uncovered rules,medium,,-79.94515,40.413309
0056B00008000100,56-B-8-1,Hazelwood,NDI,858,city,300,walkup,,False,,,,high_risk,not_allowed,,,,,,,,,,,,,,Parcel spans more than one district or has uncovered rules,medium,,-79.94515,40.413309
0056B00009000000,56-B-9,Hazelwood,NDI,799,city,200,single_family,,False,,,,high_risk,not_allowed,,,,,,,,,,,,,,Parcel spans more than one district or has uncovered rules,medium,,-79.945082,40.413329
0056B00009000000,56-B-9,Hazelwood,NDI,799,city,200,duplex,,False,,,,high_risk,not_allowed,,,,,,,,,,,,,,Parcel spans more than one district or has uncovered rules,medium,,-79.945082,40.413329
0056B00009000000,56-B-9,Hazelwood,NDI,799,city,200,triplex,,False,,,,high_risk,not_allowed,,,,,,,,,,,,,,Parcel spans more than one district or has uncovered rules,medium,,-79.945082,40.413329
0056B00009000000,56-B-9,Hazelwood,NDI,799,city,200,townhome,,False,,,,high_risk,not_allowed,,,,,,,,,,,,,,Parcel spans more than one district or has uncovered rules,medium,,-79.945082,40.413329
0056B00009000000,56-B-9,Hazelwood,NDI,799,city,200,walkup,,False,,,,high_risk,not_allowed,,,,,,,,,,,,,,Parcel spans more than one district or has uncovered rules,medium,,-79.945082,40.413329
0056B00012000000,56-B-12,Hazelwood,NDI,608,private,300,single_family,,False,,,,high_risk,not_allowed,,,,,,,,,,,,,,Parcel spans more than one district or has uncovered rules,medium,,-79.944875,40.413428
0056B00012000000,56-B-12,Hazelwood,NDI,608,private,300,duplex,,False,,,,high_risk,not_allowed,,,,,,,,,,,,,,Parcel spans more than one district or has uncovered rules,medium,,-79.944875,40.413428
0056B00012000000,56-B-12,Hazelwood,NDI,608,private,300,triplex,,False,,,,high_risk,not_allowed,,,,,,,,,,,,,,Parcel spans more than one district or has uncovered rules,medium,,-79.944875,40.413428
0056B00012000000,56-B-12,Hazelwood,NDI,608,private,300,townhome,,False,,,,high_risk,not_allowed,,,,,,,,,,,,,,Parcel spans more than one district or has uncovered rules,medium,,-79.944875,40.413428
0056B00012000000,56-B-12,Hazelwood,NDI,608,private,300,walkup,,False,,,,high_risk,not_allowed,,,,,,,,,,,,,,Parcel spans more than one district or has uncovered rules,medium,,-79.944875,40.413428
0056B00012000A00,56-B-12-A,Hazelwood,NDI,706,city,300,single_family,,False,,,,high_risk,not_allowed,,,,,,,,,,,,,,Parcel spans more than one district or has uncovered rules,medium,,-79.944852,40.413392
0056B00012000A00,56-B-12-A,Hazelwood,NDI,706,city,300,duplex,,False,,,,high_risk,not_allowed,,,,,,,,,,,,,,Parcel spans more than one district or has uncovered rules,medium,,-79.944852,40.413392
0056B00012000A00,56-B-12-A,Hazelwood,NDI,706,city,300,triplex,,False,,,,high_risk,not_allowed,,,,,,,,,,,,,,Parcel spans more than one district or has uncovered rules,medium,,-79.944852,40.413392
0056B00012000A00,56-B-12-A,Hazelwood,NDI,706,city,300,townhome,,False,,,,high_risk,not_allowed,,,,,,,,,,,,,,Parcel spans more than one district or has uncovered rules,medium,,-79.944852,40.413392
0056B00012000A00,56-B-12-A,Hazelwood,NDI,706,city,300,walkup,,False,,,,high_risk,not_allowed,,,,,,,,,,,,,,Parcel spans more than one district or has uncovered rules,medium,,-79.944852,40.413392
0056B00012000B00,56-B-12-B,Hazelwood,NDI,711,city,300,single_family,,False,,,,high_risk,not_allowed,,,,,,,,,,,,,,Parcel spans more than one district or has uncovered rules,medium,,-79.944834,40.413351
0056B00012000B00,56-B-12-B,Hazelwood,NDI,711,city,300,duplex,,False,,,,high_risk,not_allowed,,,,,,,,,,,,,,Parcel spans more than one district or has uncovered rules,medium,,-79.944834,40.413351
0056B00012000B00,56-B-12-B,Hazelwood,NDI,711,city,300,triplex,,False,,,,high_risk,not_allowed,,,,,,,,,,,,,,Parcel spans more than one district or has uncovered rules,medium,,-79.944834,40.413351
0056B00012000B00,56-B-12-B,Hazelwood,NDI,711,city,300,townhome,,False,,,,high_risk,not_allowed,,,,,,,,,,,,,,Parcel spans more than one district or has uncovered rules,medium,,-79.944834,40.413351
0056B00012000B00,56-B-12-B,Hazelwood,NDI,711,city,300,walkup,,False,,,,high_risk,not_allowed,,,,,,,,,,,,,,Parcel spans more than one district or has uncovered rules,medium,,-79.944834,40.413351
0056B00013000000,56-B-13,Hazelwood,NDI,2406,city,600,single_family,,False,,,,high_risk,not_allowed,,,,,,,,,,,,,,Parcel spans more than one district or has uncovered rules,medium,,-79.944991,40.41345
0056B00013000000,56-B-13,Hazelwood,NDI,2406,city,600,duplex,,False,,,,high_risk,not_allowed,,,,,,,,,,,,,,Parcel spans more than one district or has uncovered rules,medium,,-79.944991,40.41345
0056B00013000000,56-B-13,Hazelwood,NDI,2406,city,600,triplex,,False,,,,high_risk,not_allowed,,,,,,,,,,,,,,Parcel spans more than one district or has uncovered rules,medium,,-79.944991,40.41345
0056B00013000000,56-B-13,Hazelwood,NDI,2406,city,600,townhome,,False,,,,high_risk,not_allowed,,,,,,,,,,,,,,Parcel spans more than one district or has uncovered rules,medium,,-79.944991,40.41345
0056B00013000000,56-B-13,Hazelwood,NDI,2406,city,600,walkup,,False,,,,high_risk,not_allowed,,,,,,,,,,,,,,Parcel spans more than one district or has uncovered rules,medium,,-79.944991,40.41345
0056B00014000000,56-B-14,Hazelwood,NDI,2473,city,3000,single_family,,False,,,,high_risk,not_allowed,,,,,,,,,,,,,,Parcel spans more than one district or has uncovered rules,medium,,-79.94502,40.413513
0056B00014000000,56-B-14,Hazelwood,NDI,2473,city,3000,duplex,,False,,,,high_risk,not_allowed,,,,,,,,,,,,,,Parcel spans more than one district or has uncovered rules,medium,,-79.94502,40.413513
0056B00014000000,56-B-14,Hazelwood,NDI,2473,city,3000,triplex,,False,,,,high_risk,not_allowed,,,,,,,,,,,,,,Parcel spans more than one district or has uncovered rules,medium,,-79.94502,40.413513
0056B00014000000,56-B-14,Hazelwood,NDI,2473,city,3000,townhome,,False,,,,high_risk,not_allowed,,,,,,,,,,,,,,Parcel spans more than one district or has uncovered rules,medium,,-79.94502,40.413513
0056B00014000000,56-B-14,Hazelwood,NDI,2473,city,3000,walkup,,False,,,,high_risk,not_allowed,,,,,,,,,,,,,,Parcel spans more than one district or has uncovered rules,medium,,-79.94502,40.413513
0056B00018000000,56-B-18,Hazelwood,NDI,1905,city,2700,single_family,,False,,,,high_risk,not_allowed,,,,,,,,,,,,,,Parcel spans more than one district or has uncovered rules,medium,,-79.945099,40.413779
0056B00018000000,56-B-18,Hazelwood,NDI,1905,city,2700,duplex,,False,,,,high_risk,not_allowed,,,,,,,,,,,,,,Parcel spans more than one district or has uncovered rules,medium,,-79.945099,40.413779
0056B00018000000,56-B-18,Hazelwood,NDI,1905,city,2700,triplex,,False,,,,high_risk,not_allowed,,,,,,,,,,,,,,Parcel spans more than one district or has uncovered rules,medium,,-79.945099,40.413779
0056B00018000000,56-B-18,Hazelwood,NDI,1905,city,2700,townhome,,False,,,,high_risk,not_allowed,,,,,,,,,,,,,,Parcel spans more than one district or has uncovered rules,medium,,-79.945099,40.413779
0056B00018000000,56-B-18,Hazelwood,NDI,1905,city,2700,walkup,,False,,,,high_risk,not_allowed,,,,,,,,,,,,,,Parcel spans more than one district or has uncovered rules,medium,,-79.945099,40.413779
0056B00019000000,56-B-19,Hazelwood,NDI,1640,private,2700,single_family,,False,,,,high_risk,not_allowed,,,,,,,,,,,,,,Parcel spans more than one district or has uncovered rules,medium,,-79.945128,40.413843
0056B00019000000,56-B-19,Hazelwood,NDI,1640,private,2700,duplex,,False,,,,high_risk,not_allowed,,,,,,,,,,,,,,Parcel spans more than one district or has uncovered rules,medium,,-79.945128,40.413843
0056B00019000000,56-B-19,Hazelwood,NDI,1640,private,2700,triplex,,False,,,,high_risk,not_allowed,,,,,,,,,,,,,,Parcel spans more than one district or has uncovered rules,medium,,-79.945128,40.413843
0056B00019000000,56-B-19,Hazelwood,NDI,1640,private,2700,townhome,,False,,,,high_risk,not_allowed,,,,,,,,,,,,,,Parcel spans more than one district or has uncovered rules,medium,,-79.945128,40.413843
0056B00019000000,56-B-19,Hazelwood,NDI,1640,private,2700,walkup,,False,,,,high_risk,not_allowed,,,,,,,,,,,,,,Parcel spans more than one district or has uncovered rules,medium,,-79.945128,40.413843
0056B00021000000,56-B-21,Hazelwood,R1D-H,2552,city,1000,single_family,1,True,44.3,48.5,52.4,high_risk,by_right,1.0,1.0,1.0,by_right,4.5,5.9,7.3,40116,59083,77601,-345122,-269779,-197808,30% of lot on 25%+ slope,medium,,-79.944663,40.413836
0056B00021000000,56-B-21,Hazelwood,R1D-H,2552,city,1000,duplex,2,False,,,,high_risk,not_allowed,,,,,,,,,,,,,,30% of lot on 25%+ slope,medium,,-79.944663,40.413836
0056B00021000000,56-B-21,Hazelwood,R1D-H,2552,city,1000,triplex,3,False,,,,high_risk,not_allowed,,,,,,,,,,,,,,30% of lot on 25%+ slope,medium,,-79.944663,40.413836
0056B00021000000,56-B-21,Hazelwood,R1D-H,2552,city,1000,townhome,2,False,,,,high_risk,not_allowed,,,,,,,,,,,,,,30% of lot on 25%+ slope,medium,,-79.944663,40.413836
0056B00021000000,56-B-21,Hazelwood,R1D-H,2552,city,1000,walkup,4,False,,,,high_risk,not_allowed,,,,,,,,,,,,,,30% of lot on 25%+ slope,medium,,-79.944663,40.413836
0056B00023000000,56-B-23,Hazelwood,R1D-H,2969,city,600,single_family,1,True,44.2,48.4,52.3,high_risk,by_right,1.0,1.0,1.0,by_right,4.5,5.9,7.3,40841,59808,78326,-350502,-273278,-199769,47% of lot on 25%+ slope,medium,,-79.944587,40.413708
0056B00023000000,56-B-23,Hazelwood,R1D-H,2969,city,600,duplex,2,False,,,,high_risk,not_allowed,,,,,,,,,,,,,,47% of lot on 25%+ slope,medium,,-79.944587,40.413708
0056B00023000000,56-B-23,Hazelwood,R1D-H,2969,city,600,triplex,3,False,,,,high_risk,not_allowed,,,,,,,,,,,,,,47% of lot on 25%+ slope,medium,,-79.944587,40.413708
0056B00023000000,56-B-23,Hazelwood,R1D-H,2969,city,600,townhome,2,False,,,,high_risk,not_allowed,,,,,,,,,,,,,,47% of lot on 25%+ slope,medium,,-79.944587,40.413708
0056B00023000000,56-B-23,Hazelwood,R1D-H,2969,city,600,walkup,4,False,,,,high_risk,not_allowed,,,,,,,,,,,,,,47% of lot on 25%+ slope,medium,,-79.944587,40.413708
0056B00028000000,56-B-28,Hazelwood,R1D-H,5252,private,2100,single_family,1,True,45.3,49.5,53.4,high_risk,by_right,1.0,1.0,1.0,by_right,4.5,5.9,7.3,34729,53696,72214,-351147,-272437,-196479,32% of lot on 25%+ slope,medium,,-79.944442,40.413492
0056B00028000000,56-B-28,Hazelwood,R1D-H,5252,private,2100,duplex,2,False,,,,high_risk,not_allowed,,,,,,,,,,,,,,32% of lot on 25%+ slope,medium,,-79.944442,40.413492
0056B00028000000,56-B-28,Hazelwood,R1D-H,5252,private,2100,triplex,3,False,,,,high_risk,not_allowed,,,,,,,,,,,,,,32% of lot on 25%+ slope,medium,,-79.944442,40.413492
0056B00028000000,56-B-28,Hazelwood,R1D-H,5252,private,2100,townhome,2,False,44.9,47.7,50.5,high_risk,special_exception+subdivision,0.862,0.913,0.949,model+placeholder,7.9,9.5,11.0,34315,52892,71080,-592997,-455054,-326713,32% of lot on 25%+ slope,medium,,-79.944442,40.413492
0056B00028000000,56-B-28,Hazelwood,R1D-H,5252,private,2100,walkup,4,False,,,,high_risk,not_allowed,,,,,,,,,,,,,,32% of lot on 25%+ slope,medium,,-79.944442,40.413492
0056B00031000000,56-B-31,Hazelwood,R1D-H,4488,private,1900,single_family,1,True,35.6,41.2,47.1,high_risk,by_right,1.0,1.0,1.0,by_right,4.9,6.1,7.3,66467,99057,133384,-382943,-306683,-231125,42% of lot on 25%+ slope,medium,,-79.944198,40.413622
0056B00031000000,56-B-31,Hazelwood,R1D-H,4488,private,1900,duplex,2,False,,,,high_risk,not_allowed,,,,,,,,,,,,,,42% of lot on 25%+ slope,medium,,-79.944198,40.413622
0056B00031000000,56-B-31,Hazelwood,R1D-H,4488,private,1900,triplex,3,False,,,,high_risk,not_allowed,,,,,,,,,,,,,,42% of lot on 25%+ slope,medium,,-79.944198,40.413622
0056B00031000000,56-B-31,Hazelwood,R1D-H,4488,private,1900,townhome,2,False,39.1,43.0,46.8,high_risk,special_exception+subdivision,0.862,0.913,0.949,model+placeholder,7.9,9.5,11.2,66370,98034,130640,-622045,-486316,-353723,42% of lot on 25%+ slope,medium,,-79.944198,40.413622
0056B00031000000,56-B-31,Hazelwood,R1D-H,4488,private,1900,walkup,4,False,,,,high_risk,not_allowed,,,,,,,,,,,,,,42% of lot on 25%+ slope,medium,,-79.944198,40.413622
0056B00034000000,56-B-34,Hazelwood,R1D-H,3030,private,3300,single_family,1,True,43.5,48.8,54.5,high_risk,by_right,1.0,1.0,1.0,by_right,4.2,5.3,6.4,31782,60931,88514,-347792,-273614,-199713,100% of lot landslide-prone,high,,-79.943969,40.413677
0056B00034000000,56-B-34,Hazelwood,R1D-H,3030,private,3300,duplex,2,False,,,,high_risk,not_allowed,,,,,,,,,,,,,,100% of lot landslide-prone,high,,-79.943969,40.413677
0056B00034000000,56-B-34,Hazelwood,R1D-H,3030,private,3300,triplex,3,False,,,,high_risk,not_allowed,,,,,,,,,,,,,,100% of lot landslide-prone,high,,-79.943969,40.413677
0056B00034000000,56-B-34,Hazelwood,R1D-H,3030,private,3300,townhome,2,False,,,,high_risk,not_allowed,,,,,,,,,,,,,,100% of lot landslide-prone,high,,-79.943969,40.413677
0056B00034000000,56-B-34,Hazelwood,R1D-H,3030,private,3300,walkup,4,False,,,,high_risk,not_allowed,,,,,,,,,,,,,,100% of lot landslide-prone,high,,-79.943969,40.413677
0056B00051000000,56-B-51,Hazelwood,H,1112,city,300,single_family,1,False,,,,high_risk,not_allowed,,,,,,,,,,,,,,56% of lot on 25%+ slope,high,,-79.943037,40.413815
0056B00051000000,56-B-51,Hazelwood,H,1112,city,300,duplex,2,False,,,,high_risk,not_allowed,,,,,,,,,,,,,,56% of lot on 25%+ slope,high,,-79.943037,40.413815
0056B00051000000,56-B-51,Hazelwood,H,1112,city,300,triplex,3,False,,,,high_risk,not_allowed,,,,,,,,,,,,,,56% of lot on 25%+ slope,high,,-79.943037,40.413815
0056B00051000000,56-B-51,Hazelwood,H,1112,city,300,townhome,2,False,,,,high_risk,not_allowed,,,,,,,,,,,,,,56% of lot on 25%+ slope,high,,-79.943037,40.413815
0056B00051000000,56-B-51,Hazelwood,H,1112,city,300,walkup,4,False,,,,high_risk,not_allowed,,,,,,,,,,,,,,56% of lot on 25%+ slope,high,,-79.943037,40.413815
0056B00128000000,56-B-128,Hazelwood,H,4437,private,3800,single_family,1,True,22.0,27.6,35.3,high_risk,administrator_exception,0.838,0.89,0.934,placeholder,5.1,6.2,7.3,122919,175440,227740,-452524,-368822,-286409,56% of lot on 25%+ slope,high,,-79.94247,40.413725
0056B00128000000,56-B-128,Hazelwood,H,4437,private,3800,duplex,2,False,,,,high_risk,not_allowed,,,,,,,,,,,,,,56% of lot on 25%+ slope,high,,-79.94247,40.413725
0056B00128000000,56-B-128,Hazelwood,H,4437,private,3800,triplex,3,False,,,,high_risk,not_allowed,,,,,,,,,,,,,,56% of lot on 25%+ slope,high,,-79.94247,40.413725
0056B00128000000,56-B-128,Hazelwood,H,4437,private,3800,townhome,2,False,,,,high_risk,not_allowed,,,,,,,,,,,,,,56% of lot on 25%+ slope,high,,-79.94247,40.413725
0056B00128000000,56-B-128,Hazelwood,H,4437,private,3800,walkup,4,False,,,,high_risk,not_allowed,,,,,,,,,,,,,,56% of lot on 25%+ slope,high,,-79.94247,40.413725
0056B00172000000,56-B-172,Hazelwood,H,3125,private,3200,single_family,1,True,28.6,34.3,40.0,high_risk,administrator_exception,0.732,0.792,0.848,placeholder,5.1,6.1,7.4,77671,110347,143652,-410247,-329653,-249416,100% of lot landslide-prone,high,,-79.942272,40.412146
0056B00172000000,56-B-172,Hazelwood,H,3125,private,3200,duplex,2,False,,,,high_risk,not_allowed,,,,,,,,,,,,,,100% of lot landslide-prone,high,,-79.942272,40.412146
0056B00172000000,56-B-172,Hazelwood,H,3125,private,3200,triplex,3,False,,,,high_risk,not_allowed,,,,,,,,,,,,,,100% of lot landslide-prone,high,,-79.942272,40.412146
0056B00172000000,56-B-172,Hazelwood,H,3125,private,3200,townhome,2,False,,,,high_risk,not_allowed,,,,,,,,,,,,,,100% of lot landslide-prone,high,,-79.942272,40.412146
0056B00172000000,56-B-172,Hazelwood,H,3125,private,3200,walkup,4,False,,,,high_risk,not_allowed,,,,,,,,,,,,,,100% of lot landslide-prone,high,,-79.942272,40.412146
0056B00180000000,56-B-180,Hazelwood,H,2548,city,600,single_family,1,True,29.9,35.7,41.5,high_risk,administrator_exception,0.732,0.792,0.848,placeholder,5.1,6.1,7.4,68708,101384,134689,-436269,-350782,-262109,100% of lot landslide-prone,high,,-79.942355,40.411936
0056B00180000000,56-B-180,Hazelwood,H,2548,city,600,duplex,2,False,,,,high_risk,not_allowed,,,,,,,,,,,,,,100% of lot landslide-prone,high,,-79.942355,40.411936
0056B00180000000,56-B-180,Hazelwood,H,2548,city,600,triplex,3,False,,,,high_risk,not_allowed,,,,,,,,,,,,,,100% of lot landslide-prone,high,,-79.942355,40.411936
0056B00180000000,56-B-180,Hazelwood,H,2548,city,600,townhome,2,False,,,,high_risk,not_allowed,,,,,,,,,,,,,,100% of lot landslide-prone,high,,-79.942355,40.411936
0056B00180000000,56-B-180,Hazelwood,H,2548,city,600,walkup,4,False,,,,high_risk,not_allowed,,,,,,,,,,,,,,100% of lot landslide-prone,high,,-79.942355,40.411936
0056B00191000000,56-B-191,Hazelwood,R1D-H,5167,private,200,single_family,1,True,36.8,42.6,48.1,high_risk,by_right,1.0,1.0,1.0,by_right,4.4,5.4,6.5,65177,97793,131676,-409919,-325175,-240535,92% of lot landslide-prone,high,,-79.942735,40.412103
0056B00191000000,56-B-191,Hazelwood,R1D-H,5167,private,200,duplex,2,False,,,,high_risk,not_allowed,,,,,,,,,,,,,,92% of lot landslide-prone,high,,-79.942735,40.412103
0056B00191000000,56-B-191,Hazelwood,R1D-H,5167,private,200,triplex,3,False,,,,high_risk,not_allowed,,,,,,,,,,,,,,92% of lot landslide-prone,high,,-79.942735,40.412103
0056B00191000000,56-B-191,Hazelwood,R1D-H,5167,private,200,townhome,2,False,39.3,43.2,46.9,high_risk,special_exception+subdivision,0.862,0.913,0.949,model+placeholder,7.9,9.5,11.0,65779,96195,129755,-658888,-513116,-376666,92% of lot landslide-prone,high,,-79.942735,40.412103
0056B00191000000,56-B-191,Hazelwood,R1D-H,5167,private,200,walkup,4,False,,,,high_risk,not_allowed,,,,,,,,,,,,,,92% of lot landslide-prone,high,,-79.942735,40.412103
0056B00193000000,56-B-193,Hazelwood,R1D-H,3359,private,3400,single_family,1,True,36.8,42.6,48.1,high_risk,by_right,1.0,1.0,1.0,by_right,4.4,5.4,6.5,65177,97793,131676,-402344,-319306,-237375,100% of lot landslide-prone,high,,-79.94279,40.412203
0056B00193000000,56-B-193,Hazelwood,R1D-H,3359,private,3400,duplex,2,False,,,,high_risk,not_allowed,,,,,,,,,,,,,,100% of lot landslide-prone,high,,-79.94279,40.412203
0056B00193000000,56-B-193,Hazelwood,R1D-H,3359,private,3400,triplex,3,False,,,,high_risk,not_allowed,,,,,,,,,,,,,,100% of lot landslide-prone,high,,-79.94279,40.412203
0056B00193000000,56-B-193,Hazelwood,R1D-H,3359,private,3400,townhome,2,False,,,,high_risk,not_allowed,,,,,,,,,,,,,,100% of lot landslide-prone,high,,-79.94279,40.412203
0056B00193000000,56-B-193,Hazelwood,R1D-H,3359,private,3400,walkup,4,False,,,,high_risk,not_allowed,,,,,,,,,,,,,,100% of lot landslide-prone,high,,-79.94279,40.412203
0056B00204000000,56-B-204,Hazelwood,R1D-H,4850,city,4000,single_family,1,True,35.8,41.4,47.3,high_risk,by_right,1.0,1.0,1.0,by_right,4.9,6.1,7.3,65171,97762,132088,-391917,-313854,-235134,100% of lot landslide-prone,high,,-79.943033,40.412679
0056B00204000000,56-B-204,Hazelwood,R1D-H,4850,city,4000,duplex,2,False,,,,high_risk,not_allowed,,,,,,,,,,,,,,100% of lot landslide-prone,high,,-79.943033,40.412679
0056B00204000000,56-B-204,Hazelwood,R1D-H,4850,city,4000,triplex,3,False,,,,high_risk,not_allowed,,,,,,,,,,,,,,100% of lot landslide-prone,high,,-79.943033,40.412679
0056B00204000000,56-B-204,Hazelwood,R1D-H,4850,city,4000,townhome,2,False,38.6,42.6,46.5,high_risk,special_exception+subdivision,0.83,0.885,0.93,model+placeholder,7.9,9.5,11.2,65074,96739,129345,-638237,-499701,-361436,100% of lot landslide-prone,high,,-79.943033,40.412679
0056B00204000000,56-B-204,Hazelwood,R1D-H,4850,city,4000,walkup,4,False,,,,high_risk,not_allowed,,,,,,,,,,,,,,100% of lot landslide-prone,high,,-79.943033,40.412679
0056B00210000000,56-B-210,Hazelwood,R1D-H,2250,city,3000,single_family,1,True,35.8,41.4,47.3,high_risk,by_right,1.0,1.0,1.0,by_right,4.9,6.1,7.3,65173,97763,132089,-389051,-311513,-233389,100% of lot landslide-prone,high,,-79.943186,40.412951
0056B00210000000,56-B-210,Hazelwood,R1D-H,2250,city,3000,duplex,2,False,,,,high_risk,not_allowed,,,,,,,,,,,,,,100% of lot landslide-prone,high,,-79.943186,40.412951
0056B00210000000,56-B-210,Hazelwood,R1D-H,2250,city,3000,triplex,3,False,,,,high_risk,not_allowed,,,,,,,,,,,,,,100% of lot landslide-prone,high,,-79.943186,40.412951
0056B00210000000,56-B-210,Hazelwood,R1D-H,2250,city,3000,townhome,2,False,,,,high_risk,not_allowed,,,,,,,,,,,,,,100% of lot landslide-prone,high,,-79.943186,40.412951
0056B00210000000,56-B-210,Hazelwood,R1D-H,2250,city,3000,walkup,4,False,,,,high_risk,not_allowed,,,,,,,,,,,,,,100% of lot landslide-prone,high,,-79.943186,40.412951
0056B00213000000,56-B-213,Hazelwood,R1D-H,3533,private,3400,single_family,1,True,28.9,34.7,40.4,high_risk,by_right,1.0,1.0,1.0,by_right,5.1,6.2,7.3,108020,142540,180562,-434472,-350096,-270274,100% of lot landslide-prone,high,,-79.943204,40.413027
0056B00213000000,56-B-213,Hazelwood,R1D-H,3533,private,3400,duplex,2,False,,,,high_risk,not_allowed,,,,,,,,,,,,,,100% of lot landslide-prone,high,,-79.943204,40.413027
0056B00213000000,56-B-213,Hazelwood,R1D-H,3533,private,3400,triplex,3,False,,,,high_risk,not_allowed,,,,,,,,,,,,,,100% of lot landslide-prone,high,,-79.943204,40.413027
0056B00213000000,56-B-213,Hazelwood,R1D-H,3533,private,3400,townhome,2,False,34.0,38.2,42.5,high_risk,special_exception+subdivision,0.83,0.885,0.93,model+placeholder,8.0,9.5,11.1,104402,142449,177685,-673292,-530237,-392345,100% of lot landslide-prone,high,,-79.943204,40.413027
0056B00213000000,56-B-213,Hazelwood,R1D-H,3533,private,3400,walkup,4,False,,,,high_risk,not_allowed,,,,,,,,,,,,,,100% of lot landslide-prone,high,,-79.943204,40.413027
0056B00232000000,56-B-232,Hazelwood,R1D-H,1656,private,2700,single_family,1,True,35.2,40.8,46.7,high_risk,by_right,1.0,1.0,1.0,by_right,4.9,6.1,7.3,69054,101645,135971,-396148,-317427,-238352,19% of lot on 25%+ slope,medium,,-79.943606,40.412647
0056B00232000000,56-B-232,Hazelwood,R1D-H,1656,private,2700,duplex,2,False,,,,high_risk,not_allowed,,,,,,,,,,,,,,19% of lot on 25%+ slope,medium,,-79.943606,40.412647
0056B00232000000,56-B-232,Hazelwood,R1D-H,1656,private,2700,triplex,3,False,,,,high_risk,not_allowed,,,,,,,,,,,,,,19% of lot on 25%+ slope,medium,,-79.943606,40.412647
0056B00232000000,56-B-232,Hazelwood,R1D-H,1656,private,2700,townhome,2,False,,,,high_risk,not_allowed,,,,,,,,,,,,,,19% of lot on 25%+ slope,medium,,-79.943606,40.412647
0056B00232000000,56-B-232,Hazelwood,R1D-H,1656,private,2700,walkup,4,False,,,,high_risk,not_allowed,,,,,,,,,,,,,,19% of lot on 25%+ slope,medium,,-79.943606,40.412647
0056B00233000000,56-B-233,Hazelwood,R1D-H,1688,private,2700,single_family,1,True,36.8,42.6,48.1,high_risk,by_right,1.0,1.0,1.0,by_right,4.4,5.4,6.5,65177,97793,131676,-399227,-316347,-235289,19% of lot on 25%+ slope,medium,,-79.94359,40.412606
0056B00233000000,56-B-233,Hazelwood,R1D-H,1688,private,2700,duplex,2,False,,,,high_risk,not_allowed,,,,,,,,,,,,,,19% of lot on 25%+ slope,medium,,-79.94359,40.412606
0056B00233000000,56-B-233,Hazelwood,R1D-H,1688,private,2700,triplex,3,False,,,,high_risk,not_allowed,,,,,,,,,,,,,,19% of lot on 25%+ slope,medium,,-79.94359,40.412606
0056B00233000000,56-B-233,Hazelwood,R1D-H,1688,private,2700,townhome,2,False,,,,high_risk,not_allowed,,,,,,,,,,,,,,19% of lot on 25%+ slope,medium,,-79.94359,40.412606
0056B00233000000,56-B-233,Hazelwood,R1D-H,1688,private,2700,walkup,4,False,,,,high_risk,not_allowed,,,,,,,,,,,,,,19% of lot on 25%+ slope,medium,,-79.94359,40.412606
0056B00246000000,56-B-246,Hazelwood,R1D-H,4127,private,3400,single_family,1,True,45.1,49.2,53.1,high_risk,by_right,1.0,1.0,1.0,by_right,4.5,5.9,7.3,36182,55149,73667,-405050,-318111,-229045,21% of lot on 25%+ slope,medium,,-79.943074,40.411816
0056B00246000000,56-B-246,Hazelwood,R1D-H,4127,private,3400,duplex,2,False,,,,high_risk,not_allowed,,,,,,,,,,,,,,21% of lot on 25%+ slope,medium,,-79.943074,40.411816
0056B00246000000,56-B-246,Hazelwood,R1D-H,4127,private,3400,triplex,3,False,,,,high_risk,not_allowed,,,,,,,,,,,,,,21% of lot on 25%+ slope,medium,,-79.943074,40.411816
0056B00246000000,56-B-246,Hazelwood,R1D-H,4127,private,3400,townhome,2,False,44.2,47.0,49.9,high_risk,special_exception+subdivision,0.83,0.885,0.93,model+placeholder,7.9,9.5,11.0,35768,54345,72533,-688020,-535231,-388806,21% of lot on 25%+ slope,medium,,-79.943074,40.411816
0056B00246000000,56-B-246,Hazelwood,R1D-H,4127,private,3400,walkup,4,False,,,,high_risk,not_allowed,,,,,,,,,,,,,,21% of lot on 25%+ slope,medium,,-79.943074,40.411816
0056B00247000000,56-B-247,Hazelwood,R1D-H,1609,city,400,single_family,1,True,41.2,44.3,47.2,high_risk,variance,0.827,0.9,0.944,model,6.3,7.7,9.3,45852,54229,63021,-395593,-316069,-234691,"$26,866 in tax liens",medium,,-79.94318,40.411802
0056B00247000000,56-B-247,Hazelwood,R1D-H,1609,city,400,duplex,2,False,,,,high_risk,not_allowed,,,,,,,,,,,,,,"$26,866 in tax liens",medium,,-79.94318,40.411802
0056B00247000000,56-B-247,Hazelwood,R1D-H,1609,city,400,triplex,3,False,,,,high_risk,not_allowed,,,,,,,,,,,,,,"$26,866 in tax liens",medium,,-79.94318,40.411802
0056B00247000000,56-B-247,Hazelwood,R1D-H,1609,city,400,townhome,2,False,,,,high_risk,not_allowed,,,,,,,,,,,,,,"$26,866 in tax liens",medium,,-79.94318,40.411802
0056B00247000000,56-B-247,Hazelwood,R1D-H,1609,city,400,walkup,4,False,,,,high_risk,not_allowed,,,,,,,,,,,,,,"$26,866 in tax liens",medium,,-79.94318,40.411802
0056B00248000000,56-B-248,Hazelwood,R1D-H,1751,city,2700,single_family,1,True,51.5,54.1,56.8,feasible_with_conditions,by_right,1.0,1.0,1.0,by_right,4.4,5.8,7.3,20800,29146,37828,-382668,-298573,-215000,"$1,513 in tax liens",medium,,-79.943241,40.411792
0056B00248000000,56-B-248,Hazelwood,R1D-H,1751,city,2700,duplex,2,False,,,,high_risk,not_allowed,,,,,,,,,,,,,,"$1,513 in tax liens",medium,,-79.943241,40.411792
0056B00248000000,56-B-248,Hazelwood,R1D-H,1751,city,2700,triplex,3,False,,,,high_risk,not_allowed,,,,,,,,,,,,,,"$1,513 in tax liens",medium,,-79.943241,40.411792
0056B00248000000,56-B-248,Hazelwood,R1D-H,1751,city,2700,townhome,2,False,,,,high_risk,not_allowed,,,,,,,,,,,,,,"$1,513 in tax liens",medium,,-79.943241,40.411792
0056B00248000000,56-B-248,Hazelwood,R1D-H,1751,city,2700,walkup,4,False,,,,high_risk,not_allowed,,,,,,,,,,,,,,"$1,513 in tax liens",medium,,-79.943241,40.411792
0056B00252000000,56-B-252,Hazelwood,R1D-H,2828,city,3200,single_family,1,True,50.9,53.4,56.0,feasible_with_conditions,by_right,1.0,1.0,1.0,by_right,4.4,5.8,7.4,26064,32470,38728,-379896,-302398,-215323,"$17,309 in tax liens",medium,,-79.94358,40.411732
0056B00252000000,56-B-252,Hazelwood,R1D-H,2828,city,3200,duplex,2,False,,,,high_risk,not_allowed,,,,,,,,,,,,,,"$17,309 in tax liens",medium,,-79.94358,40.411732
0056B00252000000,56-B-252,Hazelwood,R1D-H,2828,city,3200,triplex,3,False,,,,high_risk,not_allowed,,,,,,,,,,,,,,"$17,309 in tax liens",medium,,-79.94358,40.411732
0056B00252000000,56-B-252,Hazelwood,R1D-H,2828,city,3200,townhome,2,False,,,,high_risk,not_allowed,,,,,,,,,,,,,,"$17,309 in tax liens",medium,,-79.94358,40.411732
0056B00252000000,56-B-252,Hazelwood,R1D-H,2828,city,3200,walkup,4,False,,,,high_risk,not_allowed,,,,,,,,,,,,,,"$17,309 in tax liens",medium,,-79.94358,40.411732
0056B00254000000,56-B-254,Hazelwood,R1D-H,4792,city,1900,single_family,1,True,54.6,57.0,59.5,feasible_with_conditions,by_right,1.0,1.0,1.0,by_right,4.4,5.8,7.4,8799,15206,21464,-364661,-287240,-200120,$45 in tax liens,medium,,-79.943721,40.411712
0056B00254000000,56-B-254,Hazelwood,R1D-H,4792,city,1900,duplex,2,False,,,,high_risk,not_allowed,,,,,,,,,,,,,,$45 in tax liens,medium,,-79.943721,40.411712
0056B00254000000,56-B-254,Hazelwood,R1D-H,4792,city,1900,triplex,3,False,,,,high_risk,not_allowed,,,,,,,,,,,,,,$45 in tax liens,medium,,-79.943721,40.411712
0056B00254000000,56-B-254,Hazelwood,R1D-H,4792,city,1900,townhome,3,False,50.0,52.1,54.0,feasible_with_conditions,special_exception+subdivision,0.83,0.885,0.93,model+placeholder,8.0,9.5,11.0,8983,14905,21075,-971984,-761120,-530330,$45 in tax liens,medium,,-79.943721,40.411712
0056B00254000000,56-B-254,Hazelwood,R1D-H,4792,city,1900,walkup,4,False,,,,high_risk,not_allowed,,,,,,,,,,,,,,$45 in tax liens,medium,,-79.943721,40.411712
0056B00269000000,56-B-269,Hazelwood,R1D-H,8328,private,4300,single_family,1,True,47.8,51.8,55.4,feasible_with_conditions,by_right,1.0,1.0,1.0,by_right,3.9,5.1,6.4,30042,46950,63969,-348195,-273366,-193912,1 DEP record(s) within 250 ft (nearest 232 ft: storage tank inactive),medium,,-79.944,40.412575
0056B00269000000,56-B-269,Hazelwood,R1D-H,8328,private,4300,duplex,2,False,,,,high_risk,not_allowed,,,,,,,,,,,,,,1 DEP record(s) within 250 ft (nearest 232 ft: storage tank inactive),medium,,-79.944,40.412575
0056B00269000000,56-B-269,Hazelwood,R1D-H,8328,private,4300,triplex,3,False,,,,high_risk,not_allowed,,,,,,,,,,,,,,1 DEP record(s) within 250 ft (nearest 232 ft: storage tank inactive),medium,,-79.944,40.412575
0056B00269000000,56-B-269,Hazelwood,R1D-H,8328,private,4300,townhome,4,False,48.4,50.5,52.6,feasible_with_conditions,special_exception+subdivision,0.83,0.885,0.93,model+placeholder,8.0,9.5,11.0,30238,46000,62539,-1145546,-873914,-598451,1 DEP record(s) within 250 ft (nearest 232 ft: storage tank inactive),medium,,-79.944,40.412575
0056B00269000000,56-B-269,Hazelwood,R1D-H,8328,private,4300,walkup,4,False,,,,high_risk,not_allowed,,,,,,,,,,,,,,1 DEP record(s) within 250 ft (nearest 232 ft: storage tank inactive),medium,,-79.944,40.412575
0056B00294000000,56-B-294,Hazelwood,R1D-H,3034,private,700,single_family,1,True,49.1,52.7,56.4,feasible_with_conditions,by_right,1.0,1.0,1.0,by_right,4.7,6.0,7.4,19130,34816,49860,-347067,-268674,-187713,1 DEP record(s) within 250 ft (nearest 83 ft: storage tank inactive),medium,,-79.944549,40.412508
0056B00294000000,56-B-294,Hazelwood,R1D-H,3034,private,700,duplex,2,False,,,,high_risk,not_allowed,,,,,,,,,,,,,,1 DEP record(s) within 250 ft (nearest 83 ft: storage tank inactive),medium,,-79.944549,40.412508
0056B00294000000,56-B-294,Hazelwood,R1D-H,3034,private,700,triplex,3,False,,,,high_risk,not_allowed,,,,,,,,,,,,,,1 DEP record(s) within 250 ft (nearest 83 ft: storage tank inactive),medium,,-79.944549,40.412508
0056B00294000000,56-B-294,Hazelwood,R1D-H,3034,private,700,townhome,2,False,,,,high_risk,not_allowed,,,,,,,,,,,,,,1 DEP record(s) within 250 ft (nearest 83 ft: storage tank inactive),medium,,-79.944549,40.412508
0056B00294000000,56-B-294,Hazelwood,R1D-H,3034,private,700,walkup,4,False,,,,high_risk,not_allowed,,,,,,,,,,,,,,1 DEP record(s) within 250 ft (nearest 83 ft: storage tank inactive),medium,,-79.944549,40.412508
0056B00298000000,56-B-298,Hazelwood,R1D-H,5244,private,2000,single_family,1,True,47.8,51.8,55.4,feasible_with_conditions,by_right,1.0,1.0,1.0,by_right,3.9,5.1,6.4,30042,46950,63969,-368774,-290212,-205718,3 DEP record(s) within 250 ft (nearest 123 ft: storage tank inactive),medium,,-79.944418,40.412258
0056B00298000000,56-B-298,Hazelwood,R1D-H,5244,private,2000,duplex,2,False,,,,high_risk,not_allowed,,,,,,,,,,,,,,3 DEP record(s) within 250 ft (nearest 123 ft: storage tank inactive),medium,,-79.944418,40.412258
0056B00298000000,56-B-298,Hazelwood,R1D-H,5244,private,2000,triplex,3,False,,,,high_risk,not_allowed,,,,,,,,,,,,,,3 DEP record(s) within 250 ft (nearest 123 ft: storage tank inactive),medium,,-79.944418,40.412258
0056B00298000000,56-B-298,Hazelwood,R1D-H,5244,private,2000,townhome,2,False,45.3,47.9,50.6,high_risk,special_exception+subdivision,0.83,0.885,0.93,model+placeholder,8.0,9.5,11.0,30238,46000,62539,-635921,-489074,-341578,3 DEP record(s) within 250 ft (nearest 123 ft: storage tank inactive),medium,,-79.944418,40.412258
0056B00298000000,56-B-298,Hazelwood,R1D-H,5244,private,2000,walkup,4,False,,,,high_risk,not_allowed,,,,,,,,,,,,,,3 DEP record(s) within 250 ft (nearest 123 ft: storage tank inactive),medium,,-79.944418,40.412258
0056B00303000000,56-B-303,Hazelwood,R1D-H,1936,city,2700,single_family,1,True,47.7,51.3,54.9,feasible_with_conditions,by_right,1.0,1.0,1.0,by_right,4.7,6.0,7.4,26617,42303,57348,-367293,-284257,-198283,3 DEP record(s) within 250 ft (nearest 173 ft: storage tank inactive),medium,,-79.944286,40.411997
0056B00303000000,56-B-303,Hazelwood,R1D-H,1936,city,2700,duplex,2,False,,,,high_risk,not_allowed,,,,,,,,,,,,,,3 DEP record(s) within 250 ft (nearest 173 ft: storage tank inactive),medium,,-79.944286,40.411997
0056B00303000000,56-B-303,Hazelwood,R1D-H,1936,city,2700,triplex,3,False,,,,high_risk,not_allowed,,,,,,,,,,,,,,3 DEP record(s) within 250 ft (nearest 173 ft: storage tank inactive),medium,,-79.944286,40.411997
0056B00303000000,56-B-303,Hazelwood,R1D-H,1936,city,2700,townhome,2,False,,,,high_risk,not_allowed,,,,,,,,,,,,,,3 DEP record(s) within 250 ft (nearest 173 ft: storage tank inactive),medium,,-79.944286,40.411997
0056B00303000000,56-B-303,Hazelwood,R1D-H,1936,city,2700,walkup,4,False,,,,high_risk,not_allowed,,,,,,,,,,,,,,3 DEP record(s) within 250 ft (nearest 173 ft: storage tank inactive),medium,,-79.944286,40.411997
0056B00304000000,56-B-304,Hazelwood,R1D-H,1623,city,2700,single_family,1,True,47.5,51.1,54.7,feasible_with_conditions,by_right,1.0,1.0,1.0,by_right,4.7,6.0,7.4,27803,43490,58534,-368330,-285301,-199292,3 DEP record(s) within 250 ft (nearest 168 ft: storage tank inactive),medium,,-79.944269,40.411952
0056B00304000000,56-B-304,Hazelwood,R1D-H,1623,city,2700,duplex,2,False,,,,high_risk,not_allowed,,,,,,,,,,,,,,3 DEP record(s) within 250 ft (nearest 168 ft: storage tank inactive),medium,,-79.944269,40.411952
0056B00304000000,56-B-304,Hazelwood,R1D-H,1623,city,2700,triplex,3,False,,,,high_risk,not_allowed,,,,,,,,,,,,,,3 DEP record(s) within 250 ft (nearest 168 ft: storage tank inactive),medium,,-79.944269,40.411952
0056B00304000000,56-B-304,Hazelwood,R1D-H,1623,city,2700,townhome,2,False,,,,high_risk,not_allowed,,,,,,,,,,,,,,3 DEP record(s) within 250 ft (nearest 168 ft: storage tank inactive),medium,,-79.944269,40.411952
0056B00304000000,56-B-304,Hazelwood,R1D-H,1623,city,2700,walkup,4,False,,,,high_risk,not_allowed,,,,,,,,,,,,,,3 DEP record(s) within 250 ft (nearest 168 ft: storage tank inactive),medium,,-79.944269,40.411952
0056B00305000000,56-B-305,Hazelwood,R1D-H,1862,city,2700,single_family,1,True,47.5,51.1,54.8,feasible_with_conditions,by_right,1.0,1.0,1.0,by_right,4.7,6.0,7.4,27470,43156,58200,-368038,-285005,-199008,2 DEP record(s) within 250 ft (nearest 164 ft: storage tank inactive),medium,,-79.944246,40.41191
0056B00305000000,56-B-305,Hazelwood,R1D-H,1862,city,2700,duplex,2,False,,,,high_risk,not_allowed,,,,,,,,,,,,,,2 DEP record(s) within 250 ft (nearest 164 ft: storage tank inactive),medium,,-79.944246,40.41191
0056B00305000000,56-B-305,Hazelwood,R1D-H,1862,city,2700,triplex,3,False,,,,high_risk,not_allowed,,,,,,,,,,,,,,2 DEP record(s) within 250 ft (nearest 164 ft: storage tank inactive),medium,,-79.944246,40.41191
0056B00305000000,56-B-305,Hazelwood,R1D-H,1862,city,2700,townhome,2,False,,,,high_risk,not_allowed,,,,,,,,,,,,,,2 DEP record(s) within 250 ft (nearest 164 ft: storage tank inactive),medium,,-79.944246,40.41191
0056B00305000000,56-B-305,Hazelwood,R1D-H,1862,city,2700,walkup,4,False,,,,high_risk,not_allowed,,,,,,,,,,,,,,2 DEP record(s) within 250 ft (nearest 164 ft: storage tank inactive),medium,,-79.944246,40.41191
0056B00306000000,56-B-306,Hazelwood,R1D-H,1429,city,400,single_family,1,True,42.1,45.9,49.7,high_risk,variance,0.827,0.9,0.944,model,6.3,7.6,9.3,30475,45863,61135,-374421,-290664,-207374,2 DEP record(s) within 250 ft (nearest 162 ft: storage tank inactive),medium,,-79.944226,40.411869
0056B00306000000,56-B-306,Hazelwood,R1D-H,1429,city,400,duplex,2,False,,,,high_risk,not_allowed,,,,,,,,,,,,,,2 DEP record(s) within 250 ft (nearest 162 ft: storage tank inactive),medium,,-79.944226,40.411869
0056B00306000000,56-B-306,Hazelwood,R1D-H,1429,city,400,triplex,3,False,,,,high_risk,not_allowed,,,,,,,,,,,,,,2 DEP record(s) within 250 ft (nearest 162 ft: storage tank inactive),medium,,-79.944226,40.411869
0056B00306000000,56-B-306,Hazelwood,R1D-H,1429,city,400,townhome,2,False,,,,high_risk,not_allowed,,,,,,,,,,,,,,2 DEP record(s) within 250 ft (nearest 162 ft: storage tank inactive),medium,,-79.944226,40.411869
0056B00306000000,56-B-306,Hazelwood,R1D-H,1429,city,400,walkup,4,False,,,,high_risk,not_allowed,,,,,,,,,,,,,,2 DEP record(s) within 250 ft (nearest 162 ft: storage tank inactive),medium,,-79.944226,40.411869
0056B00307000000,56-B-307,Hazelwood,R1D-H,1351,city,400,single_family,1,True,42.8,46.6,50.5,high_risk,variance,0.827,0.9,0.944,model,6.3,7.6,9.3,26542,41930,57202,-378622,-295634,-210353,2 DEP record(s) within 250 ft (nearest 161 ft: storage tank inactive),medium,,-79.944197,40.411838
0056B00307000000,56-B-307,Hazelwood,R1D-H,1351,city,400,duplex,2,False,,,,high_risk,not_allowed,,,,,,,,,,,,,,2 DEP record(s) within 250 ft (nearest 161 ft: storage tank inactive),medium,,-79.944197,40.411838
0056B00307000000,56-B-307,Hazelwood,R1D-H,1351,city,400,triplex,3,False,,,,high_risk,not_allowed,,,,,,,,,,,,,,2 DEP record(s) within 250 ft (nearest 161 ft: storage tank inactive),medium,,-79.944197,40.411838
0056B00307000000,56-B-307,Hazelwood,R1D-H,1351,city,400,townhome,2,False,,,,high_risk,not_allowed,,,,,,,,,,,,,,2 DEP record(s) within 250 ft (nearest 161 ft: storage tank inactive),medium,,-79.944197,40.411838
0056B00307000000,56-B-307,Hazelwood,R1D-H,1351,city,400,walkup,4,False,,,,high_risk,not_allowed,,,,,,,,,,,,,,2 DEP record(s) within 250 ft (nearest 161 ft: storage tank inactive),medium,,-79.944197,40.411838
0056B00311000000,56-B-311,Hazelwood,LNC,1669,private,800,single_family,,False,,,,high_risk,not_allowed,,,,,,,,,,,,,,Parcel spans more than one district or has uncovered rules,medium,,-79.944831,40.412242
0056B00311000000,56-B-311,Hazelwood,LNC,1669,private,800,duplex,,False,,,,high_risk,not_allowed,,,,,,,,,,,,,,Parcel spans more than one district or has uncovered rules,medium,,-79.944831,40.412242
0056B00311000000,56-B-311,Hazelwood,LNC,1669,private,800,triplex,,False,,,,high_risk,not_allowed,,,,,,,,,,,,,,Parcel spans more than one district or has uncovered rules,medium,,-79.944831,40.412242
0056B00311000000,56-B-311,Hazelwood,LNC,1669,private,800,townhome,,False,,,,high_risk,not_allowed,,,,,,,,,,,,,,Parcel spans more than one district or has uncovered rules,medium,,-79.944831,40.412242
0056B00311000000,56-B-311,Hazelwood,LNC,1669,private,800,walkup,,False,,,,high_risk,not_allowed,,,,,,,,,,,,,,Parcel spans more than one district or has uncovered rules,medium,,-79.944831,40.412242
0056B00312000000,56-B-312,Hazelwood,LNC,1815,private,800,single_family,,False,,,,high_risk,not_allowed,,,,,,,,,,,,,,Parcel spans more than one district or has uncovered rules,medium,,-79.944815,40.412176
0056B00312000000,56-B-312,Hazelwood,LNC,1815,private,800,duplex,,False,,,,high_risk,not_allowed,,,,,,,,,,,,,,Parcel spans more than one district or has uncovered rules,medium,,-79.944815,40.412176
0056B00312000000,56-B-312,Hazelwood,LNC,1815,private,800,triplex,,False,,,,high_risk,not_allowed,,,,,,,,,,,,,,Parcel spans more than one district or has uncovered rules,medium,,-79.944815,40.412176
0056B00312000000,56-B-312,Hazelwood,LNC,1815,private,800,townhome,,False,,,,high_risk,not_allowed,,,,,,,,,,,,,,Parcel spans more than one district or has uncovered rules,medium,,-79.944815,40.412176
0056B00312000000,56-B-312,Hazelwood,LNC,1815,private,800,walkup,,False,,,,high_risk,not_allowed,,,,,,,,,,,,,,Parcel spans more than one district or has uncovered rules,medium,,-79.944815,40.412176
0056B00313000000,56-B-313,Hazelwood,LNC,2166,private,500,single_family,,False,,,,high_risk,not_allowed,,,,,,,,,,,,,,Parcel spans more than one district or has uncovered rules,medium,,-79.944798,40.412108
0056B00313000000,56-B-313,Hazelwood,LNC,2166,private,500,duplex,,False,,,,high_risk,not_allowed,,,,,,,,,,,,,,Parcel spans more than one district or has uncovered rules,medium,,-79.944798,40.412108
0056B00313000000,56-B-313,Hazelwood,LNC,2166,private,500,triplex,,False,,,,high_risk,not_allowed,,,,,,,,,,,,,,Parcel spans more than one district or has uncovered rules,medium,,-79.944798,40.412108
0056B00313000000,56-B-313,Hazelwood,LNC,2166,private,500,townhome,,False,,,,high_risk,not_allowed,,,,,,,,,,,,,,Parcel spans more than one district or has uncovered rules,medium,,-79.944798,40.412108
0056B00313000000,56-B-313,Hazelwood,LNC,2166,private,500,walkup,,False,,,,high_risk,not_allowed,,,,,,,,,,,,,,Parcel spans more than one district or has uncovered rules,medium,,-79.944798,40.412108
0056B00318000000,56-B-318,Hazelwood,LNC,2352,city,1000,single_family,,False,,,,high_risk,not_allowed,,,,,,,,,,,,,,Parcel spans more than one district or has uncovered rules,medium,,-79.944664,40.411798
0056B00318000000,56-B-318,Hazelwood,LNC,2352,city,1000,duplex,,False,,,,high_risk,not_allowed,,,,,,,,,,,,,,Parcel spans more than one district or has uncovered rules,medium,,-79.944664,40.411798
0056B00318000000,56-B-318,Hazelwood,LNC,2352,city,1000,triplex,,False,,,,high_risk,not_allowed,,,,,,,,,,,,,,Parcel spans more than one district or has uncovered rules,medium,,-79.944664,40.411798
0056B00318000000,56-B-318,Hazelwood,LNC,2352,city,1000,townhome,,False,,,,high_risk,not_allowed,,,,,,,,,,,,,,Parcel spans more than one district or has uncovered rules,medium,,-79.944664,40.411798
0056B00318000000,56-B-318,Hazelwood,LNC,2352,city,1000,walkup,,False,,,,high_risk,not_allowed,,,,,,,,,,,,,,Parcel spans more than one district or has uncovered rules,medium,,-79.944664,40.411798
0056B00323000000,56-B-323,Hazelwood,LNC,5993,private,4100,single_family,,False,,,,high_risk,not_allowed,,,,,,,,,,,,,,Parcel spans more than one district or has uncovered rules,medium,,-79.944471,40.411516
0056B00323000000,56-B-323,Hazelwood,LNC,5993,private,4100,duplex,,False,,,,high_risk,not_allowed,,,,,,,,,,,,,,Parcel spans more than one district or has uncovered rules,medium,,-79.944471,40.411516
0056B00323000000,56-B-323,Hazelwood,LNC,5993,private,4100,triplex,,False,,,,high_risk,not_allowed,,,,,,,,,,,,,,Parcel spans more than one district or has uncovered rules,medium,,-79.944471,40.411516
0056B00323000000,56-B-323,Hazelwood,LNC,5993,private,4100,townhome,,False,,,,high_risk,not_allowed,,,,,,,,,,,,,,Parcel spans more than one district or has uncovered rules,medium,,-79.944471,40.411516
0056B00323000000,56-B-323,Hazelwood,LNC,5993,private,4100,walkup,,False,,,,high_risk,not_allowed,,,,,,,,,,,,,,Parcel spans more than one district or has uncovered rules,medium,,-79.944471,40.411516
0056B00336000000,56-B-336,Hazelwood,R1D-H,2866,private,700,single_family,1,True,42.4,48.0,53.4,high_risk,by_right,1.0,1.0,1.0,by_right,4.8,6.0,7.3,31749,60649,88826,-413950,-326431,-239905,100% of lot landslide-prone,high,,-79.94248,40.411455
0056B00336000000,56-B-336,Hazelwood,R1D-H,2866,private,700,duplex,2,False,,,,high_risk,not_allowed,,,,,,,,,,,,,,100% of lot landslide-prone,high,,-79.94248,40.411455
0056B00336000000,56-B-336,Hazelwood,R1D-H,2866,private,700,triplex,3,False,,,,high_risk,not_allowed,,,,,,,,,,,,,,100% of lot landslide-prone,high,,-79.94248,40.411455
0056B00336000000,56-B-336,Hazelwood,R1D-H,2866,private,700,townhome,2,False,,,,high_risk,not_allowed,,,,,,,,,,,,,,100% of lot landslide-prone,high,,-79.94248,40.411455
0056B00336000000,56-B-336,Hazelwood,R1D-H,2866,private,700,walkup,4,False,,,,high_risk,not_allowed,,,,,,,,,,,,,,100% of lot landslide-prone,high,,-79.94248,40.411455
0056B00337000000,56-B-337,Hazelwood,R1D-H,2957,private,700,single_family,1,True,41.3,46.8,52.0,high_risk,by_right,1.0,1.0,1.0,by_right,4.2,5.3,6.5,44396,72678,101527,-424126,-339317,-251957,100% of lot landslide-prone,high,,-79.942392,40.411471
0056B00337000000,56-B-337,Hazelwood,R1D-H,2957,private,700,duplex,2,False,,,,high_risk,not_allowed,,,,,,,,,,,,,,100% of lot landslide-prone,high,,-79.942392,40.411471
0056B00337000000,56-B-337,Hazelwood,R1D-H,2957,private,700,triplex,3,False,,,,high_risk,not_allowed,,,,,,,,,,,,,,100% of lot landslide-prone,high,,-79.942392,40.411471
0056B00337000000,56-B-337,Hazelwood,R1D-H,2957,private,700,townhome,2,False,,,,high_risk,not_allowed,,,,,,,,,,,,,,100% of lot landslide-prone,high,,-79.942392,40.411471
0056B00337000000,56-B-337,Hazelwood,R1D-H,2957,private,700,walkup,4,False,,,,high_risk,not_allowed,,,,,,,,,,,,,,100% of lot landslide-prone,high,,-79.942392,40.411471
0056B00338000000,56-B-338,Hazelwood,R1D-H,1432,private,600,single_family,1,True,32.2,38.4,44.5,high_risk,variance,0.909,0.959,0.982,model,6.2,7.7,9.3,64017,97082,129959,-437668,-354467,-269875,100% of lot landslide-prone,high,,-79.942326,40.411484
0056B00338000000,56-B-338,Hazelwood,R1D-H,1432,private,600,duplex,2,False,,,,high_risk,not_allowed,,,,,,,,,,,,,,100% of lot landslide-prone,high,,-79.942326,40.411484
0056B00338000000,56-B-338,Hazelwood,R1D-H,1432,private,600,triplex,3,False,,,,high_risk,not_allowed,,,,,,,,,,,,,,100% of lot landslide-prone,high,,-79.942326,40.411484
0056B00338000000,56-B-338,Hazelwood,R1D-H,1432,private,600,townhome,2,False,,,,high_risk,not_allowed,,,,,,,,,,,,,,100% of lot landslide-prone,high,,-79.942326,40.411484
0056B00338000000,56-B-338,Hazelwood,R1D-H,1432,private,600,walkup,4,False,,,,high_risk,not_allowed,,,,,,,,,,,,,,100% of lot landslide-prone,high,,-79.942326,40.411484
0056C00004000000,56-C-4,Hazelwood,H,3003,city,3200,single_family,1,True,20.9,27.6,35.3,high_risk,administrator_exception,0.732,0.792,0.848,placeholder,5.3,6.5,7.6,103209,154920,204091,-469648,-379509,-287619,99% of lot on 25%+ slope,high,,-79.937892,40.411526
0056C00004000000,56-C-4,Hazelwood,H,3003,city,3200,duplex,2,False,,,,high_risk,not_allowed,,,,,,,,,,,,,,99% of lot on 25%+ slope,high,,-79.937892,40.411526
0056C00004000000,56-C-4,Hazelwood,H,3003,city,3200,triplex,3,False,,,,high_risk,not_allowed,,,,,,,,,,,,,,99% of lot on 25%+ slope,high,,-79.937892,40.411526
0056C00004000000,56-C-4,Hazelwood,H,3003,city,3200,townhome,2,False,,,,high_risk,not_allowed,,,,,,,,,,,,,,99% of lot on 25%+ slope,high,,-79.937892,40.411526
0056C00004000000,56-C-4,Hazelwood,H,3003,city,3200,walkup,4,False,,,,high_risk,not_allowed,,,,,,,,,,,,,,99% of lot on 25%+ slope,high,,-79.937892,40.411526
0056C00005000000,56-C-5,Hazelwood,H,2757,city,1200,single_family,1,True,21.0,27.7,35.5,high_risk,administrator_exception,0.732,0.792,0.848,placeholder,5.3,6.5,7.6,102066,153777,202948,-468634,-378520,-286616,100% of lot on 25%+ slope,high,,-79.937806,40.411542
0056C00005000000,56-C-5,Hazelwood,H,2757,city,1200,duplex,2,False,,,,high_risk,not_allowed,,,,,,,,,,,,,,100% of lot on 25%+ slope,high,,-79.937806,40.411542
0056C00005000000,56-C-5,Hazelwood,H,2757,city,1200,triplex,3,False,,,,high_risk,not_allowed,,,,,,,,,,,,,,100% of lot on 25%+ slope,high,,-79.937806,40.411542
0056C00005000000,56-C-5,Hazelwood,H,2757,city,1200,townhome,2,False,,,,high_risk,not_allowed,,,,,,,,,,,,,,100% of lot on 25%+ slope,high,,-79.937806,40.411542
0056C00005000000,56-C-5,Hazelwood,H,2757,city,1200,walkup,4,False,,,,high_risk,not_allowed,,,,,,,,,,,,,,100% of lot on 25%+ slope,high,,-79.937806,40.411542
0056C00006000000,56-C-6,Hazelwood,H,2356,city,700,single_family,1,True,21.0,27.7,35.5,high_risk,administrator_exception,0.732,0.792,0.848,placeholder,5.3,6.5,7.6,102061,153771,202942,-468629,-378515,-286611,100% of lot on 25%+ slope,high,,-79.937717,40.411542
0056C00006000000,56-C-6,Hazelwood,H,2356,city,700,duplex,2,False,,,,high_risk,not_allowed,,,,,,,,,,,,,,100% of lot on 25%+ slope,high,,-79.937717,40.411542
0056C00006000000,56-C-6,Hazelwood,H,2356,city,700,triplex,3,False,,,,high_risk,not_allowed,,,,,,,,,,,,,,100% of lot on 25%+ slope,high,,-79.937717,40.411542
0056C00006000000,56-C-6,Hazelwood,H,2356,city,700,townhome,2,False,,,,high_risk,not_allowed,,,,,,,,,,,,,,100% of lot on 25%+ slope,high,,-79.937717,40.411542
0056C00006000000,56-C-6,Hazelwood,H,2356,city,700,walkup,4,False,,,,high_risk,not_allowed,,,,,,,,,,,,,,100% of lot on 25%+ slope,high,,-79.937717,40.411542
0056C00007000000,56-C-7,Hazelwood,H,2167,city,600,single_family,1,True,21.0,27.7,35.5,high_risk,administrator_exception,0.732,0.792,0.848,placeholder,5.3,6.5,7.6,102057,153767,202938,-468625,-378512,-286607,100% of lot on 25%+ slope,high,,-79.937629,40.411546
0056C00007000000,56-C-7,Hazelwood,H,2167,city,600,duplex,2,False,,,,high_risk,not_allowed,,,,,,,,,,,,,,100% of lot on 25%+ slope,high,,-79.937629,40.411546
0056C00007000000,56-C-7,Hazelwood,H,2167,city,600,triplex,3,False,,,,high_risk,not_allowed,,,,,,,,,,,,,,100% of lot on 25%+ slope,high,,-79.937629,40.411546
0056C00007000000,56-C-7,Hazelwood,H,2167,city,600,townhome,2,False,,,,high_risk,not_allowed,,,,,,,,,,,,,,100% of lot on 25%+ slope,high,,-79.937629,40.411546
0056C00007000000,56-C-7,Hazelwood,H,2167,city,600,walkup,4,False,,,,high_risk,not_allowed,,,,,,,,,,,,,,100% of lot on 25%+ slope,high,,-79.937629,40.411546
0056C00008000000,56-C-8,Hazelwood,H,3274,city,3400,single_family,1,True,23.0,30.0,37.7,high_risk,administrator_exception,0.838,0.89,0.934,placeholder,5.3,6.4,7.6,103665,153015,205191,-470479,-377271,-290718,99% of lot on 25%+ slope,high,,-79.937498,40.411546
0056C00008000000,56-C-8,Hazelwood,H,3274,city,3400,duplex,2,False,,,,high_risk,not_allowed,,,,,,,,,,,,,,99% of lot on 25%+ slope,high,,-79.937498,40.411546
0056C00008000000,56-C-8,Hazelwood,H,3274,city,3400,triplex,3,False,,,,high_risk,not_allowed,,,,,,,,,,,,,,99% of lot on 25%+ slope,high,,-79.937498,40.411546
0056C00008000000,56-C-8,Hazelwood,H,3274,city,3400,townhome,2,False,,,,high_risk,not_allowed,,,,,,,,,,,,,,99% of lot on 25%+ slope,high,,-79.937498,40.411546
0056C00008000000,56-C-8,Hazelwood,H,3274,city,3400,walkup,4,False,,,,high_risk,not_allowed,,,,,,,,,,,,,,99% of lot on 25%+ slope,high,,-79.937498,40.411546
0056C00038000000,56-C-38,Hazelwood,R1A-H,1974,city,2900,single_family,1,True,34.6,40.1,46.0,high_risk,by_right,1.0,1.0,1.0,by_right,4.9,6.1,7.3,73189,105780,140106,-428863,-339890,-250862,100% of lot landslide-prone,high,,-79.93898,40.411465
0056C00038000000,56-C-38,Hazelwood,R1A-H,1974,city,2900,duplex,2,False,,,,high_risk,not_allowed,,,,,,,,,,,,,,100% of lot landslide-prone,high,,-79.93898,40.411465
0056C00038000000,56-C-38,Hazelwood,R1A-H,1974,city,2900,triplex,3,False,,,,high_risk,not_allowed,,,,,,,,,,,,,,100% of lot landslide-prone,high,,-79.93898,40.411465
0056C00038000000,56-C-38,Hazelwood,R1A-H,1974,city,2900,townhome,2,False,,,,high_risk,not_allowed,,,,,,,,,,,,,,100% of lot landslide-prone,high,,-79.93898,40.411465
0056C00038000000,56-C-38,Hazelwood,R1A-H,1974,city,2900,walkup,4,False,,,,high_risk,not_allowed,,,,,,,,,,,,,,100% of lot landslide-prone,high,,-79.93898,40.411465
0056C00040000000,56-C-40,Hazelwood,R1A-H,2178,private,2900,single_family,1,True,35.8,41.4,47.3,high_risk,by_right,1.0,1.0,1.0,by_right,4.9,6.1,7.3,65180,97770,132097,-421837,-332850,-243826,100% of lot landslide-prone,high,,-79.938874,40.411524
0056C00040000000,56-C-40,Hazelwood,R1A-H,2178,private,2900,duplex,2,False,,,,high_risk,not_allowed,,,,,,,,,,,,,,100% of lot landslide-prone,high,,-79.938874,40.411524
0056C00040000000,56-C-40,Hazelwood,R1A-H,2178,private,2900,triplex,3,False,,,,high_risk,not_allowed,,,,,,,,,,,,,,100% of lot landslide-prone,high,,-79.938874,40.411524
0056C00040000000,56-C-40,Hazelwood,R1A-H,2178,private,2900,townhome,2,False,,,,high_risk,not_allowed,,,,,,,,,,,,,,100% of lot landslide-prone,high,,-79.938874,40.411524
0056C00040000000,56-C-40,Hazelwood,R1A-H,2178,private,2900,walkup,4,False,,,,high_risk,not_allowed,,,,,,,,,,,,,,100% of lot landslide-prone,high,,-79.938874,40.411524
0056C00041000000,56-C-41,Hazelwood,R1A-H,2055,city,500,single_family,1,True,34.9,40.5,46.3,high_risk,by_right,1.0,1.0,1.0,by_right,4.9,6.1,7.3,70906,103497,137823,-426860,-337887,-248856,100% of lot landslide-prone,high,,-79.938818,40.411548
0056C00041000000,56-C-41,Hazelwood,R1A-H,2055,city,500,duplex,2,False,,,,high_risk,not_allowed,,,,,,,,,,,,,,100% of lot landslide-prone,high,,-79.938818,40.411548
0056C00041000000,56-C-41,Hazelwood,R1A-H,2055,city,500,triplex,3,False,,,,high_risk,not_allowed,,,,,,,,,,,,,,100% of lot landslide-prone,high,,-79.938818,40.411548
0056C00041000000,56-C-41,Hazelwood,R1A-H,2055,city,500,townhome,2,False,,,,high_risk,not_allowed,,,,,,,,,,,,,,100% of lot landslide-prone,high,,-79.938818,40.411548
0056C00041000000,56-C-41,Hazelwood,R1A-H,2055,city,500,walkup,4,False,,,,high_risk,not_allowed,,,,,,,,,,,,,,100% of lot landslide-prone,high,,-79.938818,40.411548
0056C00044000000,56-C-44,Hazelwood,R1A-H,1864,private,500,single_family,1,True,26.1,33.1,40.7,high_risk,by_right,1.0,1.0,1.0,by_right,5.2,6.4,7.5,101959,152936,206750,-473342,-378410,-288491,54% of lot on 25%+ slope,high,,-79.938653,40.411622
0056C00044000000,56-C-44,Hazelwood,R1A-H,1864,private,500,duplex,2,False,,,,high_risk,not_allowed,,,,,,,,,,,,,,54% of lot on 25%+ slope,high,,-79.938653,40.411622
0056C00044000000,56-C-44,Hazelwood,R1A-H,1864,private,500,triplex,3,False,,,,high_risk,not_allowed,,,,,,,,,,,,,,54% of lot on 25%+ slope,high,,-79.938653,40.411622
0056C00044000000,56-C-44,Hazelwood,R1A-H,1864,private,500,townhome,2,False,,,,high_risk,not_allowed,,,,,,,,,,,,,,54% of lot on 25%+ slope,high,,-79.938653,40.411622
0056C00044000000,56-C-44,Hazelwood,R1A-H,1864,private,500,walkup,4,False,,,,high_risk,not_allowed,,,,,,,,,,,,,,54% of lot on 25%+ slope,high,,-79.938653,40.411622
0056C00046000000,56-C-46,Hazelwood,R1A-H,2092,private,2800,single_family,1,True,24.2,29.3,36.4,high_risk,by_right,1.0,1.0,1.0,by_right,5.2,6.4,7.5,131130,182107,235920,-498853,-404045,-313874,55% of lot on 25%+ slope,high,,-79.938537,40.411674
0056C00046000000,56-C-46,Hazelwood,R1A-H,2092,private,2800,duplex,2,False,,,,high_risk,not_allowed,,,,,,,,,,,,,,55% of lot on 25%+ slope,high,,-79.938537,40.411674
0056C00046000000,56-C-46,Hazelwood,R1A-H,2092,private,2800,triplex,3,False,,,,high_risk,not_allowed,,,,,,,,,,,,,,55% of lot on 25%+ slope,high,,-79.938537,40.411674
0056C00046000000,56-C-46,Hazelwood,R1A-H,2092,private,2800,townhome,2,False,,,,high_risk,not_allowed,,,,,,,,,,,,,,55% of lot on 25%+ slope,high,,-79.938537,40.411674
0056C00046000000,56-C-46,Hazelwood,R1A-H,2092,private,2800,walkup,4,False,,,,high_risk,not_allowed,,,,,,,,,,,,,,55% of lot on 25%+ slope,high,,-79.938537,40.411674
0056C00049000000,56-C-49,Hazelwood,R1A-H,1931,private,2800,single_family,1,True,26.3,33.4,41.2,high_risk,by_right,1.0,1.0,1.0,by_right,4.9,6.1,7.3,101361,153650,205878,-468786,-381109,-287657,59% of lot on 25%+ slope,high,,-79.938411,40.411731
0056C00049000000,56-C-49,Hazelwood,R1A-H,1931,private,2800,duplex,2,False,,,,high_risk,not_allowed,,,,,,,,,,,,,,59% of lot on 25%+ slope,high,,-79.938411,40.411731
0056C00049000000,56-C-49,Hazelwood,R1A-H,1931,private,2800,triplex,3,False,,,,high_risk,not_allowed,,,,,,,,,,,,,,59% of lot on 25%+ slope,high,,-79.938411,40.411731
0056C00049000000,56-C-49,Hazelwood,R1A-H,1931,private,2800,townhome,2,False,,,,high_risk,not_allowed,,,,,,,,,,,,,,59% of lot on 25%+ slope,high,,-79.938411,40.411731
0056C00049000000,56-C-49,Hazelwood,R1A-H,1931,private,2800,walkup,4,False,,,,high_risk,not_allowed,,,,,,,,,,,,,,59% of lot on 25%+ slope,high,,-79.938411,40.411731
0056C00054000000,56-C-54,Hazelwood,R1A-H,2334,city,2800,single_family,1,True,25.6,32.4,40.0,high_risk,by_right,1.0,1.0,1.0,by_right,5.2,6.4,7.5,106532,157509,211323,-458348,-367905,-281461,62% of lot on 25%+ slope,high,,-79.938145,40.41185
0056C00054000000,56-C-54,Hazelwood,R1A-H,2334,city,2800,duplex,2,False,,,,high_risk,not_allowed,,,,,,,,,,,,,,62% of lot on 25%+ slope,high,,-79.938145,40.41185
0056C00054000000,56-C-54,Hazelwood,R1A-H,2334,city,2800,triplex,3,False,,,,high_risk,not_allowed,,,,,,,,,,,,,,62% of lot on 25%+ slope,high,,-79.938145,40.41185
0056C00054000000,56-C-54,Hazelwood,R1A-H,2334,city,2800,townhome,2,False,,,,high_risk,not_allowed,,,,,,,,,,,,,,62% of lot on 25%+ slope,high,,-79.938145,40.41185
0056C00054000000,56-C-54,Hazelwood,R1A-H,2334,city,2800,walkup,4,False,,,,high_risk,not_allowed,,,,,,,,,,,,,,62% of lot on 25%+ slope,high,,-79.938145,40.41185
0056C00055000000,56-C-55,Hazelwood,R1A-H,1635,city,500,single_family,1,True,26.0,32.9,40.6,high_risk,by_right,1.0,1.0,1.0,by_right,5.2,6.4,7.5,102835,153812,207626,-455161,-364658,-278209,63% of lot on 25%+ slope,high,,-79.938101,40.411882
0056C00055000000,56-C-55,Hazelwood,R1A-H,1635,city,500,duplex,2,False,,,,high_risk,not_allowed,,,,,,,,,,,,,,63% of lot on 25%+ slope,high,,-79.938101,40.411882
0056C00055000000,56-C-55,Hazelwood,R1A-H,1635,city,500,triplex,3,False,,,,high_risk,not_allowed,,,,,,,,,,,,,,63% of lot on 25%+ slope,high,,-79.938101,40.411882
0056C00055000000,56-C-55,Hazelwood,R1A-H,1635,city,500,townhome,2,False,,,,high_risk,not_allowed,,,,,,,,,,,,,,63% of lot on 25%+ slope,high,,-79.938101,40.411882
0056C00055000000,56-C-55,Hazelwood,R1A-H,1635,city,500,walkup,4,False,,,,high_risk,not_allowed,,,,,,,,,,,,,,63% of lot on 25%+ slope,high,,-79.938101,40.411882
0056C00057000000,56-C-57,Hazelwood,R1D-H,2667,private,4100,single_family,1,True,26.3,33.6,41.2,high_risk,by_right,1.0,1.0,1.0,by_right,4.9,6.1,7.3,101821,152797,206611,-458042,-366936,-281245,69% of lot on 25%+ slope,high,,-79.938016,40.411974
0056C00057000000,56-C-57,Hazelwood,R1D-H,2667,private,4100,duplex,2,False,,,,high_risk,not_allowed,,,,,,,,,,,,,,69% of lot on 25%+ slope,high,,-79.938016,40.411974
0056C00057000000,56-C-57,Hazelwood,R1D-H,2667,private,4100,triplex,3,False,,,,high_risk,not_allowed,,,,,,,,,,,,,,69% of lot on 25%+ slope,high,,-79.938016,40.411974
0056C00057000000,56-C-57,Hazelwood,R1D-H,2667,private,4100,townhome,2,False,32.9,38.1,43.1,high_risk,special_exception+subdivision,0.862,0.913,0.949,model+placeholder,7.9,9.5,11.0,101216,151116,202714,-699777,-554125,-419222,69% of lot on 25%+ slope,high,,-79.938016,40.411974
0056C00057000000,56-C-57,Hazelwood,R1D-H,2667,private,4100,walkup,4,False,,,,high_risk,not_allowed,,,,,,,,,,,,,,69% of lot on 25%+ slope,high,,-79.938016,40.411974
0056C00059000000,56-C-59,Hazelwood,R1D-H,7147,city,4100,single_family,1,True,25.5,32.6,39.9,high_risk,by_right,1.0,1.0,1.0,by_right,5.3,6.4,7.6,106033,156510,207919,-457467,-369020,-284990,56% of lot on 25%+ slope,high,,-79.937828,40.411882
0056C00059000000,56-C-59,Hazelwood,R1D-H,7147,city,4100,duplex,2,False,,,,high_risk,not_allowed,,,,,,,,,,,,,,56% of lot on 25%+ slope,high,,-79.937828,40.411882
0056C00059000000,56-C-59,Hazelwood,R1D-H,7147,city,4100,triplex,3,False,,,,high_risk,not_allowed,,,,,,,,,,,,,,56% of lot on 25%+ slope,high,,-79.937828,40.411882
0056C00059000000,56-C-59,Hazelwood,R1D-H,7147,city,4100,townhome,4,False,41.7,45.1,48.3,high_risk,special_exception+subdivision,0.862,0.913,0.949,model+placeholder,7.9,9.5,11.2,105306,154796,206156,-1255825,-980747,-709668,56% of lot on 25%+ slope,high,,-79.937828,40.411882
0056C00059000000,56-C-59,Hazelwood,R1D-H,7147,city,4100,walkup,4,False,,,,high_risk,not_allowed,,,,,,,,,,,,,,56% of lot on 25%+ slope,high,,-79.937828,40.411882
0056C00062000000,56-C-62,Hazelwood,R1D-H,2562,city,600,single_family,1,True,26.0,33.0,40.6,high_risk,by_right,1.0,1.0,1.0,by_right,5.2,6.4,7.5,102582,153559,207373,-456739,-366454,-281190,66% of lot on 25%+ slope,high,,-79.937658,40.411855
0056C00062000000,56-C-62,Hazelwood,R1D-H,2562,city,600,duplex,2,False,,,,high_risk,not_allowed,,,,,,,,,,,,,,66% of lot on 25%+ slope,high,,-79.937658,40.411855
0056C00062000000,56-C-62,Hazelwood,R1D-H,2562,city,600,triplex,3,False,,,,high_risk,not_allowed,,,,,,,,,,,,,,66% of lot on 25%+ slope,high,,-79.937658,40.411855
0056C00062000000,56-C-62,Hazelwood,R1D-H,2562,city,600,townhome,2,False,,,,high_risk,not_allowed,,,,,,,,,,,,,,66% of lot on 25%+ slope,high,,-79.937658,40.411855
0056C00062000000,56-C-62,Hazelwood,R1D-H,2562,city,600,walkup,4,False,,,,high_risk,not_allowed,,,,,,,,,,,,,,66% of lot on 25%+ slope,high,,-79.937658,40.411855
0056C00063000000,56-C-63,Hazelwood,R1D-H,2381,city,3000,single_family,1,True,26.0,33.0,40.6,high_risk,by_right,1.0,1.0,1.0,by_right,5.2,6.4,7.5,102684,153660,207474,-456829,-366544,-281279,66% of lot on 25%+ slope,high,,-79.937571,40.411844
0056C00063000000,56-C-63,Hazelwood,R1D-H,2381,city,3000,duplex,2,False,,,,high_risk,not_allowed,,,,,,,,,,,,,,66% of lot on 25%+ slope,high,,-79.937571,40.411844
0056C00063000000,56-C-63,Hazelwood,R1D-H,2381,city,3000,triplex,3,False,,,,high_risk,not_allowed,,,,,,,,,,,,,,66% of lot on 25%+ slope,high,,-79.937571,40.411844
0056C00063000000,56-C-63,Hazelwood,R1D-H,2381,city,3000,townhome,2,False,,,,high_risk,not_allowed,,,,,,,,,,,,,,66% of lot on 25%+ slope,high,,-79.937571,40.411844
0056C00063000000,56-C-63,Hazelwood,R1D-H,2381,city,3000,walkup,4,False,,,,high_risk,not_allowed,,,,,,,,,,,,,,66% of lot on 25%+ slope,high,,-79.937571,40.411844
0056C00064000000,56-C-64,Hazelwood,R1D-H,1492,city,400,single_family,1,True,22.9,30.0,37.9,high_risk,variance,0.909,0.959,0.982,model,6.3,7.7,9.3,103926,154269,204451,-448453,-363034,-281438,55% of lot on 25%+ slope,high,,-79.937504,40.41183
0056C00064000000,56-C-64,Hazelwood,R1D-H,1492,city,400,duplex,2,False,,,,high_risk,not_allowed,,,,,,,,,,,,,,55% of lot on 25%+ slope,high,,-79.937504,40.41183
0056C00064000000,56-C-64,Hazelwood,R1D-H,1492,city,400,triplex,3,False,,,,high_risk,not_allowed,,,,,,,,,,,,,,55% of lot on 25%+ slope,high,,-79.937504,40.41183
0056C00064000000,56-C-64,Hazelwood,R1D-H,1492,city,400,townhome,2,False,,,,high_risk,not_allowed,,,,,,,,,,,,,,55% of lot on 25%+ slope,high,,-79.937504,40.41183
0056C00064000000,56-C-64,Hazelwood,R1D-H,1492,city,400,walkup,4,False,,,,high_risk,not_allowed,,,,,,,,,,,,,,55% of lot on 25%+ slope,high,,-79.937504,40.41183
0056C00064000A00,56-C-64-A,Hazelwood,R1D-H,1554,city,2500,single_family,1,True,32.6,38.6,44.6,high_risk,variance,0.909,0.959,0.982,model,6.3,7.7,9.3,62667,95022,128016,-391874,-313130,-236327,100% of lot landslide-prone,high,,-79.937449,40.411827
0056C00064000A00,56-C-64-A,Hazelwood,R1D-H,1554,city,2500,duplex,2,False,,,,high_risk,not_allowed,,,,,,,,,,,,,,100% of lot landslide-prone,high,,-79.937449,40.411827
0056C00064000A00,56-C-64-A,Hazelwood,R1D-H,1554,city,2500,triplex,3,False,,,,high_risk,not_allowed,,,,,,,,,,,,,,100% of lot landslide-prone,high,,-79.937449,40.411827
0056C00064000A00,56-C-64-A,Hazelwood,R1D-H,1554,city,2500,townhome,2,False,,,,high_risk,not_allowed,,,,,,,,,,,,,,100% of lot landslide-prone,high,,-79.937449,40.411827
0056C00064000A00,56-C-64-A,Hazelwood,R1D-H,1554,city,2500,walkup,4,False,,,,high_risk,not_allowed,,,,,,,,,,,,,,100% of lot landslide-prone,high,,-79.937449,40.411827
0056C00065000000,56-C-65,Hazelwood,R1D-H,1675,private,2700,single_family,1,True,26.0,33.0,40.6,high_risk,by_right,1.0,1.0,1.0,by_right,5.2,6.4,7.5,102682,153658,207472,-456827,-366542,-281276,57% of lot on 25%+ slope,high,,-79.937392,40.411817
0056C00065000000,56-C-65,Hazelwood,R1D-H,1675,private,2700,duplex,2,False,,,,high_risk,not_allowed,,,,,,,,,,,,,,57% of lot on 25%+ slope,high,,-79.937392,40.411817
0056C00065000000,56-C-65,Hazelwood,R1D-H,1675,private,2700,triplex,3,False,,,,high_risk,not_allowed,,,,,,,,,,,,,,57% of lot on 25%+ slope,high,,-79.937392,40.411817
0056C00065000000,56-C-65,Hazelwood,R1D-H,1675,private,2700,townhome,2,False,,,,high_risk,not_allowed,,,,,,,,,,,,,,57% of lot on 25%+ slope,high,,-79.937392,40.411817
0056C00065000000,56-C-65,Hazelwood,R1D-H,1675,private,2700,walkup,4,False,,,,high_risk,not_allowed,,,,,,,,,,,,,,57% of lot on 25%+ slope,high,,-79.937392,40.411817
0056C00066000000,56-C-66,Hazelwood,R1D-H,1912,city,2700,single_family,1,True,25.3,31.8,39.3,high_risk,by_right,1.0,1.0,1.0,by_right,5.2,6.4,7.5,111141,162117,215931,-464196,-374007,-288653,63% of lot on 25%+ slope,high,,-79.937331,40.411803
0056C00066000000,56-C-66,Hazelwood,R1D-H,1912,city,2700,duplex,2,False,,,,high_risk,not_allowed,,,,,,,,,,,,,,63% of lot on 25%+ slope,high,,-79.937331,40.411803
0056C00066000000,56-C-66,Hazelwood,R1D-H,1912,city,2700,triplex,3,False,,,,high_risk,not_allowed,,,,,,,,,,,,,,63% of lot on 25%+ slope,high,,-79.937331,40.411803
0056C00066000000,56-C-66,Hazelwood,R1D-H,1912,city,2700,townhome,2,False,,,,high_risk,not_allowed,,,,,,,,,,,,,,63% of lot on 25%+ slope,high,,-79.937331,40.411803
0056C00066000000,56-C-66,Hazelwood,R1D-H,1912,city,2700,walkup,4,False,,,,high_risk,not_allowed,,,,,,,,,,,,,,63% of lot on 25%+ slope,high,,-79.937331,40.411803
0056C00067000000,56-C-67,Hazelwood,R1D-H,2145,city,500,single_family,1,True,26.0,32.9,40.5,high_risk,by_right,1.0,1.0,1.0,by_right,5.2,6.4,7.5,103179,154156,207970,-457270,-366980,-281711,58% of lot on 25%+ slope,high,,-79.937199,40.411788
0056C00067000000,56-C-67,Hazelwood,R1D-H,2145,city,500,duplex,2,False,,,,high_risk,not_allowed,,,,,,,,,,,,,,58% of lot on 25%+ slope,high,,-79.937199,40.411788
0056C00067000000,56-C-67,Hazelwood,R1D-H,2145,city,500,triplex,3,False,,,,high_risk,not_allowed,,,,,,,,,,,,,,58% of lot on 25%+ slope,high,,-79.937199,40.411788
0056C00067000000,56-C-67,Hazelwood,R1D-H,2145,city,500,townhome,2,False,,,,high_risk,not_allowed,,,,,,,,,,,,,,58% of lot on 25%+ slope,high,,-79.937199,40.411788
0056C00067000000,56-C-67,Hazelwood,R1D-H,2145,city,500,walkup,4,False,,,,high_risk,not_allowed,,,,,,,,,,,,,,58% of lot on 25%+ slope,high,,-79.937199,40.411788
0056C00068000000,56-C-68,Hazelwood,R1D-H,1685,city,2700,single_family,1,True,25.8,32.7,40.3,high_risk,by_right,1.0,1.0,1.0,by_right,5.2,6.4,7.5,104506,155482,209296,-458450,-368148,-282867,56% of lot on 25%+ slope,high,,-79.937267,40.411797
0056C00068000000,56-C-68,Hazelwood,R1D-H,1685,city,2700,duplex,2,False,,,,high_risk,not_allowed,,,,,,,,,,,,,,56% of lot on 25%+ slope,high,,-79.937267,40.411797
0056C00068000000,56-C-68,Hazelwood,R1D-H,1685,city,2700,triplex,3,False,,,,high_risk,not_allowed,,,,,,,,,,,,,,56% of lot on 25%+ slope,high,,-79.937267,40.411797
0056C00068000000,56-C-68,Hazelwood,R1D-H,1685,city,2700,townhome,2,False,,,,high_risk,not_allowed,,,,,,,,,,,,,,56% of lot on 25%+ slope,high,,-79.937267,40.411797
0056C00068000000,56-C-68,Hazelwood,R1D-H,1685,city,2700,walkup,4,False,,,,high_risk,not_allowed,,,,,,,,,,,,,,56% of lot on 25%+ slope,high,,-79.937267,40.411797
0056C00069000000,56-C-69,Hazelwood,R1D-H,1920,city,2800,single_family,1,True,26.0,32.9,40.5,high_risk,by_right,1.0,1.0,1.0,by_right,5.2,6.4,7.5,103024,154000,207814,-457131,-366843,-281575,53% of lot on 25%+ slope,high,,-79.937128,40.411775
0056C00069000000,56-C-69,Hazelwood,R1D-H,1920,city,2800,duplex,2,False,,,,high_risk,not_allowed,,,,,,,,,,,,,,53% of lot on 25%+ slope,high,,-79.937128,40.411775
0056C00069000000,56-C-69,Hazelwood,R1D-H,1920,city,2800,triplex,3,False,,,,high_risk,not_allowed,,,,,,,,,,,,,,53% of lot on 25%+ slope,high,,-79.937128,40.411775
0056C00069000000,56-C-69,Hazelwood,R1D-H,1920,city,2800,townhome,2,False,,,,high_risk,not_allowed,,,,,,,,,,,,,,53% of lot on 25%+ slope,high,,-79.937128,40.411775
0056C00069000000,56-C-69,Hazelwood,R1D-H,1920,city,2800,walkup,4,False,,,,high_risk,not_allowed,,,,,,,,,,,,,,53% of lot on 25%+ slope,high,,-79.937128,40.411775
0056C00071000000,56-C-71,Hazelwood,R1D-H,1482,city,400,single_family,1,True,32.6,38.7,44.6,high_risk,variance,0.909,0.959,0.982,model,6.3,7.7,9.3,62276,94631,127625,-391530,-312790,-235991,100% of lot landslide-prone,high,,-79.936991,40.411756
0056C00071000000,56-C-71,Hazelwood,R1D-H,1482,city,400,duplex,2,False,,,,high_risk,not_allowed,,,,,,,,,,,,,,100% of lot landslide-prone,high,,-79.936991,40.411756
0056C00071000000,56-C-71,Hazelwood,R1D-H,1482,city,400,triplex,3,False,,,,high_risk,not_allowed,,,,,,,,,,,,,,100% of lot landslide-prone,high,,-79.936991,40.411756
0056C00071000000,56-C-71,Hazelwood,R1D-H,1482,city,400,townhome,2,False,,,,high_risk,not_allowed,,,,,,,,,,,,,,100% of lot landslide-prone,high,,-79.936991,40.411756
0056C00071000000,56-C-71,Hazelwood,R1D-H,1482,city,400,walkup,4,False,,,,high_risk,not_allowed,,,,,,,,,,,,,,100% of lot landslide-prone,high,,-79.936991,40.411756
0056C00073000000,56-C-73,Hazelwood,R1D-H,1645,city,2600,single_family,1,True,25.9,32.8,40.4,high_risk,by_right,1.0,1.0,1.0,by_right,5.2,6.4,7.5,103744,154721,208534,-455944,-365452,-279008,73% of lot on 25%+ slope,high,,-79.936936,40.412146
0056C00073000000,56-C-73,Hazelwood,R1D-H,1645,city,2600,duplex,2,False,,,,high_risk,not_allowed,,,,,,,,,,,,,,73% of lot on 25%+ slope,high,,-79.936936,40.412146
0056C00073000000,56-C-73,Hazelwood,R1D-H,1645,city,2600,triplex,3,False,,,,high_risk,not_allowed,,,,,,,,,,,,,,73% of lot on 25%+ slope,high,,-79.936936,40.412146
0056C00073000000,56-C-73,Hazelwood,R1D-H,1645,city,2600,townhome,2,False,,,,high_risk,not_allowed,,,,,,,,,,,,,,73% of lot on 25%+ slope,high,,-79.936936,40.412146
0056C00073000000,56-C-73,Hazelwood,R1D-H,1645,city,2600,walkup,4,False,,,,high_risk,not_allowed,,,,,,,,,,,,,,73% of lot on 25%+ slope,high,,-79.936936,40.412146
0056C00074000000,56-C-74,Hazelwood,R1D-H,1551,private,2600,single_family,1,True,23.0,30.2,38.1,high_risk,variance,0.909,0.959,0.982,model,6.3,7.7,9.3,102680,153023,203206,-445570,-359181,-276812,75% of lot on 25%+ slope,high,,-79.937004,40.412159
0056C00074000000,56-C-74,Hazelwood,R1D-H,1551,private,2600,duplex,2,False,,,,high_risk,not_allowed,,,,,,,,,,,,,,75% of lot on 25%+ slope,high,,-79.937004,40.412159
0056C00074000000,56-C-74,Hazelwood,R1D-H,1551,private,2600,triplex,3,False,,,,high_risk,not_allowed,,,,,,,,,,,,,,75% of lot on 25%+ slope,high,,-79.937004,40.412159
0056C00074000000,56-C-74,Hazelwood,R1D-H,1551,private,2600,townhome,2,False,,,,high_risk,not_allowed,,,,,,,,,,,,,,75% of lot on 25%+ slope,high,,-79.937004,40.412159
0056C00074000000,56-C-74,Hazelwood,R1D-H,1551,private,2600,walkup,4,False,,,,high_risk,not_allowed,,,,,,,,,,,,,,75% of lot on 25%+ slope,high,,-79.937004,40.412159
0056C00075000000,56-C-75,Hazelwood,R1D-H,1667,city,300,single_family,1,True,25.7,32.5,40.1,high_risk,by_right,1.0,1.0,1.0,by_right,5.2,6.4,7.5,105878,156854,210668,-457783,-367323,-280885,77% of lot on 25%+ slope,high,,-79.937074,40.412166
0056C00075000000,56-C-75,Hazelwood,R1D-H,1667,city,300,duplex,2,False,,,,high_risk,not_allowed,,,,,,,,,,,,,,77% of lot on 25%+ slope,high,,-79.937074,40.412166
0056C00075000000,56-C-75,Hazelwood,R1D-H,1667,city,300,triplex,3,False,,,,high_risk,not_allowed,,,,,,,,,,,,,,77% of lot on 25%+ slope,high,,-79.937074,40.412166
0056C00075000000,56-C-75,Hazelwood,R1D-H,1667,city,300,townhome,2,False,,,,high_risk,not_allowed,,,,,,,,,,,,,,77% of lot on 25%+ slope,high,,-79.937074,40.412166
0056C00075000000,56-C-75,Hazelwood,R1D-H,1667,city,300,walkup,4,False,,,,high_risk,not_allowed,,,,,,,,,,,,,,77% of lot on 25%+ slope,high,,-79.937074,40.412166
0056C00079000000,56-C-79,Hazelwood,R1D-H,916,city,500,single_family,1,True,23.0,30.1,37.8,high_risk,administrator_exception,0.838,0.89,0.934,placeholder,5.3,6.4,7.6,103343,152694,204869,-452293,-366291,-283252,74% of lot on 25%+ slope,high,,-79.937716,40.412179
0056C00079000000,56-C-79,Hazelwood,R1D-H,916,city,500,duplex,2,False,,,,high_risk,not_allowed,,,,,,,,,,,,,,74% of lot on 25%+ slope,high,,-79.937716,40.412179
0056C00079000000,56-C-79,Hazelwood,R1D-H,916,city,500,triplex,3,False,,,,high_risk,not_allowed,,,,,,,,,,,,,,74% of lot on 25%+ slope,high,,-79.937716,40.412179
0056C00079000000,56-C-79,Hazelwood,R1D-H,916,city,500,townhome,2,False,,,,high_risk,not_allowed,,,,,,,,,,,,,,74% of lot on 25%+ slope,high,,-79.937716,40.412179
0056C00079000000,56-C-79,Hazelwood,R1D-H,916,city,500,walkup,4,False,,,,high_risk,not_allowed,,,,,,,,,,,,,,74% of lot on 25%+ slope,high,,-79.937716,40.412179
0056C00081000000,56-C-81,Hazelwood,R1D-H,875,city,400,single_family,1,False,,,,high_risk,not_allowed,,,,,,,,,,,,,,89% of lot on 25%+ slope,high,,-79.937612,40.412186
0056C00081000000,56-C-81,Hazelwood,R1D-H,875,city,400,duplex,2,False,,,,high_risk,not_allowed,,,,,,,,,,,,,,89% of lot on 25%+ slope,high,,-79.937612,40.412186
0056C00081000000,56-C-81,Hazelwood,R1D-H,875,city,400,triplex,3,False,,,,high_risk,not_allowed,,,,,,,,,,,,,,89% of lot on 25%+ slope,high,,-79.937612,40.412186
0056C00081000000,56-C-81,Hazelwood,R1D-H,875,city,400,townhome,2,False,,,,high_risk,not_allowed,,,,,,,,,,,,,,89% of lot on 25%+ slope,high,,-79.937612,40.412186
0056C00081000000,56-C-81,Hazelwood,R1D-H,875,city,400,walkup,4,False,,,,high_risk,not_allowed,,,,,,,,,,,,,,89% of lot on 25%+ slope,high,,-79.937612,40.412186
0056C00084000000,56-C-84,Hazelwood,R1D-H,1533,city,2800,single_family,1,True,25.8,32.7,40.3,high_risk,by_right,1.0,1.0,1.0,by_right,5.2,6.4,7.5,104509,155486,209299,-458454,-368152,-282870,100% of lot on 25%+ slope,high,,-79.937406,40.412215
0056C00084000000,56-C-84,Hazelwood,R1D-H,1533,city,2800,duplex,2,False,,,,high_risk,not_allowed,,,,,,,,,,,,,,100% of lot on 25%+ slope,high,,-79.937406,40.412215
0056C00084000000,56-C-84,Hazelwood,R1D-H,1533,city,2800,triplex,3,False,,,,high_risk,not_allowed,,,,,,,,,,,,,,100% of lot on 25%+ slope,high,,-79.937406,40.412215
0056C00084000000,56-C-84,Hazelwood,R1D-H,1533,city,2800,townhome,2,False,,,,high_risk,not_allowed,,,,,,,,,,,,,,100% of lot on 25%+ slope,high,,-79.937406,40.412215
0056C00084000000,56-C-84,Hazelwood,R1D-H,1533,city,2800,walkup,4,False,,,,high_risk,not_allowed,,,,,,,,,,,,,,100% of lot on 25%+ slope,high,,-79.937406,40.412215
0056C00089000000,56-C-89,Hazelwood,R1D-H,1713,city,2700,single_family,1,True,25.7,32.5,40.1,high_risk,by_right,1.0,1.0,1.0,by_right,5.2,6.4,7.5,105881,156857,210671,-456608,-366160,-279983,98% of lot on 25%+ slope,high,,-79.937013,40.412355
0056C00089000000,56-C-89,Hazelwood,R1D-H,1713,city,2700,duplex,2,False,,,,high_risk,not_allowed,,,,,,,,,,,,,,98% of lot on 25%+ slope,high,,-79.937013,40.412355
0056C00089000000,56-C-89,Hazelwood,R1D-H,1713,city,2700,triplex,3,False,,,,high_risk,not_allowed,,,,,,,,,,,,,,98% of lot on 25%+ slope,high,,-79.937013,40.412355
0056C00089000000,56-C-89,Hazelwood,R1D-H,1713,city,2700,townhome,2,False,,,,high_risk,not_allowed,,,,,,,,,,,,,,98% of lot on 25%+ slope,high,,-79.937013,40.412355
0056C00089000000,56-C-89,Hazelwood,R1D-H,1713,city,2700,walkup,4,False,,,,high_risk,not_allowed,,,,,,,,,,,,,,98% of lot on 25%+ slope,high,,-79.937013,40.412355
0056C00115000000,56-C-115,Hazelwood,R1D-H,5701,city,4100,single_family,1,True,25.6,32.5,40.0,high_risk,by_right,1.0,1.0,1.0,by_right,5.3,6.4,7.6,106183,156854,207830,-441359,-355747,-273172,57% of lot on 25%+ slope,high,,-79.938546,40.413695
0056C00115000000,56-C-115,Hazelwood,R1D-H,5701,city,4100,duplex,2,False,,,,high_risk,not_allowed,,,,,,,,,,,,,,57% of lot on 25%+ slope,high,,-79.938546,40.413695
0056C00115000000,56-C-115,Hazelwood,R1D-H,5701,city,4100,triplex,3,False,,,,high_risk,not_allowed,,,,,,,,,,,,,,57% of lot on 25%+ slope,high,,-79.938546,40.413695
0056C00115000000,56-C-115,Hazelwood,R1D-H,5701,city,4100,townhome,2,False,32.4,37.7,42.7,high_risk,special_exception+subdivision,0.862,0.913,0.949,model+placeholder,7.9,9.5,11.2,106221,154954,206221,-670425,-533319,-397560,57% of lot on 25%+ slope,high,,-79.938546,40.413695
0056C00115000000,56-C-115,Hazelwood,R1D-H,5701,city,4100,walkup,4,False,,,,high_risk,not_allowed,,,,,,,,,,,,,,57% of lot on 25%+ slope,high,,-79.938546,40.413695
0056C00118000000,56-C-118,Hazelwood,R1D-H,2920,city,1100,single_family,1,True,25.7,32.7,40.2,high_risk,by_right,1.0,1.0,1.0,by_right,5.3,6.4,7.6,104737,155407,206383,-445153,-359140,-273575,55% of lot on 25%+ slope,high,,-79.938458,40.413614
0056C00118000000,56-C-118,Hazelwood,R1D-H,2920,city,1100,duplex,2,False,,,,high_risk,not_allowed,,,,,,,,,,,,,,55% of lot on 25%+ slope,high,,-79.938458,40.413614
0056C00118000000,56-C-118,Hazelwood,R1D-H,2920,city,1100,triplex,3,False,,,,high_risk,not_allowed,,,,,,,,,,,,,,55% of lot on 25%+ slope,high,,-79.938458,40.413614
0056C00118000000,56-C-118,Hazelwood,R1D-H,2920,city,1100,townhome,2,False,,,,high_risk,not_allowed,,,,,,,,,,,,,,55% of lot on 25%+ slope,high,,-79.938458,40.413614
0056C00118000000,56-C-118,Hazelwood,R1D-H,2920,city,1100,walkup,4,False,,,,high_risk,not_allowed,,,,,,,,,,,,,,55% of lot on 25%+ slope,high,,-79.938458,40.413614
0056C00119000000,56-C-119,Hazelwood,R1D-H,2896,private,1100,single_family,1,True,36.8,42.6,48.1,high_risk,by_right,1.0,1.0,1.0,by_right,4.4,5.4,6.5,65177,97793,131676,-393839,-311459,-232156,100% of lot landslide-prone,high,,-79.938397,40.41356
0056C00119000000,56-C-119,Hazelwood,R1D-H,2896,private,1100,duplex,2,False,,,,high_risk,not_allowed,,,,,,,,,,,,,,100% of lot landslide-prone,high,,-79.938397,40.41356
0056C00119000000,56-C-119,Hazelwood,R1D-H,2896,private,1100,triplex,3,False,,,,high_risk,not_allowed,,,,,,,,,,,,,,100% of lot landslide-prone,high,,-79.938397,40.41356
0056C00119000000,56-C-119,Hazelwood,R1D-H,2896,private,1100,townhome,2,False,,,,high_risk,not_allowed,,,,,,,,,,,,,,100% of lot landslide-prone,high,,-79.938397,40.41356
0056C00119000000,56-C-119,Hazelwood,R1D-H,2896,private,1100,walkup,4,False,,,,high_risk,not_allowed,,,,,,,,,,,,,,100% of lot landslide-prone,high,,-79.938397,40.41356
0056C00124000000,56-C-124,Hazelwood,R1D-H,2516,private,1100,single_family,1,True,36.8,42.6,48.1,high_risk,by_right,1.0,1.0,1.0,by_right,4.4,5.4,6.5,65177,97793,131676,-387641,-306989,-228238,100% of lot landslide-prone,high,,-79.938128,40.413309
0056C00124000000,56-C-124,Hazelwood,R1D-H,2516,private,1100,duplex,2,False,,,,high_risk,not_allowed,,,,,,,,,,,,,,100% of lot landslide-prone,high,,-79.938128,40.413309
0056C00124000000,56-C-124,Hazelwood,R1D-H,2516,private,1100,triplex,3,False,,,,high_risk,not_allowed,,,,,,,,,,,,,,100% of lot landslide-prone,high,,-79.938128,40.413309
0056C00124000000,56-C-124,Hazelwood,R1D-H,2516,private,1100,townhome,2,False,,,,high_risk,not_allowed,,,,,,,,,,,,,,100% of lot landslide-prone,high,,-79.938128,40.413309
0056C00124000000,56-C-124,Hazelwood,R1D-H,2516,private,1100,walkup,4,False,,,,high_risk,not_allowed,,,,,,,,,,,,,,100% of lot landslide-prone,high,,-79.938128,40.413309
0056C00126000000,56-C-126,Hazelwood,R1D-H,8296,private,2300,single_family,1,True,37.0,42.8,48.8,high_risk,by_right,1.0,1.0,1.0,by_right,4.3,5.4,6.5,61242,96435,130008,-388568,-312082,-230531,100% of lot landslide-prone,high,,-79.937958,40.413158
0056C00126000000,56-C-126,Hazelwood,R1D-H,8296,private,2300,duplex,2,False,,,,high_risk,not_allowed,,,,,,,,,,,,,,100% of lot landslide-prone,high,,-79.937958,40.413158
0056C00126000000,56-C-126,Hazelwood,R1D-H,8296,private,2300,triplex,3,False,,,,high_risk,not_allowed,,,,,,,,,,,,,,100% of lot landslide-prone,high,,-79.937958,40.413158
0056C00126000000,56-C-126,Hazelwood,R1D-H,8296,private,2300,townhome,4,False,45.8,48.4,51.0,high_risk,special_exception+subdivision,0.862,0.913,0.949,model+placeholder,8.0,9.5,11.0,62020,93529,127439,-1171461,-902968,-634144,100% of lot landslide-prone,high,,-79.937958,40.413158
0056C00126000000,56-C-126,Hazelwood,R1D-H,8296,private,2300,walkup,4,False,,,,high_risk,not_allowed,,,,,,,,,,,,,,100% of lot landslide-prone,high,,-79.937958,40.413158
0056C00129000000,56-C-129,Hazelwood,R1D-H,2815,private,1100,single_family,1,True,37.0,42.8,48.8,high_risk,by_right,1.0,1.0,1.0,by_right,4.3,5.4,6.5,61242,96435,130008,-388744,-312130,-229810,100% of lot landslide-prone,high,,-79.937846,40.413057
0056C00129000000,56-C-129,Hazelwood,R1D-H,2815,private,1100,duplex,2,False,,,,high_risk,not_allowed,,,,,,,,,,,,,,100% of lot landslide-prone,high,,-79.937846,40.413057
0056C00129000000,56-C-129,Hazelwood,R1D-H,2815,private,1100,triplex,3,False,,,,high_risk,not_allowed,,,,,,,,,,,,,,100% of lot landslide-prone,high,,-79.937846,40.413057
0056C00129000000,56-C-129,Hazelwood,R1D-H,2815,private,1100,townhome,2,False,,,,high_risk,not_allowed,,,,,,,,,,,,,,100% of lot landslide-prone,high,,-79.937846,40.413057
0056C00129000000,56-C-129,Hazelwood,R1D-H,2815,private,1100,walkup,4,False,,,,high_risk,not_allowed,,,,,,,,,,,,,,100% of lot landslide-prone,high,,-79.937846,40.413057
0056C00130000000,56-C-130,Hazelwood,R1D-H,2784,private,1100,single_family,1,True,26.3,33.4,41.2,high_risk,by_right,1.0,1.0,1.0,by_right,4.9,6.1,7.3,101361,153650,205878,-444917,-362796,-274657,67% of lot on 25%+ slope,high,,-79.93779,40.413006
0056C00130000000,56-C-130,Hazelwood,R1D-H,2784,private,1100,duplex,2,False,,,,high_risk,not_allowed,,,,,,,,,,,,,,67% of lot on 25%+ slope,high,,-79.93779,40.413006
0056C00130000000,56-C-130,Hazelwood,R1D-H,2784,private,1100,triplex,3,False,,,,high_risk,not_allowed,,,,,,,,,,,,,,67% of lot on 25%+ slope,high,,-79.93779,40.413006
0056C00130000000,56-C-130,Hazelwood,R1D-H,2784,private,1100,townhome,2,False,,,,high_risk,not_allowed,,,,,,,,,,,,,,67% of lot on 25%+ slope,high,,-79.93779,40.413006
0056C00130000000,56-C-130,Hazelwood,R1D-H,2784,private,1100,walkup,4,False,,,,high_risk,not_allowed,,,,,,,,,,,,,,67% of lot on 25%+ slope,high,,-79.93779,40.413006
0056C00133000000,56-C-133,Hazelwood,R1D-H,2749,private,1100,single_family,1,True,36.3,42.0,47.5,high_risk,by_right,1.0,1.0,1.0,by_right,4.9,6.1,7.3,62711,95107,128317,-393291,-311584,-232483,100% of lot landslide-prone,high,,-79.937623,40.412854
0056C00133000000,56-C-133,Hazelwood,R1D-H,2749,private,1100,duplex,2,False,,,,high_risk,not_allowed,,,,,,,,,,,,,,100% of lot landslide-prone,high,,-79.937623,40.412854
0056C00133000000,56-C-133,Hazelwood,R1D-H,2749,private,1100,triplex,3,False,,,,high_risk,not_allowed,,,,,,,,,,,,,,100% of lot landslide-prone,high,,-79.937623,40.412854
0056C00133000000,56-C-133,Hazelwood,R1D-H,2749,private,1100,townhome,2,False,,,,high_risk,not_allowed,,,,,,,,,,,,,,100% of lot landslide-prone,high,,-79.937623,40.412854
0056C00133000000,56-C-133,Hazelwood,R1D-H,2749,private,1100,walkup,4,False,,,,high_risk,not_allowed,,,,,,,,,,,,,,100% of lot landslide-prone,high,,-79.937623,40.412854
0056C00134000000,56-C-134,Hazelwood,R1D-H,2857,private,600,single_family,1,True,37.0,42.8,48.8,high_risk,by_right,1.0,1.0,1.0,by_right,4.3,5.4,6.5,61242,96435,130008,-390159,-313177,-230444,100% of lot landslide-prone,high,,-79.937567,40.412803
0056C00134000000,56-C-134,Hazelwood,R1D-H,2857,private,600,duplex,2,False,,,,high_risk,not_allowed,,,,,,,,,,,,,,100% of lot landslide-prone,high,,-79.937567,40.412803
0056C00134000000,56-C-134,Hazelwood,R1D-H,2857,private,600,triplex,3,False,,,,high_risk,not_allowed,,,,,,,,,,,,,,100% of lot landslide-prone,high,,-79.937567,40.412803
0056C00134000000,56-C-134,Hazelwood,R1D-H,2857,private,600,townhome,2,False,,,,high_risk,not_allowed,,,,,,,,,,,,,,100% of lot landslide-prone,high,,-79.937567,40.412803
0056C00134000000,56-C-134,Hazelwood,R1D-H,2857,private,600,walkup,4,False,,,,high_risk,not_allowed,,,,,,,,,,,,,,100% of lot landslide-prone,high,,-79.937567,40.412803
0056C00139000000,56-C-139,Hazelwood,R1D-H,3145,private,1000,single_family,1,True,26.3,33.4,41.2,high_risk,by_right,1.0,1.0,1.0,by_right,4.9,6.1,7.3,101361,153650,205878,-451320,-370192,-284076,82% of lot on 25%+ slope,high,,-79.937253,40.412561
0056C00139000000,56-C-139,Hazelwood,R1D-H,3145,private,1000,duplex,2,False,,,,high_risk,not_allowed,,,,,,,,,,,,,,82% of lot on 25%+ slope,high,,-79.937253,40.412561
0056C00139000000,56-C-139,Hazelwood,R1D-H,3145,private,1000,triplex,3,False,,,,high_risk,not_allowed,,,,,,,,,,,,,,82% of lot on 25%+ slope,high,,-79.937253,40.412561
0056C00139000000,56-C-139,Hazelwood,R1D-H,3145,private,1000,townhome,2,False,32.9,38.1,43.2,high_risk,special_exception+subdivision,0.862,0.913,0.949,model+placeholder,8.0,9.5,11.0,100492,150537,202569,-697926,-554659,-416117,82% of lot on 25%+ slope,high,,-79.937253,40.412561
0056C00139000000,56-C-139,Hazelwood,R1D-H,3145,private,1000,walkup,4,False,,,,high_risk,not_allowed,,,,,,,,,,,,,,82% of lot on 25%+ slope,high,,-79.937253,40.412561
0056C00211000000,56-C-211,Hazelwood,R1D-H,5747,private,4100,single_family,1,True,26.2,33.2,40.9,high_risk,by_right,1.0,1.0,1.0,by_right,4.8,6.1,7.3,103850,155297,209534,-453690,-364128,-277917,68% of lot on 25%+ slope,high,,-79.938199,40.412789
0056C00211000000,56-C-211,Hazelwood,R1D-H,5747,private,4100,duplex,2,False,,,,high_risk,not_allowed,,,,,,,,,,,,,,68% of lot on 25%+ slope,high,,-79.938199,40.412789
0056C00211000000,56-C-211,Hazelwood,R1D-H,5747,private,4100,triplex,3,False,,,,high_risk,not_allowed,,,,,,,,,,,,,,68% of lot on 25%+ slope,high,,-79.938199,40.412789
0056C00211000000,56-C-211,Hazelwood,R1D-H,5747,private,4100,townhome,2,False,32.7,37.9,42.9,high_risk,special_exception+subdivision,0.862,0.913,0.949,model+placeholder,7.9,9.5,11.0,104113,153945,205202,-694638,-548005,-411781,68% of lot on 25%+ slope,high,,-79.938199,40.412789
0056C00211000000,56-C-211,Hazelwood,R1D-H,5747,private,4100,walkup,4,False,,,,high_risk,not_allowed,,,,,,,,,,,,,,68% of lot on 25%+ slope,high,,-79.938199,40.412789
0056C00213000000,56-C-213,Hazelwood,R1D-H,2937,city,3200,single_family,1,True,25.7,32.6,40.2,high_risk,by_right,1.0,1.0,1.0,by_right,5.2,6.4,7.5,105312,156288,210102,-455783,-365341,-279425,54% of lot on 25%+ slope,high,,-79.938115,40.412709
0056C00213000000,56-C-213,Hazelwood,R1D-H,2937,city,3200,duplex,2,False,,,,high_risk,not_allowed,,,,,,,,,,,,,,54% of lot on 25%+ slope,high,,-79.938115,40.412709
0056C00213000000,56-C-213,Hazelwood,R1D-H,2937,city,3200,triplex,3,False,,,,high_risk,not_allowed,,,,,,,,,,,,,,54% of lot on 25%+ slope,high,,-79.938115,40.412709
0056C00213000000,56-C-213,Hazelwood,R1D-H,2937,city,3200,townhome,2,False,,,,high_risk,not_allowed,,,,,,,,,,,,,,54% of lot on 25%+ slope,high,,-79.938115,40.412709
0056C00213000000,56-C-213,Hazelwood,R1D-H,2937,city,3200,walkup,4,False,,,,high_risk,not_allowed,,,,,,,,,,,,,,54% of lot on 25%+ slope,high,,-79.938115,40.412709
0056C00214000000,56-C-214,Hazelwood,R1D-H,2601,private,700,single_family,1,True,26.0,33.0,40.6,high_risk,by_right,1.0,1.0,1.0,by_right,5.2,6.4,7.5,102339,153315,207129,-453727,-363374,-277189,58% of lot on 25%+ slope,high,,-79.938058,40.412662
0056C00214000000,56-C-214,Hazelwood,R1D-H,2601,private,700,duplex,2,False,,,,high_risk,not_allowed,,,,,,,,,,,,,,58% of lot on 25%+ slope,high,,-79.938058,40.412662
0056C00214000000,56-C-214,Hazelwood,R1D-H,2601,private,700,triplex,3,False,,,,high_risk,not_allowed,,,,,,,,,,,,,,58% of lot on 25%+ slope,high,,-79.938058,40.412662
0056C00214000000,56-C-214,Hazelwood,R1D-H,2601,private,700,townhome,2,False,,,,high_risk,not_allowed,,,,,,,,,,,,,,58% of lot on 25%+ slope,high,,-79.938058,40.412662
0056C00214000000,56-C-214,Hazelwood,R1D-H,2601,private,700,walkup,4,False,,,,high_risk,not_allowed,,,,,,,,,,,,,,58% of lot on 25%+ slope,high,,-79.938058,40.412662
0056C00216000000,56-C-216,Hazelwood,R1D-H,2803,private,700,single_family,1,True,26.0,33.0,40.6,high_risk,by_right,1.0,1.0,1.0,by_right,5.2,6.4,7.5,102665,153642,207456,-454014,-363659,-277480,56% of lot on 25%+ slope,high,,-79.937952,40.412559
0056C00216000000,56-C-216,Hazelwood,R1D-H,2803,private,700,duplex,2,False,,,,high_risk,not_allowed,,,,,,,,,,,,,,56% of lot on 25%+ slope,high,,-79.937952,40.412559
0056C00216000000,56-C-216,Hazelwood,R1D-H,2803,private,700,triplex,3,False,,,,high_risk,not_allowed,,,,,,,,,,,,,,56% of lot on 25%+ slope,high,,-79.937952,40.412559
0056C00216000000,56-C-216,Hazelwood,R1D-H,2803,private,700,townhome,2,False,,,,high_risk,not_allowed,,,,,,,,,,,,,,56% of lot on 25%+ slope,high,,-79.937952,40.412559
0056C00216000000,56-C-216,Hazelwood,R1D-H,2803,private,700,walkup,4,False,,,,high_risk,not_allowed,,,,,,,,,,,,,,56% of lot on 25%+ slope,high,,-79.937952,40.412559
0056C00217000000,56-C-217,Hazelwood,R1D-H,2779,private,3200,single_family,1,True,26.3,33.4,41.2,high_risk,by_right,1.0,1.0,1.0,by_right,4.9,6.1,7.3,101361,153650,205878,-448601,-365916,-276815,73% of lot on 25%+ slope,high,,-79.937892,40.412512
0056C00217000000,56-C-217,Hazelwood,R1D-H,2779,private,3200,duplex,2,False,,,,high_risk,not_allowed,,,,,,,,,,,,,,73% of lot on 25%+ slope,high,,-79.937892,40.412512
0056C00217000000,56-C-217,Hazelwood,R1D-H,2779,private,3200,triplex,3,False,,,,high_risk,not_allowed,,,,,,,,,,,,,,73% of lot on 25%+ slope,high,,-79.937892,40.412512
0056C00217000000,56-C-217,Hazelwood,R1D-H,2779,private,3200,townhome,2,False,,,,high_risk,not_allowed,,,,,,,,,,,,,,73% of lot on 25%+ slope,high,,-79.937892,40.412512
0056C00217000000,56-C-217,Hazelwood,R1D-H,2779,private,3200,walkup,4,False,,,,high_risk,not_allowed,,,,,,,,,,,,,,73% of lot on 25%+ slope,high,,-79.937892,40.412512
0056C00218000000,56-C-218,Hazelwood,R1D-H,2790,city,700,single_family,1,True,26.1,33.1,40.7,high_risk,by_right,1.0,1.0,1.0,by_right,5.2,6.4,7.5,101959,152935,206749,-453685,-363124,-276946,70% of lot on 25%+ slope,high,,-79.93784,40.41246
0056C00218000000,56-C-218,Hazelwood,R1D-H,2790,city,700,duplex,2,False,,,,high_risk,not_allowed,,,,,,,,,,,,,,70% of lot on 25%+ slope,high,,-79.93784,40.41246
0056C00218000000,56-C-218,Hazelwood,R1D-H,2790,city,700,triplex,3,False,,,,high_risk,not_allowed,,,,,,,,,,,,,,70% of lot on 25%+ slope,high,,-79.93784,40.41246
0056C00218000000,56-C-218,Hazelwood,R1D-H,2790,city,700,townhome,2,False,,,,high_risk,not_allowed,,,,,,,,,,,,,,70% of lot on 25%+ slope,high,,-79.93784,40.41246
0056C00218000000,56-C-218,Hazelwood,R1D-H,2790,city,700,walkup,4,False,,,,high_risk,not_allowed,,,,,,,,,,,,,,70% of lot on 25%+ slope,high,,-79.93784,40.41246
0056C00220000000,56-C-220,Hazelwood,R1A-H,702,city,2300,single_family,1,False,,,,high_risk,not_allowed,,,,,,,,,,,,,,88% of lot on 25%+ slope,high,,-79.93831,40.412395
0056C00220000000,56-C-220,Hazelwood,R1A-H,702,city,2300,duplex,2,False,,,,high_risk,not_allowed,,,,,,,,,,,,,,88% of lot on 25%+ slope,high,,-79.93831,40.412395
0056C00220000000,56-C-220,Hazelwood,R1A-H,702,city,2300,triplex,3,False,,,,high_risk,not_allowed,,,,,,,,,,,,,,88% of lot on 25%+ slope,high,,-79.93831,40.412395
0056C00220000000,56-C-220,Hazelwood,R1A-H,702,city,2300,townhome,2,False,,,,high_risk,not_allowed,,,,,,,,,,,,,,88% of lot on 25%+ slope,high,,-79.93831,40.412395
0056C00220000000,56-C-220,Hazelwood,R1A-H,702,city,2300,walkup,4,False,,,,high_risk,not_allowed,,,,,,,,,,,,,,88% of lot on 25%+ slope,high,,-79.93831,40.412395
0056C00221000000,56-C-221,Hazelwood,R1A-H,2030,city,800,single_family,1,True,26.0,33.0,40.6,high_risk,by_right,1.0,1.0,1.0,by_right,5.2,6.4,7.5,102362,153339,207153,-457411,-368592,-284524,88% of lot on 25%+ slope,high,,-79.938201,40.412287
0056C00221000000,56-C-221,Hazelwood,R1A-H,2030,city,800,duplex,2,False,,,,high_risk,not_allowed,,,,,,,,,,,,,,88% of lot on 25%+ slope,high,,-79.938201,40.412287
0056C00221000000,56-C-221,Hazelwood,R1A-H,2030,city,800,triplex,3,False,,,,high_risk,not_allowed,,,,,,,,,,,,,,88% of lot on 25%+ slope,high,,-79.938201,40.412287
0056C00221000000,56-C-221,Hazelwood,R1A-H,2030,city,800,townhome,2,False,,,,high_risk,not_allowed,,,,,,,,,,,,,,88% of lot on 25%+ slope,high,,-79.938201,40.412287
0056C00221000000,56-C-221,Hazelwood,R1A-H,2030,city,800,walkup,4,False,,,,high_risk,not_allowed,,,,,,,,,,,,,,88% of lot on 25%+ slope,high,,-79.938201,40.412287
0056C00222000000,56-C-222,Hazelwood,R1A-H,2410,private,600,single_family,1,True,33.4,38.9,44.7,high_risk,by_right,1.0,1.0,1.0,by_right,4.9,6.1,7.3,81352,113942,148269,-411727,-334490,-256619,100% of lot landslide-prone,high,,-79.938317,40.412282
0056C00222000000,56-C-222,Hazelwood,R1A-H,2410,private,600,duplex,2,False,,,,high_risk,not_allowed,,,,,,,,,,,,,,100% of lot landslide-prone,high,,-79.938317,40.412282
0056C00222000000,56-C-222,Hazelwood,R1A-H,2410,private,600,triplex,3,False,,,,high_risk,not_allowed,,,,,,,,,,,,,,100% of lot landslide-prone,high,,-79.938317,40.412282
0056C00222000000,56-C-222,Hazelwood,R1A-H,2410,private,600,townhome,2,False,,,,high_risk,not_allowed,,,,,,,,,,,,,,100% of lot landslide-prone,high,,-79.938317,40.412282
0056C00222000000,56-C-222,Hazelwood,R1A-H,2410,private,600,walkup,4,False,,,,high_risk,not_allowed,,,,,,,,,,,,,,100% of lot landslide-prone,high,,-79.938317,40.412282
0056C00224000000,56-C-224,Hazelwood,R1A-H,2382,city,3000,single_family,1,True,39.9,45.3,50.7,high_risk,by_right,1.0,1.0,1.0,by_right,4.9,6.0,7.3,46439,75212,104326,-375788,-300069,-223578,100% of lot landslide-prone,high,,-79.938467,40.412221
0056C00224000000,56-C-224,Hazelwood,R1A-H,2382,city,3000,duplex,2,False,,,,high_risk,not_allowed,,,,,,,,,,,,,,100% of lot landslide-prone,high,,-79.938467,40.412221
0056C00224000000,56-C-224,Hazelwood,R1A-H,2382,city,3000,triplex,3,False,,,,high_risk,not_allowed,,,,,,,,,,,,,,100% of lot landslide-prone,high,,-79.938467,40.412221
0056C00224000000,56-C-224,Hazelwood,R1A-H,2382,city,3000,townhome,2,False,,,,high_risk,not_allowed,,,,,,,,,,,,,,100% of lot landslide-prone,high,,-79.938467,40.412221
0056C00224000000,56-C-224,Hazelwood,R1A-H,2382,city,3000,walkup,4,False,,,,high_risk,not_allowed,,,,,,,,,,,,,,100% of lot landslide-prone,high,,-79.938467,40.412221
0056C00225000000,56-C-225,Hazelwood,R1A-H,2184,private,3000,single_family,1,True,41.3,46.8,52.0,high_risk,by_right,1.0,1.0,1.0,by_right,4.2,5.3,6.5,44396,72678,101527,-380460,-300935,-222400,100% of lot landslide-prone,high,,-79.938536,40.412184
0056C00225000000,56-C-225,Hazelwood,R1A-H,2184,private,3000,duplex,2,False,,,,high_risk,not_allowed,,,,,,,,,,,,,,100% of lot landslide-prone,high,,-79.938536,40.412184
0056C00225000000,56-C-225,Hazelwood,R1A-H,2184,private,3000,triplex,3,False,,,,high_risk,not_allowed,,,,,,,,,,,,,,100% of lot landslide-prone,high,,-79.938536,40.412184
0056C00225000000,56-C-225,Hazelwood,R1A-H,2184,private,3000,townhome,2,False,,,,high_risk,not_allowed,,,,,,,,,,,,,,100% of lot landslide-prone,high,,-79.938536,40.412184
0056C00225000000,56-C-225,Hazelwood,R1A-H,2184,private,3000,walkup,4,False,,,,high_risk,not_allowed,,,,,,,,,,,,,,100% of lot landslide-prone,high,,-79.938536,40.412184
0056C00226000000,56-C-226,Hazelwood,R1A-H,1733,city,2600,single_family,1,True,40.0,45.4,50.8,high_risk,by_right,1.0,1.0,1.0,by_right,4.9,6.0,7.3,45736,74509,103623,-373883,-297339,-219650,100% of lot landslide-prone,high,,-79.9386,40.412158
0056C00226000000,56-C-226,Hazelwood,R1A-H,1733,city,2600,duplex,2,False,,,,high_risk,not_allowed,,,,,,,,,,,,,,100% of lot landslide-prone,high,,-79.9386,40.412158
0056C00226000000,56-C-226,Hazelwood,R1A-H,1733,city,2600,triplex,3,False,,,,high_risk,not_allowed,,,,,,,,,,,,,,100% of lot landslide-prone,high,,-79.9386,40.412158
0056C00226000000,56-C-226,Hazelwood,R1A-H,1733,city,2600,townhome,2,False,,,,high_risk,not_allowed,,,,,,,,,,,,,,100% of lot landslide-prone,high,,-79.9386,40.412158
0056C00226000000,56-C-226,Hazelwood,R1A-H,1733,city,2600,walkup,4,False,,,,high_risk,not_allowed,,,,,,,,,,,,,,100% of lot landslide-prone,high,,-79.9386,40.412158
0056C00227000000,56-C-227,Hazelwood,R1A-H,1486,city,2600,single_family,1,True,35.5,40.9,46.5,high_risk,variance,0.827,0.9,0.944,model,6.3,7.7,9.3,45230,72956,102137,-373163,-292732,-216279,100% of lot landslide-prone,high,,-79.938652,40.412137
0056C00227000000,56-C-227,Hazelwood,R1A-H,1486,city,2600,duplex,2,False,,,,high_risk,not_allowed,,,,,,,,,,,,,,100% of lot landslide-prone,high,,-79.938652,40.412137
0056C00227000000,56-C-227,Hazelwood,R1A-H,1486,city,2600,triplex,3,False,,,,high_risk,not_allowed,,,,,,,,,,,,,,100% of lot landslide-prone,high,,-79.938652,40.412137
0056C00227000000,56-C-227,Hazelwood,R1A-H,1486,city,2600,townhome,2,False,,,,high_risk,not_allowed,,,,,,,,,,,,,,100% of lot landslide-prone,high,,-79.938652,40.412137
0056C00227000000,56-C-227,Hazelwood,R1A-H,1486,city,2600,walkup,4,False,,,,high_risk,not_allowed,,,,,,,,,,,,,,100% of lot landslide-prone,high,,-79.938652,40.412137
0056C00228000000,56-C-228,Hazelwood,R1A-H,1539,city,2600,single_family,1,True,35.6,41.1,46.6,high_risk,variance,0.827,0.9,0.944,model,6.3,7.7,9.3,44640,72365,101547,-372653,-292218,-215760,100% of lot landslide-prone,high,,-79.938697,40.412111
0056C00228000000,56-C-228,Hazelwood,R1A-H,1539,city,2600,duplex,2,False,,,,high_risk,not_allowed,,,,,,,,,,,,,,100% of lot landslide-prone,high,,-79.938697,40.412111
0056C00228000000,56-C-228,Hazelwood,R1A-H,1539,city,2600,triplex,3,False,,,,high_risk,not_allowed,,,,,,,,,,,,,,100% of lot landslide-prone,high,,-79.938697,40.412111
0056C00228000000,56-C-228,Hazelwood,R1A-H,1539,city,2600,townhome,2,False,,,,high_risk,not_allowed,,,,,,,,,,,,,,100% of lot landslide-prone,high,,-79.938697,40.412111
0056C00228000000,56-C-228,Hazelwood,R1A-H,1539,city,2600,walkup,4,False,,,,high_risk,not_allowed,,,,,,,,,,,,,,100% of lot landslide-prone,high,,-79.938697,40.412111
0056C00229000000,56-C-229,Hazelwood,R1A-H,2374,city,3000,single_family,1,True,40.1,45.5,51.0,high_risk,by_right,1.0,1.0,1.0,by_right,4.9,6.0,7.3,44824,73597,102711,-373080,-296548,-218859,100% of lot landslide-prone,high,,-79.93876,40.412086
0056C00229000000,56-C-229,Hazelwood,R1A-H,2374,city,3000,duplex,2,False,,,,high_risk,not_allowed,,,,,,,,,,,,,,100% of lot landslide-prone,high,,-79.93876,40.412086
0056C00229000000,56-C-229,Hazelwood,R1A-H,2374,city,3000,triplex,3,False,,,,high_risk,not_allowed,,,,,,,,,,,,,,100% of lot landslide-prone,high,,-79.93876,40.412086
0056C00229000000,56-C-229,Hazelwood,R1A-H,2374,city,3000,townhome,2,False,,,,high_risk,not_allowed,,,,,,,,,,,,,,100% of lot landslide-prone,high,,-79.93876,40.412086
0056C00229000000,56-C-229,Hazelwood,R1A-H,2374,city,3000,walkup,4,False,,,,high_risk,not_allowed,,,,,,,,,,,,,,100% of lot landslide-prone,high,,-79.93876,40.412086
0056C00230000000,56-C-230,Hazelwood,R1A-H,2321,city,3000,single_family,1,True,39.9,45.2,50.6,high_risk,by_right,1.0,1.0,1.0,by_right,4.9,6.0,7.3,46578,75350,104464,-374624,-298068,-220380,100% of lot landslide-prone,high,,-79.938834,40.412053
0056C00230000000,56-C-230,Hazelwood,R1A-H,2321,city,3000,duplex,2,False,,,,high_risk,not_allowed,,,,,,,,,,,,,,100% of lot landslide-prone,high,,-79.938834,40.412053
0056C00230000000,56-C-230,Hazelwood,R1A-H,2321,city,3000,triplex,3,False,,,,high_risk,not_allowed,,,,,,,,,,,,,,100% of lot landslide-prone,high,,-79.938834,40.412053
0056C00230000000,56-C-230,Hazelwood,R1A-H,2321,city,3000,townhome,2,False,,,,high_risk,not_allowed,,,,,,,,,,,,,,100% of lot landslide-prone,high,,-79.938834,40.412053
0056C00230000000,56-C-230,Hazelwood,R1A-H,2321,city,3000,walkup,4,False,,,,high_risk,not_allowed,,,,,,,,,,,,,,100% of lot landslide-prone,high,,-79.938834,40.412053
0056C00235000000,56-C-235,Hazelwood,R1A-H,2416,private,600,single_family,1,True,41.3,46.8,52.0,high_risk,by_right,1.0,1.0,1.0,by_right,4.2,5.3,6.5,44396,72678,101527,-396303,-310655,-225512,100% of lot landslide-prone,high,,-79.939191,40.41189
0056C00235000000,56-C-235,Hazelwood,R1A-H,2416,private,600,duplex,2,False,,,,high_risk,not_allowed,,,,,,,,,,,,,,100% of lot landslide-prone,high,,-79.939191,40.41189
0056C00235000000,56-C-235,Hazelwood,R1A-H,2416,private,600,triplex,3,False,,,,high_risk,not_allowed,,,,,,,,,,,,,,100% of lot landslide-prone,high,,-79.939191,40.41189
0056C00235000000,56-C-235,Hazelwood,R1A-H,2416,private,600,townhome,2,False,,,,high_risk,not_allowed,,,,,,,,,,,,,,100% of lot landslide-prone,high,,-79.939191,40.41189
0056C00235000000,56-C-235,Hazelwood,R1A-H,2416,private,600,walkup,4,False,,,,high_risk,not_allowed,,,,,,,,,,,,,,100% of lot landslide-prone,high,,-79.939191,40.41189
0056C00238000000,56-C-238,Hazelwood,R1A-H,2461,city,2900,single_family,1,True,24.8,30.3,36.9,high_risk,by_right,1.0,1.0,1.0,by_right,5.3,6.4,7.5,130108,174596,217664,-493325,-397741,-309520,100% of lot landslide-prone,high,,-79.939421,40.411863
0056C00238000000,56-C-238,Hazelwood,R1A-H,2461,city,2900,duplex,2,False,,,,high_risk,not_allowed,,,,,,,,,,,,,,100% of lot landslide-prone,high,,-79.939421,40.411863
0056C00238000000,56-C-238,Hazelwood,R1A-H,2461,city,2900,triplex,3,False,,,,high_risk,not_allowed,,,,,,,,,,,,,,100% of lot landslide-prone,high,,-79.939421,40.411863
0056C00238000000,56-C-238,Hazelwood,R1A-H,2461,city,2900,townhome,2,False,35.3,40.0,44.3,high_risk,subdivision,0.885,0.932,0.966,placeholder,5.5,6.5,7.7,130049,173364,217971,-772728,-610054,-457562,100% of lot landslide-prone,high,,-79.939421,40.411863
0056C00238000000,56-C-238,Hazelwood,R1A-H,2461,city,2900,walkup,4,False,,,,high_risk,not_allowed,,,,,,,,,,,,,,100% of lot landslide-prone,high,,-79.939421,40.411863
0056C00245000000,56-C-245,Hazelwood,R1A-H,18950,private,5200,single_family,1,True,36.6,42.4,48.3,high_risk,by_right,1.0,1.0,1.0,by_right,4.4,5.4,6.5,65152,97743,132069,-418820,-333739,-249218,95% of lot landslide-prone,high,,-79.939867,40.411772
0056C00245000000,56-C-245,Hazelwood,R1A-H,18950,private,5200,duplex,2,False,,,,high_risk,not_allowed,,,,,,,,,,,,,,95% of lot landslide-prone,high,,-79.939867,40.411772
0056C00245000000,56-C-245,Hazelwood,R1A-H,18950,private,5200,triplex,3,False,,,,high_risk,not_allowed,,,,,,,,,,,,,,95% of lot landslide-prone,high,,-79.939867,40.411772
0056C00245000000,56-C-245,Hazelwood,R1A-H,18950,private,5200,townhome,8,False,53.7,55.6,57.4,feasible_with_conditions,subdivision,0.885,0.932,0.966,placeholder,4.9,5.9,7.0,65418,97203,130629,-2559485,-1931607,-1335963,95% of lot landslide-prone,high,,-79.939867,40.411772
0056C00245000000,56-C-245,Hazelwood,R1A-H,18950,private,5200,walkup,4,False,,,,high_risk,not_allowed,,,,,,,,,,,,,,95% of lot landslide-prone,high,,-79.939867,40.411772
0056C00257000000,56-C-257,Hazelwood,R1A-H,5121,city,3900,single_family,1,True,35.5,41.2,47.1,high_risk,by_right,1.0,1.0,1.0,by_right,4.9,6.1,7.3,66659,99250,133576,-440909,-355593,-265080,59% of lot landslide-prone,high,,-79.940461,40.411461
0056C00257000000,56-C-257,Hazelwood,R1A-H,5121,city,3900,duplex,2,False,,,,high_risk,not_allowed,,,,,,,,,,,,,,59% of lot landslide-prone,high,,-79.940461,40.411461
0056C00257000000,56-C-257,Hazelwood,R1A-H,5121,city,3900,triplex,3,False,,,,high_risk,not_allowed,,,,,,,,,,,,,,59% of lot landslide-prone,high,,-79.940461,40.411461
0056C00257000000,56-C-257,Hazelwood,R1A-H,5121,city,3900,townhome,2,False,,,,high_risk,not_allowed,,,,,,,,,,,,,,59% of lot landslide-prone,high,,-79.940461,40.411461
0056C00257000000,56-C-257,Hazelwood,R1A-H,5121,city,3900,walkup,4,False,,,,high_risk,not_allowed,,,,,,,,,,,,,,59% of lot landslide-prone,high,,-79.940461,40.411461
0056C00274000000,56-C-274,Hazelwood,R1D-H,1746,city,2900,single_family,1,True,35.6,41.3,47.2,high_risk,by_right,1.0,1.0,1.0,by_right,4.9,6.1,7.3,66202,98793,133119,-395845,-318352,-240067,100% of lot landslide-prone,high,,-79.938566,40.412488
0056C00274000000,56-C-274,Hazelwood,R1D-H,1746,city,2900,duplex,2,False,,,,high_risk,not_allowed,,,,,,,,,,,,,,100% of lot landslide-prone,high,,-79.938566,40.412488
0056C00274000000,56-C-274,Hazelwood,R1D-H,1746,city,2900,triplex,3,False,,,,high_risk,not_allowed,,,,,,,,,,,,,,100% of lot landslide-prone,high,,-79.938566,40.412488
0056C00274000000,56-C-274,Hazelwood,R1D-H,1746,city,2900,townhome,2,False,,,,high_risk,not_allowed,,,,,,,,,,,,,,100% of lot landslide-prone,high,,-79.938566,40.412488
0056C00274000000,56-C-274,Hazelwood,R1D-H,1746,city,2900,walkup,4,False,,,,high_risk,not_allowed,,,,,,,,,,,,,,100% of lot landslide-prone,high,,-79.938566,40.412488
0056C00275000000,56-C-275,Hazelwood,R1D-H,1644,city,2800,single_family,1,True,34.2,39.7,45.5,high_risk,by_right,1.0,1.0,1.0,by_right,4.9,6.1,7.3,76101,108692,143018,-404565,-327040,-248785,100% of lot landslide-prone,high,,-79.938628,40.412498
0056C00275000000,56-C-275,Hazelwood,R1D-H,1644,city,2800,duplex,2,False,,,,high_risk,not_allowed,,,,,,,,,,,,,,100% of lot landslide-prone,high,,-79.938628,40.412498
0056C00275000000,56-C-275,Hazelwood,R1D-H,1644,city,2800,triplex,3,False,,,,high_risk,not_allowed,,,,,,,,,,,,,,100% of lot landslide-prone,high,,-79.938628,40.412498
0056C00275000000,56-C-275,Hazelwood,R1D-H,1644,city,2800,townhome,2,False,,,,high_risk,not_allowed,,,,,,,,,,,,,,100% of lot landslide-prone,high,,-79.938628,40.412498
0056C00275000000,56-C-275,Hazelwood,R1D-H,1644,city,2800,walkup,4,False,,,,high_risk,not_allowed,,,,,,,,,,,,,,100% of lot landslide-prone,high,,-79.938628,40.412498
0056C00276000000,56-C-276,Hazelwood,R1D-H,1874,city,2800,single_family,1,True,25.6,32.4,39.9,high_risk,by_right,1.0,1.0,1.0,by_right,5.3,6.4,7.6,106842,157513,208489,-455041,-367300,-280108,69% of lot on 25%+ slope,high,,-79.938666,40.412531
0056C00276000000,56-C-276,Hazelwood,R1D-H,1874,city,2800,duplex,2,False,,,,high_risk,not_allowed,,,,,,,,,,,,,,69% of lot on 25%+ slope,high,,-79.938666,40.412531
0056C00276000000,56-C-276,Hazelwood,R1D-H,1874,city,2800,triplex,3,False,,,,high_risk,not_allowed,,,,,,,,,,,,,,69% of lot on 25%+ slope,high,,-79.938666,40.412531
0056C00276000000,56-C-276,Hazelwood,R1D-H,1874,city,2800,townhome,2,False,,,,high_risk,not_allowed,,,,,,,,,,,,,,69% of lot on 25%+ slope,high,,-79.938666,40.412531
0056C00276000000,56-C-276,Hazelwood,R1D-H,1874,city,2800,walkup,4,False,,,,high_risk,not_allowed,,,,,,,,,,,,,,69% of lot on 25%+ slope,high,,-79.938666,40.412531
0056C00278000000,56-C-278,Hazelwood,R1D-H,5495,private,500,single_family,1,True,25.7,32.7,40.2,high_risk,by_right,1.0,1.0,1.0,by_right,5.3,6.4,7.6,104833,155503,206480,-452524,-364732,-277723,78% of lot on 25%+ slope,high,,-79.938736,40.4126
0056C00278000000,56-C-278,Hazelwood,R1D-H,5495,private,500,duplex,2,False,,,,high_risk,not_allowed,,,,,,,,,,,,,,78% of lot on 25%+ slope,high,,-79.938736,40.4126
0056C00278000000,56-C-278,Hazelwood,R1D-H,5495,private,500,triplex,3,False,,,,high_risk,not_allowed,,,,,,,,,,,,,,78% of lot on 25%+ slope,high,,-79.938736,40.4126
0056C00278000000,56-C-278,Hazelwood,R1D-H,5495,private,500,townhome,2,False,32.5,37.8,42.8,high_risk,special_exception+subdivision,0.862,0.913,0.949,model+placeholder,7.9,9.5,11.2,104870,153603,204870,-689927,-549720,-408786,78% of lot on 25%+ slope,high,,-79.938736,40.4126
0056C00278000000,56-C-278,Hazelwood,R1D-H,5495,private,500,walkup,4,False,,,,high_risk,not_allowed,,,,,,,,,,,,,,78% of lot on 25%+ slope,high,,-79.938736,40.4126
0056C00283000000,56-C-283,Hazelwood,R1D-H,4553,city,900,single_family,1,True,25.6,32.6,40.0,high_risk,by_right,1.0,1.0,1.0,by_right,5.3,6.4,7.6,105678,156348,207325,-453256,-365473,-278471,78% of lot on 25%+ slope,high,,-79.938841,40.412689
0056C00283000000,56-C-283,Hazelwood,R1D-H,4553,city,900,duplex,2,False,,,,high_risk,not_allowed,,,,,,,,,,,,,,78% of lot on 25%+ slope,high,,-79.938841,40.412689
0056C00283000000,56-C-283,Hazelwood,R1D-H,4553,city,900,triplex,3,False,,,,high_risk,not_allowed,,,,,,,,,,,,,,78% of lot on 25%+ slope,high,,-79.938841,40.412689
0056C00283000000,56-C-283,Hazelwood,R1D-H,4553,city,900,townhome,2,False,32.4,37.7,42.7,high_risk,special_exception+subdivision,0.862,0.913,0.949,model+placeholder,7.9,9.5,11.2,105715,154448,205715,-690651,-550454,-409517,78% of lot on 25%+ slope,high,,-79.938841,40.412689
0056C00283000000,56-C-283,Hazelwood,R1D-H,4553,city,900,walkup,4,False,,,,high_risk,not_allowed,,,,,,,,,,,,,,78% of lot on 25%+ slope,high,,-79.938841,40.412689
0056C00284000000,56-C-284,Hazelwood,R1D-H,1774,city,700,single_family,1,True,35.6,41.3,47.2,high_risk,by_right,1.0,1.0,1.0,by_right,4.9,6.1,7.3,66163,98753,133080,-393396,-315153,-236353,100% of lot landslide-prone,high,,-79.938897,40.41275
0056C00284000000,56-C-284,Hazelwood,R1D-H,1774,city,700,duplex,2,False,,,,high_risk,not_allowed,,,,,,,,,,,,,,100% of lot landslide-prone,high,,-79.938897,40.41275
0056C00284000000,56-C-284,Hazelwood,R1D-H,1774,city,700,triplex,3,False,,,,high_risk,not_allowed,,,,,,,,,,,,,,100% of lot landslide-prone,high,,-79.938897,40.41275
0056C00284000000,56-C-284,Hazelwood,R1D-H,1774,city,700,townhome,2,False,,,,high_risk,not_allowed,,,,,,,,,,,,,,100% of lot landslide-prone,high,,-79.938897,40.41275
0056C00284000000,56-C-284,Hazelwood,R1D-H,1774,city,700,walkup,4,False,,,,high_risk,not_allowed,,,,,,,,,,,,,,100% of lot landslide-prone,high,,-79.938897,40.41275
0056C00290000000,56-C-290,Hazelwood,R1D-H,2568,private,400,single_family,1,True,25.7,32.7,40.2,high_risk,by_right,1.0,1.0,1.0,by_right,5.3,6.4,7.6,104577,155247,206223,-449942,-363163,-275983,59% of lot on 25%+ slope,high,,-79.939079,40.412933
0056C00290000000,56-C-290,Hazelwood,R1D-H,2568,private,400,duplex,2,False,,,,high_risk,not_allowed,,,,,,,,,,,,,,59% of lot on 25%+ slope,high,,-79.939079,40.412933
0056C00290000000,56-C-290,Hazelwood,R1D-H,2568,private,400,triplex,3,False,,,,high_risk,not_allowed,,,,,,,,,,,,,,59% of lot on 25%+ slope,high,,-79.939079,40.412933
0056C00290000000,56-C-290,Hazelwood,R1D-H,2568,private,400,townhome,2,False,,,,high_risk,not_allowed,,,,,,,,,,,,,,59% of lot on 25%+ slope,high,,-79.939079,40.412933
0056C00290000000,56-C-290,Hazelwood,R1D-H,2568,private,400,walkup,4,False,,,,high_risk,not_allowed,,,,,,,,,,,,,,59% of lot on 25%+ slope,high,,-79.939079,40.412933
0056C00296000000,56-C-296,Hazelwood,R1D-H,5810,city,4100,single_family,1,True,39.3,44.6,50.0,high_risk,by_right,1.0,1.0,1.0,by_right,4.9,6.0,7.3,50157,78929,108043,-369872,-294167,-217863,100% of lot landslide-prone,high,,-79.939301,40.413241
0056C00296000000,56-C-296,Hazelwood,R1D-H,5810,city,4100,duplex,2,False,,,,high_risk,not_allowed,,,,,,,,,,,,,,100% of lot landslide-prone,high,,-79.939301,40.413241
0056C00296000000,56-C-296,Hazelwood,R1D-H,5810,city,4100,triplex,3,False,,,,high_risk,not_allowed,,,,,,,,,,,,,,100% of lot landslide-prone,high,,-79.939301,40.413241
0056C00296000000,56-C-296,Hazelwood,R1D-H,5810,city,4100,townhome,4,False,46.2,48.7,51.2,high_risk,special_exception+subdivision,0.83,0.885,0.93,model+placeholder,7.9,9.5,11.2,49986,77667,106393,-1160018,-889481,-625921,100% of lot landslide-prone,high,,-79.939301,40.413241
0056C00296000000,56-C-296,Hazelwood,R1D-H,5810,city,4100,walkup,4,False,,,,high_risk,not_allowed,,,,,,,,,,,,,,100% of lot landslide-prone,high,,-79.939301,40.413241
0056C00298000000,56-C-298,Hazelwood,R1D-H,4260,private,3900,single_family,1,True,40.1,45.5,50.9,high_risk,by_right,1.0,1.0,1.0,by_right,4.9,6.0,7.3,45009,73781,102895,-366280,-289941,-213012,100% of lot landslide-prone,high,,-79.939359,40.4131
0056C00298000000,56-C-298,Hazelwood,R1D-H,4260,private,3900,duplex,2,False,,,,high_risk,not_allowed,,,,,,,,,,,,,,100% of lot landslide-prone,high,,-79.939359,40.4131
0056C00298000000,56-C-298,Hazelwood,R1D-H,4260,private,3900,triplex,3,False,,,,high_risk,not_allowed,,,,,,,,,,,,,,100% of lot landslide-prone,high,,-79.939359,40.4131
0056C00298000000,56-C-298,Hazelwood,R1D-H,4260,private,3900,townhome,2,False,41.4,45.0,48.7,high_risk,special_exception+subdivision,0.83,0.885,0.93,model+placeholder,7.9,9.5,11.2,44838,72519,101245,-612663,-475055,-337974,100% of lot landslide-prone,high,,-79.939359,40.4131
0056C00298000000,56-C-298,Hazelwood,R1D-H,4260,private,3900,walkup,4,False,,,,high_risk,not_allowed,,,,,,,,,,,,,,100% of lot landslide-prone,high,,-79.939359,40.4131
0056C00319000000,56-C-319,Hazelwood,R1D-H,11640,private,4600,single_family,1,True,25.6,32.5,40.0,high_risk,by_right,1.0,1.0,1.0,by_right,5.3,6.4,7.5,106288,155952,208713,-454924,-367839,-286436,60% of lot on 25%+ slope,high,,-79.940238,40.412151
0056C00319000000,56-C-319,Hazelwood,R1D-H,11640,private,4600,duplex,2,False,,,,high_risk,not_allowed,,,,,,,,,,,,,,60% of lot on 25%+ slope,high,,-79.940238,40.412151
0056C00319000000,56-C-319,Hazelwood,R1D-H,11640,private,4600,triplex,3,False,,,,high_risk,not_allowed,,,,,,,,,,,,,,60% of lot on 25%+ slope,high,,-79.940238,40.412151
0056C00319000000,56-C-319,Hazelwood,R1D-H,11640,private,4600,townhome,3,False,38.5,42.5,46.5,high_risk,special_exception+subdivision,0.862,0.913,0.949,model+placeholder,8.0,9.5,11.1,102228,154549,204963,-978230,-764920,-557481,60% of lot on 25%+ slope,high,,-79.940238,40.412151
0056C00319000000,56-C-319,Hazelwood,R1D-H,11640,private,4600,walkup,4,False,,,,high_risk,not_allowed,,,,,,,,,,,,,,60% of lot on 25%+ slope,high,,-79.940238,40.412151
0056C00322000000,56-C-322,Hazelwood,R1D-H,9038,private,4300,single_family,1,True,26.2,33.1,40.9,high_risk,by_right,1.0,1.0,1.0,by_right,4.9,6.1,7.3,104536,155206,206182,-455907,-367501,-280714,75% of lot on 25%+ slope,high,,-79.940413,40.412081
0056C00322000000,56-C-322,Hazelwood,R1D-H,9038,private,4300,duplex,2,False,,,,high_risk,not_allowed,,,,,,,,,,,,,,75% of lot on 25%+ slope,high,,-79.940413,40.412081
0056C00322000000,56-C-322,Hazelwood,R1D-H,9038,private,4300,triplex,3,False,,,,high_risk,not_allowed,,,,,,,,,,,,,,75% of lot on 25%+ slope,high,,-79.940413,40.412081
0056C00322000000,56-C-322,Hazelwood,R1D-H,9038,private,4300,townhome,2,False,32.6,37.8,42.9,high_risk,special_exception+subdivision,0.862,0.913,0.949,model+placeholder,7.9,9.5,11.2,104573,153306,204573,-694526,-554167,-412355,75% of lot on 25%+ slope,high,,-79.940413,40.412081
0056C00322000000,56-C-322,Hazelwood,R1D-H,9038,private,4300,walkup,4,False,,,,high_risk,not_allowed,,,,,,,,,,,,,,75% of lot on 25%+ slope,high,,-79.940413,40.412081
0056C00325000000,56-C-325,Hazelwood,R1D-H,3859,city,3600,single_family,1,True,25.5,32.1,39.6,high_risk,by_right,1.0,1.0,1.0,by_right,5.3,6.4,7.5,109067,158731,211492,-456413,-368914,-286632,63% of lot on 25%+ slope,high,,-79.940665,40.411979
0056C00325000000,56-C-325,Hazelwood,R1D-H,3859,city,3600,duplex,2,False,,,,high_risk,not_allowed,,,,,,,,,,,,,,63% of lot on 25%+ slope,high,,-79.940665,40.411979
0056C00325000000,56-C-325,Hazelwood,R1D-H,3859,city,3600,triplex,3,False,,,,high_risk,not_allowed,,,,,,,,,,,,,,63% of lot on 25%+ slope,high,,-79.940665,40.411979
0056C00325000000,56-C-325,Hazelwood,R1D-H,3859,city,3600,townhome,2,False,,,,high_risk,not_allowed,,,,,,,,,,,,,,63% of lot on 25%+ slope,high,,-79.940665,40.411979
0056C00325000000,56-C-325,Hazelwood,R1D-H,3859,city,3600,walkup,4,False,,,,high_risk,not_allowed,,,,,,,,,,,,,,63% of lot on 25%+ slope,high,,-79.940665,40.411979
0056C00326000000,56-C-326,Hazelwood,R1D-H,3823,city,3600,single_family,1,True,25.5,32.2,39.8,high_risk,by_right,1.0,1.0,1.0,by_right,5.3,6.4,7.5,108141,157805,210566,-455618,-368102,-285814,54% of lot on 25%+ slope,high,,-79.94073,40.411955
0056C00326000000,56-C-326,Hazelwood,R1D-H,3823,city,3600,duplex,2,False,,,,high_risk,not_allowed,,,,,,,,,,,,,,54% of lot on 25%+ slope,high,,-79.94073,40.411955
0056C00326000000,56-C-326,Hazelwood,R1D-H,3823,city,3600,triplex,3,False,,,,high_risk,not_allowed,,,,,,,,,,,,,,54% of lot on 25%+ slope,high,,-79.94073,40.411955
0056C00326000000,56-C-326,Hazelwood,R1D-H,3823,city,3600,townhome,2,False,,,,high_risk,not_allowed,,,,,,,,,,,,,,54% of lot on 25%+ slope,high,,-79.94073,40.411955
0056C00326000000,56-C-326,Hazelwood,R1D-H,3823,city,3600,walkup,4,False,,,,high_risk,not_allowed,,,,,,,,,,,,,,54% of lot on 25%+ slope,high,,-79.94073,40.411955
0056C00328000000,56-C-328,Hazelwood,R1D-H,6598,private,4100,single_family,1,True,36.6,42.4,48.3,high_risk,by_right,1.0,1.0,1.0,by_right,4.4,5.4,6.5,65152,97743,132069,-396945,-318216,-238003,100% of lot landslide-prone,high,,-79.940814,40.411917
0056C00328000000,56-C-328,Hazelwood,R1D-H,6598,private,4100,duplex,2,False,,,,high_risk,not_allowed,,,,,,,,,,,,,,100% of lot landslide-prone,high,,-79.940814,40.411917
0056C00328000000,56-C-328,Hazelwood,R1D-H,6598,private,4100,triplex,3,False,,,,high_risk,not_allowed,,,,,,,,,,,,,,100% of lot landslide-prone,high,,-79.940814,40.411917
0056C00328000000,56-C-328,Hazelwood,R1D-H,6598,private,4100,townhome,2,False,,,,high_risk,not_allowed,,,,,,,,,,,,,,100% of lot landslide-prone,high,,-79.940814,40.411917
0056C00328000000,56-C-328,Hazelwood,R1D-H,6598,private,4100,walkup,4,False,,,,high_risk,not_allowed,,,,,,,,,,,,,,100% of lot landslide-prone,high,,-79.940814,40.411917
0056C00365000000,56-C-365,Hazelwood,R1D-H,2690,city,600,single_family,1,True,25.7,32.7,40.2,high_risk,by_right,1.0,1.0,1.0,by_right,5.3,6.4,7.6,104603,155273,206249,-448470,-361945,-275074,81% of lot on 25%+ slope,high,,-79.94016,40.41283
0056C00365000000,56-C-365,Hazelwood,R1D-H,2690,city,600,duplex,2,False,,,,high_risk,not_allowed,,,,,,,,,,,,,,81% of lot on 25%+ slope,high,,-79.94016,40.41283
0056C00365000000,56-C-365,Hazelwood,R1D-H,2690,city,600,triplex,3,False,,,,high_risk,not_allowed,,,,,,,,,,,,,,81% of lot on 25%+ slope,high,,-79.94016,40.41283
0056C00365000000,56-C-365,Hazelwood,R1D-H,2690,city,600,townhome,2,False,,,,high_risk,not_allowed,,,,,,,,,,,,,,81% of lot on 25%+ slope,high,,-79.94016,40.41283
0056C00365000000,56-C-365,Hazelwood,R1D-H,2690,city,600,walkup,4,False,,,,high_risk,not_allowed,,,,,,,,,,,,,,81% of lot on 25%+ slope,high,,-79.94016,40.41283
0056D00035000000,56-D-35,Hazelwood,H,23118,private,5700,single_family,1,False,22.0,28.0,35.2,high_risk,administrator_exception,0.838,0.89,0.934,placeholder,5.5,6.5,7.6,118438,170081,221307,-435744,-349258,-268057,56% of lot on 25%+ slope,high,,-79.935253,40.413807
0056D00035000000,56-D-35,Hazelwood,H,23118,private,5700,duplex,2,False,,,,high_risk,not_allowed,,,,,,,,,,,,,,56% of lot on 25%+ slope,high,,-79.935253,40.413807
0056D00035000000,56-D-35,Hazelwood,H,23118,private,5700,triplex,3,False,,,,high_risk,not_allowed,,,,,,,,,,,,,,56% of lot on 25%+ slope,high,,-79.935253,40.413807
0056D00035000000,56-D-35,Hazelwood,H,23118,private,5700,townhome,8,True,44.4,46.9,49.3,high_risk,special_exception+variance+subdivision,0.82,0.887,0.934,model+placeholder,8.8,10.3,12.0,135369,190287,243278,-2133142,-1604463,-1117928,56% of lot on 25%+ slope,high,,-79.935253,40.413807
0056D00035000000,56-D-35,Hazelwood,H,23118,private,5700,walkup,4,False,,,,high_risk,not_allowed,,,,,,,,,,,,,,56% of lot on 25%+ slope,high,,-79.935253,40.413807
0056D00052000000,56-D-52,Hazelwood,H,2035,private,2900,single_family,1,True,21.1,28.3,35.9,high_risk,administrator_exception,0.732,0.792,0.848,placeholder,5.1,6.1,7.3,101767,153354,204674,-444079,-353829,-268244,97% of lot on 25%+ slope,high,,-79.934568,40.41346
0056D00052000000,56-D-52,Hazelwood,H,2035,private,2900,duplex,2,False,,,,high_risk,not_allowed,,,,,,,,,,,,,,97% of lot on 25%+ slope,high,,-79.934568,40.41346
0056D00052000000,56-D-52,Hazelwood,H,2035,private,2900,triplex,3,False,,,,high_risk,not_allowed,,,,,,,,,,,,,,97% of lot on 25%+ slope,high,,-79.934568,40.41346
0056D00052000000,56-D-52,Hazelwood,H,2035,private,2900,townhome,2,False,,,,high_risk,not_allowed,,,,,,,,,,,,,,97% of lot on 25%+ slope,high,,-79.934568,40.41346
0056D00052000000,56-D-52,Hazelwood,H,2035,private,2900,walkup,4,False,,,,high_risk,not_allowed,,,,,,,,,,,,,,97% of lot on 25%+ slope,high,,-79.934568,40.41346
0056D00054000000,56-D-54,Hazelwood,H,4614,private,3900,single_family,1,True,23.5,30.7,38.5,high_risk,administrator_exception,0.838,0.89,0.934,placeholder,5.0,6.1,7.3,102192,152669,204078,-434924,-347369,-265177,91% of lot on 25%+ slope,high,,-79.934384,40.413487
0056D00054000000,56-D-54,Hazelwood,H,4614,private,3900,duplex,2,False,,,,high_risk,not_allowed,,,,,,,,,,,,,,91% of lot on 25%+ slope,high,,-79.934384,40.413487
0056D00054000000,56-D-54,Hazelwood,H,4614,private,3900,triplex,3,False,,,,high_risk,not_allowed,,,,,,,,,,,,,,91% of lot on 25%+ slope,high,,-79.934384,40.413487
0056D00054000000,56-D-54,Hazelwood,H,4614,private,3900,townhome,2,False,,,,high_risk,not_allowed,,,,,,,,,,,,,,91% of lot on 25%+ slope,high,,-79.934384,40.413487
0056D00054000000,56-D-54,Hazelwood,H,4614,private,3900,walkup,4,False,,,,high_risk,not_allowed,,,,,,,,,,,,,,91% of lot on 25%+ slope,high,,-79.934384,40.413487
0056D00058000000,56-D-58,Hazelwood,H,2489,private,600,single_family,1,True,20.9,27.6,35.4,high_risk,administrator_exception,0.732,0.792,0.848,placeholder,5.3,6.5,7.6,102817,154527,203699,-433149,-348323,-263984,76% of lot on 25%+ slope,high,,-79.934146,40.413625
0056D00058000000,56-D-58,Hazelwood,H,2489,private,600,duplex,2,False,,,,high_risk,not_allowed,,,,,,,,,,,,,,76% of lot on 25%+ slope,high,,-79.934146,40.413625
0056D00058000000,56-D-58,Hazelwood,H,2489,private,600,triplex,3,False,,,,high_risk,not_allowed,,,,,,,,,,,,,,76% of lot on 25%+ slope,high,,-79.934146,40.413625
0056D00058000000,56-D-58,Hazelwood,H,2489,private,600,townhome,2,False,,,,high_risk,not_allowed,,,,,,,,,,,,,,76% of lot on 25%+ slope,high,,-79.934146,40.413625
0056D00058000000,56-D-58,Hazelwood,H,2489,private,600,walkup,4,False,,,,high_risk,not_allowed,,,,,,,,,,,,,,76% of lot on 25%+ slope,high,,-79.934146,40.413625
0056D00060000000,56-D-60,Hazelwood,H,2831,private,3100,single_family,1,True,20.9,27.7,35.4,high_risk,administrator_exception,0.732,0.792,0.848,placeholder,5.3,6.5,7.6,102715,154425,203596,-433061,-348233,-263894,69% of lot on 25%+ slope,high,,-79.934001,40.413558
0056D00060000000,56-D-60,Hazelwood,H,2831,private,3100,duplex,2,False,,,,high_risk,not_allowed,,,,,,,,,,,,,,69% of lot on 25%+ slope,high,,-79.934001,40.413558
0056D00060000000,56-D-60,Hazelwood,H,2831,private,3100,triplex,3,False,,,,high_risk,not_allowed,,,,,,,,,,,,,,69% of lot on 25%+ slope,high,,-79.934001,40.413558
0056D00060000000,56-D-60,Hazelwood,H,2831,private,3100,townhome,2,False,,,,high_risk,not_allowed,,,,,,,,,,,,,,69% of lot on 25%+ slope,high,,-79.934001,40.413558
0056D00060000000,56-D-60,Hazelwood,H,2831,private,3100,walkup,4,False,,,,high_risk,not_allowed,,,,,,,,,,,,,,69% of lot on 25%+ slope,high,,-79.934001,40.413558
0056D00065000000,56-D-65,Hazelwood,H,11459,private,900,single_family,1,False,23.5,30.7,38.5,high_risk,administrator_exception,0.838,0.89,0.934,placeholder,5.0,6.1,7.3,102192,152669,204078,-425276,-340616,-260970,75% of lot on 25%+ slope,high,,-79.933789,40.413633
0056D00065000000,56-D-65,Hazelwood,H,11459,private,900,duplex,2,False,,,,high_risk,not_allowed,,,,,,,,,,,,,,75% of lot on 25%+ slope,high,,-79.933789,40.413633
0056D00065000000,56-D-65,Hazelwood,H,11459,private,900,triplex,3,False,,,,high_risk,not_allowed,,,,,,,,,,,,,,75% of lot on 25%+ slope,high,,-79.933789,40.413633
0056D00065000000,56-D-65,Hazelwood,H,11459,private,900,townhome,4,True,40.6,43.9,47.4,high_risk,special_exception+variance+subdivision,0.831,0.889,0.935,model+placeholder,8.7,10.3,12.0,101216,151116,202714,-1147779,-882273,-638525,75% of lot on 25%+ slope,high,,-79.933789,40.413633
0056D00065000000,56-D-65,Hazelwood,H,11459,private,900,walkup,4,False,,,,high_risk,not_allowed,,,,,,,,,,,,,,75% of lot on 25%+ slope,high,,-79.933789,40.413633
0056D00069000000,56-D-69,Hazelwood,H,2038,private,800,single_family,1,True,21.0,27.7,35.5,high_risk,administrator_exception,0.732,0.792,0.848,placeholder,5.3,6.5,7.6,102031,153742,202913,-419188,-336324,-256480,52% of lot on 25%+ slope,high,,-79.933407,40.413747
0056D00069000000,56-D-69,Hazelwood,H,2038,private,800,duplex,2,False,,,,high_risk,not_allowed,,,,,,,,,,,,,,52% of lot on 25%+ slope,high,,-79.933407,40.413747
0056D00069000000,56-D-69,Hazelwood,H,2038,private,800,triplex,3,False,,,,high_risk,not_allowed,,,,,,,,,,,,,,52% of lot on 25%+ slope,high,,-79.933407,40.413747
0056D00069000000,56-D-69,Hazelwood,H,2038,private,800,townhome,2,False,,,,high_risk,not_allowed,,,,,,,,,,,,,,52% of lot on 25%+ slope,high,,-79.933407,40.413747
0056D00069000000,56-D-69,Hazelwood,H,2038,private,800,walkup,4,False,,,,high_risk,not_allowed,,,,,,,,,,,,,,52% of lot on 25%+ slope,high,,-79.933407,40.413747
0056D00077000000,56-D-77,Hazelwood,H,2593,private,3100,single_family,1,True,20.3,26.8,34.4,high_risk,administrator_exception,0.732,0.792,0.848,placeholder,5.3,6.5,7.6,109239,160950,210121,-444436,-358463,-273119,81% of lot on 25%+ slope,high,,-79.934072,40.413458
0056D00077000000,56-D-77,Hazelwood,H,2593,private,3100,duplex,2,False,,,,high_risk,not_allowed,,,,,,,,,,,,,,81% of lot on 25%+ slope,high,,-79.934072,40.413458
0056D00077000000,56-D-77,Hazelwood,H,2593,private,3100,triplex,3,False,,,,high_risk,not_allowed,,,,,,,,,,,,,,81% of lot on 25%+ slope,high,,-79.934072,40.413458
0056D00077000000,56-D-77,Hazelwood,H,2593,private,3100,townhome,2,False,,,,high_risk,not_allowed,,,,,,,,,,,,,,81% of lot on 25%+ slope,high,,-79.934072,40.413458
0056D00077000000,56-D-77,Hazelwood,H,2593,private,3100,walkup,4,False,,,,high_risk,not_allowed,,,,,,,,,,,,,,81% of lot on 25%+ slope,high,,-79.934072,40.413458
0056D00080000000,56-D-80,Hazelwood,H,1254,private,2600,single_family,1,True,26.6,32.5,38.4,high_risk,administrator_exception+variance,0.688,0.756,0.817,model+placeholder,8.0,9.6,11.4,62391,94534,127335,-371352,-292923,-218288,100% of lot landslide-prone,high,,-79.933895,40.413493
0056D00080000000,56-D-80,Hazelwood,H,1254,private,2600,duplex,2,False,,,,high_risk,not_allowed,,,,,,,,,,,,,,100% of lot landslide-prone,high,,-79.933895,40.413493
0056D00080000000,56-D-80,Hazelwood,H,1254,private,2600,triplex,3,False,,,,high_risk,not_allowed,,,,,,,,,,,,,,100% of lot landslide-prone,high,,-79.933895,40.413493
0056D00080000000,56-D-80,Hazelwood,H,1254,private,2600,townhome,2,False,,,,high_risk,not_allowed,,,,,,,,,,,,,,100% of lot landslide-prone,high,,-79.933895,40.413493
0056D00080000000,56-D-80,Hazelwood,H,1254,private,2600,walkup,4,False,,,,high_risk,not_allowed,,,,,,,,,,,,,,100% of lot landslide-prone,high,,-79.933895,40.413493
0056D00091000000,56-D-91,Hazelwood,H,1841,private,800,single_family,1,True,21.1,28.3,35.9,high_risk,administrator_exception,0.732,0.792,0.848,placeholder,5.1,6.1,7.3,101767,153354,204674,-406216,-318985,-237483,56% of lot on 25%+ slope,high,,-79.933068,40.41386
0056D00091000000,56-D-91,Hazelwood,H,1841,private,800,duplex,2,False,,,,high_risk,not_allowed,,,,,,,,,,,,,,56% of lot on 25%+ slope,high,,-79.933068,40.41386
0056D00091000000,56-D-91,Hazelwood,H,1841,private,800,triplex,3,False,,,,high_risk,not_allowed,,,,,,,,,,,,,,56% of lot on 25%+ slope,high,,-79.933068,40.41386
0056D00091000000,56-D-91,Hazelwood,H,1841,private,800,townhome,2,False,,,,high_risk,not_allowed,,,,,,,,,,,,,,56% of lot on 25%+ slope,high,,-79.933068,40.41386
0056D00091000000,56-D-91,Hazelwood,H,1841,private,800,walkup,4,False,,,,high_risk,not_allowed,,,,,,,,,,,,,,56% of lot on 25%+ slope,high,,-79.933068,40.41386
0056D00092000000,56-D-92,Hazelwood,H,4719,private,2100,single_family,1,True,33.7,39.8,45.7,high_risk,administrator_exception,0.838,0.89,0.934,placeholder,4.6,5.5,6.6,63053,95199,129146,-340334,-265081,-192843,100% of lot landslide-prone,high,,-79.932942,40.413887
0056D00092000000,56-D-92,Hazelwood,H,4719,private,2100,duplex,2,False,,,,high_risk,not_allowed,,,,,,,,,,,,,,100% of lot landslide-prone,high,,-79.932942,40.413887
0056D00092000000,56-D-92,Hazelwood,H,4719,private,2100,triplex,3,False,,,,high_risk,not_allowed,,,,,,,,,,,,,,100% of lot landslide-prone,high,,-79.932942,40.413887
0056D00092000000,56-D-92,Hazelwood,H,4719,private,2100,townhome,2,False,,,,high_risk,not_allowed,,,,,,,,,,,,,,100% of lot landslide-prone,high,,-79.932942,40.413887
0056D00092000000,56-D-92,Hazelwood,H,4719,private,2100,walkup,4,False,,,,high_risk,not_allowed,,,,,,,,,,,,,,100% of lot landslide-prone,high,,-79.932942,40.413887
0056D00097000000,56-D-97,Hazelwood,H,3804,private,900,single_family,1,True,23.0,30.0,37.7,high_risk,administrator_exception,0.838,0.89,0.934,placeholder,5.3,6.4,7.6,103432,152782,204958,-408901,-329060,-251417,84% of lot on 25%+ slope,high,,-79.932783,40.413696
0056D00097000000,56-D-97,Hazelwood,H,3804,private,900,duplex,2,False,,,,high_risk,not_allowed,,,,,,,,,,,,,,84% of lot on 25%+ slope,high,,-79.932783,40.413696
0056D00097000000,56-D-97,Hazelwood,H,3804,private,900,triplex,3,False,,,,high_risk,not_allowed,,,,,,,,,,,,,,84% of lot on 25%+ slope,high,,-79.932783,40.413696
0056D00097000000,56-D-97,Hazelwood,H,3804,private,900,townhome,2,False,,,,high_risk,not_allowed,,,,,,,,,,,,,,84% of lot on 25%+ slope,high,,-79.932783,40.413696
0056D00097000000,56-D-97,Hazelwood,H,3804,private,900,walkup,4,False,,,,high_risk,not_allowed,,,,,,,,,,,,,,84% of lot on 25%+ slope,high,,-79.932783,40.413696
0056D00101000000,56-D-101,Hazelwood,H,7230,private,1400,single_family,1,False,23.0,30.0,37.7,high_risk,administrator_exception,0.838,0.89,0.934,placeholder,5.3,6.4,7.6,103533,152883,205059,-420747,-339057,-260442,56% of lot on 25%+ slope,high,,-79.933004,40.413616
0056D00101000000,56-D-101,Hazelwood,H,7230,private,1400,duplex,2,False,,,,high_risk,not_allowed,,,,,,,,,,,,,,56% of lot on 25%+ slope,high,,-79.933004,40.413616
0056D00101000000,56-D-101,Hazelwood,H,7230,private,1400,triplex,3,False,,,,high_risk,not_allowed,,,,,,,,,,,,,,56% of lot on 25%+ slope,high,,-79.933004,40.413616
0056D00101000000,56-D-101,Hazelwood,H,7230,private,1400,townhome,3,True,37.5,41.5,45.3,high_risk,special_exception+variance+subdivision,0.831,0.889,0.935,model+placeholder,8.8,10.3,12.0,101668,151157,202518,-882723,-683392,-499728,56% of lot on 25%+ slope,high,,-79.933004,40.413616
0056D00101000000,56-D-101,Hazelwood,H,7230,private,1400,walkup,4,False,,,,high_risk,not_allowed,,,,,,,,,,,,,,56% of lot on 25%+ slope,high,,-79.933004,40.413616
0056D00117000000,56-D-117,Hazelwood,H,10829,private,4700,single_family,1,False,23.5,30.5,38.4,high_risk,administrator_exception,0.838,0.89,0.934,placeholder,5.0,6.1,7.2,103331,152681,204857,-448449,-361214,-276943,77% of lot on 25%+ slope,high,,-79.934315,40.413115
0056D00117000000,56-D-117,Hazelwood,H,10829,private,4700,duplex,2,False,,,,high_risk,not_allowed,,,,,,,,,,,,,,77% of lot on 25%+ slope,high,,-79.934315,40.413115
0056D00117000000,56-D-117,Hazelwood,H,10829,private,4700,triplex,3,False,,,,high_risk,not_allowed,,,,,,,,,,,,,,77% of lot on 25%+ slope,high,,-79.934315,40.413115
0056D00117000000,56-D-117,Hazelwood,H,10829,private,4700,townhome,4,True,40.7,44.0,47.2,high_risk,special_exception+variance+subdivision,0.831,0.889,0.935,model+placeholder,8.8,10.3,12.0,101466,150955,202316,-1231409,-950059,-680181,77% of lot on 25%+ slope,high,,-79.934315,40.413115
0056D00117000000,56-D-117,Hazelwood,H,10829,private,4700,walkup,4,False,,,,high_risk,not_allowed,,,,,,,,,,,,,,77% of lot on 25%+ slope,high,,-79.934315,40.413115
0056D00121000000,56-D-121,Hazelwood,R1D-H,2958,private,1000,single_family,1,True,37.0,42.8,48.8,high_risk,by_right,1.0,1.0,1.0,by_right,4.3,5.4,6.5,61242,96435,130008,-388560,-311721,-229278,100% of lot landslide-prone,high,,-79.934779,40.413031
0056D00121000000,56-D-121,Hazelwood,R1D-H,2958,private,1000,duplex,2,False,,,,high_risk,not_allowed,,,,,,,,,,,,,,100% of lot landslide-prone,high,,-79.934779,40.413031
0056D00121000000,56-D-121,Hazelwood,R1D-H,2958,private,1000,triplex,3,False,,,,high_risk,not_allowed,,,,,,,,,,,,,,100% of lot landslide-prone,high,,-79.934779,40.413031
0056D00121000000,56-D-121,Hazelwood,R1D-H,2958,private,1000,townhome,2,False,,,,high_risk,not_allowed,,,,,,,,,,,,,,100% of lot landslide-prone,high,,-79.934779,40.413031
0056D00121000000,56-D-121,Hazelwood,R1D-H,2958,private,1000,walkup,4,False,,,,high_risk,not_allowed,,,,,,,,,,,,,,100% of lot landslide-prone,high,,-79.934779,40.413031
0056D00131000000,56-D-131,Hazelwood,R1D-H,1585,private,1900,single_family,1,True,23.6,26.0,32.6,high_risk,by_right,1.0,1.0,1.0,by_right,5.3,6.4,7.5,157894,216884,274608,-509297,-416519,-328116,62% of lot on 25%+ slope,high,,-79.935514,40.412915
0056D00131000000,56-D-131,Hazelwood,R1D-H,1585,private,1900,duplex,2,False,,,,high_risk,not_allowed,,,,,,,,,,,,,,62% of lot on 25%+ slope,high,,-79.935514,40.412915
0056D00131000000,56-D-131,Hazelwood,R1D-H,1585,private,1900,triplex,3,False,,,,high_risk,not_allowed,,,,,,,,,,,,,,62% of lot on 25%+ slope,high,,-79.935514,40.412915
0056D00131000000,56-D-131,Hazelwood,R1D-H,1585,private,1900,townhome,2,False,,,,high_risk,not_allowed,,,,,,,,,,,,,,62% of lot on 25%+ slope,high,,-79.935514,40.412915
0056D00131000000,56-D-131,Hazelwood,R1D-H,1585,private,1900,walkup,4,False,,,,high_risk,not_allowed,,,,,,,,,,,,,,62% of lot on 25%+ slope,high,,-79.935514,40.412915
0056D00132000000,56-D-132,Hazelwood,R1D-H,2324,private,400,single_family,1,True,23.6,26.0,32.6,high_risk,by_right,1.0,1.0,1.0,by_right,5.3,6.4,7.5,157894,216884,274608,-509297,-416519,-328116,63% of lot on 25%+ slope,high,,-79.935573,40.412886
0056D00132000000,56-D-132,Hazelwood,R1D-H,2324,private,400,duplex,2,False,,,,high_risk,not_allowed,,,,,,,,,,,,,,63% of lot on 25%+ slope,high,,-79.935573,40.412886
0056D00132000000,56-D-132,Hazelwood,R1D-H,2324,private,400,triplex,3,False,,,,high_risk,not_allowed,,,,,,,,,,,,,,63% of lot on 25%+ slope,high,,-79.935573,40.412886
0056D00132000000,56-D-132,Hazelwood,R1D-H,2324,private,400,townhome,2,False,,,,high_risk,not_allowed,,,,,,,,,,,,,,63% of lot on 25%+ slope,high,,-79.935573,40.412886
0056D00132000000,56-D-132,Hazelwood,R1D-H,2324,private,400,walkup,4,False,,,,high_risk,not_allowed,,,,,,,,,,,,,,63% of lot on 25%+ slope,high,,-79.935573,40.412886
0056D00134000000,56-D-134,Hazelwood,R1D-H,6258,private,3900,single_family,1,True,37.0,42.8,48.8,high_risk,by_right,1.0,1.0,1.0,by_right,4.3,5.4,6.5,61242,96435,130008,-389225,-312733,-230045,100% of lot landslide-prone,high,,-79.935641,40.412797
0056D00134000000,56-D-134,Hazelwood,R1D-H,6258,private,3900,duplex,2,False,,,,high_risk,not_allowed,,,,,,,,,,,,,,100% of lot landslide-prone,high,,-79.935641,40.412797
0056D00134000000,56-D-134,Hazelwood,R1D-H,6258,private,3900,triplex,3,False,,,,high_risk,not_allowed,,,,,,,,,,,,,,100% of lot landslide-prone,high,,-79.935641,40.412797
0056D00134000000,56-D-134,Hazelwood,R1D-H,6258,private,3900,townhome,2,False,39.5,43.5,47.3,high_risk,special_exception+subdivision,0.862,0.913,0.949,model+placeholder,8.0,9.5,11.0,62020,93529,127439,-633281,-492513,-357617,100% of lot landslide-prone,high,,-79.935641,40.412797
0056D00134000000,56-D-134,Hazelwood,R1D-H,6258,private,3900,walkup,4,False,,,,high_risk,not_allowed,,,,,,,,,,,,,,100% of lot landslide-prone,high,,-79.935641,40.412797
0056D00135000000,56-D-135,Hazelwood,R1D-H,3900,city,2600,single_family,1,True,35.2,40.8,46.3,high_risk,by_right,1.0,1.0,1.0,by_right,4.9,6.1,7.3,70070,102467,135677,-399047,-317362,-238136,100% of lot landslide-prone,high,,-79.935727,40.41272
0056D00135000000,56-D-135,Hazelwood,R1D-H,3900,city,2600,duplex,2,False,,,,high_risk,not_allowed,,,,,,,,,,,,,,100% of lot landslide-prone,high,,-79.935727,40.41272
0056D00135000000,56-D-135,Hazelwood,R1D-H,3900,city,2600,triplex,3,False,,,,high_risk,not_allowed,,,,,,,,,,,,,,100% of lot landslide-prone,high,,-79.935727,40.41272
0056D00135000000,56-D-135,Hazelwood,R1D-H,3900,city,2600,townhome,2,False,,,,high_risk,not_allowed,,,,,,,,,,,,,,100% of lot landslide-prone,high,,-79.935727,40.41272
0056D00135000000,56-D-135,Hazelwood,R1D-H,3900,city,2600,walkup,4,False,,,,high_risk,not_allowed,,,,,,,,,,,,,,100% of lot landslide-prone,high,,-79.935727,40.41272
0056D00137000000,56-D-137,Hazelwood,R1D-H,2377,city,1000,single_family,1,True,25.8,32.3,38.7,high_risk,by_right,1.0,1.0,1.0,by_right,5.3,6.4,7.5,116142,159113,202914,-448795,-363391,-282868,100% of lot landslide-prone,high,,-79.935954,40.412734
0056D00137000000,56-D-137,Hazelwood,R1D-H,2377,city,1000,duplex,2,False,,,,high_risk,not_allowed,,,,,,,,,,,,,,100% of lot landslide-prone,high,,-79.935954,40.412734
0056D00137000000,56-D-137,Hazelwood,R1D-H,2377,city,1000,triplex,3,False,,,,high_risk,not_allowed,,,,,,,,,,,,,,100% of lot landslide-prone,high,,-79.935954,40.412734
0056D00137000000,56-D-137,Hazelwood,R1D-H,2377,city,1000,townhome,2,False,,,,high_risk,not_allowed,,,,,,,,,,,,,,100% of lot landslide-prone,high,,-79.935954,40.412734
0056D00137000000,56-D-137,Hazelwood,R1D-H,2377,city,1000,walkup,4,False,,,,high_risk,not_allowed,,,,,,,,,,,,,,100% of lot landslide-prone,high,,-79.935954,40.412734
0056D00138000000,56-D-138,Hazelwood,R1D-H,2492,city,1000,single_family,1,True,25.8,32.3,38.7,high_risk,by_right,1.0,1.0,1.0,by_right,5.3,6.4,7.5,116131,159101,202903,-448785,-363381,-282858,100% of lot landslide-prone,high,,-79.936028,40.412698
0056D00138000000,56-D-138,Hazelwood,R1D-H,2492,city,1000,duplex,2,False,,,,high_risk,not_allowed,,,,,,,,,,,,,,100% of lot landslide-prone,high,,-79.936028,40.412698
0056D00138000000,56-D-138,Hazelwood,R1D-H,2492,city,1000,triplex,3,False,,,,high_risk,not_allowed,,,,,,,,,,,,,,100% of lot landslide-prone,high,,-79.936028,40.412698
0056D00138000000,56-D-138,Hazelwood,R1D-H,2492,city,1000,townhome,2,False,,,,high_risk,not_allowed,,,,,,,,,,,,,,100% of lot landslide-prone,high,,-79.936028,40.412698
0056D00138000000,56-D-138,Hazelwood,R1D-H,2492,city,1000,walkup,4,False,,,,high_risk,not_allowed,,,,,,,,,,,,,,100% of lot landslide-prone,high,,-79.936028,40.412698
0056D00139000000,56-D-139,Hazelwood,R1D-H,4092,city,3600,single_family,1,True,36.1,41.8,47.3,high_risk,by_right,1.0,1.0,1.0,by_right,4.9,6.1,7.3,63927,96323,129534,-393699,-311999,-232785,100% of lot landslide-prone,high,,-79.936014,40.412586
0056D00139000000,56-D-139,Hazelwood,R1D-H,4092,city,3600,duplex,2,False,,,,high_risk,not_allowed,,,,,,,,,,,,,,100% of lot landslide-prone,high,,-79.936014,40.412586
0056D00139000000,56-D-139,Hazelwood,R1D-H,4092,city,3600,triplex,3,False,,,,high_risk,not_allowed,,,,,,,,,,,,,,100% of lot landslide-prone,high,,-79.936014,40.412586
0056D00139000000,56-D-139,Hazelwood,R1D-H,4092,city,3600,townhome,2,False,39.4,43.4,47.0,high_risk,special_exception+subdivision,0.862,0.913,0.949,model+placeholder,7.9,9.5,11.0,64410,94386,128224,-634715,-493770,-363358,100% of lot landslide-prone,high,,-79.936014,40.412586
0056D00139000000,56-D-139,Hazelwood,R1D-H,4092,city,3600,walkup,4,False,,,,high_risk,not_allowed,,,,,,,,,,,,,,100% of lot landslide-prone,high,,-79.936014,40.412586
0056D00140000000,56-D-140,Hazelwood,R1D-H,4088,private,600,single_family,1,True,37.0,42.8,48.8,high_risk,by_right,1.0,1.0,1.0,by_right,4.3,5.4,6.5,61242,96435,130008,-389225,-312733,-230045,100% of lot landslide-prone,high,,-79.936095,40.41254
0056D00140000000,56-D-140,Hazelwood,R1D-H,4088,private,600,duplex,2,False,,,,high_risk,not_allowed,,,,,,,,,,,,,,100% of lot landslide-prone,high,,-79.936095,40.41254
0056D00140000000,56-D-140,Hazelwood,R1D-H,4088,private,600,triplex,3,False,,,,high_risk,not_allowed,,,,,,,,,,,,,,100% of lot landslide-prone,high,,-79.936095,40.41254
0056D00140000000,56-D-140,Hazelwood,R1D-H,4088,private,600,townhome,2,False,,,,high_risk,not_allowed,,,,,,,,,,,,,,100% of lot landslide-prone,high,,-79.936095,40.41254
0056D00140000000,56-D-140,Hazelwood,R1D-H,4088,private,600,walkup,4,False,,,,high_risk,not_allowed,,,,,,,,,,,,,,100% of lot landslide-prone,high,,-79.936095,40.41254
0056D00141000000,56-D-141,Hazelwood,R1D-H,4183,city,2800,single_family,1,True,35.3,41.0,46.4,high_risk,by_right,1.0,1.0,1.0,by_right,4.9,6.1,7.3,69340,101736,134947,-398411,-316725,-237489,100% of lot landslide-prone,high,,-79.936157,40.412507
0056D00141000000,56-D-141,Hazelwood,R1D-H,4183,city,2800,duplex,2,False,,,,high_risk,not_allowed,,,,,,,,,,,,,,100% of lot landslide-prone,high,,-79.936157,40.412507
0056D00141000000,56-D-141,Hazelwood,R1D-H,4183,city,2800,triplex,3,False,,,,high_risk,not_allowed,,,,,,,,,,,,,,100% of lot landslide-prone,high,,-79.936157,40.412507
0056D00141000000,56-D-141,Hazelwood,R1D-H,4183,city,2800,townhome,2,False,,,,high_risk,not_allowed,,,,,,,,,,,,,,100% of lot landslide-prone,high,,-79.936157,40.412507
0056D00141000000,56-D-141,Hazelwood,R1D-H,4183,city,2800,walkup,4,False,,,,high_risk,not_allowed,,,,,,,,,,,,,,100% of lot landslide-prone,high,,-79.936157,40.412507
0056D00142000000,56-D-142,Hazelwood,R1D-H,4316,city,2800,single_family,1,True,35.9,41.6,47.1,high_risk,by_right,1.0,1.0,1.0,by_right,4.9,6.1,7.3,65190,97586,130797,-394798,-313105,-233859,100% of lot landslide-prone,high,,-79.936223,40.412479
0056D00142000000,56-D-142,Hazelwood,R1D-H,4316,city,2800,duplex,2,False,,,,high_risk,not_allowed,,,,,,,,,,,,,,100% of lot landslide-prone,high,,-79.936223,40.412479
0056D00142000000,56-D-142,Hazelwood,R1D-H,4316,city,2800,triplex,3,False,,,,high_risk,not_allowed,,,,,,,,,,,,,,100% of lot landslide-prone,high,,-79.936223,40.412479
0056D00142000000,56-D-142,Hazelwood,R1D-H,4316,city,2800,townhome,2,False,,,,high_risk,not_allowed,,,,,,,,,,,,,,100% of lot landslide-prone,high,,-79.936223,40.412479
0056D00142000000,56-D-142,Hazelwood,R1D-H,4316,city,2800,walkup,4,False,,,,high_risk,not_allowed,,,,,,,,,,,,,,100% of lot landslide-prone,high,,-79.936223,40.412479
0056D00164000000,56-D-164,Hazelwood,R1D-H,3076,private,1200,single_family,1,True,43.9,49.4,55.1,high_risk,by_right,1.0,1.0,1.0,by_right,4.2,5.3,6.5,29612,56981,85686,-354918,-278966,-201687,100% of lot landslide-prone,high,,-79.935395,40.412686
0056D00164000000,56-D-164,Hazelwood,R1D-H,3076,private,1200,duplex,2,False,,,,high_risk,not_allowed,,,,,,,,,,,,,,100% of lot landslide-prone,high,,-79.935395,40.412686
0056D00164000000,56-D-164,Hazelwood,R1D-H,3076,private,1200,triplex,3,False,,,,high_risk,not_allowed,,,,,,,,,,,,,,100% of lot landslide-prone,high,,-79.935395,40.412686
0056D00164000000,56-D-164,Hazelwood,R1D-H,3076,private,1200,townhome,2,False,43.0,46.7,50.2,high_risk,special_exception+subdivision,0.83,0.885,0.93,model+placeholder,8.0,9.5,11.2,30216,57475,85624,-596948,-460299,-325977,100% of lot landslide-prone,high,,-79.935395,40.412686
0056D00164000000,56-D-164,Hazelwood,R1D-H,3076,private,1200,walkup,4,False,,,,high_risk,not_allowed,,,,,,,,,,,,,,100% of lot landslide-prone,high,,-79.935395,40.412686
0056D00169000000,56-D-169,Hazelwood,R1D-H,1381,city,2600,single_family,1,True,32.6,38.6,44.5,high_risk,variance,0.909,0.959,0.982,model,6.3,7.7,9.3,62769,95124,128118,-385741,-306594,-230204,100% of lot landslide-prone,high,,-79.935715,40.412548
0056D00169000000,56-D-169,Hazelwood,R1D-H,1381,city,2600,duplex,2,False,,,,high_risk,not_allowed,,,,,,,,,,,,,,100% of lot landslide-prone,high,,-79.935715,40.412548
0056D00169000000,56-D-169,Hazelwood,R1D-H,1381,city,2600,triplex,3,False,,,,high_risk,not_allowed,,,,,,,,,,,,,,100% of lot landslide-prone,high,,-79.935715,40.412548
0056D00169000000,56-D-169,Hazelwood,R1D-H,1381,city,2600,townhome,2,False,,,,high_risk,not_allowed,,,,,,,,,,,,,,100% of lot landslide-prone,high,,-79.935715,40.412548
0056D00169000000,56-D-169,Hazelwood,R1D-H,1381,city,2600,walkup,4,False,,,,high_risk,not_allowed,,,,,,,,,,,,,,100% of lot landslide-prone,high,,-79.935715,40.412548
0056D00170000000,56-D-170,Hazelwood,R1D-H,1409,city,2600,single_family,1,True,32.0,38.0,43.9,high_risk,variance,0.909,0.959,0.982,model,6.3,7.7,9.3,66588,98944,131938,-389059,-309934,-233481,100% of lot landslide-prone,high,,-79.935763,40.412521
0056D00170000000,56-D-170,Hazelwood,R1D-H,1409,city,2600,duplex,2,False,,,,high_risk,not_allowed,,,,,,,,,,,,,,100% of lot landslide-prone,high,,-79.935763,40.412521
0056D00170000000,56-D-170,Hazelwood,R1D-H,1409,city,2600,triplex,3,False,,,,high_risk,not_allowed,,,,,,,,,,,,,,100% of lot landslide-prone,high,,-79.935763,40.412521
0056D00170000000,56-D-170,Hazelwood,R1D-H,1409,city,2600,townhome,2,False,,,,high_risk,not_allowed,,,,,,,,,,,,,,100% of lot landslide-prone,high,,-79.935763,40.412521
0056D00170000000,56-D-170,Hazelwood,R1D-H,1409,city,2600,walkup,4,False,,,,high_risk,not_allowed,,,,,,,,,,,,,,100% of lot landslide-prone,high,,-79.935763,40.412521
0056D00171000000,56-D-171,Hazelwood,R1D-H,1646,city,2600,single_family,1,True,34.5,40.0,45.5,high_risk,by_right,1.0,1.0,1.0,by_right,4.9,6.1,7.3,75228,107624,140835,-403562,-321858,-242703,100% of lot landslide-prone,high,,-79.93582,40.412498
0056D00171000000,56-D-171,Hazelwood,R1D-H,1646,city,2600,duplex,2,False,,,,high_risk,not_allowed,,,,,,,,,,,,,,100% of lot landslide-prone,high,,-79.93582,40.412498
0056D00171000000,56-D-171,Hazelwood,R1D-H,1646,city,2600,triplex,3,False,,,,high_risk,not_allowed,,,,,,,,,,,,,,100% of lot landslide-prone,high,,-79.93582,40.412498
0056D00171000000,56-D-171,Hazelwood,R1D-H,1646,city,2600,townhome,2,False,,,,high_risk,not_allowed,,,,,,,,,,,,,,100% of lot landslide-prone,high,,-79.93582,40.412498
0056D00171000000,56-D-171,Hazelwood,R1D-H,1646,city,2600,walkup,4,False,,,,high_risk,not_allowed,,,,,,,,,,,,,,100% of lot landslide-prone,high,,-79.93582,40.412498
0056D00173000000,56-D-173,Hazelwood,R1D-H,1595,private,300,single_family,1,True,35.8,41.5,47.0,high_risk,by_right,1.0,1.0,1.0,by_right,4.9,6.1,7.3,65705,98101,131312,-395805,-314022,-234901,100% of lot landslide-prone,high,,-79.935928,40.41244
0056D00173000000,56-D-173,Hazelwood,R1D-H,1595,private,300,duplex,2,False,,,,high_risk,not_allowed,,,,,,,,,,,,,,100% of lot landslide-prone,high,,-79.935928,40.41244
0056D00173000000,56-D-173,Hazelwood,R1D-H,1595,private,300,triplex,3,False,,,,high_risk,not_allowed,,,,,,,,,,,,,,100% of lot landslide-prone,high,,-79.935928,40.41244
0056D00173000000,56-D-173,Hazelwood,R1D-H,1595,private,300,townhome,2,False,,,,high_risk,not_allowed,,,,,,,,,,,,,,100% of lot landslide-prone,high,,-79.935928,40.41244
0056D00173000000,56-D-173,Hazelwood,R1D-H,1595,private,300,walkup,4,False,,,,high_risk,not_allowed,,,,,,,,,,,,,,100% of lot landslide-prone,high,,-79.935928,40.41244
0056D00184000000,56-D-184,Hazelwood,R1D-H,2271,city,600,single_family,1,True,26.1,33.1,40.7,high_risk,by_right,1.0,1.0,1.0,by_right,5.2,6.4,7.5,101879,152855,206669,-453159,-362655,-276360,62% of lot on 25%+ slope,high,,-79.936862,40.412331
0056D00184000000,56-D-184,Hazelwood,R1D-H,2271,city,600,duplex,2,False,,,,high_risk,not_allowed,,,,,,,,,,,,,,62% of lot on 25%+ slope,high,,-79.936862,40.412331
0056D00184000000,56-D-184,Hazelwood,R1D-H,2271,city,600,triplex,3,False,,,,high_risk,not_allowed,,,,,,,,,,,,,,62% of lot on 25%+ slope,high,,-79.936862,40.412331
0056D00184000000,56-D-184,Hazelwood,R1D-H,2271,city,600,townhome,2,False,31.5,36.7,41.8,high_risk,special_exception+variance+subdivision,0.831,0.889,0.935,model+placeholder,8.8,10.3,12.0,101524,151013,202373,-686310,-543612,-404191,62% of lot on 25%+ slope,high,,-79.936862,40.412331
0056D00184000000,56-D-184,Hazelwood,R1D-H,2271,city,600,walkup,4,False,,,,high_risk,not_allowed,,,,,,,,,,,,,,62% of lot on 25%+ slope,high,,-79.936862,40.412331
0056D00186000000,56-D-186,Hazelwood,R1D-H,2481,city,2900,single_family,1,True,25.6,32.4,39.9,high_risk,by_right,1.0,1.0,1.0,by_right,5.2,6.4,7.5,106968,157945,211759,-458724,-368293,-281844,64% of lot on 25%+ slope,high,,-79.936779,40.412176
0056D00186000000,56-D-186,Hazelwood,R1D-H,2481,city,2900,duplex,2,False,,,,high_risk,not_allowed,,,,,,,,,,,,,,64% of lot on 25%+ slope,high,,-79.936779,40.412176
0056D00186000000,56-D-186,Hazelwood,R1D-H,2481,city,2900,triplex,3,False,,,,high_risk,not_allowed,,,,,,,,,,,,,,64% of lot on 25%+ slope,high,,-79.936779,40.412176
0056D00186000000,56-D-186,Hazelwood,R1D-H,2481,city,2900,townhome,2,False,,,,high_risk,not_allowed,,,,,,,,,,,,,,64% of lot on 25%+ slope,high,,-79.936779,40.412176
0056D00186000000,56-D-186,Hazelwood,R1D-H,2481,city,2900,walkup,4,False,,,,high_risk,not_allowed,,,,,,,,,,,,,,64% of lot on 25%+ slope,high,,-79.936779,40.412176
0056D00188000000,56-D-188,Hazelwood,R1D-H,1646,city,2700,single_family,1,True,25.8,32.6,40.2,high_risk,by_right,1.0,1.0,1.0,by_right,5.2,6.4,7.5,105001,155977,209791,-457028,-366551,-280114,57% of lot on 25%+ slope,high,,-79.93665,40.412108
0056D00188000000,56-D-188,Hazelwood,R1D-H,1646,city,2700,duplex,2,False,,,,high_risk,not_allowed,,,,,,,,,,,,,,57% of lot on 25%+ slope,high,,-79.93665,40.412108
0056D00188000000,56-D-188,Hazelwood,R1D-H,1646,city,2700,triplex,3,False,,,,high_risk,not_allowed,,,,,,,,,,,,,,57% of lot on 25%+ slope,high,,-79.93665,40.412108
0056D00188000000,56-D-188,Hazelwood,R1D-H,1646,city,2700,townhome,2,False,,,,high_risk,not_allowed,,,,,,,,,,,,,,57% of lot on 25%+ slope,high,,-79.93665,40.412108
0056D00188000000,56-D-188,Hazelwood,R1D-H,1646,city,2700,walkup,4,False,,,,high_risk,not_allowed,,,,,,,,,,,,,,57% of lot on 25%+ slope,high,,-79.93665,40.412108
0056D00195000000,56-D-195,Hazelwood,R1D-H,1756,city,2600,single_family,1,True,25.8,32.7,40.3,high_risk,by_right,1.0,1.0,1.0,by_right,5.2,6.4,7.5,104916,155893,209706,-456955,-366476,-280039,74% of lot on 25%+ slope,high,,-79.936863,40.41214
0056D00195000000,56-D-195,Hazelwood,R1D-H,1756,city,2600,duplex,2,False,,,,high_risk,not_allowed,,,,,,,,,,,,,,74% of lot on 25%+ slope,high,,-79.936863,40.41214
0056D00195000000,56-D-195,Hazelwood,R1D-H,1756,city,2600,triplex,3,False,,,,high_risk,not_allowed,,,,,,,,,,,,,,74% of lot on 25%+ slope,high,,-79.936863,40.41214
0056D00195000000,56-D-195,Hazelwood,R1D-H,1756,city,2600,townhome,2,False,,,,high_risk,not_allowed,,,,,,,,,,,,,,74% of lot on 25%+ slope,high,,-79.936863,40.41214
0056D00195000000,56-D-195,Hazelwood,R1D-H,1756,city,2600,walkup,4,False,,,,high_risk,not_allowed,,,,,,,,,,,,,,74% of lot on 25%+ slope,high,,-79.936863,40.41214
0056D00198000000,56-D-198,Hazelwood,R1D-H,3900,city,3100,single_family,1,True,34.9,40.4,45.8,high_risk,by_right,1.0,1.0,1.0,by_right,4.9,6.1,7.3,72778,105175,138385,-407657,-325757,-246803,100% of lot landslide-prone,high,,-79.936777,40.411756
0056D00198000000,56-D-198,Hazelwood,R1D-H,3900,city,3100,duplex,2,False,,,,high_risk,not_allowed,,,,,,,,,,,,,,100% of lot landslide-prone,high,,-79.936777,40.411756
0056D00198000000,56-D-198,Hazelwood,R1D-H,3900,city,3100,triplex,3,False,,,,high_risk,not_allowed,,,,,,,,,,,,,,100% of lot landslide-prone,high,,-79.936777,40.411756
0056D00198000000,56-D-198,Hazelwood,R1D-H,3900,city,3100,townhome,3,False,42.9,46.1,48.9,high_risk,special_exception+subdivision,0.862,0.913,0.949,model+placeholder,7.9,9.5,11.0,73262,103237,137075,-932756,-723629,-532570,100% of lot landslide-prone,high,,-79.936777,40.411756
0056D00198000000,56-D-198,Hazelwood,R1D-H,3900,city,3100,walkup,4,False,,,,high_risk,not_allowed,,,,,,,,,,,,,,100% of lot landslide-prone,high,,-79.936777,40.411756
0056D00200000000,56-D-200,Hazelwood,R1D-H,430,private,2200,single_family,1,False,,,,high_risk,not_allowed,,,,,,,,,,,,,,100% of lot landslide-prone,high,,-79.936615,40.411808
0056D00200000000,56-D-200,Hazelwood,R1D-H,430,private,2200,duplex,2,False,,,,high_risk,not_allowed,,,,,,,,,,,,,,100% of lot landslide-prone,high,,-79.936615,40.411808
0056D00200000000,56-D-200,Hazelwood,R1D-H,430,private,2200,triplex,3,False,,,,high_risk,not_allowed,,,,,,,,,,,,,,100% of lot landslide-prone,high,,-79.936615,40.411808
0056D00200000000,56-D-200,Hazelwood,R1D-H,430,private,2200,townhome,2,False,,,,high_risk,not_allowed,,,,,,,,,,,,,,100% of lot landslide-prone,high,,-79.936615,40.411808
0056D00200000000,56-D-200,Hazelwood,R1D-H,430,private,2200,walkup,4,False,,,,high_risk,not_allowed,,,,,,,,,,,,,,100% of lot landslide-prone,high,,-79.936615,40.411808
0056D00206000000,56-D-206,Hazelwood,H,5600,private,2100,single_family,1,True,23.5,30.7,38.5,high_risk,administrator_exception,0.838,0.89,0.934,placeholder,5.0,6.1,7.3,102192,152669,204078,-460238,-373011,-291957,69% of lot on 25%+ slope,high,,-79.936023,40.411584
0056D00206000000,56-D-206,Hazelwood,H,5600,private,2100,duplex,2,False,,,,high_risk,not_allowed,,,,,,,,,,,,,,69% of lot on 25%+ slope,high,,-79.936023,40.411584
0056D00206000000,56-D-206,Hazelwood,H,5600,private,2100,triplex,3,False,,,,high_risk,not_allowed,,,,,,,,,,,,,,69% of lot on 25%+ slope,high,,-79.936023,40.411584
0056D00206000000,56-D-206,Hazelwood,H,5600,private,2100,townhome,2,False,,,,high_risk,not_allowed,,,,,,,,,,,,,,69% of lot on 25%+ slope,high,,-79.936023,40.411584
0056D00206000000,56-D-206,Hazelwood,H,5600,private,2100,walkup,4,False,,,,high_risk,not_allowed,,,,,,,,,,,,,,69% of lot on 25%+ slope,high,,-79.936023,40.411584
0056D00208000000,56-D-208,Hazelwood,H,14670,private,4900,single_family,1,False,23.5,30.7,38.5,high_risk,administrator_exception,0.838,0.89,0.934,placeholder,5.0,6.1,7.3,102192,152669,204078,-454228,-364760,-279160,82% of lot on 25%+ slope,high,,-79.93585,40.411735
0056D00208000000,56-D-208,Hazelwood,H,14670,private,4900,duplex,2,False,,,,high_risk,not_allowed,,,,,,,,,,,,,,82% of lot on 25%+ slope,high,,-79.93585,40.411735
0056D00208000000,56-D-208,Hazelwood,H,14670,private,4900,triplex,3,False,,,,high_risk,not_allowed,,,,,,,,,,,,,,82% of lot on 25%+ slope,high,,-79.93585,40.411735
0056D00208000000,56-D-208,Hazelwood,H,14670,private,4900,townhome,4,True,42.0,45.3,48.5,high_risk,special_exception+subdivision,0.862,0.913,0.949,model+placeholder,8.0,9.5,11.0,100492,150537,202569,-1244420,-970343,-694786,82% of lot on 25%+ slope,high,,-79.93585,40.411735
0056D00208000000,56-D-208,Hazelwood,H,14670,private,4900,walkup,4,False,,,,high_risk,not_allowed,,,,,,,,,,,,,,82% of lot on 25%+ slope,high,,-79.93585,40.411735
0056D00211000000,56-D-211,Hazelwood,H,9518,city,4400,single_family,1,False,23.5,30.7,38.5,high_risk,administrator_exception,0.838,0.89,0.934,placeholder,5.0,6.1,7.3,102192,152669,204078,-454228,-364760,-279160,83% of lot on 25%+ slope,high,,-79.935707,40.411858
0056D00211000000,56-D-211,Hazelwood,H,9518,city,4400,duplex,2,False,,,,high_risk,not_allowed,,,,,,,,,,,,,,83% of lot on 25%+ slope,high,,-79.935707,40.411858
0056D00211000000,56-D-211,Hazelwood,H,9518,city,4400,triplex,3,False,,,,high_risk,not_allowed,,,,,,,,,,,,,,83% of lot on 25%+ slope,high,,-79.935707,40.411858
0056D00211000000,56-D-211,Hazelwood,H,9518,city,4400,townhome,2,True,32.9,38.1,43.2,high_risk,special_exception+subdivision,0.862,0.913,0.949,model+placeholder,8.0,9.5,11.0,100492,150537,202569,-695767,-550023,-405672,83% of lot on 25%+ slope,high,,-79.935707,40.411858
0056D00211000000,56-D-211,Hazelwood,H,9518,city,4400,walkup,4,False,,,,high_risk,not_allowed,,,,,,,,,,,,,,83% of lot on 25%+ slope,high,,-79.935707,40.411858
0056D00213000000,56-D-213,Hazelwood,H,9127,city,4400,single_family,1,False,23.0,30.0,37.7,high_risk,administrator_exception,0.838,0.89,0.934,placeholder,5.3,6.4,7.6,103681,153031,205206,-449892,-363299,-279601,85% of lot on 25%+ slope,high,,-79.93559,40.411956
0056D00213000000,56-D-213,Hazelwood,H,9127,city,4400,duplex,2,False,,,,high_risk,not_allowed,,,,,,,,,,,,,,85% of lot on 25%+ slope,high,,-79.93559,40.411956
0056D00213000000,56-D-213,Hazelwood,H,9127,city,4400,triplex,3,False,,,,high_risk,not_allowed,,,,,,,,,,,,,,85% of lot on 25%+ slope,high,,-79.93559,40.411956
0056D00213000000,56-D-213,Hazelwood,H,9127,city,4400,townhome,2,True,32.9,38.1,43.1,high_risk,special_exception+subdivision,0.862,0.913,0.949,model+placeholder,7.9,9.5,11.0,101566,151465,203064,-696330,-548255,-410370,85% of lot on 25%+ slope,high,,-79.93559,40.411956
0056D00213000000,56-D-213,Hazelwood,H,9127,city,4400,walkup,4,False,,,,high_risk,not_allowed,,,,,,,,,,,,,,85% of lot on 25%+ slope,high,,-79.93559,40.411956
0056D00238000000,56-D-238,Hazelwood,H,1727,city,300,single_family,1,True,21.0,27.7,35.5,high_risk,administrator_exception,0.732,0.792,0.848,placeholder,5.3,6.5,7.6,102102,153812,202984,-448384,-361657,-274997,97% of lot on 25%+ slope,high,,-79.933898,40.412824
0056D00238000000,56-D-238,Hazelwood,H,1727,city,300,duplex,2,False,,,,high_risk,not_allowed,,,,,,,,,,,,,,97% of lot on 25%+ slope,high,,-79.933898,40.412824
0056D00238000000,56-D-238,Hazelwood,H,1727,city,300,triplex,3,False,,,,high_risk,not_allowed,,,,,,,,,,,,,,97% of lot on 25%+ slope,high,,-79.933898,40.412824
0056D00238000000,56-D-238,Hazelwood,H,1727,city,300,townhome,2,False,,,,high_risk,not_allowed,,,,,,,,,,,,,,97% of lot on 25%+ slope,high,,-79.933898,40.412824
0056D00238000000,56-D-238,Hazelwood,H,1727,city,300,walkup,4,False,,,,high_risk,not_allowed,,,,,,,,,,,,,,97% of lot on 25%+ slope,high,,-79.933898,40.412824
0056D00239000000,56-D-239,Hazelwood,H,3427,city,1500,single_family,1,True,23.0,30.0,37.7,high_risk,administrator_exception,0.838,0.89,0.934,placeholder,5.3,6.4,7.6,103735,153085,205260,-445420,-359760,-276519,96% of lot on 25%+ slope,high,,-79.933806,40.412855
0056D00239000000,56-D-239,Hazelwood,H,3427,city,1500,duplex,2,False,,,,high_risk,not_allowed,,,,,,,,,,,,,,96% of lot on 25%+ slope,high,,-79.933806,40.412855
0056D00239000000,56-D-239,Hazelwood,H,3427,city,1500,triplex,3,False,,,,high_risk,not_allowed,,,,,,,,,,,,,,96% of lot on 25%+ slope,high,,-79.933806,40.412855
0056D00239000000,56-D-239,Hazelwood,H,3427,city,1500,townhome,2,False,,,,high_risk,not_allowed,,,,,,,,,,,,,,96% of lot on 25%+ slope,high,,-79.933806,40.412855
0056D00239000000,56-D-239,Hazelwood,H,3427,city,1500,walkup,4,False,,,,high_risk,not_allowed,,,,,,,,,,,,,,96% of lot on 25%+ slope,high,,-79.933806,40.412855
0056D00241000000,56-D-241,Hazelwood,H,1967,city,700,single_family,1,True,21.0,27.7,35.5,high_risk,administrator_exception,0.732,0.792,0.848,placeholder,5.3,6.5,7.6,102124,153834,203006,-447708,-361550,-275539,100% of lot on 25%+ slope,high,,-79.933707,40.412882
0056D00241000000,56-D-241,Hazelwood,H,1967,city,700,duplex,2,False,,,,high_risk,not_allowed,,,,,,,,,,,,,,100% of lot on 25%+ slope,high,,-79.933707,40.412882
0056D00241000000,56-D-241,Hazelwood,H,1967,city,700,triplex,3,False,,,,high_risk,not_allowed,,,,,,,,,,,,,,100% of lot on 25%+ slope,high,,-79.933707,40.412882
0056D00241000000,56-D-241,Hazelwood,H,1967,city,700,townhome,2,False,,,,high_risk,not_allowed,,,,,,,,,,,,,,100% of lot on 25%+ slope,high,,-79.933707,40.412882
0056D00241000000,56-D-241,Hazelwood,H,1967,city,700,walkup,4,False,,,,high_risk,not_allowed,,,,,,,,,,,,,,100% of lot on 25%+ slope,high,,-79.933707,40.412882
0056D00242000000,56-D-242,Hazelwood,H,28278,city,5600,single_family,1,False,22.8,29.6,37.3,high_risk,administrator_exception,0.838,0.89,0.934,placeholder,5.3,6.4,7.6,106773,156123,208298,-448656,-363477,-280999,62% of lot on 25%+ slope,high,,-79.933201,40.41306
0056D00242000000,56-D-242,Hazelwood,H,28278,city,5600,duplex,2,False,,,,high_risk,not_allowed,,,,,,,,,,,,,,62% of lot on 25%+ slope,high,,-79.933201,40.41306
0056D00242000000,56-D-242,Hazelwood,H,28278,city,5600,triplex,3,False,,,,high_risk,not_allowed,,,,,,,,,,,,,,62% of lot on 25%+ slope,high,,-79.933201,40.41306
0056D00242000000,56-D-242,Hazelwood,H,28278,city,5600,townhome,6,True,45.2,47.9,50.4,high_risk,special_exception+subdivision,0.862,0.913,0.949,model+placeholder,7.9,9.5,11.0,104658,154557,206156,-1785612,-1370179,-988845,62% of lot on 25%+ slope,high,,-79.933201,40.41306
0056D00242000000,56-D-242,Hazelwood,H,28278,city,5600,walkup,4,False,,,,high_risk,not_allowed,,,,,,,,,,,,,,62% of lot on 25%+ slope,high,,-79.933201,40.41306
0056D00257000000,56-D-257,Hazelwood,H,1775,city,400,single_family,1,True,21.0,27.7,35.5,high_risk,administrator_exception,0.732,0.792,0.848,placeholder,5.3,6.5,7.6,102102,153812,202984,-453121,-368699,-285551,79% of lot on 25%+ slope,high,,-79.932842,40.412905
0056D00257000000,56-D-257,Hazelwood,H,1775,city,400,duplex,2,False,,,,high_risk,not_allowed,,,,,,,,,,,,,,79% of lot on 25%+ slope,high,,-79.932842,40.412905
0056D00257000000,56-D-257,Hazelwood,H,1775,city,400,triplex,3,False,,,,high_risk,not_allowed,,,,,,,,,,,,,,79% of lot on 25%+ slope,high,,-79.932842,40.412905
0056D00257000000,56-D-257,Hazelwood,H,1775,city,400,townhome,2,False,,,,high_risk,not_allowed,,,,,,,,,,,,,,79% of lot on 25%+ slope,high,,-79.932842,40.412905
0056D00257000000,56-D-257,Hazelwood,H,1775,city,400,walkup,4,False,,,,high_risk,not_allowed,,,,,,,,,,,,,,79% of lot on 25%+ slope,high,,-79.932842,40.412905
0056D00258000000,56-D-258,Hazelwood,H,1895,city,700,single_family,1,True,21.0,27.7,35.5,high_risk,administrator_exception,0.732,0.792,0.848,placeholder,5.3,6.5,7.6,102106,153816,202987,-453124,-368702,-285553,60% of lot on 25%+ slope,high,,-79.932906,40.412877
0056D00258000000,56-D-258,Hazelwood,H,1895,city,700,duplex,2,False,,,,high_risk,not_allowed,,,,,,,,,,,,,,60% of lot on 25%+ slope,high,,-79.932906,40.412877
0056D00258000000,56-D-258,Hazelwood,H,1895,city,700,triplex,3,False,,,,high_risk,not_allowed,,,,,,,,,,,,,,60% of lot on 25%+ slope,high,,-79.932906,40.412877
0056D00258000000,56-D-258,Hazelwood,H,1895,city,700,townhome,2,False,,,,high_risk,not_allowed,,,,,,,,,,,,,,60% of lot on 25%+ slope,high,,-79.932906,40.412877
0056D00258000000,56-D-258,Hazelwood,H,1895,city,700,walkup,4,False,,,,high_risk,not_allowed,,,,,,,,,,,,,,60% of lot on 25%+ slope,high,,-79.932906,40.412877
0056D00260000000,56-D-260,Hazelwood,H,3563,city,1500,single_family,1,True,23.0,30.0,37.7,high_risk,administrator_exception,0.838,0.89,0.934,placeholder,5.3,6.4,7.6,103673,153023,205199,-452619,-369169,-289289,63% of lot on 25%+ slope,high,,-79.933006,40.412839
0056D00260000000,56-D-260,Hazelwood,H,3563,city,1500,duplex,2,False,,,,high_risk,not_allowed,,,,,,,,,,,,,,63% of lot on 25%+ slope,high,,-79.933006,40.412839
0056D00260000000,56-D-260,Hazelwood,H,3563,city,1500,triplex,3,False,,,,high_risk,not_allowed,,,,,,,,,,,,,,63% of lot on 25%+ slope,high,,-79.933006,40.412839
0056D00260000000,56-D-260,Hazelwood,H,3563,city,1500,townhome,2,False,,,,high_risk,not_allowed,,,,,,,,,,,,,,63% of lot on 25%+ slope,high,,-79.933006,40.412839
0056D00260000000,56-D-260,Hazelwood,H,3563,city,1500,walkup,4,False,,,,high_risk,not_allowed,,,,,,,,,,,,,,63% of lot on 25%+ slope,high,,-79.933006,40.412839
0056D00262000000,56-D-262,Hazelwood,H,2072,city,2900,single_family,1,True,21.0,27.7,35.5,high_risk,administrator_exception,0.732,0.792,0.848,placeholder,5.3,6.5,7.6,102222,153932,203104,-450847,-366495,-282869,59% of lot on 25%+ slope,high,,-79.93309,40.412778
0056D00262000000,56-D-262,Hazelwood,H,2072,city,2900,duplex,2,False,,,,high_risk,not_allowed,,,,,,,,,,,,,,59% of lot on 25%+ slope,high,,-79.93309,40.412778
0056D00262000000,56-D-262,Hazelwood,H,2072,city,2900,triplex,3,False,,,,high_risk,not_allowed,,,,,,,,,,,,,,59% of lot on 25%+ slope,high,,-79.93309,40.412778
0056D00262000000,56-D-262,Hazelwood,H,2072,city,2900,townhome,2,False,,,,high_risk,not_allowed,,,,,,,,,,,,,,59% of lot on 25%+ slope,high,,-79.93309,40.412778
0056D00262000000,56-D-262,Hazelwood,H,2072,city,2900,walkup,4,False,,,,high_risk,not_allowed,,,,,,,,,,,,,,59% of lot on 25%+ slope,high,,-79.93309,40.412778
0056D00264000000,56-D-264,Hazelwood,H,3640,city,3400,single_family,1,True,23.0,30.0,37.7,high_risk,administrator_exception,0.838,0.89,0.934,placeholder,5.3,6.4,7.6,103669,153019,205194,-445933,-361459,-279214,63% of lot on 25%+ slope,high,,-79.933212,40.412763
0056D00264000000,56-D-264,Hazelwood,H,3640,city,3400,duplex,2,False,,,,high_risk,not_allowed,,,,,,,,,,,,,,63% of lot on 25%+ slope,high,,-79.933212,40.412763
0056D00264000000,56-D-264,Hazelwood,H,3640,city,3400,triplex,3,False,,,,high_risk,not_allowed,,,,,,,,,,,,,,63% of lot on 25%+ slope,high,,-79.933212,40.412763
0056D00264000000,56-D-264,Hazelwood,H,3640,city,3400,townhome,2,False,,,,high_risk,not_allowed,,,,,,,,,,,,,,63% of lot on 25%+ slope,high,,-79.933212,40.412763
0056D00264000000,56-D-264,Hazelwood,H,3640,city,3400,walkup,4,False,,,,high_risk,not_allowed,,,,,,,,,,,,,,63% of lot on 25%+ slope,high,,-79.933212,40.412763
0056D00265000000,56-D-265,Hazelwood,H,1597,city,700,single_family,1,True,21.0,27.7,35.5,high_risk,administrator_exception,0.732,0.792,0.848,placeholder,5.3,6.5,7.6,102106,153816,202987,-446907,-361734,-275705,70% of lot on 25%+ slope,high,,-79.933314,40.412738
0056D00265000000,56-D-265,Hazelwood,H,1597,city,700,duplex,2,False,,,,high_risk,not_allowed,,,,,,,,,,,,,,70% of lot on 25%+ slope,high,,-79.933314,40.412738
0056D00265000000,56-D-265,Hazelwood,H,1597,city,700,triplex,3,False,,,,high_risk,not_allowed,,,,,,,,,,,,,,70% of lot on 25%+ slope,high,,-79.933314,40.412738
0056D00265000000,56-D-265,Hazelwood,H,1597,city,700,townhome,2,False,,,,high_risk,not_allowed,,,,,,,,,,,,,,70% of lot on 25%+ slope,high,,-79.933314,40.412738
0056D00265000000,56-D-265,Hazelwood,H,1597,city,700,walkup,4,False,,,,high_risk,not_allowed,,,,,,,,,,,,,,70% of lot on 25%+ slope,high,,-79.933314,40.412738
0056D00266000000,56-D-266,Hazelwood,H,1917,city,700,single_family,1,True,21.0,27.7,35.5,high_risk,administrator_exception,0.732,0.792,0.848,placeholder,5.3,6.5,7.6,102106,153816,202987,-446907,-361734,-275705,86% of lot on 25%+ slope,high,,-79.933377,40.412711
0056D00266000000,56-D-266,Hazelwood,H,1917,city,700,duplex,2,False,,,,high_risk,not_allowed,,,,,,,,,,,,,,86% of lot on 25%+ slope,high,,-79.933377,40.412711
0056D00266000000,56-D-266,Hazelwood,H,1917,city,700,triplex,3,False,,,,high_risk,not_allowed,,,,,,,,,,,,,,86% of lot on 25%+ slope,high,,-79.933377,40.412711
0056D00266000000,56-D-266,Hazelwood,H,1917,city,700,townhome,2,False,,,,high_risk,not_allowed,,,,,,,,,,,,,,86% of lot on 25%+ slope,high,,-79.933377,40.412711
0056D00266000000,56-D-266,Hazelwood,H,1917,city,700,walkup,4,False,,,,high_risk,not_allowed,,,,,,,,,,,,,,86% of lot on 25%+ slope,high,,-79.933377,40.412711
0056D00271000000,56-D-271,Hazelwood,H,8826,city,4400,single_family,1,False,22.9,29.8,37.5,high_risk,administrator_exception,0.838,0.89,0.934,placeholder,5.3,6.4,7.6,105433,154783,206958,-451182,-365391,-282452,95% of lot on 25%+ slope,high,,-79.933581,40.412654
0056D00271000000,56-D-271,Hazelwood,H,8826,city,4400,duplex,2,False,,,,high_risk,not_allowed,,,,,,,,,,,,,,95% of lot on 25%+ slope,high,,-79.933581,40.412654
0056D00271000000,56-D-271,Hazelwood,H,8826,city,4400,triplex,3,False,,,,high_risk,not_allowed,,,,,,,,,,,,,,95% of lot on 25%+ slope,high,,-79.933581,40.412654
0056D00271000000,56-D-271,Hazelwood,H,8826,city,4400,townhome,3,True,37.4,41.3,45.1,high_risk,special_exception+variance+subdivision,0.831,0.889,0.935,model+placeholder,8.8,10.3,12.0,103568,153057,204417,-964035,-754218,-554051,95% of lot on 25%+ slope,high,,-79.933581,40.412654
0056D00271000000,56-D-271,Hazelwood,H,8826,city,4400,walkup,4,False,,,,high_risk,not_allowed,,,,,,,,,,,,,,95% of lot on 25%+ slope,high,,-79.933581,40.412654
0056D00272000000,56-D-272,Hazelwood,H,1733,city,300,single_family,1,True,21.0,27.7,35.5,high_risk,administrator_exception,0.732,0.792,0.848,placeholder,5.3,6.5,7.6,102102,153812,202984,-455925,-372622,-290359,95% of lot on 25%+ slope,high,,-79.933779,40.412594
0056D00272000000,56-D-272,Hazelwood,H,1733,city,300,duplex,2,False,,,,high_risk,not_allowed,,,,,,,,,,,,,,95% of lot on 25%+ slope,high,,-79.933779,40.412594
0056D00272000000,56-D-272,Hazelwood,H,1733,city,300,triplex,3,False,,,,high_risk,not_allowed,,,,,,,,,,,,,,95% of lot on 25%+ slope,high,,-79.933779,40.412594
0056D00272000000,56-D-272,Hazelwood,H,1733,city,300,townhome,2,False,,,,high_risk,not_allowed,,,,,,,,,,,,,,95% of lot on 25%+ slope,high,,-79.933779,40.412594
0056D00272000000,56-D-272,Hazelwood,H,1733,city,300,walkup,4,False,,,,high_risk,not_allowed,,,,,,,,,,,,,,95% of lot on 25%+ slope,high,,-79.933779,40.412594
0056D00321000000,56-D-321,Hazelwood,H,6803,private,1900,single_family,1,False,22.2,28.2,35.9,high_risk,administrator_exception,0.838,0.89,0.934,placeholder,5.1,6.2,7.3,120182,169718,222665,-486098,-404738,-326704,66% of lot on 25%+ slope,high,,-79.934383,40.411749
0056D00321000000,56-D-321,Hazelwood,H,6803,private,1900,duplex,2,False,,,,high_risk,not_allowed,,,,,,,,,,,,,,66% of lot on 25%+ slope,high,,-79.934383,40.411749
0056D00321000000,56-D-321,Hazelwood,H,6803,private,1900,triplex,3,False,,,,high_risk,not_allowed,,,,,,,,,,,,,,66% of lot on 25%+ slope,high,,-79.934383,40.411749
0056D00321000000,56-D-321,Hazelwood,H,6803,private,1900,townhome,2,True,29.5,34.8,39.9,high_risk,special_exception+subdivision,0.859,0.911,0.949,model+placeholder,7.9,9.5,11.0,137138,189551,241790,-764119,-629692,-504176,66% of lot on 25%+ slope,high,,-79.934383,40.411749
0056D00321000000,56-D-321,Hazelwood,H,6803,private,1900,walkup,4,False,,,,high_risk,not_allowed,,,,,,,,,,,,,,66% of lot on 25%+ slope,high,,-79.934383,40.411749
0056D00325000000,56-D-325,Hazelwood,H,6545,private,4400,single_family,1,False,22.2,28.2,35.9,high_risk,administrator_exception,0.838,0.89,0.934,placeholder,5.1,6.2,7.3,120182,169718,222665,-533399,-450875,-372910,57% of lot on 25%+ slope,high,,-79.934249,40.411455
0056D00325000000,56-D-325,Hazelwood,H,6545,private,4400,duplex,2,False,,,,high_risk,not_allowed,,,,,,,,,,,,,,57% of lot on 25%+ slope,high,,-79.934249,40.411455
0056D00325000000,56-D-325,Hazelwood,H,6545,private,4400,triplex,3,False,,,,high_risk,not_allowed,,,,,,,,,,,,,,57% of lot on 25%+ slope,high,,-79.934249,40.411455
0056D00325000000,56-D-325,Hazelwood,H,6545,private,4400,townhome,2,True,29.5,34.8,39.9,high_risk,special_exception+subdivision,0.859,0.911,0.949,model+placeholder,7.9,9.5,11.0,137138,189551,241790,-848705,-714137,-587424,57% of lot on 25%+ slope,high,,-79.934249,40.411455
0056D00325000000,56-D-325,Hazelwood,H,6545,private,4400,walkup,4,False,,,,high_risk,not_allowed,,,,,,,,,,,,,,57% of lot on 25%+ slope,high,,-79.934249,40.411455
0056D00392000000,56-D-392,Hazelwood,H,1195,city,300,single_family,1,True,26.1,31.7,37.4,high_risk,administrator_exception+variance,0.617,0.704,0.774,model+placeholder,8.1,9.6,11.4,60681,91144,121252,-448490,-373166,-301750,No street frontage within 60 ft,high,,-79.933134,40.411672
0056D00392000000,56-D-392,Hazelwood,H,1195,city,300,duplex,2,False,,,,high_risk,not_allowed,,,,,,,,,,,,,,No street frontage within 60 ft,high,,-79.933134,40.411672
0056D00392000000,56-D-392,Hazelwood,H,1195,city,300,triplex,3,False,,,,high_risk,not_allowed,,,,,,,,,,,,,,No street frontage within 60 ft,high,,-79.933134,40.411672
0056D00392000000,56-D-392,Hazelwood,H,1195,city,300,townhome,2,False,,,,high_risk,not_allowed,,,,,,,,,,,,,,No street frontage within 60 ft,high,,-79.933134,40.411672
0056D00392000000,56-D-392,Hazelwood,H,1195,city,300,walkup,4,False,,,,high_risk,not_allowed,,,,,,,,,,,,,,No street frontage within 60 ft,high,,-79.933134,40.411672
0056F00088000000,56-F-88,Hazelwood,LNC,3495,private,3500,single_family,,False,,,,high_risk,not_allowed,,,,,,,,,,,,,,Parcel spans more than one district or has uncovered rules,medium,,-79.944696,40.410746
0056F00088000000,56-F-88,Hazelwood,LNC,3495,private,3500,duplex,,False,,,,high_risk,not_allowed,,,,,,,,,,,,,,Parcel spans more than one district or has uncovered rules,medium,,-79.944696,40.410746
0056F00088000000,56-F-88,Hazelwood,LNC,3495,private,3500,triplex,,False,,,,high_risk,not_allowed,,,,,,,,,,,,,,Parcel spans more than one district or has uncovered rules,medium,,-79.944696,40.410746
0056F00088000000,56-F-88,Hazelwood,LNC,3495,private,3500,townhome,,False,,,,high_risk,not_allowed,,,,,,,,,,,,,,Parcel spans more than one district or has uncovered rules,medium,,-79.944696,40.410746
0056F00088000000,56-F-88,Hazelwood,LNC,3495,private,3500,walkup,,False,,,,high_risk,not_allowed,,,,,,,,,,,,,,Parcel spans more than one district or has uncovered rules,medium,,-79.944696,40.410746
0056F00140000000,56-F-140,Hazelwood,R1D-M,2485,city,3000,single_family,1,True,50.4,53.9,57.5,feasible_with_conditions,by_right,1.0,1.0,1.0,by_right,4.2,5.2,6.4,18753,34439,49483,-422683,-354834,-292048,Parcel spans more than one district or has uncovered rules,medium,,-79.942637,40.409188
0056F00140000000,56-F-140,Hazelwood,R1D-M,2485,city,3000,duplex,2,False,,,,high_risk,not_allowed,,,,,,,,,,,,,,Parcel spans more than one district or has uncovered rules,medium,,-79.942637,40.409188
0056F00140000000,56-F-140,Hazelwood,R1D-M,2485,city,3000,triplex,3,False,,,,high_risk,not_allowed,,,,,,,,,,,,,,Parcel spans more than one district or has uncovered rules,medium,,-79.942637,40.409188
0056F00140000000,56-F-140,Hazelwood,R1D-M,2485,city,3000,townhome,2,False,,,,high_risk,not_allowed,,,,,,,,,,,,,,Parcel spans more than one district or has uncovered rules,medium,,-79.942637,40.409188
0056F00140000000,56-F-140,Hazelwood,R1D-M,2485,city,3000,walkup,4,False,,,,high_risk,not_allowed,,,,,,,,,,,,,,Parcel spans more than one district or has uncovered rules,medium,,-79.942637,40.409188
0056F00147000000,56-F-147,Hazelwood,R1D-M,1868,private,1400,single_family,1,False,,,,high_risk,not_allowed,,,,,,,,,,,,,,71% of lot on 25%+ slope,high,,-79.941903,40.409032
0056F00147000000,56-F-147,Hazelwood,R1D-M,1868,private,1400,duplex,2,False,,,,high_risk,not_allowed,,,,,,,,,,,,,,71% of lot on 25%+ slope,high,,-79.941903,40.409032
0056F00147000000,56-F-147,Hazelwood,R1D-M,1868,private,1400,triplex,3,False,,,,high_risk,not_allowed,,,,,,,,,,,,,,71% of lot on 25%+ slope,high,,-79.941903,40.409032
0056F00147000000,56-F-147,Hazelwood,R1D-M,1868,private,1400,townhome,2,False,,,,high_risk,not_allowed,,,,,,,,,,,,,,71% of lot on 25%+ slope,high,,-79.941903,40.409032
0056F00147000000,56-F-147,Hazelwood,R1D-M,1868,private,1400,walkup,4,False,,,,high_risk,not_allowed,,,,,,,,,,,,,,71% of lot on 25%+ slope,high,,-79.941903,40.409032
0056F00148000000,56-F-148,Hazelwood,R1D-M,1317,city,1600,single_family,1,False,,,,high_risk,not_allowed,,,,,,,,,,,,,,$45 in tax liens,medium,,-79.941977,40.409088
0056F00148000000,56-F-148,Hazelwood,R1D-M,1317,city,1600,duplex,2,False,,,,high_risk,not_allowed,,,,,,,,,,,,,,$45 in tax liens,medium,,-79.941977,40.409088
0056F00148000000,56-F-148,Hazelwood,R1D-M,1317,city,1600,triplex,3,False,,,,high_risk,not_allowed,,,,,,,,,,,,,,$45 in tax liens,medium,,-79.941977,40.409088
0056F00148000000,56-F-148,Hazelwood,R1D-M,1317,city,1600,townhome,2,False,,,,high_risk,not_allowed,,,,,,,,,,,,,,$45 in tax liens,medium,,-79.941977,40.409088
0056F00148000000,56-F-148,Hazelwood,R1D-M,1317,city,1600,walkup,4,False,,,,high_risk,not_allowed,,,,,,,,,,,,,,$45 in tax liens,medium,,-79.941977,40.409088
0056F00148000100,56-F-148-1,Hazelwood,R1D-M,692,private,200,single_family,1,False,,,,high_risk,not_allowed,,,,,,,,,,,,,,No street frontage within 60 ft,high,,-79.941845,40.409118
0056F00148000100,56-F-148-1,Hazelwood,R1D-M,692,private,200,duplex,2,False,,,,high_risk,not_allowed,,,,,,,,,,,,,,No street frontage within 60 ft,high,,-79.941845,40.409118
0056F00148000100,56-F-148-1,Hazelwood,R1D-M,692,private,200,triplex,3,False,,,,high_risk,not_allowed,,,,,,,,,,,,,,No street frontage within 60 ft,high,,-79.941845,40.409118
0056F00148000100,56-F-148-1,Hazelwood,R1D-M,692,private,200,townhome,2,False,,,,high_risk,not_allowed,,,,,,,,,,,,,,No street frontage within 60 ft,high,,-79.941845,40.409118
0056F00148000100,56-F-148-1,Hazelwood,R1D-M,692,private,200,walkup,4,False,,,,high_risk,not_allowed,,,,,,,,,,,,,,No street frontage within 60 ft,high,,-79.941845,40.409118
0056F00152000000,56-F-152,Hazelwood,R1D-M,3228,city,700,single_family,1,True,51.3,53.9,56.6,feasible_with_conditions,by_right,1.0,1.0,1.0,by_right,4.4,5.8,7.3,21526,29872,38554,-414366,-344363,-282551,"$2,238 in tax liens",medium,,-79.94192,40.409314
0056F00152000000,56-F-152,Hazelwood,R1D-M,3228,city,700,duplex,2,False,,,,high_risk,not_allowed,,,,,,,,,,,,,,"$2,238 in tax liens",medium,,-79.94192,40.409314
0056F00152000000,56-F-152,Hazelwood,R1D-M,3228,city,700,triplex,3,False,,,,high_risk,not_allowed,,,,,,,,,,,,,,"$2,238 in tax liens",medium,,-79.94192,40.409314
0056F00152000000,56-F-152,Hazelwood,R1D-M,3228,city,700,townhome,2,False,,,,high_risk,not_allowed,,,,,,,,,,,,,,"$2,238 in tax liens",medium,,-79.94192,40.409314
0056F00152000000,56-F-152,Hazelwood,R1D-M,3228,city,700,walkup,4,False,,,,high_risk,not_allowed,,,,,,,,,,,,,,"$2,238 in tax liens",medium,,-79.94192,40.409314
0056F00153000000,56-F-153,Hazelwood,R1D-M,4172,city,900,single_family,1,True,34.0,39.5,45.3,high_risk,by_right,1.0,1.0,1.0,by_right,4.9,6.1,7.3,77422,110013,144339,-477337,-402816,-330909,33% of lot on 25%+ slope,medium,,-79.941809,40.40927
0056F00153000000,56-F-153,Hazelwood,R1D-M,4172,city,900,duplex,2,False,,,,high_risk,not_allowed,,,,,,,,,,,,,,33% of lot on 25%+ slope,medium,,-79.941809,40.40927
0056F00153000000,56-F-153,Hazelwood,R1D-M,4172,city,900,triplex,3,False,,,,high_risk,not_allowed,,,,,,,,,,,,,,33% of lot on 25%+ slope,medium,,-79.941809,40.40927
0056F00153000000,56-F-153,Hazelwood,R1D-M,4172,city,900,townhome,2,False,,,,high_risk,not_allowed,,,,,,,,,,,,,,33% of lot on 25%+ slope,medium,,-79.941809,40.40927
0056F00153000000,56-F-153,Hazelwood,R1D-M,4172,city,900,walkup,4,False,,,,high_risk,not_allowed,,,,,,,,,,,,,,33% of lot on 25%+ slope,medium,,-79.941809,40.40927
0056F00154000000,56-F-154,Hazelwood,R1D-M,4402,city,3800,single_family,1,True,23.6,26.4,33.4,high_risk,by_right,1.0,1.0,1.0,by_right,5.3,6.4,7.6,154817,206586,262625,-573801,-487487,-407880,51% of lot on 25%+ slope,high,,-79.941723,40.409283
0056F00154000000,56-F-154,Hazelwood,R1D-M,4402,city,3800,duplex,2,False,,,,high_risk,not_allowed,,,,,,,,,,,,,,51% of lot on 25%+ slope,high,,-79.941723,40.409283
0056F00154000000,56-F-154,Hazelwood,R1D-M,4402,city,3800,triplex,3,False,,,,high_risk,not_allowed,,,,,,,,,,,,,,51% of lot on 25%+ slope,high,,-79.941723,40.409283
0056F00154000000,56-F-154,Hazelwood,R1D-M,4402,city,3800,townhome,2,False,,,,high_risk,not_allowed,,,,,,,,,,,,,,51% of lot on 25%+ slope,high,,-79.941723,40.409283
0056F00154000000,56-F-154,Hazelwood,R1D-M,4402,city,3800,walkup,4,False,,,,high_risk,not_allowed,,,,,,,,,,,,,,51% of lot on 25%+ slope,high,,-79.941723,40.409283
0056F00158000000,56-F-158,Hazelwood,R1D-M,4513,city,3800,single_family,1,True,25.6,32.6,40.0,high_risk,by_right,1.0,1.0,1.0,by_right,5.3,6.4,7.6,105807,156478,207454,-525903,-443026,-362785,80% of lot on 25%+ slope,high,,-79.941374,40.409356
0056F00158000000,56-F-158,Hazelwood,R1D-M,4513,city,3800,duplex,2,False,,,,high_risk,not_allowed,,,,,,,,,,,,,,80% of lot on 25%+ slope,high,,-79.941374,40.409356
0056F00158000000,56-F-158,Hazelwood,R1D-M,4513,city,3800,triplex,3,False,,,,high_risk,not_allowed,,,,,,,,,,,,,,80% of lot on 25%+ slope,high,,-79.941374,40.409356
0056F00158000000,56-F-158,Hazelwood,R1D-M,4513,city,3800,townhome,2,False,,,,high_risk,not_allowed,,,,,,,,,,,,,,80% of lot on 25%+ slope,high,,-79.941374,40.409356
0056F00158000000,56-F-158,Hazelwood,R1D-M,4513,city,3800,walkup,4,False,,,,high_risk,not_allowed,,,,,,,,,,,,,,80% of lot on 25%+ slope,high,,-79.941374,40.409356
0056F00159000000,56-F-159,Hazelwood,R1D-M,4455,city,3800,single_family,1,True,25.6,32.4,39.9,high_risk,by_right,1.0,1.0,1.0,by_right,5.3,6.4,7.6,106702,157372,208348,-526682,-443811,-363571,84% of lot on 25%+ slope,high,,-79.941286,40.409372
0056F00159000000,56-F-159,Hazelwood,R1D-M,4455,city,3800,duplex,2,False,,,,high_risk,not_allowed,,,,,,,,,,,,,,84% of lot on 25%+ slope,high,,-79.941286,40.409372
0056F00159000000,56-F-159,Hazelwood,R1D-M,4455,city,3800,triplex,3,False,,,,high_risk,not_allowed,,,,,,,,,,,,,,84% of lot on 25%+ slope,high,,-79.941286,40.409372
0056F00159000000,56-F-159,Hazelwood,R1D-M,4455,city,3800,townhome,2,False,,,,high_risk,not_allowed,,,,,,,,,,,,,,84% of lot on 25%+ slope,high,,-79.941286,40.409372
0056F00159000000,56-F-159,Hazelwood,R1D-M,4455,city,3800,walkup,4,False,,,,high_risk,not_allowed,,,,,,,,,,,,,,84% of lot on 25%+ slope,high,,-79.941286,40.409372
0056F00172000A00,56-F-172-A,Hazelwood,R1A-H,1614,private,600,single_family,1,True,49.5,52.2,54.7,feasible_with_conditions,variance,0.827,0.9,0.944,model,6.1,7.6,9.3,9036,15060,21155,-387800,-316883,-249387,"1 DEP record(s) within 1,000 ft",low,,-79.941862,40.409903
0056F00172000A00,56-F-172-A,Hazelwood,R1A-H,1614,private,600,duplex,2,False,,,,high_risk,not_allowed,,,,,,,,,,,,,,"1 DEP record(s) within 1,000 ft",low,,-79.941862,40.409903
0056F00172000A00,56-F-172-A,Hazelwood,R1A-H,1614,private,600,triplex,3,False,,,,high_risk,not_allowed,,,,,,,,,,,,,,"1 DEP record(s) within 1,000 ft",low,,-79.941862,40.409903
0056F00172000A00,56-F-172-A,Hazelwood,R1A-H,1614,private,600,townhome,2,False,,,,high_risk,not_allowed,,,,,,,,,,,,,,"1 DEP record(s) within 1,000 ft",low,,-79.941862,40.409903
0056F00172000A00,56-F-172-A,Hazelwood,R1A-H,1614,private,600,walkup,4,False,,,,high_risk,not_allowed,,,,,,,,,,,,,,"1 DEP record(s) within 1,000 ft",low,,-79.941862,40.409903
0056F00189000000,56-F-189,Hazelwood,R1A-H,3785,private,3500,single_family,1,True,50.5,54.3,57.9,feasible_with_conditions,by_right,1.0,1.0,1.0,by_right,3.8,5.1,6.3,18238,33890,49638,-438033,-371222,-310024,1 DEP record(s) within 250 ft (nearest 238 ft: storage tank inactive),medium,,-79.942948,40.409589
0056F00189000000,56-F-189,Hazelwood,R1A-H,3785,private,3500,duplex,2,False,,,,high_risk,not_allowed,,,,,,,,,,,,,,1 DEP record(s) within 250 ft (nearest 238 ft: storage tank inactive),medium,,-79.942948,40.409589
0056F00189000000,56-F-189,Hazelwood,R1A-H,3785,private,3500,triplex,3,False,,,,high_risk,not_allowed,,,,,,,,,,,,,,1 DEP record(s) within 250 ft (nearest 238 ft: storage tank inactive),medium,,-79.942948,40.409589
0056F00189000000,56-F-189,Hazelwood,R1A-H,3785,private,3500,townhome,2,False,,,,high_risk,not_allowed,,,,,,,,,,,,,,1 DEP record(s) within 250 ft (nearest 238 ft: storage tank inactive),medium,,-79.942948,40.409589
0056F00189000000,56-F-189,Hazelwood,R1A-H,3785,private,3500,walkup,4,False,,,,high_risk,not_allowed,,,,,,,,,,,,,,1 DEP record(s) within 250 ft (nearest 238 ft: storage tank inactive),medium,,-79.942948,40.409589
0056F00202000000,56-F-202,Hazelwood,R1A-H,891,private,400,single_family,1,False,,,,high_risk,not_allowed,,,,,,,,,,,,,,$242 in tax liens,medium,,-79.942899,40.409688
0056F00202000000,56-F-202,Hazelwood,R1A-H,891,private,400,duplex,2,False,,,,high_risk,not_allowed,,,,,,,,,,,,,,$242 in tax liens,medium,,-79.942899,40.409688
0056F00202000000,56-F-202,Hazelwood,R1A-H,891,private,400,triplex,3,False,,,,high_risk,not_allowed,,,,,,,,,,,,,,$242 in tax liens,medium,,-79.942899,40.409688
0056F00202000000,56-F-202,Hazelwood,R1A-H,891,private,400,townhome,2,False,,,,high_risk,not_allowed,,,,,,,,,,,,,,$242 in tax liens,medium,,-79.942899,40.409688
0056F00202000000,56-F-202,Hazelwood,R1A-H,891,private,400,walkup,4,False,,,,high_risk,not_allowed,,,,,,,,,,,,,,$242 in tax liens,medium,,-79.942899,40.409688
0056F00230000000,56-F-230,Hazelwood,LNC,2935,private,700,single_family,1,True,56.8,58.8,60.8,feasible_with_conditions,by_right,1.0,1.0,1.0,by_right,3.7,4.6,5.6,8754,15161,21419,-392303,-323193,-253320,Parcel spans more than one district or has uncovered rules,medium,,-79.943175,40.409943
0056F00230000000,56-F-230,Hazelwood,LNC,2935,private,700,duplex,2,False,,,,high_risk,not_allowed,,,,,,,,,,,,,,Parcel spans more than one district or has uncovered rules,medium,,-79.943175,40.409943
0056F00230000000,56-F-230,Hazelwood,LNC,2935,private,700,triplex,3,False,,,,high_risk,not_allowed,,,,,,,,,,,,,,Parcel spans more than one district or has uncovered rules,medium,,-79.943175,40.409943
0056F00230000000,56-F-230,Hazelwood,LNC,2935,private,700,townhome,2,False,,,,high_risk,not_allowed,,,,,,,,,,,,,,Parcel spans more than one district or has uncovered rules,medium,,-79.943175,40.409943
0056F00230000000,56-F-230,Hazelwood,LNC,2935,private,700,walkup,4,False,,,,high_risk,not_allowed,,,,,,,,,,,,,,Parcel spans more than one district or has uncovered rules,medium,,-79.943175,40.409943
0056F00237000000,56-F-237,Hazelwood,R1A-H,4382,private,3800,single_family,1,True,57.8,59.8,61.6,feasible_with_conditions,by_right,1.0,1.0,1.0,by_right,3.1,4.0,5.0,9001,15071,21327,-395548,-323178,-257669,"3 DEP record(s) within 1,000 ft",low,,-79.942773,40.410118
0056F00237000000,56-F-237,Hazelwood,R1A-H,4382,private,3800,duplex,2,False,,,,high_risk,not_allowed,,,,,,,,,,,,,,"3 DEP record(s) within 1,000 ft",low,,-79.942773,40.410118
0056F00237000000,56-F-237,Hazelwood,R1A-H,4382,private,3800,triplex,3,False,,,,high_risk,not_allowed,,,,,,,,,,,,,,"3 DEP record(s) within 1,000 ft",low,,-79.942773,40.410118
0056F00237000000,56-F-237,Hazelwood,R1A-H,4382,private,3800,townhome,3,False,55.7,57.5,59.4,feasible_with_conditions,subdivision,0.885,0.932,0.966,placeholder,4.6,5.6,6.8,8957,15067,21309,-1079999,-872818,-684002,"3 DEP record(s) within 1,000 ft",low,,-79.942773,40.410118
0056F00237000000,56-F-237,Hazelwood,R1A-H,4382,private,3800,walkup,4,False,,,,high_risk,not_allowed,,,,,,,,,,,,,,"3 DEP record(s) within 1,000 ft",low,,-79.942773,40.410118
0056F00241000000,56-F-241,Hazelwood,R1A-H,857,private,300,single_family,1,False,,,,high_risk,not_allowed,,,,,,,,,,,,,,"$2,468 in tax liens",medium,,-79.942189,40.410229
0056F00241000000,56-F-241,Hazelwood,R1A-H,857,private,300,duplex,2,False,,,,high_risk,not_allowed,,,,,,,,,,,,,,"$2,468 in tax liens",medium,,-79.942189,40.410229
0056F00241000000,56-F-241,Hazelwood,R1A-H,857,private,300,triplex,3,False,,,,high_risk,not_allowed,,,,,,,,,,,,,,"$2,468 in tax liens",medium,,-79.942189,40.410229
0056F00241000000,56-F-241,Hazelwood,R1A-H,857,private,300,townhome,2,False,,,,high_risk,not_allowed,,,,,,,,,,,,,,"$2,468 in tax liens",medium,,-79.942189,40.410229
0056F00241000000,56-F-241,Hazelwood,R1A-H,857,private,300,walkup,4,False,,,,high_risk,not_allowed,,,,,,,,,,,,,,"$2,468 in tax liens",medium,,-79.942189,40.410229
0056F00241000A00,56-F-241-A,Hazelwood,R1A-H,1390,city,600,single_family,1,False,,,,high_risk,not_allowed,,,,,,,,,,,,,,$541 in tax liens,medium,,-79.942105,40.410077
0056F00241000A00,56-F-241-A,Hazelwood,R1A-H,1390,city,600,duplex,2,False,,,,high_risk,not_allowed,,,,,,,,,,,,,,$541 in tax liens,medium,,-79.942105,40.410077
0056F00241000A00,56-F-241-A,Hazelwood,R1A-H,1390,city,600,triplex,3,False,,,,high_risk,not_allowed,,,,,,,,,,,,,,$541 in tax liens,medium,,-79.942105,40.410077
0056F00241000A00,56-F-241-A,Hazelwood,R1A-H,1390,city,600,townhome,2,False,,,,high_risk,not_allowed,,,,,,,,,,,,,,$541 in tax liens,medium,,-79.942105,40.410077
0056F00241000A00,56-F-241-A,Hazelwood,R1A-H,1390,city,600,walkup,4,False,,,,high_risk,not_allowed,,,,,,,,,,,,,,$541 in tax liens,medium,,-79.942105,40.410077
0056F00242000000,56-F-242,Hazelwood,R1A-H,2863,city,700,single_family,1,True,54.0,56.5,59.0,feasible_with_conditions,by_right,1.0,1.0,1.0,by_right,4.4,5.8,7.4,11194,17601,23859,-391393,-322543,-252742,"$2,440 in tax liens",medium,,-79.942051,40.410181
0056F00242000000,56-F-242,Hazelwood,R1A-H,2863,city,700,duplex,2,False,,,,high_risk,not_allowed,,,,,,,,,,,,,,"$2,440 in tax liens",medium,,-79.942051,40.410181
0056F00242000000,56-F-242,Hazelwood,R1A-H,2863,city,700,triplex,3,False,,,,high_risk,not_allowed,,,,,,,,,,,,,,"$2,440 in tax liens",medium,,-79.942051,40.410181
0056F00242000000,56-F-242,Hazelwood,R1A-H,2863,city,700,townhome,2,False,,,,high_risk,not_allowed,,,,,,,,,,,,,,"$2,440 in tax liens",medium,,-79.942051,40.410181
0056F00242000000,56-F-242,Hazelwood,R1A-H,2863,city,700,walkup,4,False,,,,high_risk,not_allowed,,,,,,,,,,,,,,"$2,440 in tax liens",medium,,-79.942051,40.410181
0056F00263000000,56-F-263,Hazelwood,R1A-H,4590,private,3700,single_family,1,True,23.7,27.1,34.4,high_risk,by_right,1.0,1.0,1.0,by_right,5.3,6.4,7.6,147319,199088,255127,-547669,-455990,-368955,53% of lot on 25%+ slope,high,,-79.941199,40.411095
0056F00263000000,56-F-263,Hazelwood,R1A-H,4590,private,3700,duplex,2,False,,,,high_risk,not_allowed,,,,,,,,,,,,,,53% of lot on 25%+ slope,high,,-79.941199,40.411095
0056F00263000000,56-F-263,Hazelwood,R1A-H,4590,private,3700,triplex,3,False,,,,high_risk,not_allowed,,,,,,,,,,,,,,53% of lot on 25%+ slope,high,,-79.941199,40.411095
0056F00263000000,56-F-263,Hazelwood,R1A-H,4590,private,3700,townhome,2,False,,,,high_risk,not_allowed,,,,,,,,,,,,,,53% of lot on 25%+ slope,high,,-79.941199,40.411095
0056F00263000000,56-F-263,Hazelwood,R1A-H,4590,private,3700,walkup,4,False,,,,high_risk,not_allowed,,,,,,,,,,,,,,53% of lot on 25%+ slope,high,,-79.941199,40.411095
0056F00264000000,56-F-264,Hazelwood,R1A-H,3369,city,3500,single_family,1,True,25.6,32.6,40.0,high_risk,by_right,1.0,1.0,1.0,by_right,5.3,6.4,7.6,105864,156535,207511,-508465,-418014,-325511,57% of lot on 25%+ slope,high,,-79.941253,40.411042
0056F00264000000,56-F-264,Hazelwood,R1A-H,3369,city,3500,duplex,2,False,,,,high_risk,not_allowed,,,,,,,,,,,,,,57% of lot on 25%+ slope,high,,-79.941253,40.411042
0056F00264000000,56-F-264,Hazelwood,R1A-H,3369,city,3500,triplex,3,False,,,,high_risk,not_allowed,,,,,,,,,,,,,,57% of lot on 25%+ slope,high,,-79.941253,40.411042
0056F00264000000,56-F-264,Hazelwood,R1A-H,3369,city,3500,townhome,2,False,,,,high_risk,not_allowed,,,,,,,,,,,,,,57% of lot on 25%+ slope,high,,-79.941253,40.411042
0056F00264000000,56-F-264,Hazelwood,R1A-H,3369,city,3500,walkup,4,False,,,,high_risk,not_allowed,,,,,,,,,,,,,,57% of lot on 25%+ slope,high,,-79.941253,40.411042
0056F00276000000,56-F-276,Hazelwood,R1A-H,2390,private,600,single_family,1,True,23.7,27.2,34.5,high_risk,by_right,1.0,1.0,1.0,by_right,5.3,6.4,7.6,146526,198296,254335,-565381,-479162,-399447,93% of lot on 25%+ slope,high,,-79.941777,40.410688
0056F00276000000,56-F-276,Hazelwood,R1A-H,2390,private,600,duplex,2,False,,,,high_risk,not_allowed,,,,,,,,,,,,,,93% of lot on 25%+ slope,high,,-79.941777,40.410688
0056F00276000000,56-F-276,Hazelwood,R1A-H,2390,private,600,triplex,3,False,,,,high_risk,not_allowed,,,,,,,,,,,,,,93% of lot on 25%+ slope,high,,-79.941777,40.410688
0056F00276000000,56-F-276,Hazelwood,R1A-H,2390,private,600,townhome,2,False,,,,high_risk,not_allowed,,,,,,,,,,,,,,93% of lot on 25%+ slope,high,,-79.941777,40.410688
0056F00276000000,56-F-276,Hazelwood,R1A-H,2390,private,600,walkup,4,False,,,,high_risk,not_allowed,,,,,,,,,,,,,,93% of lot on 25%+ slope,high,,-79.941777,40.410688
0056F00277000000,56-F-277,Hazelwood,R1A-H,1585,city,2600,single_family,1,True,22.9,29.6,37.2,high_risk,variance,0.909,0.959,0.982,model,6.3,7.7,9.3,106171,157215,209498,-522735,-438694,-358775,75% of lot on 25%+ slope,high,,-79.941847,40.410674
0056F00277000000,56-F-277,Hazelwood,R1A-H,1585,city,2600,duplex,2,False,,,,high_risk,not_allowed,,,,,,,,,,,,,,75% of lot on 25%+ slope,high,,-79.941847,40.410674
0056F00277000000,56-F-277,Hazelwood,R1A-H,1585,city,2600,triplex,3,False,,,,high_risk,not_allowed,,,,,,,,,,,,,,75% of lot on 25%+ slope,high,,-79.941847,40.410674
0056F00277000000,56-F-277,Hazelwood,R1A-H,1585,city,2600,townhome,2,False,,,,high_risk,not_allowed,,,,,,,,,,,,,,75% of lot on 25%+ slope,high,,-79.941847,40.410674
0056F00277000000,56-F-277,Hazelwood,R1A-H,1585,city,2600,walkup,4,False,,,,high_risk,not_allowed,,,,,,,,,,,,,,75% of lot on 25%+ slope,high,,-79.941847,40.410674
0056F00278000000,56-F-278,Hazelwood,R1A-H,1398,private,400,single_family,1,True,20.6,23.8,30.8,high_risk,variance,0.909,0.959,0.982,model,6.4,7.7,9.3,153605,206112,256961,-563743,-481425,-401876,69% of lot on 25%+ slope,high,,-79.9419,40.410662
0056F00278000000,56-F-278,Hazelwood,R1A-H,1398,private,400,duplex,2,False,,,,high_risk,not_allowed,,,,,,,,,,,,,,69% of lot on 25%+ slope,high,,-79.9419,40.410662
0056F00278000000,56-F-278,Hazelwood,R1A-H,1398,private,400,triplex,3,False,,,,high_risk,not_allowed,,,,,,,,,,,,,,69% of lot on 25%+ slope,high,,-79.9419,40.410662
0056F00278000000,56-F-278,Hazelwood,R1A-H,1398,private,400,townhome,2,False,,,,high_risk,not_allowed,,,,,,,,,,,,,,69% of lot on 25%+ slope,high,,-79.9419,40.410662
0056F00278000000,56-F-278,Hazelwood,R1A-H,1398,private,400,walkup,4,False,,,,high_risk,not_allowed,,,,,,,,,,,,,,69% of lot on 25%+ slope,high,,-79.9419,40.410662
0056F00279000000,56-F-279,Hazelwood,R1A-H,1384,city,400,single_family,1,True,22.9,29.5,37.1,high_risk,variance,0.909,0.959,0.982,model,6.3,7.7,9.3,106627,157671,209955,-523142,-439094,-359169,68% of lot on 25%+ slope,high,,-79.941951,40.410653
0056F00279000000,56-F-279,Hazelwood,R1A-H,1384,city,400,duplex,2,False,,,,high_risk,not_allowed,,,,,,,,,,,,,,68% of lot on 25%+ slope,high,,-79.941951,40.410653
0056F00279000000,56-F-279,Hazelwood,R1A-H,1384,city,400,triplex,3,False,,,,high_risk,not_allowed,,,,,,,,,,,,,,68% of lot on 25%+ slope,high,,-79.941951,40.410653
0056F00279000000,56-F-279,Hazelwood,R1A-H,1384,city,400,townhome,2,False,,,,high_risk,not_allowed,,,,,,,,,,,,,,68% of lot on 25%+ slope,high,,-79.941951,40.410653
0056F00279000000,56-F-279,Hazelwood,R1A-H,1384,city,400,walkup,4,False,,,,high_risk,not_allowed,,,,,,,,,,,,,,68% of lot on 25%+ slope,high,,-79.941951,40.410653
0056F00280000000,56-F-280,Hazelwood,R1A-H,1285,private,400,single_family,1,False,,,,high_risk,not_allowed,,,,,,,,,,,,,,75% of lot on 25%+ slope,high,,-79.941998,40.41064
0056F00280000000,56-F-280,Hazelwood,R1A-H,1285,private,400,duplex,2,False,,,,high_risk,not_allowed,,,,,,,,,,,,,,75% of lot on 25%+ slope,high,,-79.941998,40.41064
0056F00280000000,56-F-280,Hazelwood,R1A-H,1285,private,400,triplex,3,False,,,,high_risk,not_allowed,,,,,,,,,,,,,,75% of lot on 25%+ slope,high,,-79.941998,40.41064
0056F00280000000,56-F-280,Hazelwood,R1A-H,1285,private,400,townhome,2,False,,,,high_risk,not_allowed,,,,,,,,,,,,,,75% of lot on 25%+ slope,high,,-79.941998,40.41064
0056F00280000000,56-F-280,Hazelwood,R1A-H,1285,private,400,walkup,4,False,,,,high_risk,not_allowed,,,,,,,,,,,,,,75% of lot on 25%+ slope,high,,-79.941998,40.41064
0056F00293000A00,56-F-293-A,Hazelwood,R1A-H,657,city,300,single_family,1,False,,,,high_risk,not_allowed,,,,,,,,,,,,,,100% of lot landslide-prone,high,,-79.942671,40.410429
0056F00293000A00,56-F-293-A,Hazelwood,R1A-H,657,city,300,duplex,2,False,,,,high_risk,not_allowed,,,,,,,,,,,,,,100% of lot landslide-prone,high,,-79.942671,40.410429
0056F00293000A00,56-F-293-A,Hazelwood,R1A-H,657,city,300,triplex,3,False,,,,high_risk,not_allowed,,,,,,,,,,,,,,100% of lot landslide-prone,high,,-79.942671,40.410429
0056F00293000A00,56-F-293-A,Hazelwood,R1A-H,657,city,300,townhome,2,False,,,,high_risk,not_allowed,,,,,,,,,,,,,,100% of lot landslide-prone,high,,-79.942671,40.410429
0056F00293000A00,56-F-293-A,Hazelwood,R1A-H,657,city,300,walkup,4,False,,,,high_risk,not_allowed,,,,,,,,,,,,,,100% of lot landslide-prone,high,,-79.942671,40.410429
0056F00294000000,56-F-294,Hazelwood,R1A-H,717,city,300,single_family,1,False,,,,high_risk,not_allowed,,,,,,,,,,,,,,100% of lot landslide-prone,high,,-79.942721,40.410418
0056F00294000000,56-F-294,Hazelwood,R1A-H,717,city,300,duplex,2,False,,,,high_risk,not_allowed,,,,,,,,,,,,,,100% of lot landslide-prone,high,,-79.942721,40.410418
0056F00294000000,56-F-294,Hazelwood,R1A-H,717,city,300,triplex,3,False,,,,high_risk,not_allowed,,,,,,,,,,,,,,100% of lot landslide-prone,high,,-79.942721,40.410418
0056F00294000000,56-F-294,Hazelwood,R1A-H,717,city,300,townhome,2,False,,,,high_risk,not_allowed,,,,,,,,,,,,,,100% of lot landslide-prone,high,,-79.942721,40.410418
0056F00294000000,56-F-294,Hazelwood,R1A-H,717,city,300,walkup,4,False,,,,high_risk,not_allowed,,,,,,,,,,,,,,100% of lot landslide-prone,high,,-79.942721,40.410418
0056F00294000A00,56-F-294-A,Hazelwood,R1A-H,691,private,200,single_family,1,False,,,,high_risk,not_allowed,,,,,,,,,,,,,,100% of lot landslide-prone,high,,-79.942829,40.410394
0056F00294000A00,56-F-294-A,Hazelwood,R1A-H,691,private,200,duplex,2,False,,,,high_risk,not_allowed,,,,,,,,,,,,,,100% of lot landslide-prone,high,,-79.942829,40.410394
0056F00294000A00,56-F-294-A,Hazelwood,R1A-H,691,private,200,triplex,3,False,,,,high_risk,not_allowed,,,,,,,,,,,,,,100% of lot landslide-prone,high,,-79.942829,40.410394
0056F00294000A00,56-F-294-A,Hazelwood,R1A-H,691,private,200,townhome,2,False,,,,high_risk,not_allowed,,,,,,,,,,,,,,100% of lot landslide-prone,high,,-79.942829,40.410394
0056F00294000A00,56-F-294-A,Hazelwood,R1A-H,691,private,200,walkup,4,False,,,,high_risk,not_allowed,,,,,,,,,,,,,,100% of lot landslide-prone,high,,-79.942829,40.410394
0056F00295000000,56-F-295,Hazelwood,R1A-H,663,city,2300,single_family,1,False,,,,high_risk,not_allowed,,,,,,,,,,,,,,100% of lot landslide-prone,high,,-79.942878,40.410383
0056F00295000000,56-F-295,Hazelwood,R1A-H,663,city,2300,duplex,2,False,,,,high_risk,not_allowed,,,,,,,,,,,,,,100% of lot landslide-prone,high,,-79.942878,40.410383
0056F00295000000,56-F-295,Hazelwood,R1A-H,663,city,2300,triplex,3,False,,,,high_risk,not_allowed,,,,,,,,,,,,,,100% of lot landslide-prone,high,,-79.942878,40.410383
0056F00295000000,56-F-295,Hazelwood,R1A-H,663,city,2300,townhome,2,False,,,,high_risk,not_allowed,,,,,,,,,,,,,,100% of lot landslide-prone,high,,-79.942878,40.410383
0056F00295000000,56-F-295,Hazelwood,R1A-H,663,city,2300,walkup,4,False,,,,high_risk,not_allowed,,,,,,,,,,,,,,100% of lot landslide-prone,high,,-79.942878,40.410383
0056F00297000000,56-F-297,Hazelwood,R1A-H,679,city,200,single_family,1,False,,,,high_risk,not_allowed,,,,,,,,,,,,,,100% of lot landslide-prone,high,,-79.942972,40.410362
0056F00297000000,56-F-297,Hazelwood,R1A-H,679,city,200,duplex,2,False,,,,high_risk,not_allowed,,,,,,,,,,,,,,100% of lot landslide-prone,high,,-79.942972,40.410362
0056F00297000000,56-F-297,Hazelwood,R1A-H,679,city,200,triplex,3,False,,,,high_risk,not_allowed,,,,,,,,,,,,,,100% of lot landslide-prone,high,,-79.942972,40.410362
0056F00297000000,56-F-297,Hazelwood,R1A-H,679,city,200,townhome,2,False,,,,high_risk,not_allowed,,,,,,,,,,,,,,100% of lot landslide-prone,high,,-79.942972,40.410362
0056F00297000000,56-F-297,Hazelwood,R1A-H,679,city,200,walkup,4,False,,,,high_risk,not_allowed,,,,,,,,,,,,,,100% of lot landslide-prone,high,,-79.942972,40.410362
0056F00298000000,56-F-298,Hazelwood,R1A-H,661,private,200,single_family,1,False,,,,high_risk,not_allowed,,,,,,,,,,,,,,100% of lot landslide-prone,high,,-79.943021,40.410351
0056F00298000000,56-F-298,Hazelwood,R1A-H,661,private,200,duplex,2,False,,,,high_risk,not_allowed,,,,,,,,,,,,,,100% of lot landslide-prone,high,,-79.943021,40.410351
0056F00298000000,56-F-298,Hazelwood,R1A-H,661,private,200,triplex,3,False,,,,high_risk,not_allowed,,,,,,,,,,,,,,100% of lot landslide-prone,high,,-79.943021,40.410351
0056F00298000000,56-F-298,Hazelwood,R1A-H,661,private,200,townhome,2,False,,,,high_risk,not_allowed,,,,,,,,,,,,,,100% of lot landslide-prone,high,,-79.943021,40.410351
0056F00298000000,56-F-298,Hazelwood,R1A-H,661,private,200,walkup,4,False,,,,high_risk,not_allowed,,,,,,,,,,,,,,100% of lot landslide-prone,high,,-79.943021,40.410351
0056F00299000000,56-F-299,Hazelwood,R1A-H,601,private,200,single_family,1,False,,,,high_risk,not_allowed,,,,,,,,,,,,,,100% of lot landslide-prone,high,,-79.943067,40.41034
0056F00299000000,56-F-299,Hazelwood,R1A-H,601,private,200,duplex,2,False,,,,high_risk,not_allowed,,,,,,,,,,,,,,100% of lot landslide-prone,high,,-79.943067,40.41034
0056F00299000000,56-F-299,Hazelwood,R1A-H,601,private,200,triplex,3,False,,,,high_risk,not_allowed,,,,,,,,,,,,,,100% of lot landslide-prone,high,,-79.943067,40.41034
0056F00299000000,56-F-299,Hazelwood,R1A-H,601,private,200,townhome,2,False,,,,high_risk,not_allowed,,,,,,,,,,,,,,100% of lot landslide-prone,high,,-79.943067,40.41034
0056F00299000000,56-F-299,Hazelwood,R1A-H,601,private,200,walkup,4,False,,,,high_risk,not_allowed,,,,,,,,,,,,,,100% of lot landslide-prone,high,,-79.943067,40.41034
0056F00302000000,56-F-302,Hazelwood,R1A-H,646,private,200,single_family,1,False,,,,high_risk,not_allowed,,,,,,,,,,,,,,99% of lot on 25%+ slope,high,,-79.94223,40.410665
0056F00302000000,56-F-302,Hazelwood,R1A-H,646,private,200,duplex,2,False,,,,high_risk,not_allowed,,,,,,,,,,,,,,99% of lot on 25%+ slope,high,,-79.94223,40.410665
0056F00302000000,56-F-302,Hazelwood,R1A-H,646,private,200,triplex,3,False,,,,high_risk,not_allowed,,,,,,,,,,,,,,99% of lot on 25%+ slope,high,,-79.94223,40.410665
0056F00302000000,56-F-302,Hazelwood,R1A-H,646,private,200,townhome,2,False,,,,high_risk,not_allowed,,,,,,,,,,,,,,99% of lot on 25%+ slope,high,,-79.94223,40.410665
0056F00302000000,56-F-302,Hazelwood,R1A-H,646,private,200,walkup,4,False,,,,high_risk,not_allowed,,,,,,,,,,,,,,99% of lot on 25%+ slope,high,,-79.94223,40.410665
0056F00303000000,56-F-303,Hazelwood,R1A-H,604,private,200,single_family,1,False,,,,high_risk,not_allowed,,,,,,,,,,,,,,98% of lot on 25%+ slope,high,,-79.942277,40.410652
0056F00303000000,56-F-303,Hazelwood,R1A-H,604,private,200,duplex,2,False,,,,high_risk,not_allowed,,,,,,,,,,,,,,98% of lot on 25%+ slope,high,,-79.942277,40.410652
0056F00303000000,56-F-303,Hazelwood,R1A-H,604,private,200,triplex,3,False,,,,high_risk,not_allowed,,,,,,,,,,,,,,98% of lot on 25%+ slope,high,,-79.942277,40.410652
0056F00303000000,56-F-303,Hazelwood,R1A-H,604,private,200,townhome,2,False,,,,high_risk,not_allowed,,,,,,,,,,,,,,98% of lot on 25%+ slope,high,,-79.942277,40.410652
0056F00303000000,56-F-303,Hazelwood,R1A-H,604,private,200,walkup,4,False,,,,high_risk,not_allowed,,,,,,,,,,,,,,98% of lot on 25%+ slope,high,,-79.942277,40.410652
0056F00304000000,56-F-304,Hazelwood,R1A-H,658,private,200,single_family,1,False,,,,high_risk,not_allowed,,,,,,,,,,,,,,100% of lot on 25%+ slope,high,,-79.942325,40.410642
0056F00304000000,56-F-304,Hazelwood,R1A-H,658,private,200,duplex,2,False,,,,high_risk,not_allowed,,,,,,,,,,,,,,100% of lot on 25%+ slope,high,,-79.942325,40.410642
0056F00304000000,56-F-304,Hazelwood,R1A-H,658,private,200,triplex,3,False,,,,high_risk,not_allowed,,,,,,,,,,,,,,100% of lot on 25%+ slope,high,,-79.942325,40.410642
0056F00304000000,56-F-304,Hazelwood,R1A-H,658,private,200,townhome,2,False,,,,high_risk,not_allowed,,,,,,,,,,,,,,100% of lot on 25%+ slope,high,,-79.942325,40.410642
0056F00304000000,56-F-304,Hazelwood,R1A-H,658,private,200,walkup,4,False,,,,high_risk,not_allowed,,,,,,,,,,,,,,100% of lot on 25%+ slope,high,,-79.942325,40.410642
0056F00312000000,56-F-312,Hazelwood,R1A-H,643,private,200,single_family,1,False,,,,high_risk,not_allowed,,,,,,,,,,,,,,66% of lot on 25%+ slope,high,,-79.94272,40.410554
0056F00312000000,56-F-312,Hazelwood,R1A-H,643,private,200,duplex,2,False,,,,high_risk,not_allowed,,,,,,,,,,,,,,66% of lot on 25%+ slope,high,,-79.94272,40.410554
0056F00312000000,56-F-312,Hazelwood,R1A-H,643,private,200,triplex,3,False,,,,high_risk,not_allowed,,,,,,,,,,,,,,66% of lot on 25%+ slope,high,,-79.94272,40.410554
0056F00312000000,56-F-312,Hazelwood,R1A-H,643,private,200,townhome,2,False,,,,high_risk,not_allowed,,,,,,,,,,,,,,66% of lot on 25%+ slope,high,,-79.94272,40.410554
0056F00312000000,56-F-312,Hazelwood,R1A-H,643,private,200,walkup,4,False,,,,high_risk,not_allowed,,,,,,,,,,,,,,66% of lot on 25%+ slope,high,,-79.94272,40.410554
0056F00313000000,56-F-313,Hazelwood,R1A-H,717,city,200,single_family,1,False,,,,high_risk,not_allowed,,,,,,,,,,,,,,52% of lot on 25%+ slope,high,,-79.94277,40.410543
0056F00313000000,56-F-313,Hazelwood,R1A-H,717,city,200,duplex,2,False,,,,high_risk,not_allowed,,,,,,,,,,,,,,52% of lot on 25%+ slope,high,,-79.94277,40.410543
0056F00313000000,56-F-313,Hazelwood,R1A-H,717,city,200,triplex,3,False,,,,high_risk,not_allowed,,,,,,,,,,,,,,52% of lot on 25%+ slope,high,,-79.94277,40.410543
0056F00313000000,56-F-313,Hazelwood,R1A-H,717,city,200,townhome,2,False,,,,high_risk,not_allowed,,,,,,,,,,,,,,52% of lot on 25%+ slope,high,,-79.94277,40.410543
0056F00313000000,56-F-313,Hazelwood,R1A-H,717,city,200,walkup,4,False,,,,high_risk,not_allowed,,,,,,,,,,,,,,52% of lot on 25%+ slope,high,,-79.94277,40.410543
0056F00314000000,56-F-314,Hazelwood,R1A-H,704,city,200,single_family,1,False,,,,high_risk,not_allowed,,,,,,,,,,,,,,94% of lot on 25%+ slope,high,,-79.942822,40.410529
0056F00314000000,56-F-314,Hazelwood,R1A-H,704,city,200,duplex,2,False,,,,high_risk,not_allowed,,,,,,,,,,,,,,94% of lot on 25%+ slope,high,,-79.942822,40.410529
0056F00314000000,56-F-314,Hazelwood,R1A-H,704,city,200,triplex,3,False,,,,high_risk,not_allowed,,,,,,,,,,,,,,94% of lot on 25%+ slope,high,,-79.942822,40.410529
0056F00314000000,56-F-314,Hazelwood,R1A-H,704,city,200,townhome,2,False,,,,high_risk,not_allowed,,,,,,,,,,,,,,94% of lot on 25%+ slope,high,,-79.942822,40.410529
0056F00314000000,56-F-314,Hazelwood,R1A-H,704,city,200,walkup,4,False,,,,high_risk,not_allowed,,,,,,,,,,,,,,94% of lot on 25%+ slope,high,,-79.942822,40.410529
0056F00319000000,56-F-319,Hazelwood,R1A-H,708,city,200,single_family,1,False,,,,high_risk,not_allowed,,,,,,,,,,,,,,100% of lot landslide-prone,high,,-79.943071,40.410475
0056F00319000000,56-F-319,Hazelwood,R1A-H,708,city,200,duplex,2,False,,,,high_risk,not_allowed,,,,,,,,,,,,,,100% of lot landslide-prone,high,,-79.943071,40.410475
0056F00319000000,56-F-319,Hazelwood,R1A-H,708,city,200,triplex,3,False,,,,high_risk,not_allowed,,,,,,,,,,,,,,100% of lot landslide-prone,high,,-79.943071,40.410475
0056F00319000000,56-F-319,Hazelwood,R1A-H,708,city,200,townhome,2,False,,,,high_risk,not_allowed,,,,,,,,,,,,,,100% of lot landslide-prone,high,,-79.943071,40.410475
0056F00319000000,56-F-319,Hazelwood,R1A-H,708,city,200,walkup,4,False,,,,high_risk,not_allowed,,,,,,,,,,,,,,100% of lot landslide-prone,high,,-79.943071,40.410475
0056F00319000A00,56-F-319-A,Hazelwood,R1A-H,571,city,200,single_family,1,False,,,,high_risk,not_allowed,,,,,,,,,,,,,,100% of lot landslide-prone,high,,-79.943117,40.410463
0056F00319000A00,56-F-319-A,Hazelwood,R1A-H,571,city,200,duplex,2,False,,,,high_risk,not_allowed,,,,,,,,,,,,,,100% of lot landslide-prone,high,,-79.943117,40.410463
0056F00319000A00,56-F-319-A,Hazelwood,R1A-H,571,city,200,triplex,3,False,,,,high_risk,not_allowed,,,,,,,,,,,,,,100% of lot landslide-prone,high,,-79.943117,40.410463
0056F00319000A00,56-F-319-A,Hazelwood,R1A-H,571,city,200,townhome,2,False,,,,high_risk,not_allowed,,,,,,,,,,,,,,100% of lot landslide-prone,high,,-79.943117,40.410463
0056F00319000A00,56-F-319-A,Hazelwood,R1A-H,571,city,200,walkup,4,False,,,,high_risk,not_allowed,,,,,,,,,,,,,,100% of lot landslide-prone,high,,-79.943117,40.410463
0056F00320000000,56-F-320,Hazelwood,R1A-H,702,city,200,single_family,1,False,,,,high_risk,not_allowed,,,,,,,,,,,,,,100% of lot landslide-prone,high,,-79.943164,40.410454
0056F00320000000,56-F-320,Hazelwood,R1A-H,702,city,200,duplex,2,False,,,,high_risk,not_allowed,,,,,,,,,,,,,,100% of lot landslide-prone,high,,-79.943164,40.410454
0056F00320000000,56-F-320,Hazelwood,R1A-H,702,city,200,triplex,3,False,,,,high_risk,not_allowed,,,,,,,,,,,,,,100% of lot landslide-prone,high,,-79.943164,40.410454
0056F00320000000,56-F-320,Hazelwood,R1A-H,702,city,200,townhome,2,False,,,,high_risk,not_allowed,,,,,,,,,,,,,,100% of lot landslide-prone,high,,-79.943164,40.410454
0056F00320000000,56-F-320,Hazelwood,R1A-H,702,city,200,walkup,4,False,,,,high_risk,not_allowed,,,,,,,,,,,,,,100% of lot landslide-prone,high,,-79.943164,40.410454
0056F00331000000,56-F-331,Hazelwood,LNC,2888,private,400,single_family,,False,,,,high_risk,not_allowed,,,,,,,,,,,,,,Parcel spans more than one district or has uncovered rules,medium,,-79.943684,40.410791
0056F00331000000,56-F-331,Hazelwood,LNC,2888,private,400,duplex,,False,,,,high_risk,not_allowed,,,,,,,,,,,,,,Parcel spans more than one district or has uncovered rules,medium,,-79.943684,40.410791
0056F00331000000,56-F-331,Hazelwood,LNC,2888,private,400,triplex,,False,,,,high_risk,not_allowed,,,,,,,,,,,,,,Parcel spans more than one district or has uncovered rules,medium,,-79.943684,40.410791
0056F00331000000,56-F-331,Hazelwood,LNC,2888,private,400,townhome,,False,,,,high_risk,not_allowed,,,,,,,,,,,,,,Parcel spans more than one district or has uncovered rules,medium,,-79.943684,40.410791
0056F00331000000,56-F-331,Hazelwood,LNC,2888,private,400,walkup,,False,,,,high_risk,not_allowed,,,,,,,,,,,,,,Parcel spans more than one district or has uncovered rules,medium,,-79.943684,40.410791
0056F00334000000,56-F-334,Hazelwood,LNC,7824,private,4300,single_family,,False,,,,high_risk,not_allowed,,,,,,,,,,,,,,Parcel spans more than one district or has uncovered rules,medium,,-79.943798,40.410998
0056F00334000000,56-F-334,Hazelwood,LNC,7824,private,4300,duplex,,False,,,,high_risk,not_allowed,,,,,,,,,,,,,,Parcel spans more than one district or has uncovered rules,medium,,-79.943798,40.410998
0056F00334000000,56-F-334,Hazelwood,LNC,7824,private,4300,triplex,,False,,,,high_risk,not_allowed,,,,,,,,,,,,,,Parcel spans more than one district or has uncovered rules,medium,,-79.943798,40.410998
0056F00334000000,56-F-334,Hazelwood,LNC,7824,private,4300,townhome,,False,,,,high_risk,not_allowed,,,,,,,,,,,,,,Parcel spans more than one district or has uncovered rules,medium,,-79.943798,40.410998
0056F00334000000,56-F-334,Hazelwood,LNC,7824,private,4300,walkup,,False,,,,high_risk,not_allowed,,,,,,,,,,,,,,Parcel spans more than one district or has uncovered rules,medium,,-79.943798,40.410998
0056F00338000000,56-F-338,Hazelwood,LNC,4988,city,4000,single_family,,False,,,,high_risk,not_allowed,,,,,,,,,,,,,,Parcel spans more than one district or has uncovered rules,medium,,-79.943828,40.41125
0056F00338000000,56-F-338,Hazelwood,LNC,4988,city,4000,duplex,,False,,,,high_risk,not_allowed,,,,,,,,,,,,,,Parcel spans more than one district or has uncovered rules,medium,,-79.943828,40.41125
0056F00338000000,56-F-338,Hazelwood,LNC,4988,city,4000,triplex,,False,,,,high_risk,not_allowed,,,,,,,,,,,,,,Parcel spans more than one district or has uncovered rules,medium,,-79.943828,40.41125
0056F00338000000,56-F-338,Hazelwood,LNC,4988,city,4000,townhome,,False,,,,high_risk,not_allowed,,,,,,,,,,,,,,Parcel spans more than one district or has uncovered rules,medium,,-79.943828,40.41125
0056F00338000000,56-F-338,Hazelwood,LNC,4988,city,4000,walkup,,False,,,,high_risk,not_allowed,,,,,,,,,,,,,,Parcel spans more than one district or has uncovered rules,medium,,-79.943828,40.41125
0056F00341000000,56-F-341,Hazelwood,R1D-H,2288,private,3000,single_family,1,True,56.8,58.8,60.8,feasible_with_conditions,by_right,1.0,1.0,1.0,by_right,3.7,4.6,5.6,8754,15161,21419,-384620,-313309,-238820,Parcel spans more than one district or has uncovered rules,medium,,-79.943467,40.411321
0056F00341000000,56-F-341,Hazelwood,R1D-H,2288,private,3000,duplex,2,False,,,,high_risk,not_allowed,,,,,,,,,,,,,,Parcel spans more than one district or has uncovered rules,medium,,-79.943467,40.411321
0056F00341000000,56-F-341,Hazelwood,R1D-H,2288,private,3000,triplex,3,False,,,,high_risk,not_allowed,,,,,,,,,,,,,,Parcel spans more than one district or has uncovered rules,medium,,-79.943467,40.411321
0056F00341000000,56-F-341,Hazelwood,R1D-H,2288,private,3000,townhome,2,False,,,,high_risk,not_allowed,,,,,,,,,,,,,,Parcel spans more than one district or has uncovered rules,medium,,-79.943467,40.411321
0056F00341000000,56-F-341,Hazelwood,R1D-H,2288,private,3000,walkup,4,False,,,,high_risk,not_allowed,,,,,,,,,,,,,,Parcel spans more than one district or has uncovered rules,medium,,-79.943467,40.411321
0056F00346000000,56-F-346,Hazelwood,R1D-H,2604,city,3100,single_family,1,True,43.5,48.8,54.5,high_risk,by_right,1.0,1.0,1.0,by_right,4.2,5.3,6.4,31782,60931,88514,-413149,-329846,-239770,11% of lot landslide-prone,medium,,-79.943069,40.411395
0056F00346000000,56-F-346,Hazelwood,R1D-H,2604,city,3100,duplex,2,False,,,,high_risk,not_allowed,,,,,,,,,,,,,,11% of lot landslide-prone,medium,,-79.943069,40.411395
0056F00346000000,56-F-346,Hazelwood,R1D-H,2604,city,3100,triplex,3,False,,,,high_risk,not_allowed,,,,,,,,,,,,,,11% of lot landslide-prone,medium,,-79.943069,40.411395
0056F00346000000,56-F-346,Hazelwood,R1D-H,2604,city,3100,townhome,2,False,,,,high_risk,not_allowed,,,,,,,,,,,,,,11% of lot landslide-prone,medium,,-79.943069,40.411395
0056F00346000000,56-F-346,Hazelwood,R1D-H,2604,city,3100,walkup,4,False,,,,high_risk,not_allowed,,,,,,,,,,,,,,11% of lot landslide-prone,medium,,-79.943069,40.411395
0056F00347000000,56-F-347,Hazelwood,R1D-H,2987,private,3300,single_family,1,True,42.4,48.0,53.4,high_risk,by_right,1.0,1.0,1.0,by_right,4.8,6.0,7.3,31854,60754,88931,-416037,-327655,-237836,23% of lot landslide-prone,medium,,-79.942965,40.411414
0056F00347000000,56-F-347,Hazelwood,R1D-H,2987,private,3300,duplex,2,False,,,,high_risk,not_allowed,,,,,,,,,,,,,,23% of lot landslide-prone,medium,,-79.942965,40.411414
0056F00347000000,56-F-347,Hazelwood,R1D-H,2987,private,3300,triplex,3,False,,,,high_risk,not_allowed,,,,,,,,,,,,,,23% of lot landslide-prone,medium,,-79.942965,40.411414
0056F00347000000,56-F-347,Hazelwood,R1D-H,2987,private,3300,townhome,2,False,,,,high_risk,not_allowed,,,,,,,,,,,,,,23% of lot landslide-prone,medium,,-79.942965,40.411414
0056F00347000000,56-F-347,Hazelwood,R1D-H,2987,private,3300,walkup,4,False,,,,high_risk,not_allowed,,,,,,,,,,,,,,23% of lot landslide-prone,medium,,-79.942965,40.411414
0056F00354000000,56-F-354,Hazelwood,R1A-H,2763,private,3200,single_family,1,True,36.8,42.6,48.1,high_risk,by_right,1.0,1.0,1.0,by_right,4.4,5.4,6.5,65177,97793,131676,-473992,-394672,-318861,100% of lot landslide-prone,high,,-79.943163,40.410856
0056F00354000000,56-F-354,Hazelwood,R1A-H,2763,private,3200,duplex,2,False,,,,high_risk,not_allowed,,,,,,,,,,,,,,100% of lot landslide-prone,high,,-79.943163,40.410856
0056F00354000000,56-F-354,Hazelwood,R1A-H,2763,private,3200,triplex,3,False,,,,high_risk,not_allowed,,,,,,,,,,,,,,100% of lot landslide-prone,high,,-79.943163,40.410856
0056F00354000000,56-F-354,Hazelwood,R1A-H,2763,private,3200,townhome,2,False,,,,high_risk,not_allowed,,,,,,,,,,,,,,100% of lot landslide-prone,high,,-79.943163,40.410856
0056F00354000000,56-F-354,Hazelwood,R1A-H,2763,private,3200,walkup,4,False,,,,high_risk,not_allowed,,,,,,,,,,,,,,100% of lot landslide-prone,high,,-79.943163,40.410856
0056F00361000000,56-F-361,Hazelwood,R1A-H,2888,private,400,single_family,1,True,40.1,45.6,50.8,high_risk,by_right,1.0,1.0,1.0,by_right,4.8,6.0,7.3,45312,74211,102389,-447374,-370440,-298530,100% of lot landslide-prone,high,,-79.942815,40.411022
0056F00361000000,56-F-361,Hazelwood,R1A-H,2888,private,400,duplex,2,False,,,,high_risk,not_allowed,,,,,,,,,,,,,,100% of lot landslide-prone,high,,-79.942815,40.411022
0056F00361000000,56-F-361,Hazelwood,R1A-H,2888,private,400,triplex,3,False,,,,high_risk,not_allowed,,,,,,,,,,,,,,100% of lot landslide-prone,high,,-79.942815,40.411022
0056F00361000000,56-F-361,Hazelwood,R1A-H,2888,private,400,townhome,2,False,,,,high_risk,not_allowed,,,,,,,,,,,,,,100% of lot landslide-prone,high,,-79.942815,40.411022
0056F00361000000,56-F-361,Hazelwood,R1A-H,2888,private,400,walkup,4,False,,,,high_risk,not_allowed,,,,,,,,,,,,,,100% of lot landslide-prone,high,,-79.942815,40.411022
0056F00366000000,56-F-366,Hazelwood,R1D-H,883,private,300,single_family,1,False,,,,high_risk,not_allowed,,,,,,,,,,,,,,100% of lot landslide-prone,high,,-79.942127,40.411325
0056F00366000000,56-F-366,Hazelwood,R1D-H,883,private,300,duplex,2,False,,,,high_risk,not_allowed,,,,,,,,,,,,,,100% of lot landslide-prone,high,,-79.942127,40.411325
0056F00366000000,56-F-366,Hazelwood,R1D-H,883,private,300,triplex,3,False,,,,high_risk,not_allowed,,,,,,,,,,,,,,100% of lot landslide-prone,high,,-79.942127,40.411325
0056F00366000000,56-F-366,Hazelwood,R1D-H,883,private,300,townhome,2,False,,,,high_risk,not_allowed,,,,,,,,,,,,,,100% of lot landslide-prone,high,,-79.942127,40.411325
0056F00366000000,56-F-366,Hazelwood,R1D-H,883,private,300,walkup,4,False,,,,high_risk,not_allowed,,,,,,,,,,,,,,100% of lot landslide-prone,high,,-79.942127,40.411325
0056F00367000000,56-F-367,Hazelwood,R1D-H,3237,city,3300,single_family,1,True,33.3,38.8,44.6,high_risk,by_right,1.0,1.0,1.0,by_right,4.9,6.1,7.3,82080,114671,148997,-463197,-379958,-291058,100% of lot landslide-prone,high,,-79.942368,40.411266
0056F00367000000,56-F-367,Hazelwood,R1D-H,3237,city,3300,duplex,2,False,,,,high_risk,not_allowed,,,,,,,,,,,,,,100% of lot landslide-prone,high,,-79.942368,40.411266
0056F00367000000,56-F-367,Hazelwood,R1D-H,3237,city,3300,triplex,3,False,,,,high_risk,not_allowed,,,,,,,,,,,,,,100% of lot landslide-prone,high,,-79.942368,40.411266
0056F00367000000,56-F-367,Hazelwood,R1D-H,3237,city,3300,townhome,2,False,37.6,41.5,45.3,high_risk,special_exception+subdivision,0.862,0.913,0.949,model+placeholder,7.9,9.5,11.2,81983,113648,146254,-750338,-605832,-455117,100% of lot landslide-prone,high,,-79.942368,40.411266
0056F00367000000,56-F-367,Hazelwood,R1D-H,3237,city,3300,walkup,4,False,,,,high_risk,not_allowed,,,,,,,,,,,,,,100% of lot landslide-prone,high,,-79.942368,40.411266
0056F00371000000,56-F-371,Hazelwood,R1D-H,3583,city,3500,single_family,1,True,35.4,41.0,46.9,high_risk,by_right,1.0,1.0,1.0,by_right,4.9,6.1,7.3,67907,100498,134824,-450686,-367533,-278643,100% of lot landslide-prone,high,,-79.942213,40.411133
0056F00371000000,56-F-371,Hazelwood,R1D-H,3583,city,3500,duplex,2,False,,,,high_risk,not_allowed,,,,,,,,,,,,,,100% of lot landslide-prone,high,,-79.942213,40.411133
0056F00371000000,56-F-371,Hazelwood,R1D-H,3583,city,3500,triplex,3,False,,,,high_risk,not_allowed,,,,,,,,,,,,,,100% of lot landslide-prone,high,,-79.942213,40.411133
0056F00371000000,56-F-371,Hazelwood,R1D-H,3583,city,3500,townhome,2,False,,,,high_risk,not_allowed,,,,,,,,,,,,,,100% of lot landslide-prone,high,,-79.942213,40.411133
0056F00371000000,56-F-371,Hazelwood,R1D-H,3583,city,3500,walkup,4,False,,,,high_risk,not_allowed,,,,,,,,,,,,,,100% of lot landslide-prone,high,,-79.942213,40.411133
0056F00374000000,56-F-374,Hazelwood,R1D-H,3153,private,700,single_family,1,True,35.8,41.4,47.3,high_risk,by_right,1.0,1.0,1.0,by_right,4.9,6.1,7.3,65182,97773,132099,-464727,-390348,-317908,100% of lot landslide-prone,high,,-79.94216,40.41091
0056F00374000000,56-F-374,Hazelwood,R1D-H,3153,private,700,duplex,2,False,,,,high_risk,not_allowed,,,,,,,,,,,,,,100% of lot landslide-prone,high,,-79.94216,40.41091
0056F00374000000,56-F-374,Hazelwood,R1D-H,3153,private,700,triplex,3,False,,,,high_risk,not_allowed,,,,,,,,,,,,,,100% of lot landslide-prone,high,,-79.94216,40.41091
0056F00374000000,56-F-374,Hazelwood,R1D-H,3153,private,700,townhome,2,False,39.2,43.1,47.0,high_risk,special_exception+subdivision,0.862,0.913,0.949,model+placeholder,7.9,9.5,11.2,65086,96750,129356,-769654,-638908,-513365,100% of lot landslide-prone,high,,-79.94216,40.41091
0056F00374000000,56-F-374,Hazelwood,R1D-H,3153,private,700,walkup,4,False,,,,high_risk,not_allowed,,,,,,,,,,,,,,100% of lot landslide-prone,high,,-79.94216,40.41091
0056F00376000000,56-F-376,Hazelwood,R1D-H,949,city,300,single_family,1,False,,,,high_risk,not_allowed,,,,,,,,,,,,,,100% of lot landslide-prone,high,,-79.942013,40.411118
0056F00376000000,56-F-376,Hazelwood,R1D-H,949,city,300,duplex,2,False,,,,high_risk,not_allowed,,,,,,,,,,,,,,100% of lot landslide-prone,high,,-79.942013,40.411118
0056F00376000000,56-F-376,Hazelwood,R1D-H,949,city,300,triplex,3,False,,,,high_risk,not_allowed,,,,,,,,,,,,,,100% of lot landslide-prone,high,,-79.942013,40.411118
0056F00376000000,56-F-376,Hazelwood,R1D-H,949,city,300,townhome,2,False,,,,high_risk,not_allowed,,,,,,,,,,,,,,100% of lot landslide-prone,high,,-79.942013,40.411118
0056F00376000000,56-F-376,Hazelwood,R1D-H,949,city,300,walkup,4,False,,,,high_risk,not_allowed,,,,,,,,,,,,,,100% of lot landslide-prone,high,,-79.942013,40.411118
0056F00381000000,56-F-381,Hazelwood,R1D-H,1783,private,900,single_family,1,True,35.8,41.4,47.3,high_risk,by_right,1.0,1.0,1.0,by_right,4.9,6.1,7.3,65156,97747,132073,-453564,-374363,-295988,100% of lot landslide-prone,high,,-79.941676,40.411377
0056F00381000000,56-F-381,Hazelwood,R1D-H,1783,private,900,duplex,2,False,,,,high_risk,not_allowed,,,,,,,,,,,,,,100% of lot landslide-prone,high,,-79.941676,40.411377
0056F00381000000,56-F-381,Hazelwood,R1D-H,1783,private,900,triplex,3,False,,,,high_risk,not_allowed,,,,,,,,,,,,,,100% of lot landslide-prone,high,,-79.941676,40.411377
0056F00381000000,56-F-381,Hazelwood,R1D-H,1783,private,900,townhome,2,False,,,,high_risk,not_allowed,,,,,,,,,,,,,,100% of lot landslide-prone,high,,-79.941676,40.411377
0056F00381000000,56-F-381,Hazelwood,R1D-H,1783,private,900,walkup,4,False,,,,high_risk,not_allowed,,,,,,,,,,,,,,100% of lot landslide-prone,high,,-79.941676,40.411377
0056F00383000000,56-F-383,Hazelwood,R1A-H,190,private,100,single_family,1,False,,,,high_risk,not_allowed,,,,,,,,,,,,,,"5 DEP record(s) within 1,000 ft",low,,-79.9435,40.41117
0056F00383000000,56-F-383,Hazelwood,R1A-H,190,private,100,duplex,2,False,,,,high_risk,not_allowed,,,,,,,,,,,,,,"5 DEP record(s) within 1,000 ft",low,,-79.9435,40.41117
0056F00383000000,56-F-383,Hazelwood,R1A-H,190,private,100,triplex,3,False,,,,high_risk,not_allowed,,,,,,,,,,,,,,"5 DEP record(s) within 1,000 ft",low,,-79.9435,40.41117
0056F00383000000,56-F-383,Hazelwood,R1A-H,190,private,100,townhome,2,False,,,,high_risk,not_allowed,,,,,,,,,,,,,,"5 DEP record(s) within 1,000 ft",low,,-79.9435,40.41117
0056F00383000000,56-F-383,Hazelwood,R1A-H,190,private,100,walkup,4,False,,,,high_risk,not_allowed,,,,,,,,,,,,,,"5 DEP record(s) within 1,000 ft",low,,-79.9435,40.41117
0056F00384000000,56-F-384,Hazelwood,R1A-H,246,private,100,single_family,1,False,,,,high_risk,not_allowed,,,,,,,,,,,,,,$15 in tax liens,medium,,-79.943423,40.411184
0056F00384000000,56-F-384,Hazelwood,R1A-H,246,private,100,duplex,2,False,,,,high_risk,not_allowed,,,,,,,,,,,,,,$15 in tax liens,medium,,-79.943423,40.411184
0056F00384000000,56-F-384,Hazelwood,R1A-H,246,private,100,triplex,3,False,,,,high_risk,not_allowed,,,,,,,,,,,,,,$15 in tax liens,medium,,-79.943423,40.411184
0056F00384000000,56-F-384,Hazelwood,R1A-H,246,private,100,townhome,2,False,,,,high_risk,not_allowed,,,,,,,,,,,,,,$15 in tax liens,medium,,-79.943423,40.411184
0056F00384000000,56-F-384,Hazelwood,R1A-H,246,private,100,walkup,4,False,,,,high_risk,not_allowed,,,,,,,,,,,,,,$15 in tax liens,medium,,-79.943423,40.411184
0056F00385000000,56-F-385,Hazelwood,R1A-H,253,private,200,single_family,1,False,,,,high_risk,not_allowed,,,,,,,,,,,,,,"5 DEP record(s) within 1,000 ft",low,,-79.943336,40.4112
0056F00385000000,56-F-385,Hazelwood,R1A-H,253,private,200,duplex,2,False,,,,high_risk,not_allowed,,,,,,,,,,,,,,"5 DEP record(s) within 1,000 ft",low,,-79.943336,40.4112
0056F00385000000,56-F-385,Hazelwood,R1A-H,253,private,200,triplex,3,False,,,,high_risk,not_allowed,,,,,,,,,,,,,,"5 DEP record(s) within 1,000 ft",low,,-79.943336,40.4112
0056F00385000000,56-F-385,Hazelwood,R1A-H,253,private,200,townhome,2,False,,,,high_risk,not_allowed,,,,,,,,,,,,,,"5 DEP record(s) within 1,000 ft",low,,-79.943336,40.4112
0056F00385000000,56-F-385,Hazelwood,R1A-H,253,private,200,walkup,4,False,,,,high_risk,not_allowed,,,,,,,,,,,,,,"5 DEP record(s) within 1,000 ft",low,,-79.943336,40.4112
0056F00386000000,56-F-386,Hazelwood,R1A-H,271,private,100,single_family,1,False,,,,high_risk,not_allowed,,,,,,,,,,,,,,No street frontage within 60 ft,high,,-79.943245,40.411217
0056F00386000000,56-F-386,Hazelwood,R1A-H,271,private,100,duplex,2,False,,,,high_risk,not_allowed,,,,,,,,,,,,,,No street frontage within 60 ft,high,,-79.943245,40.411217
0056F00386000000,56-F-386,Hazelwood,R1A-H,271,private,100,triplex,3,False,,,,high_risk,not_allowed,,,,,,,,,,,,,,No street frontage within 60 ft,high,,-79.943245,40.411217
0056F00386000000,56-F-386,Hazelwood,R1A-H,271,private,100,townhome,2,False,,,,high_risk,not_allowed,,,,,,,,,,,,,,No street frontage within 60 ft,high,,-79.943245,40.411217
0056F00386000000,56-F-386,Hazelwood,R1A-H,271,private,100,walkup,4,False,,,,high_risk,not_allowed,,,,,,,,,,,,,,No street frontage within 60 ft,high,,-79.943245,40.411217
0056F00387000000,56-F-387,Hazelwood,R1A-H,113,private,100,single_family,1,False,,,,high_risk,not_allowed,,,,,,,,,,,,,,92% of lot on 25%+ slope,high,,-79.943178,40.411229
0056F00387000000,56-F-387,Hazelwood,R1A-H,113,private,100,duplex,2,False,,,,high_risk,not_allowed,,,,,,,,,,,,,,92% of lot on 25%+ slope,high,,-79.943178,40.411229
0056F00387000000,56-F-387,Hazelwood,R1A-H,113,private,100,triplex,3,False,,,,high_risk,not_allowed,,,,,,,,,,,,,,92% of lot on 25%+ slope,high,,-79.943178,40.411229
0056F00387000000,56-F-387,Hazelwood,R1A-H,113,private,100,townhome,2,False,,,,high_risk,not_allowed,,,,,,,,,,,,,,92% of lot on 25%+ slope,high,,-79.943178,40.411229
0056F00387000000,56-F-387,Hazelwood,R1A-H,113,private,100,walkup,4,False,,,,high_risk,not_allowed,,,,,,,,,,,,,,92% of lot on 25%+ slope,high,,-79.943178,40.411229
0056G00001000000,56-G-1,Hazelwood,R1A-H,8347,private,4300,single_family,1,True,36.8,42.6,48.1,high_risk,by_right,1.0,1.0,1.0,by_right,4.4,5.4,6.5,65177,97793,131676,-453785,-365597,-278122,90% of lot landslide-prone,high,,-79.941092,40.411152
0056G00001000000,56-G-1,Hazelwood,R1A-H,8347,private,4300,duplex,2,False,,,,high_risk,not_allowed,,,,,,,,,,,,,,90% of lot landslide-prone,high,,-79.941092,40.411152
0056G00001000000,56-G-1,Hazelwood,R1A-H,8347,private,4300,triplex,3,False,,,,high_risk,not_allowed,,,,,,,,,,,,,,90% of lot landslide-prone,high,,-79.941092,40.411152
0056G00001000000,56-G-1,Hazelwood,R1A-H,8347,private,4300,townhome,2,False,43.8,47.7,51.4,high_risk,subdivision,0.885,0.932,0.966,placeholder,4.9,5.9,6.9,66042,98193,131751,-762640,-602560,-449393,90% of lot landslide-prone,high,,-79.941092,40.411152
0056G00001000000,56-G-1,Hazelwood,R1A-H,8347,private,4300,walkup,4,False,,,,high_risk,not_allowed,,,,,,,,,,,,,,90% of lot landslide-prone,high,,-79.941092,40.411152
0056G00009000000,56-G-9,Hazelwood,R1A-H,5008,city,4000,single_family,1,True,33.9,39.4,45.2,high_risk,by_right,1.0,1.0,1.0,by_right,4.9,6.1,7.3,78069,110660,144986,-450912,-365633,-275155,64% of lot landslide-prone,high,,-79.940607,40.411402
0056G00009000000,56-G-9,Hazelwood,R1A-H,5008,city,4000,duplex,2,False,,,,high_risk,not_allowed,,,,,,,,,,,,,,64% of lot landslide-prone,high,,-79.940607,40.411402
0056G00009000000,56-G-9,Hazelwood,R1A-H,5008,city,4000,triplex,3,False,,,,high_risk,not_allowed,,,,,,,,,,,,,,64% of lot landslide-prone,high,,-79.940607,40.411402
0056G00009000000,56-G-9,Hazelwood,R1A-H,5008,city,4000,townhome,2,False,,,,high_risk,not_allowed,,,,,,,,,,,,,,64% of lot landslide-prone,high,,-79.940607,40.411402
0056G00009000000,56-G-9,Hazelwood,R1A-H,5008,city,4000,walkup,4,False,,,,high_risk,not_allowed,,,,,,,,,,,,,,64% of lot landslide-prone,high,,-79.940607,40.411402
0056G00010000000,56-G-10,Hazelwood,R1A-H,3913,city,4000,single_family,1,True,34.5,40.1,45.9,high_risk,by_right,1.0,1.0,1.0,by_right,4.9,6.1,7.3,73590,106181,140507,-446941,-361703,-271177,58% of lot landslide-prone,high,,-79.940533,40.411428
0056G00010000000,56-G-10,Hazelwood,R1A-H,3913,city,4000,duplex,2,False,,,,high_risk,not_allowed,,,,,,,,,,,,,,58% of lot landslide-prone,high,,-79.940533,40.411428
0056G00010000000,56-G-10,Hazelwood,R1A-H,3913,city,4000,triplex,3,False,,,,high_risk,not_allowed,,,,,,,,,,,,,,58% of lot landslide-prone,high,,-79.940533,40.411428
0056G00010000000,56-G-10,Hazelwood,R1A-H,3913,city,4000,townhome,2,False,,,,high_risk,not_allowed,,,,,,,,,,,,,,58% of lot landslide-prone,high,,-79.940533,40.411428
0056G00010000000,56-G-10,Hazelwood,R1A-H,3913,city,4000,walkup,4,False,,,,high_risk,not_allowed,,,,,,,,,,,,,,58% of lot landslide-prone,high,,-79.940533,40.411428
0056G00013000000,56-G-13,Hazelwood,R1A-H,1837,private,900,single_family,1,True,35.2,40.8,46.6,high_risk,by_right,1.0,1.0,1.0,by_right,4.9,6.1,7.3,69166,101757,136083,-425334,-336360,-247327,100% of lot landslide-prone,high,,-79.939091,40.411414
0056G00013000000,56-G-13,Hazelwood,R1A-H,1837,private,900,duplex,2,False,,,,high_risk,not_allowed,,,,,,,,,,,,,,100% of lot landslide-prone,high,,-79.939091,40.411414
0056G00013000000,56-G-13,Hazelwood,R1A-H,1837,private,900,triplex,3,False,,,,high_risk,not_allowed,,,,,,,,,,,,,,100% of lot landslide-prone,high,,-79.939091,40.411414
0056G00013000000,56-G-13,Hazelwood,R1A-H,1837,private,900,townhome,2,False,,,,high_risk,not_allowed,,,,,,,,,,,,,,100% of lot landslide-prone,high,,-79.939091,40.411414
0056G00013000000,56-G-13,Hazelwood,R1A-H,1837,private,900,walkup,4,False,,,,high_risk,not_allowed,,,,,,,,,,,,,,100% of lot landslide-prone,high,,-79.939091,40.411414
0056G00014000000,56-G-14,Hazelwood,R1A-H,1773,city,500,single_family,1,True,35.3,40.9,46.8,high_risk,by_right,1.0,1.0,1.0,by_right,4.9,6.1,7.3,68428,101018,135345,-424686,-335712,-246678,100% of lot landslide-prone,high,,-79.939137,40.411388
0056G00014000000,56-G-14,Hazelwood,R1A-H,1773,city,500,duplex,2,False,,,,high_risk,not_allowed,,,,,,,,,,,,,,100% of lot landslide-prone,high,,-79.939137,40.411388
0056G00014000000,56-G-14,Hazelwood,R1A-H,1773,city,500,triplex,3,False,,,,high_risk,not_allowed,,,,,,,,,,,,,,100% of lot landslide-prone,high,,-79.939137,40.411388
0056G00014000000,56-G-14,Hazelwood,R1A-H,1773,city,500,townhome,2,False,,,,high_risk,not_allowed,,,,,,,,,,,,,,100% of lot landslide-prone,high,,-79.939137,40.411388
0056G00014000000,56-G-14,Hazelwood,R1A-H,1773,city,500,walkup,4,False,,,,high_risk,not_allowed,,,,,,,,,,,,,,100% of lot landslide-prone,high,,-79.939137,40.411388
0056G00019000000,56-G-19,Hazelwood,R1A-H,2422,city,700,single_family,1,True,34.8,40.3,46.2,high_risk,by_right,1.0,1.0,1.0,by_right,4.9,6.1,7.3,71958,104548,138875,-433758,-346791,-256239,68% of lot landslide-prone,high,,-79.93947,40.411247
0056G00019000000,56-G-19,Hazelwood,R1A-H,2422,city,700,duplex,2,False,,,,high_risk,not_allowed,,,,,,,,,,,,,,68% of lot landslide-prone,high,,-79.93947,40.411247
0056G00019000000,56-G-19,Hazelwood,R1A-H,2422,city,700,triplex,3,False,,,,high_risk,not_allowed,,,,,,,,,,,,,,68% of lot landslide-prone,high,,-79.93947,40.411247
0056G00019000000,56-G-19,Hazelwood,R1A-H,2422,city,700,townhome,2,False,,,,high_risk,not_allowed,,,,,,,,,,,,,,68% of lot landslide-prone,high,,-79.93947,40.411247
0056G00019000000,56-G-19,Hazelwood,R1A-H,2422,city,700,walkup,4,False,,,,high_risk,not_allowed,,,,,,,,,,,,,,68% of lot landslide-prone,high,,-79.93947,40.411247
0056G00020000000,56-G-20,Hazelwood,R1A-H,2763,city,700,single_family,1,True,35.3,40.9,46.8,high_risk,by_right,1.0,1.0,1.0,by_right,4.9,6.1,7.3,68147,100737,135064,-430387,-343436,-252883,58% of lot landslide-prone,high,,-79.939539,40.411214
0056G00020000000,56-G-20,Hazelwood,R1A-H,2763,city,700,duplex,2,False,,,,high_risk,not_allowed,,,,,,,,,,,,,,58% of lot landslide-prone,high,,-79.939539,40.411214
0056G00020000000,56-G-20,Hazelwood,R1A-H,2763,city,700,triplex,3,False,,,,high_risk,not_allowed,,,,,,,,,,,,,,58% of lot landslide-prone,high,,-79.939539,40.411214
0056G00020000000,56-G-20,Hazelwood,R1A-H,2763,city,700,townhome,2,False,,,,high_risk,not_allowed,,,,,,,,,,,,,,58% of lot landslide-prone,high,,-79.939539,40.411214
0056G00020000000,56-G-20,Hazelwood,R1A-H,2763,city,700,walkup,4,False,,,,high_risk,not_allowed,,,,,,,,,,,,,,58% of lot landslide-prone,high,,-79.939539,40.411214
0056G00024000000,56-G-24,Hazelwood,R1A-H,3454,city,3200,single_family,1,True,42.2,47.8,53.2,high_risk,by_right,1.0,1.0,1.0,by_right,4.8,6.0,7.3,32889,61789,89966,-418121,-332130,-246613,18% of lot landslide-prone,medium,,-79.939844,40.411083
0056G00024000000,56-G-24,Hazelwood,R1A-H,3454,city,3200,duplex,2,False,,,,high_risk,not_allowed,,,,,,,,,,,,,,18% of lot landslide-prone,medium,,-79.939844,40.411083
0056G00024000000,56-G-24,Hazelwood,R1A-H,3454,city,3200,triplex,3,False,,,,high_risk,not_allowed,,,,,,,,,,,,,,18% of lot landslide-prone,medium,,-79.939844,40.411083
0056G00024000000,56-G-24,Hazelwood,R1A-H,3454,city,3200,townhome,2,False,,,,high_risk,not_allowed,,,,,,,,,,,,,,18% of lot landslide-prone,medium,,-79.939844,40.411083
0056G00024000000,56-G-24,Hazelwood,R1A-H,3454,city,3200,walkup,4,False,,,,high_risk,not_allowed,,,,,,,,,,,,,,18% of lot landslide-prone,medium,,-79.939844,40.411083
0056G00025000000,56-G-25,Hazelwood,R1A-H,2181,city,3200,single_family,1,True,41.4,46.9,52.4,high_risk,by_right,1.0,1.0,1.0,by_right,4.8,6.0,7.3,37624,66524,94701,-424853,-341088,-258744,10% of lot landslide-prone,medium,,-79.939915,40.411046
0056G00025000000,56-G-25,Hazelwood,R1A-H,2181,city,3200,duplex,2,False,,,,high_risk,not_allowed,,,,,,,,,,,,,,10% of lot landslide-prone,medium,,-79.939915,40.411046
0056G00025000000,56-G-25,Hazelwood,R1A-H,2181,city,3200,triplex,3,False,,,,high_risk,not_allowed,,,,,,,,,,,,,,10% of lot landslide-prone,medium,,-79.939915,40.411046
0056G00025000000,56-G-25,Hazelwood,R1A-H,2181,city,3200,townhome,2,False,,,,high_risk,not_allowed,,,,,,,,,,,,,,10% of lot landslide-prone,medium,,-79.939915,40.411046
0056G00025000000,56-G-25,Hazelwood,R1A-H,2181,city,3200,walkup,4,False,,,,high_risk,not_allowed,,,,,,,,,,,,,,10% of lot landslide-prone,medium,,-79.939915,40.411046
0056G00027000000,56-G-27,Hazelwood,R1A-H,2865,private,1200,single_family,1,True,57.8,59.8,61.6,feasible_with_conditions,by_right,1.0,1.0,1.0,by_right,3.1,4.0,5.0,9001,15071,21327,-376595,-299354,-221482,"1 DEP record(s) within 1,000 ft",low,,-79.940057,40.410984
0056G00027000000,56-G-27,Hazelwood,R1A-H,2865,private,1200,duplex,2,False,,,,high_risk,not_allowed,,,,,,,,,,,,,,"1 DEP record(s) within 1,000 ft",low,,-79.940057,40.410984
0056G00027000000,56-G-27,Hazelwood,R1A-H,2865,private,1200,triplex,3,False,,,,high_risk,not_allowed,,,,,,,,,,,,,,"1 DEP record(s) within 1,000 ft",low,,-79.940057,40.410984
0056G00027000000,56-G-27,Hazelwood,R1A-H,2865,private,1200,townhome,2,False,,,,high_risk,not_allowed,,,,,,,,,,,,,,"1 DEP record(s) within 1,000 ft",low,,-79.940057,40.410984
0056G00027000000,56-G-27,Hazelwood,R1A-H,2865,private,1200,walkup,4,False,,,,high_risk,not_allowed,,,,,,,,,,,,,,"1 DEP record(s) within 1,000 ft",low,,-79.940057,40.410984
0056G00036000000,56-G-36,Hazelwood,R1A-H,1869,private,700,single_family,1,True,57.8,59.8,61.6,feasible_with_conditions,by_right,1.0,1.0,1.0,by_right,3.1,4.0,5.0,9001,15071,21327,-388589,-314974,-246642,"2 DEP record(s) within 1,000 ft",low,,-79.94079,40.41071
0056G00036000000,56-G-36,Hazelwood,R1A-H,1869,private,700,duplex,2,False,,,,high_risk,not_allowed,,,,,,,,,,,,,,"2 DEP record(s) within 1,000 ft",low,,-79.94079,40.41071
0056G00036000000,56-G-36,Hazelwood,R1A-H,1869,private,700,triplex,3,False,,,,high_risk,not_allowed,,,,,,,,,,,,,,"2 DEP record(s) within 1,000 ft",low,,-79.94079,40.41071
0056G00036000000,56-G-36,Hazelwood,R1A-H,1869,private,700,townhome,2,False,,,,high_risk,not_allowed,,,,,,,,,,,,,,"2 DEP record(s) within 1,000 ft",low,,-79.94079,40.41071
0056G00036000000,56-G-36,Hazelwood,R1A-H,1869,private,700,walkup,4,False,,,,high_risk,not_allowed,,,,,,,,,,,,,,"2 DEP record(s) within 1,000 ft",low,,-79.94079,40.41071
0056G00037000000,56-G-37,Hazelwood,R1A-H,2147,private,1000,single_family,1,True,57.8,59.8,61.6,feasible_with_conditions,by_right,1.0,1.0,1.0,by_right,3.1,4.0,5.0,9001,15071,21327,-388589,-314974,-246642,"2 DEP record(s) within 1,000 ft",low,,-79.940835,40.410629
0056G00037000000,56-G-37,Hazelwood,R1A-H,2147,private,1000,duplex,2,False,,,,high_risk,not_allowed,,,,,,,,,,,,,,"2 DEP record(s) within 1,000 ft",low,,-79.940835,40.410629
0056G00037000000,56-G-37,Hazelwood,R1A-H,2147,private,1000,triplex,3,False,,,,high_risk,not_allowed,,,,,,,,,,,,,,"2 DEP record(s) within 1,000 ft",low,,-79.940835,40.410629
0056G00037000000,56-G-37,Hazelwood,R1A-H,2147,private,1000,townhome,2,False,,,,high_risk,not_allowed,,,,,,,,,,,,,,"2 DEP record(s) within 1,000 ft",low,,-79.940835,40.410629
0056G00037000000,56-G-37,Hazelwood,R1A-H,2147,private,1000,walkup,4,False,,,,high_risk,not_allowed,,,,,,,,,,,,,,"2 DEP record(s) within 1,000 ft",low,,-79.940835,40.410629
0056G00071000000,56-G-71,Hazelwood,R1D-M,3592,private,3800,single_family,1,True,26.2,33.2,40.9,high_risk,by_right,1.0,1.0,1.0,by_right,4.8,6.1,7.3,103850,155297,209534,-528669,-444262,-363025,82% of lot on 25%+ slope,high,,-79.941118,40.4094
0056G00071000000,56-G-71,Hazelwood,R1D-M,3592,private,3800,duplex,2,False,,,,high_risk,not_allowed,,,,,,,,,,,,,,82% of lot on 25%+ slope,high,,-79.941118,40.4094
0056G00071000000,56-G-71,Hazelwood,R1D-M,3592,private,3800,triplex,3,False,,,,high_risk,not_allowed,,,,,,,,,,,,,,82% of lot on 25%+ slope,high,,-79.941118,40.4094
0056G00071000000,56-G-71,Hazelwood,R1D-M,3592,private,3800,townhome,2,False,,,,high_risk,not_allowed,,,,,,,,,,,,,,82% of lot on 25%+ slope,high,,-79.941118,40.4094
0056G00071000000,56-G-71,Hazelwood,R1D-M,3592,private,3800,walkup,4,False,,,,high_risk,not_allowed,,,,,,,,,,,,,,82% of lot on 25%+ slope,high,,-79.941118,40.4094
0056G00074000000,56-G-74,Hazelwood,R1D-M,3654,private,1100,single_family,1,True,26.2,33.2,40.9,high_risk,by_right,1.0,1.0,1.0,by_right,4.8,6.1,7.3,103850,155297,209534,-528669,-444262,-363025,63% of lot on 25%+ slope,high,,-79.940868,40.409469
0056G00074000000,56-G-74,Hazelwood,R1D-M,3654,private,1100,duplex,2,False,,,,high_risk,not_allowed,,,,,,,,,,,,,,63% of lot on 25%+ slope,high,,-79.940868,40.409469
0056G00074000000,56-G-74,Hazelwood,R1D-M,3654,private,1100,triplex,3,False,,,,high_risk,not_allowed,,,,,,,,,,,,,,63% of lot on 25%+ slope,high,,-79.940868,40.409469
0056G00074000000,56-G-74,Hazelwood,R1D-M,3654,private,1100,townhome,2,False,,,,high_risk,not_allowed,,,,,,,,,,,,,,63% of lot on 25%+ slope,high,,-79.940868,40.409469
0056G00074000000,56-G-74,Hazelwood,R1D-M,3654,private,1100,walkup,4,False,,,,high_risk,not_allowed,,,,,,,,,,,,,,63% of lot on 25%+ slope,high,,-79.940868,40.409469
0056G00075000000,56-G-75,Hazelwood,R1D-M,5224,private,3900,single_family,1,True,26.2,33.2,40.9,high_risk,by_right,1.0,1.0,1.0,by_right,4.8,6.1,7.3,103850,155297,209534,-528669,-444262,-363025,58% of lot on 25%+ slope,high,,-79.940782,40.409495
0056G00075000000,56-G-75,Hazelwood,R1D-M,5224,private,3900,duplex,2,False,,,,high_risk,not_allowed,,,,,,,,,,,,,,58% of lot on 25%+ slope,high,,-79.940782,40.409495
0056G00075000000,56-G-75,Hazelwood,R1D-M,5224,private,3900,triplex,3,False,,,,high_risk,not_allowed,,,,,,,,,,,,,,58% of lot on 25%+ slope,high,,-79.940782,40.409495
0056G00075000000,56-G-75,Hazelwood,R1D-M,5224,private,3900,townhome,2,False,,,,high_risk,not_allowed,,,,,,,,,,,,,,58% of lot on 25%+ slope,high,,-79.940782,40.409495
0056G00075000000,56-G-75,Hazelwood,R1D-M,5224,private,3900,walkup,4,False,,,,high_risk,not_allowed,,,,,,,,,,,,,,58% of lot on 25%+ slope,high,,-79.940782,40.409495
0056G00087000000,56-G-87,Hazelwood,R1D-M,2599,private,600,single_family,1,True,35.7,41.4,47.3,high_risk,by_right,1.0,1.0,1.0,by_right,4.9,6.1,7.3,65392,97983,132309,-466766,-392213,-320285,100% of lot landslide-prone,high,,-79.940461,40.409409
0056G00087000000,56-G-87,Hazelwood,R1D-M,2599,private,600,duplex,2,False,,,,high_risk,not_allowed,,,,,,,,,,,,,,100% of lot landslide-prone,high,,-79.940461,40.409409
0056G00087000000,56-G-87,Hazelwood,R1D-M,2599,private,600,triplex,3,False,,,,high_risk,not_allowed,,,,,,,,,,,,,,100% of lot landslide-prone,high,,-79.940461,40.409409
0056G00087000000,56-G-87,Hazelwood,R1D-M,2599,private,600,townhome,2,False,,,,high_risk,not_allowed,,,,,,,,,,,,,,100% of lot landslide-prone,high,,-79.940461,40.409409
0056G00087000000,56-G-87,Hazelwood,R1D-M,2599,private,600,walkup,4,False,,,,high_risk,not_allowed,,,,,,,,,,,,,,100% of lot landslide-prone,high,,-79.940461,40.409409
0056G00090000000,56-G-90,Hazelwood,R1D-M,1916,private,600,single_family,1,True,33.6,39.5,44.9,high_risk,administrator_exception+variance,0.725,0.798,0.858,model+placeholder,7.7,9.4,11.1,32670,60543,88776,-425658,-353144,-284228,47% of lot landslide-prone,medium,,-79.940526,40.409604
0056G00090000000,56-G-90,Hazelwood,R1D-M,1916,private,600,duplex,2,False,,,,high_risk,not_allowed,,,,,,,,,,,,,,47% of lot landslide-prone,medium,,-79.940526,40.409604
0056G00090000000,56-G-90,Hazelwood,R1D-M,1916,private,600,triplex,3,False,,,,high_risk,not_allowed,,,,,,,,,,,,,,47% of lot landslide-prone,medium,,-79.940526,40.409604
0056G00090000000,56-G-90,Hazelwood,R1D-M,1916,private,600,townhome,2,False,,,,high_risk,not_allowed,,,,,,,,,,,,,,47% of lot landslide-prone,medium,,-79.940526,40.409604
0056G00090000000,56-G-90,Hazelwood,R1D-M,1916,private,600,walkup,4,False,,,,high_risk,not_allowed,,,,,,,,,,,,,,47% of lot landslide-prone,medium,,-79.940526,40.409604
0056G00091000000,56-G-91,Hazelwood,R1D-M,1808,city,400,single_family,1,False,,,,high_risk,not_allowed,,,,,,,,,,,,,,37% of lot landslide-prone,medium,,-79.940552,40.409649
0056G00091000000,56-G-91,Hazelwood,R1D-M,1808,city,400,duplex,2,False,,,,high_risk,not_allowed,,,,,,,,,,,,,,37% of lot landslide-prone,medium,,-79.940552,40.409649
0056G00091000000,56-G-91,Hazelwood,R1D-M,1808,city,400,triplex,3,False,,,,high_risk,not_allowed,,,,,,,,,,,,,,37% of lot landslide-prone,medium,,-79.940552,40.409649
0056G00091000000,56-G-91,Hazelwood,R1D-M,1808,city,400,townhome,2,False,,,,high_risk,not_allowed,,,,,,,,,,,,,,37% of lot landslide-prone,medium,,-79.940552,40.409649
0056G00091000000,56-G-91,Hazelwood,R1D-M,1808,city,400,walkup,4,False,,,,high_risk,not_allowed,,,,,,,,,,,,,,37% of lot landslide-prone,medium,,-79.940552,40.409649
0056G00096000A00,56-G-96-A,Hazelwood,R1A-H,638,city,200,single_family,1,False,,,,high_risk,not_allowed,,,,,,,,,,,,,,"$2,147 in tax liens",medium,,-79.940584,40.410007
0056G00096000A00,56-G-96-A,Hazelwood,R1A-H,638,city,200,duplex,2,False,,,,high_risk,not_allowed,,,,,,,,,,,,,,"$2,147 in tax liens",medium,,-79.940584,40.410007
0056G00096000A00,56-G-96-A,Hazelwood,R1A-H,638,city,200,triplex,3,False,,,,high_risk,not_allowed,,,,,,,,,,,,,,"$2,147 in tax liens",medium,,-79.940584,40.410007
0056G00096000A00,56-G-96-A,Hazelwood,R1A-H,638,city,200,townhome,2,False,,,,high_risk,not_allowed,,,,,,,,,,,,,,"$2,147 in tax liens",medium,,-79.940584,40.410007
0056G00096000A00,56-G-96-A,Hazelwood,R1A-H,638,city,200,walkup,4,False,,,,high_risk,not_allowed,,,,,,,,,,,,,,"$2,147 in tax liens",medium,,-79.940584,40.410007
0056G00104000000,56-G-104,Hazelwood,H,6449,private,3800,single_family,1,False,33.5,39.3,45.3,high_risk,administrator_exception,0.838,0.89,0.934,placeholder,4.6,5.5,6.5,66042,98193,131751,-469961,-390587,-319294,43% of lot on 25%+ slope,medium,,-79.940268,40.410533
0056G00104000000,56-G-104,Hazelwood,H,6449,private,3800,duplex,2,False,,,,high_risk,not_allowed,,,,,,,,,,,,,,43% of lot on 25%+ slope,medium,,-79.940268,40.410533
0056G00104000000,56-G-104,Hazelwood,H,6449,private,3800,triplex,3,False,,,,high_risk,not_allowed,,,,,,,,,,,,,,43% of lot on 25%+ slope,medium,,-79.940268,40.410533
0056G00104000000,56-G-104,Hazelwood,H,6449,private,3800,townhome,2,True,39.3,43.2,46.9,high_risk,special_exception+subdivision,0.862,0.913,0.949,model+placeholder,7.9,9.5,11.0,65779,96195,129755,-770882,-639666,-519162,43% of lot on 25%+ slope,medium,,-79.940268,40.410533
0056G00104000000,56-G-104,Hazelwood,H,6449,private,3800,walkup,4,False,,,,high_risk,not_allowed,,,,,,,,,,,,,,43% of lot on 25%+ slope,medium,,-79.940268,40.410533
0056G00107000000,56-G-107,Hazelwood,H,4956,private,4000,single_family,1,False,23.2,30.2,37.8,high_risk,administrator_exception,0.838,0.89,0.934,placeholder,5.0,6.1,7.3,106252,155916,208678,-525782,-442652,-365252,63% of lot on 25%+ slope,high,,-79.940223,40.410384
0056G00107000000,56-G-107,Hazelwood,H,4956,private,4000,duplex,2,False,,,,high_risk,not_allowed,,,,,,,,,,,,,,63% of lot on 25%+ slope,high,,-79.940223,40.410384
0056G00107000000,56-G-107,Hazelwood,H,4956,private,4000,triplex,3,False,,,,high_risk,not_allowed,,,,,,,,,,,,,,63% of lot on 25%+ slope,high,,-79.940223,40.410384
0056G00107000000,56-G-107,Hazelwood,H,4956,private,4000,townhome,2,True,31.4,36.5,41.5,high_risk,special_exception+variance+subdivision,0.831,0.889,0.935,model+placeholder,8.8,10.3,12.0,104573,153306,204573,-817251,-685211,-558164,63% of lot on 25%+ slope,high,,-79.940223,40.410384
0056G00107000000,56-G-107,Hazelwood,H,4956,private,4000,walkup,4,False,,,,high_risk,not_allowed,,,,,,,,,,,,,,63% of lot on 25%+ slope,high,,-79.940223,40.410384
0056G00119000000,56-G-119,Hazelwood,R1D-M,2620,private,600,single_family,1,True,36.8,42.6,48.1,high_risk,by_right,1.0,1.0,1.0,by_right,4.4,5.4,6.5,65177,97793,131676,-474965,-395496,-319487,100% of lot landslide-prone,high,,-79.939933,40.40961
0056G00119000000,56-G-119,Hazelwood,R1D-M,2620,private,600,duplex,2,False,,,,high_risk,not_allowed,,,,,,,,,,,,,,100% of lot landslide-prone,high,,-79.939933,40.40961
0056G00119000000,56-G-119,Hazelwood,R1D-M,2620,private,600,triplex,3,False,,,,high_risk,not_allowed,,,,,,,,,,,,,,100% of lot landslide-prone,high,,-79.939933,40.40961
0056G00119000000,56-G-119,Hazelwood,R1D-M,2620,private,600,townhome,2,False,,,,high_risk,not_allowed,,,,,,,,,,,,,,100% of lot landslide-prone,high,,-79.939933,40.40961
0056G00119000000,56-G-119,Hazelwood,R1D-M,2620,private,600,walkup,4,False,,,,high_risk,not_allowed,,,,,,,,,,,,,,100% of lot landslide-prone,high,,-79.939933,40.40961
0056G00120000000,56-G-120,Hazelwood,R1D-M,2387,private,600,single_family,1,True,23.0,30.0,37.4,high_risk,administrator_exception,0.838,0.89,0.934,placeholder,5.4,6.4,7.6,104605,155347,206330,-528289,-443500,-362047,62% of lot on 25%+ slope,high,,-79.939911,40.409546
0056G00120000000,56-G-120,Hazelwood,R1D-M,2387,private,600,duplex,2,False,,,,high_risk,not_allowed,,,,,,,,,,,,,,62% of lot on 25%+ slope,high,,-79.939911,40.409546
0056G00120000000,56-G-120,Hazelwood,R1D-M,2387,private,600,triplex,3,False,,,,high_risk,not_allowed,,,,,,,,,,,,,,62% of lot on 25%+ slope,high,,-79.939911,40.409546
0056G00120000000,56-G-120,Hazelwood,R1D-M,2387,private,600,townhome,2,False,,,,high_risk,not_allowed,,,,,,,,,,,,,,62% of lot on 25%+ slope,high,,-79.939911,40.409546
0056G00120000000,56-G-120,Hazelwood,R1D-M,2387,private,600,walkup,4,False,,,,high_risk,not_allowed,,,,,,,,,,,,,,62% of lot on 25%+ slope,high,,-79.939911,40.409546
0056G00126000000,56-G-126,Hazelwood,R1D-M,3881,private,1500,single_family,1,True,26.2,33.2,40.9,high_risk,by_right,1.0,1.0,1.0,by_right,4.8,6.1,7.3,103850,155297,209534,-532279,-448824,-368129,55% of lot on 25%+ slope,high,,-79.939804,40.409176
0056G00126000000,56-G-126,Hazelwood,R1D-M,3881,private,1500,duplex,2,False,,,,high_risk,not_allowed,,,,,,,,,,,,,,55% of lot on 25%+ slope,high,,-79.939804,40.409176
0056G00126000000,56-G-126,Hazelwood,R1D-M,3881,private,1500,triplex,3,False,,,,high_risk,not_allowed,,,,,,,,,,,,,,55% of lot on 25%+ slope,high,,-79.939804,40.409176
0056G00126000000,56-G-126,Hazelwood,R1D-M,3881,private,1500,townhome,2,False,,,,high_risk,not_allowed,,,,,,,,,,,,,,55% of lot on 25%+ slope,high,,-79.939804,40.409176
0056G00126000000,56-G-126,Hazelwood,R1D-M,3881,private,1500,walkup,4,False,,,,high_risk,not_allowed,,,,,,,,,,,,,,55% of lot on 25%+ slope,high,,-79.939804,40.409176
0056G00128000000,56-G-128,Hazelwood,R1D-M,3718,private,3500,single_family,1,True,36.8,42.6,48.1,high_risk,by_right,1.0,1.0,1.0,by_right,4.4,5.4,6.5,65177,97793,131676,-478484,-399757,-326008,100% of lot landslide-prone,high,,-79.939799,40.40909
0056G00128000000,56-G-128,Hazelwood,R1D-M,3718,private,3500,duplex,2,False,,,,high_risk,not_allowed,,,,,,,,,,,,,,100% of lot landslide-prone,high,,-79.939799,40.40909
0056G00128000000,56-G-128,Hazelwood,R1D-M,3718,private,3500,triplex,3,False,,,,high_risk,not_allowed,,,,,,,,,,,,,,100% of lot landslide-prone,high,,-79.939799,40.40909
0056G00128000000,56-G-128,Hazelwood,R1D-M,3718,private,3500,townhome,2,False,,,,high_risk,not_allowed,,,,,,,,,,,,,,100% of lot landslide-prone,high,,-79.939799,40.40909
0056G00128000000,56-G-128,Hazelwood,R1D-M,3718,private,3500,walkup,4,False,,,,high_risk,not_allowed,,,,,,,,,,,,,,100% of lot landslide-prone,high,,-79.939799,40.40909
0056G00137000000,56-G-137,Hazelwood,R1D-M,4143,private,3800,single_family,1,False,,,,high_risk,not_allowed,,,,,,,,,,,,,,67% of lot on 25%+ slope,high,,-79.939431,40.409335
0056G00137000000,56-G-137,Hazelwood,R1D-M,4143,private,3800,duplex,2,False,,,,high_risk,not_allowed,,,,,,,,,,,,,,67% of lot on 25%+ slope,high,,-79.939431,40.409335
0056G00137000000,56-G-137,Hazelwood,R1D-M,4143,private,3800,triplex,3,False,,,,high_risk,not_allowed,,,,,,,,,,,,,,67% of lot on 25%+ slope,high,,-79.939431,40.409335
0056G00137000000,56-G-137,Hazelwood,R1D-M,4143,private,3800,townhome,2,False,,,,high_risk,not_allowed,,,,,,,,,,,,,,67% of lot on 25%+ slope,high,,-79.939431,40.409335
0056G00137000000,56-G-137,Hazelwood,R1D-M,4143,private,3800,walkup,4,False,,,,high_risk,not_allowed,,,,,,,,,,,,,,67% of lot on 25%+ slope,high,,-79.939431,40.409335
0056G00147000000,56-G-147,Hazelwood,R1D-M,3772,private,3400,single_family,1,False,,,,high_risk,not_allowed,,,,,,,,,,,,,,60% of lot on 25%+ slope,high,,-79.939202,40.409355
0056G00147000000,56-G-147,Hazelwood,R1D-M,3772,private,3400,duplex,2,False,,,,high_risk,not_allowed,,,,,,,,,,,,,,60% of lot on 25%+ slope,high,,-79.939202,40.409355
0056G00147000000,56-G-147,Hazelwood,R1D-M,3772,private,3400,triplex,3,False,,,,high_risk,not_allowed,,,,,,,,,,,,,,60% of lot on 25%+ slope,high,,-79.939202,40.409355
0056G00147000000,56-G-147,Hazelwood,R1D-M,3772,private,3400,townhome,2,False,,,,high_risk,not_allowed,,,,,,,,,,,,,,60% of lot on 25%+ slope,high,,-79.939202,40.409355
0056G00147000000,56-G-147,Hazelwood,R1D-M,3772,private,3400,walkup,4,False,,,,high_risk,not_allowed,,,,,,,,,,,,,,60% of lot on 25%+ slope,high,,-79.939202,40.409355
0056G00242000000,56-G-242,Hazelwood,H,3244,city,3300,single_family,1,True,32.9,38.8,44.7,high_risk,administrator_exception,0.838,0.89,0.934,placeholder,5.0,6.1,7.3,65005,96977,130271,-466984,-389710,-317580,100% of lot landslide-prone,high,,-79.938515,40.409846
0056G00242000000,56-G-242,Hazelwood,H,3244,city,3300,duplex,2,False,,,,high_risk,not_allowed,,,,,,,,,,,,,,100% of lot landslide-prone,high,,-79.938515,40.409846
0056G00242000000,56-G-242,Hazelwood,H,3244,city,3300,triplex,3,False,,,,high_risk,not_allowed,,,,,,,,,,,,,,100% of lot landslide-prone,high,,-79.938515,40.409846
0056G00242000000,56-G-242,Hazelwood,H,3244,city,3300,townhome,2,False,,,,high_risk,not_allowed,,,,,,,,,,,,,,100% of lot landslide-prone,high,,-79.938515,40.409846
0056G00242000000,56-G-242,Hazelwood,H,3244,city,3300,walkup,4,False,,,,high_risk,not_allowed,,,,,,,,,,,,,,100% of lot landslide-prone,high,,-79.938515,40.409846
0056G00245000000,56-G-245,Hazelwood,H,7189,private,4200,single_family,1,False,33.7,39.8,45.7,high_risk,administrator_exception,0.838,0.89,0.934,placeholder,4.6,5.5,6.6,63053,95199,129146,-465590,-389139,-317360,100% of lot landslide-prone,high,,-79.938567,40.409987
0056G00245000000,56-G-245,Hazelwood,H,7189,private,4200,duplex,2,False,,,,high_risk,not_allowed,,,,,,,,,,,,,,100% of lot landslide-prone,high,,-79.938567,40.409987
0056G00245000000,56-G-245,Hazelwood,H,7189,private,4200,triplex,3,False,,,,high_risk,not_allowed,,,,,,,,,,,,,,100% of lot landslide-prone,high,,-79.938567,40.409987
0056G00245000000,56-G-245,Hazelwood,H,7189,private,4200,townhome,2,True,39.5,43.5,47.3,high_risk,special_exception+subdivision,0.862,0.913,0.949,model+placeholder,8.0,9.5,11.0,62020,93529,127439,-768953,-637580,-511607,100% of lot landslide-prone,high,,-79.938567,40.409987
0056G00245000000,56-G-245,Hazelwood,H,7189,private,4200,walkup,4,False,,,,high_risk,not_allowed,,,,,,,,,,,,,,100% of lot landslide-prone,high,,-79.938567,40.409987
0056G00247000000,56-G-247,Hazelwood,H,2246,private,1000,single_family,1,True,31.4,37.2,43.2,high_risk,administrator_exception,0.732,0.792,0.848,placeholder,4.7,5.6,6.6,62463,94616,128042,-470004,-390593,-316769,100% of lot landslide-prone,high,,-79.938641,40.410181
0056G00247000000,56-G-247,Hazelwood,H,2246,private,1000,duplex,2,False,,,,high_risk,not_allowed,,,,,,,,,,,,,,100% of lot landslide-prone,high,,-79.938641,40.410181
0056G00247000000,56-G-247,Hazelwood,H,2246,private,1000,triplex,3,False,,,,high_risk,not_allowed,,,,,,,,,,,,,,100% of lot landslide-prone,high,,-79.938641,40.410181
0056G00247000000,56-G-247,Hazelwood,H,2246,private,1000,townhome,2,False,,,,high_risk,not_allowed,,,,,,,,,,,,,,100% of lot landslide-prone,high,,-79.938641,40.410181
0056G00247000000,56-G-247,Hazelwood,H,2246,private,1000,walkup,4,False,,,,high_risk,not_allowed,,,,,,,,,,,,,,100% of lot landslide-prone,high,,-79.938641,40.410181
0056G00249000000,56-G-249,Hazelwood,H,4773,private,3900,single_family,1,True,23.5,30.7,38.5,high_risk,administrator_exception,0.838,0.89,0.934,placeholder,5.0,6.1,7.3,102192,152669,204078,-524738,-439526,-359633,63% of lot on 25%+ slope,high,,-79.938677,40.410275
0056G00249000000,56-G-249,Hazelwood,H,4773,private,3900,duplex,2,False,,,,high_risk,not_allowed,,,,,,,,,,,,,,63% of lot on 25%+ slope,high,,-79.938677,40.410275
0056G00249000000,56-G-249,Hazelwood,H,4773,private,3900,triplex,3,False,,,,high_risk,not_allowed,,,,,,,,,,,,,,63% of lot on 25%+ slope,high,,-79.938677,40.410275
0056G00249000000,56-G-249,Hazelwood,H,4773,private,3900,townhome,2,False,,,,high_risk,not_allowed,,,,,,,,,,,,,,63% of lot on 25%+ slope,high,,-79.938677,40.410275
0056G00249000000,56-G-249,Hazelwood,H,4773,private,3900,walkup,4,False,,,,high_risk,not_allowed,,,,,,,,,,,,,,63% of lot on 25%+ slope,high,,-79.938677,40.410275
0056G00258000000,56-G-258,Hazelwood,H,25419,city,4900,single_family,1,False,20.4,23.0,29.8,high_risk,administrator_exception,0.838,0.89,0.934,placeholder,5.6,6.6,7.8,155351,216760,271385,-579434,-494544,-411114,91% of lot on 25%+ slope,high,,-79.937339,40.409053
0056G00258000000,56-G-258,Hazelwood,H,25419,city,4900,duplex,2,False,,,,high_risk,not_allowed,,,,,,,,,,,,,,91% of lot on 25%+ slope,high,,-79.937339,40.409053
0056G00258000000,56-G-258,Hazelwood,H,25419,city,4900,triplex,3,False,,,,high_risk,not_allowed,,,,,,,,,,,,,,91% of lot on 25%+ slope,high,,-79.937339,40.409053
0056G00258000000,56-G-258,Hazelwood,H,25419,city,4900,townhome,7,True,44.1,46.8,49.4,high_risk,special_exception+subdivision,0.862,0.913,0.949,model+placeholder,8.0,9.5,11.1,156430,215653,273121,-2597071,-2132777,-1695596,91% of lot on 25%+ slope,high,,-79.937339,40.409053
0056G00258000000,56-G-258,Hazelwood,H,25419,city,4900,walkup,4,False,,,,high_risk,not_allowed,,,,,,,,,,,,,,91% of lot on 25%+ slope,high,,-79.937339,40.409053
0056G00272000000,56-G-272,Hazelwood,H,21781,private,4100,single_family,1,False,20.6,23.3,30.4,high_risk,administrator_exception,0.838,0.89,0.934,placeholder,5.4,6.5,7.5,157939,216658,273884,-580640,-492371,-407930,85% of lot on 25%+ slope,high,,-79.937495,40.409751
0056G00272000000,56-G-272,Hazelwood,H,21781,private,4100,duplex,2,False,,,,high_risk,not_allowed,,,,,,,,,,,,,,85% of lot on 25%+ slope,high,,-79.937495,40.409751
0056G00272000000,56-G-272,Hazelwood,H,21781,private,4100,triplex,3,False,,,,high_risk,not_allowed,,,,,,,,,,,,,,85% of lot on 25%+ slope,high,,-79.937495,40.409751
0056G00272000000,56-G-272,Hazelwood,H,21781,private,4100,townhome,8,True,43.8,46.3,48.7,high_risk,special_exception+variance+subdivision,0.831,0.889,0.935,model+placeholder,8.8,10.3,12.0,156407,215630,273098,-2894194,-2368544,-1878539,85% of lot on 25%+ slope,high,,-79.937495,40.409751
0056G00272000000,56-G-272,Hazelwood,H,21781,private,4100,walkup,4,False,,,,high_risk,not_allowed,,,,,,,,,,,,,,85% of lot on 25%+ slope,high,,-79.937495,40.409751
0056G00307000000,56-G-307,Hazelwood,H,4576,private,3700,single_family,1,True,23.5,30.7,38.5,high_risk,administrator_exception,0.838,0.89,0.934,placeholder,5.0,6.1,7.3,102192,152669,204078,-500233,-406814,-318974,61% of lot on 25%+ slope,high,,-79.937251,40.411242
0056G00307000000,56-G-307,Hazelwood,H,4576,private,3700,duplex,2,False,,,,high_risk,not_allowed,,,,,,,,,,,,,,61% of lot on 25%+ slope,high,,-79.937251,40.411242
0056G00307000000,56-G-307,Hazelwood,H,4576,private,3700,triplex,3,False,,,,high_risk,not_allowed,,,,,,,,,,,,,,61% of lot on 25%+ slope,high,,-79.937251,40.411242
0056G00307000000,56-G-307,Hazelwood,H,4576,private,3700,townhome,2,False,,,,high_risk,not_allowed,,,,,,,,,,,,,,61% of lot on 25%+ slope,high,,-79.937251,40.411242
0056G00307000000,56-G-307,Hazelwood,H,4576,private,3700,walkup,4,False,,,,high_risk,not_allowed,,,,,,,,,,,,,,61% of lot on 25%+ slope,high,,-79.937251,40.411242
0056G00309000000,56-G-309,Hazelwood,H,2232,private,1000,single_family,1,True,21.1,28.3,35.9,high_risk,administrator_exception,0.732,0.792,0.848,placeholder,5.1,6.1,7.3,101767,153354,204674,-499778,-407694,-318248,77% of lot on 25%+ slope,high,,-79.937128,40.411266
0056G00309000000,56-G-309,Hazelwood,H,2232,private,1000,duplex,2,False,,,,high_risk,not_allowed,,,,,,,,,,,,,,77% of lot on 25%+ slope,high,,-79.937128,40.411266
0056G00309000000,56-G-309,Hazelwood,H,2232,private,1000,triplex,3,False,,,,high_risk,not_allowed,,,,,,,,,,,,,,77% of lot on 25%+ slope,high,,-79.937128,40.411266
0056G00309000000,56-G-309,Hazelwood,H,2232,private,1000,townhome,2,False,,,,high_risk,not_allowed,,,,,,,,,,,,,,77% of lot on 25%+ slope,high,,-79.937128,40.411266
0056G00309000000,56-G-309,Hazelwood,H,2232,private,1000,walkup,4,False,,,,high_risk,not_allowed,,,,,,,,,,,,,,77% of lot on 25%+ slope,high,,-79.937128,40.411266
0056G00310000000,56-G-310,Hazelwood,H,7027,city,4200,single_family,1,False,22.5,29.2,36.7,high_risk,administrator_exception,0.838,0.89,0.934,placeholder,5.3,6.4,7.6,110435,159785,211961,-501882,-412133,-326993,54% of lot on 25%+ slope,high,,-79.936964,40.411299
0056G00310000000,56-G-310,Hazelwood,H,7027,city,4200,duplex,2,False,,,,high_risk,not_allowed,,,,,,,,,,,,,,54% of lot on 25%+ slope,high,,-79.936964,40.411299
0056G00310000000,56-G-310,Hazelwood,H,7027,city,4200,triplex,3,False,,,,high_risk,not_allowed,,,,,,,,,,,,,,54% of lot on 25%+ slope,high,,-79.936964,40.411299
0056G00310000000,56-G-310,Hazelwood,H,7027,city,4200,townhome,2,True,32.3,37.5,42.5,high_risk,special_exception+subdivision,0.862,0.913,0.949,model+placeholder,7.9,9.5,11.0,108320,158220,209818,-783504,-633840,-491460,54% of lot on 25%+ slope,high,,-79.936964,40.411299
0056G00310000000,56-G-310,Hazelwood,H,7027,city,4200,walkup,4,False,,,,high_risk,not_allowed,,,,,,,,,,,,,,54% of lot on 25%+ slope,high,,-79.936964,40.411299
0056H00115000000,56-H-115,Hazelwood,H,8595,city,4400,single_family,1,False,33.1,38.9,44.8,high_risk,administrator_exception,0.838,0.89,0.934,placeholder,5.0,6.1,7.3,64122,96094,129388,-465478,-388164,-316329,100% of lot landslide-prone,high,,-79.934882,40.411363
0056H00115000000,56-H-115,Hazelwood,H,8595,city,4400,duplex,2,False,,,,high_risk,not_allowed,,,,,,,,,,,,,,100% of lot landslide-prone,high,,-79.934882,40.411363
0056H00115000000,56-H-115,Hazelwood,H,8595,city,4400,triplex,3,False,,,,high_risk,not_allowed,,,,,,,,,,,,,,100% of lot landslide-prone,high,,-79.934882,40.411363
0056H00115000000,56-H-115,Hazelwood,H,8595,city,4400,townhome,3,True,42.2,45.3,48.4,high_risk,special_exception+variance+subdivision,0.831,0.889,0.935,model+placeholder,8.8,10.3,12.0,62944,95087,127888,-1104892,-906155,-728543,100% of lot landslide-prone,high,,-79.934882,40.411363
0056H00115000000,56-H-115,Hazelwood,H,8595,city,4400,walkup,4,False,,,,high_risk,not_allowed,,,,,,,,,,,,,,100% of lot landslide-prone,high,,-79.934882,40.411363
0056H00120000000,56-H-120,Hazelwood,H,3741,private,1300,single_family,1,True,22.2,28.2,35.9,high_risk,administrator_exception,0.838,0.89,0.934,placeholder,5.1,6.2,7.3,120182,169718,222665,-533399,-450875,-372910,77% of lot on 25%+ slope,high,,-79.934192,40.411368
0056H00120000000,56-H-120,Hazelwood,H,3741,private,1300,duplex,2,False,,,,high_risk,not_allowed,,,,,,,,,,,,,,77% of lot on 25%+ slope,high,,-79.934192,40.411368
0056H00120000000,56-H-120,Hazelwood,H,3741,private,1300,triplex,3,False,,,,high_risk,not_allowed,,,,,,,,,,,,,,77% of lot on 25%+ slope,high,,-79.934192,40.411368
0056H00120000000,56-H-120,Hazelwood,H,3741,private,1300,townhome,2,False,,,,high_risk,not_allowed,,,,,,,,,,,,,,77% of lot on 25%+ slope,high,,-79.934192,40.411368
0056H00120000000,56-H-120,Hazelwood,H,3741,private,1300,walkup,4,False,,,,high_risk,not_allowed,,,,,,,,,,,,,,77% of lot on 25%+ slope,high,,-79.934192,40.411368
0056H00122000000,56-H-122,Hazelwood,H,5284,private,4000,single_family,1,False,22.2,28.2,35.9,high_risk,administrator_exception,0.838,0.89,0.934,placeholder,5.1,6.2,7.3,120182,169718,222665,-533399,-450875,-372910,63% of lot on 25%+ slope,high,,-79.934251,40.4112
0056H00122000000,56-H-122,Hazelwood,H,5284,private,4000,duplex,2,False,,,,high_risk,not_allowed,,,,,,,,,,,,,,63% of lot on 25%+ slope,high,,-79.934251,40.4112
0056H00122000000,56-H-122,Hazelwood,H,5284,private,4000,triplex,3,False,,,,high_risk,not_allowed,,,,,,,,,,,,,,63% of lot on 25%+ slope,high,,-79.934251,40.4112
0056H00122000000,56-H-122,Hazelwood,H,5284,private,4000,townhome,2,True,28.3,33.3,38.3,high_risk,special_exception+variance+subdivision,0.82,0.887,0.934,model+placeholder,8.8,10.3,12.0,139080,187815,242028,-842876,-707523,-579555,63% of lot on 25%+ slope,high,,-79.934251,40.4112
0056H00122000000,56-H-122,Hazelwood,H,5284,private,4000,walkup,4,False,,,,high_risk,not_allowed,,,,,,,,,,,,,,63% of lot on 25%+ slope,high,,-79.934251,40.4112
0056H00126000000,56-H-126,Hazelwood,H,4207,private,1600,single_family,1,True,22.0,28.0,35.2,high_risk,administrator_exception,0.838,0.89,0.934,placeholder,5.5,6.5,7.6,118416,170059,221284,-538170,-453030,-371864,77% of lot on 25%+ slope,high,,-79.934019,40.411114
0056H00126000000,56-H-126,Hazelwood,H,4207,private,1600,duplex,2,False,,,,high_risk,not_allowed,,,,,,,,,,,,,,77% of lot on 25%+ slope,high,,-79.934019,40.411114
0056H00126000000,56-H-126,Hazelwood,H,4207,private,1600,triplex,3,False,,,,high_risk,not_allowed,,,,,,,,,,,,,,77% of lot on 25%+ slope,high,,-79.934019,40.411114
0056H00126000000,56-H-126,Hazelwood,H,4207,private,1600,townhome,2,False,,,,high_risk,not_allowed,,,,,,,,,,,,,,77% of lot on 25%+ slope,high,,-79.934019,40.411114
0056H00126000000,56-H-126,Hazelwood,H,4207,private,1600,walkup,4,False,,,,high_risk,not_allowed,,,,,,,,,,,,,,77% of lot on 25%+ slope,high,,-79.934019,40.411114
0056H00127000000,56-H-127,Hazelwood,H,5177,private,2000,single_family,1,False,22.0,28.0,35.2,high_risk,administrator_exception,0.838,0.89,0.934,placeholder,5.5,6.5,7.6,118364,170008,221233,-537577,-451852,-370679,50% of lot on 25%+ slope,high,,-79.934101,40.410971
0056H00127000000,56-H-127,Hazelwood,H,5177,private,2000,duplex,2,False,,,,high_risk,not_allowed,,,,,,,,,,,,,,50% of lot on 25%+ slope,high,,-79.934101,40.410971
0056H00127000000,56-H-127,Hazelwood,H,5177,private,2000,triplex,3,False,,,,high_risk,not_allowed,,,,,,,,,,,,,,50% of lot on 25%+ slope,high,,-79.934101,40.410971
0056H00127000000,56-H-127,Hazelwood,H,5177,private,2000,townhome,2,True,28.0,33.1,38.4,high_risk,special_exception+variance+subdivision,0.82,0.887,0.934,model+placeholder,8.8,10.3,12.0,135296,190213,243204,-844234,-707287,-581344,50% of lot on 25%+ slope,high,,-79.934101,40.410971
0056H00127000000,56-H-127,Hazelwood,H,5177,private,2000,walkup,4,False,,,,high_risk,not_allowed,,,,,,,,,,,,,,50% of lot on 25%+ slope,high,,-79.934101,40.410971
0056H00136000000,56-H-136,Hazelwood,H,3029,private,3400,single_family,1,True,25.1,32.3,39.4,high_risk,administrator_exception,0.732,0.792,0.848,placeholder,5.1,6.1,7.3,80445,126305,169287,-476911,-398238,-324584,94% of lot on 25%+ slope,high,,-79.934003,40.411279
0056H00136000000,56-H-136,Hazelwood,H,3029,private,3400,duplex,2,False,,,,high_risk,not_allowed,,,,,,,,,,,,,,94% of lot on 25%+ slope,high,,-79.934003,40.411279
0056H00136000000,56-H-136,Hazelwood,H,3029,private,3400,triplex,3,False,,,,high_risk,not_allowed,,,,,,,,,,,,,,94% of lot on 25%+ slope,high,,-79.934003,40.411279
0056H00136000000,56-H-136,Hazelwood,H,3029,private,3400,townhome,2,False,,,,high_risk,not_allowed,,,,,,,,,,,,,,94% of lot on 25%+ slope,high,,-79.934003,40.411279
0056H00136000000,56-H-136,Hazelwood,H,3029,private,3400,walkup,4,False,,,,high_risk,not_allowed,,,,,,,,,,,,,,94% of lot on 25%+ slope,high,,-79.934003,40.411279
0056J00059000000,56-J-59,Hazelwood,R1A-VH,788,private,300,single_family,1,True,49.5,52.1,54.5,feasible_with_conditions,variance,0.827,0.9,0.944,model,6.3,7.6,9.3,9028,15221,21222,-422099,-353119,-293662,$115 in tax liens,medium,,-79.946039,40.407441
0056J00059000000,56-J-59,Hazelwood,R1A-VH,788,private,300,duplex,2,False,,,,high_risk,not_allowed,,,,,,,,,,,,,,$115 in tax liens,medium,,-79.946039,40.407441
0056J00059000000,56-J-59,Hazelwood,R1A-VH,788,private,300,triplex,3,False,,,,high_risk,not_allowed,,,,,,,,,,,,,,$115 in tax liens,medium,,-79.946039,40.407441
0056J00059000000,56-J-59,Hazelwood,R1A-VH,788,private,300,townhome,2,False,,,,high_risk,not_allowed,,,,,,,,,,,,,,$115 in tax liens,medium,,-79.946039,40.407441
0056J00059000000,56-J-59,Hazelwood,R1A-VH,788,private,300,walkup,4,False,,,,high_risk,not_allowed,,,,,,,,,,,,,,$115 in tax liens,medium,,-79.946039,40.407441
0056J00060000000,56-J-60,Hazelwood,R1A-VH,1047,private,100,single_family,1,False,,,,high_risk,not_allowed,,,,,,,,,,,,,,"2 DEP record(s) within 1,000 ft",low,,-79.945975,40.407475
0056J00060000000,56-J-60,Hazelwood,R1A-VH,1047,private,100,duplex,2,False,,,,high_risk,not_allowed,,,,,,,,,,,,,,"2 DEP record(s) within 1,000 ft",low,,-79.945975,40.407475
0056J00060000000,56-J-60,Hazelwood,R1A-VH,1047,private,100,triplex,3,False,,,,high_risk,not_allowed,,,,,,,,,,,,,,"2 DEP record(s) within 1,000 ft",low,,-79.945975,40.407475
0056J00060000000,56-J-60,Hazelwood,R1A-VH,1047,private,100,townhome,2,False,,,,high_risk,not_allowed,,,,,,,,,,,,,,"2 DEP record(s) within 1,000 ft",low,,-79.945975,40.407475
0056J00060000000,56-J-60,Hazelwood,R1A-VH,1047,private,100,walkup,4,False,,,,high_risk,not_allowed,,,,,,,,,,,,,,"2 DEP record(s) within 1,000 ft",low,,-79.945975,40.407475
0056J00061000000,56-J-61,Hazelwood,R1A-VH,2411,private,900,single_family,1,True,57.8,59.8,61.6,feasible_with_conditions,by_right,1.0,1.0,1.0,by_right,3.1,4.0,5.0,9001,15071,21327,-428710,-361442,-303309,"2 DEP record(s) within 1,000 ft",low,,-79.945968,40.407517
0056J00061000000,56-J-61,Hazelwood,R1A-VH,2411,private,900,duplex,2,False,,,,high_risk,not_allowed,,,,,,,,,,,,,,"2 DEP record(s) within 1,000 ft",low,,-79.945968,40.407517
0056J00061000000,56-J-61,Hazelwood,R1A-VH,2411,private,900,triplex,3,False,,,,high_risk,not_allowed,,,,,,,,,,,,,,"2 DEP record(s) within 1,000 ft",low,,-79.945968,40.407517
0056J00061000000,56-J-61,Hazelwood,R1A-VH,2411,private,900,townhome,2,False,,,,high_risk,not_allowed,,,,,,,,,,,,,,"2 DEP record(s) within 1,000 ft",low,,-79.945968,40.407517
0056J00061000000,56-J-61,Hazelwood,R1A-VH,2411,private,900,walkup,4,False,,,,high_risk,not_allowed,,,,,,,,,,,,,,"2 DEP record(s) within 1,000 ft",low,,-79.945968,40.407517
0056J00063000A00,56-J-63-A,Hazelwood,R1A-VH,1157,city,400,single_family,1,True,49.3,51.9,54.4,feasible_with_conditions,variance,0.827,0.9,0.944,model,6.3,7.6,9.3,9811,16003,22005,-422769,-353800,-294338,$898 in tax liens,medium,,-79.946144,40.407603
0056J00063000A00,56-J-63-A,Hazelwood,R1A-VH,1157,city,400,duplex,2,False,,,,high_risk,not_allowed,,,,,,,,,,,,,,$898 in tax liens,medium,,-79.946144,40.407603
0056J00063000A00,56-J-63-A,Hazelwood,R1A-VH,1157,city,400,triplex,3,False,,,,high_risk,not_allowed,,,,,,,,,,,,,,$898 in tax liens,medium,,-79.946144,40.407603
0056J00063000A00,56-J-63-A,Hazelwood,R1A-VH,1157,city,400,townhome,2,False,,,,high_risk,not_allowed,,,,,,,,,,,,,,$898 in tax liens,medium,,-79.946144,40.407603
0056J00063000A00,56-J-63-A,Hazelwood,R1A-VH,1157,city,400,walkup,4,False,,,,high_risk,not_allowed,,,,,,,,,,,,,,$898 in tax liens,medium,,-79.946144,40.407603
0056J00086000000,56-J-86,Hazelwood,R1A-VH,921,city,300,single_family,1,False,,,,high_risk,not_allowed,,,,,,,,,,,,,,$541 in tax liens,medium,,-79.946181,40.407147
0056J00086000000,56-J-86,Hazelwood,R1A-VH,921,city,300,duplex,2,False,,,,high_risk,not_allowed,,,,,,,,,,,,,,$541 in tax liens,medium,,-79.946181,40.407147
0056J00086000000,56-J-86,Hazelwood,R1A-VH,921,city,300,triplex,3,False,,,,high_risk,not_allowed,,,,,,,,,,,,,,$541 in tax liens,medium,,-79.946181,40.407147
0056J00086000000,56-J-86,Hazelwood,R1A-VH,921,city,300,townhome,2,False,,,,high_risk,not_allowed,,,,,,,,,,,,,,$541 in tax liens,medium,,-79.946181,40.407147
0056J00086000000,56-J-86,Hazelwood,R1A-VH,921,city,300,walkup,4,False,,,,high_risk,not_allowed,,,,,,,,,,,,,,$541 in tax liens,medium,,-79.946181,40.407147
0056J00092000000,56-J-92,Hazelwood,R1A-VH,1108,private,300,single_family,1,False,,,,high_risk,not_allowed,,,,,,,,,,,,,,$93 in tax liens,medium,,-79.946346,40.407382
0056J00092000000,56-J-92,Hazelwood,R1A-VH,1108,private,300,duplex,2,False,,,,high_risk,not_allowed,,,,,,,,,,,,,,$93 in tax liens,medium,,-79.946346,40.407382
0056J00092000000,56-J-92,Hazelwood,R1A-VH,1108,private,300,triplex,3,False,,,,high_risk,not_allowed,,,,,,,,,,,,,,$93 in tax liens,medium,,-79.946346,40.407382
0056J00092000000,56-J-92,Hazelwood,R1A-VH,1108,private,300,townhome,2,False,,,,high_risk,not_allowed,,,,,,,,,,,,,,$93 in tax liens,medium,,-79.946346,40.407382
0056J00092000000,56-J-92,Hazelwood,R1A-VH,1108,private,300,walkup,4,False,,,,high_risk,not_allowed,,,,,,,,,,,,,,$93 in tax liens,medium,,-79.946346,40.407382
0056J00093000000,56-J-93,Hazelwood,R1A-VH,874,private,300,single_family,1,False,,,,high_risk,not_allowed,,,,,,,,,,,,,,"1 DEP record(s) within 1,000 ft",low,,-79.946374,40.407444
0056J00093000000,56-J-93,Hazelwood,R1A-VH,874,private,300,duplex,2,False,,,,high_risk,not_allowed,,,,,,,,,,,,,,"1 DEP record(s) within 1,000 ft",low,,-79.946374,40.407444
0056J00093000000,56-J-93,Hazelwood,R1A-VH,874,private,300,triplex,3,False,,,,high_risk,not_allowed,,,,,,,,,,,,,,"1 DEP record(s) within 1,000 ft",low,,-79.946374,40.407444
0056J00093000000,56-J-93,Hazelwood,R1A-VH,874,private,300,townhome,2,False,,,,high_risk,not_allowed,,,,,,,,,,,,,,"1 DEP record(s) within 1,000 ft",low,,-79.946374,40.407444
0056J00093000000,56-J-93,Hazelwood,R1A-VH,874,private,300,walkup,4,False,,,,high_risk,not_allowed,,,,,,,,,,,,,,"1 DEP record(s) within 1,000 ft",low,,-79.946374,40.407444
0056J00094000000,56-J-94,Hazelwood,R1A-VH,757,private,300,single_family,1,False,,,,high_risk,not_allowed,,,,,,,,,,,,,,"1 DEP record(s) within 1,000 ft",low,,-79.946396,40.407481
0056J00094000000,56-J-94,Hazelwood,R1A-VH,757,private,300,duplex,2,False,,,,high_risk,not_allowed,,,,,,,,,,,,,,"1 DEP record(s) within 1,000 ft",low,,-79.946396,40.407481
0056J00094000000,56-J-94,Hazelwood,R1A-VH,757,private,300,triplex,3,False,,,,high_risk,not_allowed,,,,,,,,,,,,,,"1 DEP record(s) within 1,000 ft",low,,-79.946396,40.407481
0056J00094000000,56-J-94,Hazelwood,R1A-VH,757,private,300,townhome,2,False,,,,high_risk,not_allowed,,,,,,,,,,,,,,"1 DEP record(s) within 1,000 ft",low,,-79.946396,40.407481
0056J00094000000,56-J-94,Hazelwood,R1A-VH,757,private,300,walkup,4,False,,,,high_risk,not_allowed,,,,,,,,,,,,,,"1 DEP record(s) within 1,000 ft",low,,-79.946396,40.407481
0056J00095000000,56-J-95,Hazelwood,R1A-VH,749,private,300,single_family,1,False,,,,high_risk,not_allowed,,,,,,,,,,,,,,"1 DEP record(s) within 1,000 ft",low,,-79.94641,40.407516
0056J00095000000,56-J-95,Hazelwood,R1A-VH,749,private,300,duplex,2,False,,,,high_risk,not_allowed,,,,,,,,,,,,,,"1 DEP record(s) within 1,000 ft",low,,-79.94641,40.407516
0056J00095000000,56-J-95,Hazelwood,R1A-VH,749,private,300,triplex,3,False,,,,high_risk,not_allowed,,,,,,,,,,,,,,"1 DEP record(s) within 1,000 ft",low,,-79.94641,40.407516
0056J00095000000,56-J-95,Hazelwood,R1A-VH,749,private,300,townhome,2,False,,,,high_risk,not_allowed,,,,,,,,,,,,,,"1 DEP record(s) within 1,000 ft",low,,-79.94641,40.407516
0056J00095000000,56-J-95,Hazelwood,R1A-VH,749,private,300,walkup,4,False,,,,high_risk,not_allowed,,,,,,,,,,,,,,"1 DEP record(s) within 1,000 ft",low,,-79.94641,40.407516
0056J00113000000,56-J-113,Hazelwood,R1A-VH,613,private,200,single_family,1,False,,,,high_risk,not_allowed,,,,,,,,,,,,,,"1 DEP record(s) within 1,000 ft",low,,-79.946484,40.407397
0056J00113000000,56-J-113,Hazelwood,R1A-VH,613,private,200,duplex,2,False,,,,high_risk,not_allowed,,,,,,,,,,,,,,"1 DEP record(s) within 1,000 ft",low,,-79.946484,40.407397
0056J00113000000,56-J-113,Hazelwood,R1A-VH,613,private,200,triplex,3,False,,,,high_risk,not_allowed,,,,,,,,,,,,,,"1 DEP record(s) within 1,000 ft",low,,-79.946484,40.407397
0056J00113000000,56-J-113,Hazelwood,R1A-VH,613,private,200,townhome,2,False,,,,high_risk,not_allowed,,,,,,,,,,,,,,"1 DEP record(s) within 1,000 ft",low,,-79.946484,40.407397
0056J00113000000,56-J-113,Hazelwood,R1A-VH,613,private,200,walkup,4,False,,,,high_risk,not_allowed,,,,,,,,,,,,,,"1 DEP record(s) within 1,000 ft",low,,-79.946484,40.407397
0056J00114000000,56-J-114,Hazelwood,R1A-VH,1394,private,500,single_family,1,True,49.3,51.9,54.4,feasible_with_conditions,variance,0.827,0.9,0.944,model,6.3,7.6,9.3,9824,16017,22018,-422320,-353363,-293894,$911 in tax liens,medium,,-79.946559,40.40735
0056J00114000000,56-J-114,Hazelwood,R1A-VH,1394,private,500,duplex,2,False,,,,high_risk,not_allowed,,,,,,,,,,,,,,$911 in tax liens,medium,,-79.946559,40.40735
0056J00114000000,56-J-114,Hazelwood,R1A-VH,1394,private,500,triplex,3,False,,,,high_risk,not_allowed,,,,,,,,,,,,,,$911 in tax liens,medium,,-79.946559,40.40735
0056J00114000000,56-J-114,Hazelwood,R1A-VH,1394,private,500,townhome,2,False,,,,high_risk,not_allowed,,,,,,,,,,,,,,$911 in tax liens,medium,,-79.946559,40.40735
0056J00114000000,56-J-114,Hazelwood,R1A-VH,1394,private,500,walkup,4,False,,,,high_risk,not_allowed,,,,,,,,,,,,,,$911 in tax liens,medium,,-79.946559,40.40735
0056J00115000000,56-J-115,Hazelwood,R1A-VH,1387,city,2600,single_family,1,True,49.5,52.2,54.7,feasible_with_conditions,variance,0.827,0.9,0.944,model,6.1,7.6,9.3,9036,15060,21155,-413512,-346477,-287565,"1 DEP record(s) within 1,000 ft",low,,-79.946537,40.4073
0056J00115000000,56-J-115,Hazelwood,R1A-VH,1387,city,2600,duplex,2,False,,,,high_risk,not_allowed,,,,,,,,,,,,,,"1 DEP record(s) within 1,000 ft",low,,-79.946537,40.4073
0056J00115000000,56-J-115,Hazelwood,R1A-VH,1387,city,2600,triplex,3,False,,,,high_risk,not_allowed,,,,,,,,,,,,,,"1 DEP record(s) within 1,000 ft",low,,-79.946537,40.4073
0056J00115000000,56-J-115,Hazelwood,R1A-VH,1387,city,2600,townhome,2,False,,,,high_risk,not_allowed,,,,,,,,,,,,,,"1 DEP record(s) within 1,000 ft",low,,-79.946537,40.4073
0056J00115000000,56-J-115,Hazelwood,R1A-VH,1387,city,2600,walkup,4,False,,,,high_risk,not_allowed,,,,,,,,,,,,,,"1 DEP record(s) within 1,000 ft",low,,-79.946537,40.4073
0056J00116000000,56-J-116,Hazelwood,R1A-VH,1340,city,400,single_family,1,True,49.4,52.0,54.4,feasible_with_conditions,variance,0.827,0.9,0.944,model,6.3,7.6,9.3,9399,15591,21593,-413702,-345877,-286914,$486 in tax liens,medium,,-79.946516,40.40725
0056J00116000000,56-J-116,Hazelwood,R1A-VH,1340,city,400,duplex,2,False,,,,high_risk,not_allowed,,,,,,,,,,,,,,$486 in tax liens,medium,,-79.946516,40.40725
0056J00116000000,56-J-116,Hazelwood,R1A-VH,1340,city,400,triplex,3,False,,,,high_risk,not_allowed,,,,,,,,,,,,,,$486 in tax liens,medium,,-79.946516,40.40725
0056J00116000000,56-J-116,Hazelwood,R1A-VH,1340,city,400,townhome,2,False,,,,high_risk,not_allowed,,,,,,,,,,,,,,$486 in tax liens,medium,,-79.946516,40.40725
0056J00116000000,56-J-116,Hazelwood,R1A-VH,1340,city,400,walkup,4,False,,,,high_risk,not_allowed,,,,,,,,,,,,,,$486 in tax liens,medium,,-79.946516,40.40725
0056J00125000000,56-J-125,Hazelwood,R1A-VH,1566,city,2600,single_family,1,True,53.1,55.6,58.0,feasible_with_conditions,by_right,1.0,1.0,1.0,by_right,4.4,5.8,7.4,15597,22004,28262,-434569,-367929,-306485,"$6,843 in tax liens",medium,,-79.946935,40.407123
0056J00125000000,56-J-125,Hazelwood,R1A-VH,1566,city,2600,duplex,2,False,,,,high_risk,not_allowed,,,,,,,,,,,,,,"$6,843 in tax liens",medium,,-79.946935,40.407123
0056J00125000000,56-J-125,Hazelwood,R1A-VH,1566,city,2600,triplex,3,False,,,,high_risk,not_allowed,,,,,,,,,,,,,,"$6,843 in tax liens",medium,,-79.946935,40.407123
0056J00125000000,56-J-125,Hazelwood,R1A-VH,1566,city,2600,townhome,2,False,,,,high_risk,not_allowed,,,,,,,,,,,,,,"$6,843 in tax liens",medium,,-79.946935,40.407123
0056J00125000000,56-J-125,Hazelwood,R1A-VH,1566,city,2600,walkup,4,False,,,,high_risk,not_allowed,,,,,,,,,,,,,,"$6,843 in tax liens",medium,,-79.946935,40.407123
0056J00131000000,56-J-131,Hazelwood,R1A-VH,3424,city,3400,single_family,1,True,53.8,56.3,58.8,feasible_with_conditions,by_right,1.0,1.0,1.0,by_right,4.4,5.8,7.4,12095,18502,24760,-425202,-359373,-299144,"$3,341 in tax liens",medium,,-79.947152,40.40738
0056J00131000000,56-J-131,Hazelwood,R1A-VH,3424,city,3400,duplex,2,False,,,,high_risk,not_allowed,,,,,,,,,,,,,,"$3,341 in tax liens",medium,,-79.947152,40.40738
0056J00131000000,56-J-131,Hazelwood,R1A-VH,3424,city,3400,triplex,3,False,,,,high_risk,not_allowed,,,,,,,,,,,,,,"$3,341 in tax liens",medium,,-79.947152,40.40738
0056J00131000000,56-J-131,Hazelwood,R1A-VH,3424,city,3400,townhome,2,False,,,,high_risk,not_allowed,,,,,,,,,,,,,,"$3,341 in tax liens",medium,,-79.947152,40.40738
0056J00131000000,56-J-131,Hazelwood,R1A-VH,3424,city,3400,walkup,4,False,,,,high_risk,not_allowed,,,,,,,,,,,,,,"$3,341 in tax liens",medium,,-79.947152,40.40738
0056J00139000000,56-J-139,Hazelwood,R1A-VH,821,city,300,single_family,1,False,,,,high_risk,not_allowed,,,,,,,,,,,,,,"$3,595 in tax liens",medium,,-79.947255,40.407673
0056J00139000000,56-J-139,Hazelwood,R1A-VH,821,city,300,duplex,2,False,,,,high_risk,not_allowed,,,,,,,,,,,,,,"$3,595 in tax liens",medium,,-79.947255,40.407673
0056J00139000000,56-J-139,Hazelwood,R1A-VH,821,city,300,triplex,3,False,,,,high_risk,not_allowed,,,,,,,,,,,,,,"$3,595 in tax liens",medium,,-79.947255,40.407673
0056J00139000000,56-J-139,Hazelwood,R1A-VH,821,city,300,townhome,2,False,,,,high_risk,not_allowed,,,,,,,,,,,,,,"$3,595 in tax liens",medium,,-79.947255,40.407673
0056J00139000000,56-J-139,Hazelwood,R1A-VH,821,city,300,walkup,4,False,,,,high_risk,not_allowed,,,,,,,,,,,,,,"$3,595 in tax liens",medium,,-79.947255,40.407673
0056J00150000000,56-J-150,Hazelwood,R1A-VH,1116,private,500,single_family,1,False,,,,high_risk,not_allowed,,,,,,,,,,,,,,"1 DEP record(s) within 1,000 ft",low,,-79.947222,40.407187
0056J00150000000,56-J-150,Hazelwood,R1A-VH,1116,private,500,duplex,2,False,,,,high_risk,not_allowed,,,,,,,,,,,,,,"1 DEP record(s) within 1,000 ft",low,,-79.947222,40.407187
0056J00150000000,56-J-150,Hazelwood,R1A-VH,1116,private,500,triplex,3,False,,,,high_risk,not_allowed,,,,,,,,,,,,,,"1 DEP record(s) within 1,000 ft",low,,-79.947222,40.407187
0056J00150000000,56-J-150,Hazelwood,R1A-VH,1116,private,500,townhome,2,False,,,,high_risk,not_allowed,,,,,,,,,,,,,,"1 DEP record(s) within 1,000 ft",low,,-79.947222,40.407187
0056J00150000000,56-J-150,Hazelwood,R1A-VH,1116,private,500,walkup,4,False,,,,high_risk,not_allowed,,,,,,,,,,,,,,"1 DEP record(s) within 1,000 ft",low,,-79.947222,40.407187
0056J00171000000,56-J-171,Hazelwood,R1A-VH,1678,private,400,single_family,1,True,57.8,59.8,61.6,feasible_with_conditions,by_right,1.0,1.0,1.0,by_right,3.1,4.0,5.0,9001,15071,21327,-436427,-369053,-309400,"1 DEP record(s) within 1,000 ft",low,,-79.947626,40.407469
0056J00171000000,56-J-171,Hazelwood,R1A-VH,1678,private,400,duplex,2,False,,,,high_risk,not_allowed,,,,,,,,,,,,,,"1 DEP record(s) within 1,000 ft",low,,-79.947626,40.407469
0056J00171000000,56-J-171,Hazelwood,R1A-VH,1678,private,400,triplex,3,False,,,,high_risk,not_allowed,,,,,,,,,,,,,,"1 DEP record(s) within 1,000 ft",low,,-79.947626,40.407469
0056J00171000000,56-J-171,Hazelwood,R1A-VH,1678,private,400,townhome,2,False,,,,high_risk,not_allowed,,,,,,,,,,,,,,"1 DEP record(s) within 1,000 ft",low,,-79.947626,40.407469
0056J00171000000,56-J-171,Hazelwood,R1A-VH,1678,private,400,walkup,4,False,,,,high_risk,not_allowed,,,,,,,,,,,,,,"1 DEP record(s) within 1,000 ft",low,,-79.947626,40.407469
0056J00172000000,56-J-172,Hazelwood,R1A-VH,724,private,200,single_family,1,False,,,,high_risk,not_allowed,,,,,,,,,,,,,,Combined sewershed (proxy for stormwater requirements),low,,-79.947784,40.40756
0056J00172000000,56-J-172,Hazelwood,R1A-VH,724,private,200,duplex,2,False,,,,high_risk,not_allowed,,,,,,,,,,,,,,Combined sewershed (proxy for stormwater requirements),low,,-79.947784,40.40756
0056J00172000000,56-J-172,Hazelwood,R1A-VH,724,private,200,triplex,3,False,,,,high_risk,not_allowed,,,,,,,,,,,,,,Combined sewershed (proxy for stormwater requirements),low,,-79.947784,40.40756
0056J00172000000,56-J-172,Hazelwood,R1A-VH,724,private,200,townhome,2,False,,,,high_risk,not_allowed,,,,,,,,,,,,,,Combined sewershed (proxy for stormwater requirements),low,,-79.947784,40.40756
0056J00172000000,56-J-172,Hazelwood,R1A-VH,724,private,200,walkup,4,False,,,,high_risk,not_allowed,,,,,,,,,,,,,,Combined sewershed (proxy for stormwater requirements),low,,-79.947784,40.40756
0056J00182000000,56-J-182,Hazelwood,R1A-VH,1007,private,400,single_family,1,False,,,,high_risk,not_allowed,,,,,,,,,,,,,,"1 DEP record(s) within 1,000 ft",low,,-79.947798,40.407249
0056J00182000000,56-J-182,Hazelwood,R1A-VH,1007,private,400,duplex,2,False,,,,high_risk,not_allowed,,,,,,,,,,,,,,"1 DEP record(s) within 1,000 ft",low,,-79.947798,40.407249
0056J00182000000,56-J-182,Hazelwood,R1A-VH,1007,private,400,triplex,3,False,,,,high_risk,not_allowed,,,,,,,,,,,,,,"1 DEP record(s) within 1,000 ft",low,,-79.947798,40.407249
0056J00182000000,56-J-182,Hazelwood,R1A-VH,1007,private,400,townhome,2,False,,,,high_risk,not_allowed,,,,,,,,,,,,,,"1 DEP record(s) within 1,000 ft",low,,-79.947798,40.407249
0056J00182000000,56-J-182,Hazelwood,R1A-VH,1007,private,400,walkup,4,False,,,,high_risk,not_allowed,,,,,,,,,,,,,,"1 DEP record(s) within 1,000 ft",low,,-79.947798,40.407249
0056J00183000000,56-J-183,Hazelwood,R1A-VH,1059,private,400,single_family,1,False,,,,high_risk,not_allowed,,,,,,,,,,,,,,"1 DEP record(s) within 1,000 ft",low,,-79.947789,40.407206
0056J00183000000,56-J-183,Hazelwood,R1A-VH,1059,private,400,duplex,2,False,,,,high_risk,not_allowed,,,,,,,,,,,,,,"1 DEP record(s) within 1,000 ft",low,,-79.947789,40.407206
0056J00183000000,56-J-183,Hazelwood,R1A-VH,1059,private,400,triplex,3,False,,,,high_risk,not_allowed,,,,,,,,,,,,,,"1 DEP record(s) within 1,000 ft",low,,-79.947789,40.407206
0056J00183000000,56-J-183,Hazelwood,R1A-VH,1059,private,400,townhome,2,False,,,,high_risk,not_allowed,,,,,,,,,,,,,,"1 DEP record(s) within 1,000 ft",low,,-79.947789,40.407206
0056J00183000000,56-J-183,Hazelwood,R1A-VH,1059,private,400,walkup,4,False,,,,high_risk,not_allowed,,,,,,,,,,,,,,"1 DEP record(s) within 1,000 ft",low,,-79.947789,40.407206
0056J00188000000,56-J-188,Hazelwood,R1A-VH,1124,city,300,single_family,1,False,,,,high_risk,not_allowed,,,,,,,,,,,,,,"$5,326 in tax liens",medium,,-79.947725,40.406992
0056J00188000000,56-J-188,Hazelwood,R1A-VH,1124,city,300,duplex,2,False,,,,high_risk,not_allowed,,,,,,,,,,,,,,"$5,326 in tax liens",medium,,-79.947725,40.406992
0056J00188000000,56-J-188,Hazelwood,R1A-VH,1124,city,300,triplex,3,False,,,,high_risk,not_allowed,,,,,,,,,,,,,,"$5,326 in tax liens",medium,,-79.947725,40.406992
0056J00188000000,56-J-188,Hazelwood,R1A-VH,1124,city,300,townhome,2,False,,,,high_risk,not_allowed,,,,,,,,,,,,,,"$5,326 in tax liens",medium,,-79.947725,40.406992
0056J00188000000,56-J-188,Hazelwood,R1A-VH,1124,city,300,walkup,4,False,,,,high_risk,not_allowed,,,,,,,,,,,,,,"$5,326 in tax liens",medium,,-79.947725,40.406992
0056J00191000000,56-J-191,Hazelwood,R1A-VH,1422,city,300,single_family,1,True,49.4,52.0,54.5,feasible_with_conditions,variance,0.827,0.9,0.944,model,6.3,7.6,9.3,9153,15346,21347,-434529,-366375,-305277,$241 in tax liens,medium,,-79.947686,40.406851
0056J00191000000,56-J-191,Hazelwood,R1A-VH,1422,city,300,duplex,2,False,,,,high_risk,not_allowed,,,,,,,,,,,,,,$241 in tax liens,medium,,-79.947686,40.406851
0056J00191000000,56-J-191,Hazelwood,R1A-VH,1422,city,300,triplex,3,False,,,,high_risk,not_allowed,,,,,,,,,,,,,,$241 in tax liens,medium,,-79.947686,40.406851
0056J00191000000,56-J-191,Hazelwood,R1A-VH,1422,city,300,townhome,2,False,,,,high_risk,not_allowed,,,,,,,,,,,,,,$241 in tax liens,medium,,-79.947686,40.406851
0056J00191000000,56-J-191,Hazelwood,R1A-VH,1422,city,300,walkup,4,False,,,,high_risk,not_allowed,,,,,,,,,,,,,,$241 in tax liens,medium,,-79.947686,40.406851
0056J00192000000,56-J-192,Hazelwood,R1A-VH,546,city,1300,single_family,1,False,,,,high_risk,not_allowed,,,,,,,,,,,,,,"$1,606 in tax liens",medium,,-79.947726,40.406667
0056J00192000000,56-J-192,Hazelwood,R1A-VH,546,city,1300,duplex,2,False,,,,high_risk,not_allowed,,,,,,,,,,,,,,"$1,606 in tax liens",medium,,-79.947726,40.406667
0056J00192000000,56-J-192,Hazelwood,R1A-VH,546,city,1300,triplex,3,False,,,,high_risk,not_allowed,,,,,,,,,,,,,,"$1,606 in tax liens",medium,,-79.947726,40.406667
0056J00192000000,56-J-192,Hazelwood,R1A-VH,546,city,1300,townhome,2,False,,,,high_risk,not_allowed,,,,,,,,,,,,,,"$1,606 in tax liens",medium,,-79.947726,40.406667
0056J00192000000,56-J-192,Hazelwood,R1A-VH,546,city,1300,walkup,4,False,,,,high_risk,not_allowed,,,,,,,,,,,,,,"$1,606 in tax liens",medium,,-79.947726,40.406667
0056J00193000000,56-J-193,Hazelwood,R1A-VH,740,private,1300,single_family,1,False,,,,high_risk,not_allowed,,,,,,,,,,,,,,"1 DEP record(s) within 1,000 ft",low,,-79.947685,40.406671
0056J00193000000,56-J-193,Hazelwood,R1A-VH,740,private,1300,duplex,2,False,,,,high_risk,not_allowed,,,,,,,,,,,,,,"1 DEP record(s) within 1,000 ft",low,,-79.947685,40.406671
0056J00193000000,56-J-193,Hazelwood,R1A-VH,740,private,1300,triplex,3,False,,,,high_risk,not_allowed,,,,,,,,,,,,,,"1 DEP record(s) within 1,000 ft",low,,-79.947685,40.406671
0056J00193000000,56-J-193,Hazelwood,R1A-VH,740,private,1300,townhome,2,False,,,,high_risk,not_allowed,,,,,,,,,,,,,,"1 DEP record(s) within 1,000 ft",low,,-79.947685,40.406671
0056J00193000000,56-J-193,Hazelwood,R1A-VH,740,private,1300,walkup,4,False,,,,high_risk,not_allowed,,,,,,,,,,,,,,"1 DEP record(s) within 1,000 ft",low,,-79.947685,40.406671
0056J00194000000,56-J-194,Hazelwood,R1A-VH,570,city,1300,single_family,1,False,,,,high_risk,not_allowed,,,,,,,,,,,,,,$270 in tax liens,medium,,-79.947644,40.406682
0056J00194000000,56-J-194,Hazelwood,R1A-VH,570,city,1300,duplex,2,False,,,,high_risk,not_allowed,,,,,,,,,,,,,,$270 in tax liens,medium,,-79.947644,40.406682
0056J00194000000,56-J-194,Hazelwood,R1A-VH,570,city,1300,triplex,3,False,,,,high_risk,not_allowed,,,,,,,,,,,,,,$270 in tax liens,medium,,-79.947644,40.406682
0056J00194000000,56-J-194,Hazelwood,R1A-VH,570,city,1300,townhome,2,False,,,,high_risk,not_allowed,,,,,,,,,,,,,,$270 in tax liens,medium,,-79.947644,40.406682
0056J00194000000,56-J-194,Hazelwood,R1A-VH,570,city,1300,walkup,4,False,,,,high_risk,not_allowed,,,,,,,,,,,,,,$270 in tax liens,medium,,-79.947644,40.406682
0056J00195000000,56-J-195,Hazelwood,R1A-VH,756,private,1300,single_family,1,False,,,,high_risk,not_allowed,,,,,,,,,,,,,,"1 DEP record(s) within 1,000 ft",low,,-79.947601,40.406688
0056J00195000000,56-J-195,Hazelwood,R1A-VH,756,private,1300,duplex,2,False,,,,high_risk,not_allowed,,,,,,,,,,,,,,"1 DEP record(s) within 1,000 ft",low,,-79.947601,40.406688
0056J00195000000,56-J-195,Hazelwood,R1A-VH,756,private,1300,triplex,3,False,,,,high_risk,not_allowed,,,,,,,,,,,,,,"1 DEP record(s) within 1,000 ft",low,,-79.947601,40.406688
0056J00195000000,56-J-195,Hazelwood,R1A-VH,756,private,1300,townhome,2,False,,,,high_risk,not_allowed,,,,,,,,,,,,,,"1 DEP record(s) within 1,000 ft",low,,-79.947601,40.406688
0056J00195000000,56-J-195,Hazelwood,R1A-VH,756,private,1300,walkup,4,False,,,,high_risk,not_allowed,,,,,,,,,,,,,,"1 DEP record(s) within 1,000 ft",low,,-79.947601,40.406688
0056J00196000000,56-J-196,Hazelwood,R1A-VH,641,private,1300,single_family,1,False,,,,high_risk,not_allowed,,,,,,,,,,,,,,$12 in tax liens,medium,,-79.947557,40.406695
0056J00196000000,56-J-196,Hazelwood,R1A-VH,641,private,1300,duplex,2,False,,,,high_risk,not_allowed,,,,,,,,,,,,,,$12 in tax liens,medium,,-79.947557,40.406695
0056J00196000000,56-J-196,Hazelwood,R1A-VH,641,private,1300,triplex,3,False,,,,high_risk,not_allowed,,,,,,,,,,,,,,$12 in tax liens,medium,,-79.947557,40.406695
0056J00196000000,56-J-196,Hazelwood,R1A-VH,641,private,1300,townhome,2,False,,,,high_risk,not_allowed,,,,,,,,,,,,,,$12 in tax liens,medium,,-79.947557,40.406695
0056J00196000000,56-J-196,Hazelwood,R1A-VH,641,private,1300,walkup,4,False,,,,high_risk,not_allowed,,,,,,,,,,,,,,$12 in tax liens,medium,,-79.947557,40.406695
0056J00197000000,56-J-197,Hazelwood,R1A-VH,575,private,200,single_family,1,False,,,,high_risk,not_allowed,,,,,,,,,,,,,,"1 DEP record(s) within 1,000 ft",low,,-79.947518,40.406701
0056J00197000000,56-J-197,Hazelwood,R1A-VH,575,private,200,duplex,2,False,,,,high_risk,not_allowed,,,,,,,,,,,,,,"1 DEP record(s) within 1,000 ft",low,,-79.947518,40.406701
0056J00197000000,56-J-197,Hazelwood,R1A-VH,575,private,200,triplex,3,False,,,,high_risk,not_allowed,,,,,,,,,,,,,,"1 DEP record(s) within 1,000 ft",low,,-79.947518,40.406701
0056J00197000000,56-J-197,Hazelwood,R1A-VH,575,private,200,townhome,2,False,,,,high_risk,not_allowed,,,,,,,,,,,,,,"1 DEP record(s) within 1,000 ft",low,,-79.947518,40.406701
0056J00197000000,56-J-197,Hazelwood,R1A-VH,575,private,200,walkup,4,False,,,,high_risk,not_allowed,,,,,,,,,,,,,,"1 DEP record(s) within 1,000 ft",low,,-79.947518,40.406701
0056J00198000000,56-J-198,Hazelwood,R1A-VH,744,private,200,single_family,1,False,,,,high_risk,not_allowed,,,,,,,,,,,,,,"1 DEP record(s) within 1,000 ft",low,,-79.947476,40.406708
0056J00198000000,56-J-198,Hazelwood,R1A-VH,744,private,200,duplex,2,False,,,,high_risk,not_allowed,,,,,,,,,,,,,,"1 DEP record(s) within 1,000 ft",low,,-79.947476,40.406708
0056J00198000000,56-J-198,Hazelwood,R1A-VH,744,private,200,triplex,3,False,,,,high_risk,not_allowed,,,,,,,,,,,,,,"1 DEP record(s) within 1,000 ft",low,,-79.947476,40.406708
0056J00198000000,56-J-198,Hazelwood,R1A-VH,744,private,200,townhome,2,False,,,,high_risk,not_allowed,,,,,,,,,,,,,,"1 DEP record(s) within 1,000 ft",low,,-79.947476,40.406708
0056J00198000000,56-J-198,Hazelwood,R1A-VH,744,private,200,walkup,4,False,,,,high_risk,not_allowed,,,,,,,,,,,,,,"1 DEP record(s) within 1,000 ft",low,,-79.947476,40.406708
0056J00199000000,56-J-199,Hazelwood,R1A-VH,639,city,1300,single_family,1,False,,,,high_risk,not_allowed,,,,,,,,,,,,,,"1 DEP record(s) within 1,000 ft",low,,-79.947432,40.406716
0056J00199000000,56-J-199,Hazelwood,R1A-VH,639,city,1300,duplex,2,False,,,,high_risk,not_allowed,,,,,,,,,,,,,,"1 DEP record(s) within 1,000 ft",low,,-79.947432,40.406716
0056J00199000000,56-J-199,Hazelwood,R1A-VH,639,city,1300,triplex,3,False,,,,high_risk,not_allowed,,,,,,,,,,,,,,"1 DEP record(s) within 1,000 ft",low,,-79.947432,40.406716
0056J00199000000,56-J-199,Hazelwood,R1A-VH,639,city,1300,townhome,2,False,,,,high_risk,not_allowed,,,,,,,,,,,,,,"1 DEP record(s) within 1,000 ft",low,,-79.947432,40.406716
0056J00199000000,56-J-199,Hazelwood,R1A-VH,639,city,1300,walkup,4,False,,,,high_risk,not_allowed,,,,,,,,,,,,,,"1 DEP record(s) within 1,000 ft",low,,-79.947432,40.406716
0056J00200000000,56-J-200,Hazelwood,R1A-VH,665,city,1300,single_family,1,False,,,,high_risk,not_allowed,,,,,,,,,,,,,,"1 DEP record(s) within 1,000 ft",low,,-79.947391,40.406723
0056J00200000000,56-J-200,Hazelwood,R1A-VH,665,city,1300,duplex,2,False,,,,high_risk,not_allowed,,,,,,,,,,,,,,"1 DEP record(s) within 1,000 ft",low,,-79.947391,40.406723
0056J00200000000,56-J-200,Hazelwood,R1A-VH,665,city,1300,triplex,3,False,,,,high_risk,not_allowed,,,,,,,,,,,,,,"1 DEP record(s) within 1,000 ft",low,,-79.947391,40.406723
0056J00200000000,56-J-200,Hazelwood,R1A-VH,665,city,1300,townhome,2,False,,,,high_risk,not_allowed,,,,,,,,,,,,,,"1 DEP record(s) within 1,000 ft",low,,-79.947391,40.406723
0056J00200000000,56-J-200,Hazelwood,R1A-VH,665,city,1300,walkup,4,False,,,,high_risk,not_allowed,,,,,,,,,,,,,,"1 DEP record(s) within 1,000 ft",low,,-79.947391,40.406723
0056J00201000000,56-J-201,Hazelwood,R1A-VH,612,city,1300,single_family,1,False,,,,high_risk,not_allowed,,,,,,,,,,,,,,"1 DEP record(s) within 1,000 ft",low,,-79.94735,40.406729
0056J00201000000,56-J-201,Hazelwood,R1A-VH,612,city,1300,duplex,2,False,,,,high_risk,not_allowed,,,,,,,,,,,,,,"1 DEP record(s) within 1,000 ft",low,,-79.94735,40.406729
0056J00201000000,56-J-201,Hazelwood,R1A-VH,612,city,1300,triplex,3,False,,,,high_risk,not_allowed,,,,,,,,,,,,,,"1 DEP record(s) within 1,000 ft",low,,-79.94735,40.406729
0056J00201000000,56-J-201,Hazelwood,R1A-VH,612,city,1300,townhome,2,False,,,,high_risk,not_allowed,,,,,,,,,,,,,,"1 DEP record(s) within 1,000 ft",low,,-79.94735,40.406729
0056J00201000000,56-J-201,Hazelwood,R1A-VH,612,city,1300,walkup,4,False,,,,high_risk,not_allowed,,,,,,,,,,,,,,"1 DEP record(s) within 1,000 ft",low,,-79.94735,40.406729
0056J00202000000,56-J-202,Hazelwood,R1A-VH,659,private,1300,single_family,1,False,,,,high_risk,not_allowed,,,,,,,,,,,,,,"1 DEP record(s) within 1,000 ft",low,,-79.947309,40.406735
0056J00202000000,56-J-202,Hazelwood,R1A-VH,659,private,1300,duplex,2,False,,,,high_risk,not_allowed,,,,,,,,,,,,,,"1 DEP record(s) within 1,000 ft",low,,-79.947309,40.406735
0056J00202000000,56-J-202,Hazelwood,R1A-VH,659,private,1300,triplex,3,False,,,,high_risk,not_allowed,,,,,,,,,,,,,,"1 DEP record(s) within 1,000 ft",low,,-79.947309,40.406735
0056J00202000000,56-J-202,Hazelwood,R1A-VH,659,private,1300,townhome,2,False,,,,high_risk,not_allowed,,,,,,,,,,,,,,"1 DEP record(s) within 1,000 ft",low,,-79.947309,40.406735
0056J00202000000,56-J-202,Hazelwood,R1A-VH,659,private,1300,walkup,4,False,,,,high_risk,not_allowed,,,,,,,,,,,,,,"1 DEP record(s) within 1,000 ft",low,,-79.947309,40.406735
0056J00203000000,56-J-203,Hazelwood,R1A-VH,821,private,1300,single_family,1,False,,,,high_risk,not_allowed,,,,,,,,,,,,,,$280 in tax liens,medium,,-79.947263,40.406745
0056J00203000000,56-J-203,Hazelwood,R1A-VH,821,private,1300,duplex,2,False,,,,high_risk,not_allowed,,,,,,,,,,,,,,$280 in tax liens,medium,,-79.947263,40.406745
0056J00203000000,56-J-203,Hazelwood,R1A-VH,821,private,1300,triplex,3,False,,,,high_risk,not_allowed,,,,,,,,,,,,,,$280 in tax liens,medium,,-79.947263,40.406745
0056J00203000000,56-J-203,Hazelwood,R1A-VH,821,private,1300,townhome,2,False,,,,high_risk,not_allowed,,,,,,,,,,,,,,$280 in tax liens,medium,,-79.947263,40.406745
0056J00203000000,56-J-203,Hazelwood,R1A-VH,821,private,1300,walkup,4,False,,,,high_risk,not_allowed,,,,,,,,,,,,,,$280 in tax liens,medium,,-79.947263,40.406745
0056J00207000000,56-J-207,Hazelwood,R1A-VH,1043,private,2400,single_family,1,False,,,,high_risk,not_allowed,,,,,,,,,,,,,,$557 in tax liens,medium,,-79.946944,40.406812
0056J00207000000,56-J-207,Hazelwood,R1A-VH,1043,private,2400,duplex,2,False,,,,high_risk,not_allowed,,,,,,,,,,,,,,$557 in tax liens,medium,,-79.946944,40.406812
0056J00207000000,56-J-207,Hazelwood,R1A-VH,1043,private,2400,triplex,3,False,,,,high_risk,not_allowed,,,,,,,,,,,,,,$557 in tax liens,medium,,-79.946944,40.406812
0056J00207000000,56-J-207,Hazelwood,R1A-VH,1043,private,2400,townhome,2,False,,,,high_risk,not_allowed,,,,,,,,,,,,,,$557 in tax liens,medium,,-79.946944,40.406812
0056J00207000000,56-J-207,Hazelwood,R1A-VH,1043,private,2400,walkup,4,False,,,,high_risk,not_allowed,,,,,,,,,,,,,,$557 in tax liens,medium,,-79.946944,40.406812
0056J00214000000,56-J-214,Hazelwood,R1A-VH,1824,private,2800,single_family,1,True,57.8,59.8,61.6,feasible_with_conditions,by_right,1.0,1.0,1.0,by_right,3.1,4.0,5.0,9001,15071,21327,-430593,-363813,-305186,"1 DEP record(s) within 1,000 ft",low,,-79.94643,40.406879
0056J00214000000,56-J-214,Hazelwood,R1A-VH,1824,private,2800,duplex,2,False,,,,high_risk,not_allowed,,,,,,,,,,,,,,"1 DEP record(s) within 1,000 ft",low,,-79.94643,40.406879
0056J00214000000,56-J-214,Hazelwood,R1A-VH,1824,private,2800,triplex,3,False,,,,high_risk,not_allowed,,,,,,,,,,,,,,"1 DEP record(s) within 1,000 ft",low,,-79.94643,40.406879
0056J00214000000,56-J-214,Hazelwood,R1A-VH,1824,private,2800,townhome,2,False,,,,high_risk,not_allowed,,,,,,,,,,,,,,"1 DEP record(s) within 1,000 ft",low,,-79.94643,40.406879
0056J00214000000,56-J-214,Hazelwood,R1A-VH,1824,private,2800,walkup,4,False,,,,high_risk,not_allowed,,,,,,,,,,,,,,"1 DEP record(s) within 1,000 ft",low,,-79.94643,40.406879
0056J00224000000,56-J-224,Hazelwood,R1A-VH,2972,private,3200,single_family,1,True,57.8,59.8,61.6,feasible_with_conditions,by_right,1.0,1.0,1.0,by_right,3.1,4.0,5.0,9001,15071,21327,-429541,-362312,-304075,"1 DEP record(s) within 1,000 ft",low,,-79.946227,40.406832
0056J00224000000,56-J-224,Hazelwood,R1A-VH,2972,private,3200,duplex,2,False,,,,high_risk,not_allowed,,,,,,,,,,,,,,"1 DEP record(s) within 1,000 ft",low,,-79.946227,40.406832
0056J00224000000,56-J-224,Hazelwood,R1A-VH,2972,private,3200,triplex,3,False,,,,high_risk,not_allowed,,,,,,,,,,,,,,"1 DEP record(s) within 1,000 ft",low,,-79.946227,40.406832
0056J00224000000,56-J-224,Hazelwood,R1A-VH,2972,private,3200,townhome,2,False,,,,high_risk,not_allowed,,,,,,,,,,,,,,"1 DEP record(s) within 1,000 ft",low,,-79.946227,40.406832
0056J00224000000,56-J-224,Hazelwood,R1A-VH,2972,private,3200,walkup,4,False,,,,high_risk,not_allowed,,,,,,,,,,,,,,"1 DEP record(s) within 1,000 ft",low,,-79.946227,40.406832
0056J00225000000,56-J-225,Hazelwood,R1A-VH,2813,private,3200,single_family,1,True,53.8,56.3,58.8,feasible_with_conditions,by_right,1.0,1.0,1.0,by_right,4.4,5.8,7.4,12087,18493,24751,-424315,-357570,-296095,"$3,332 in tax liens",medium,,-79.94614,40.406849
0056J00225000000,56-J-225,Hazelwood,R1A-VH,2813,private,3200,duplex,2,False,,,,high_risk,not_allowed,,,,,,,,,,,,,,"$3,332 in tax liens",medium,,-79.94614,40.406849
0056J00225000000,56-J-225,Hazelwood,R1A-VH,2813,private,3200,triplex,3,False,,,,high_risk,not_allowed,,,,,,,,,,,,,,"$3,332 in tax liens",medium,,-79.94614,40.406849
0056J00225000000,56-J-225,Hazelwood,R1A-VH,2813,private,3200,townhome,2,False,,,,high_risk,not_allowed,,,,,,,,,,,,,,"$3,332 in tax liens",medium,,-79.94614,40.406849
0056J00225000000,56-J-225,Hazelwood,R1A-VH,2813,private,3200,walkup,4,False,,,,high_risk,not_allowed,,,,,,,,,,,,,,"$3,332 in tax liens",medium,,-79.94614,40.406849
0056K00027000000,56-K-27,Hazelwood,GI,1304,private,2500,single_family,,False,,,,high_risk,not_allowed,,,,,,,,,,,,,,Parcel spans more than one district or has uncovered rules,medium,,-79.94492,40.408191
0056K00027000000,56-K-27,Hazelwood,GI,1304,private,2500,duplex,,False,,,,high_risk,not_allowed,,,,,,,,,,,,,,Parcel spans more than one district or has uncovered rules,medium,,-79.94492,40.408191
0056K00027000000,56-K-27,Hazelwood,GI,1304,private,2500,triplex,,False,,,,high_risk,not_allowed,,,,,,,,,,,,,,Parcel spans more than one district or has uncovered rules,medium,,-79.94492,40.408191
0056K00027000000,56-K-27,Hazelwood,GI,1304,private,2500,townhome,,False,,,,high_risk,not_allowed,,,,,,,,,,,,,,Parcel spans more than one district or has uncovered rules,medium,,-79.94492,40.408191
0056K00027000000,56-K-27,Hazelwood,GI,1304,private,2500,walkup,,False,,,,high_risk,not_allowed,,,,,,,,,,,,,,Parcel spans more than one district or has uncovered rules,medium,,-79.94492,40.408191
0056K00028000000,56-K-28,Hazelwood,GI,1866,private,2800,single_family,,False,,,,high_risk,not_allowed,,,,,,,,,,,,,,Parcel spans more than one district or has uncovered rules,medium,,-79.944831,40.408208
0056K00028000000,56-K-28,Hazelwood,GI,1866,private,2800,duplex,,False,,,,high_risk,not_allowed,,,,,,,,,,,,,,Parcel spans more than one district or has uncovered rules,medium,,-79.944831,40.408208
0056K00028000000,56-K-28,Hazelwood,GI,1866,private,2800,triplex,,False,,,,high_risk,not_allowed,,,,,,,,,,,,,,Parcel spans more than one district or has uncovered rules,medium,,-79.944831,40.408208
0056K00028000000,56-K-28,Hazelwood,GI,1866,private,2800,townhome,,False,,,,high_risk,not_allowed,,,,,,,,,,,,,,Parcel spans more than one district or has uncovered rules,medium,,-79.944831,40.408208
0056K00028000000,56-K-28,Hazelwood,GI,1866,private,2800,walkup,,False,,,,high_risk,not_allowed,,,,,,,,,,,,,,Parcel spans more than one district or has uncovered rules,medium,,-79.944831,40.408208
0056K00029000000,56-K-29,Hazelwood,GI,1469,private,600,single_family,,False,,,,high_risk,not_allowed,,,,,,,,,,,,,,Parcel spans more than one district or has uncovered rules,medium,,-79.944738,40.408222
0056K00029000000,56-K-29,Hazelwood,GI,1469,private,600,duplex,,False,,,,high_risk,not_allowed,,,,,,,,,,,,,,Parcel spans more than one district or has uncovered rules,medium,,-79.944738,40.408222
0056K00029000000,56-K-29,Hazelwood,GI,1469,private,600,triplex,,False,,,,high_risk,not_allowed,,,,,,,,,,,,,,Parcel spans more than one district or has uncovered rules,medium,,-79.944738,40.408222
0056K00029000000,56-K-29,Hazelwood,GI,1469,private,600,townhome,,False,,,,high_risk,not_allowed,,,,,,,,,,,,,,Parcel spans more than one district or has uncovered rules,medium,,-79.944738,40.408222
0056K00029000000,56-K-29,Hazelwood,GI,1469,private,600,walkup,,False,,,,high_risk,not_allowed,,,,,,,,,,,,,,Parcel spans more than one district or has uncovered rules,medium,,-79.944738,40.408222
0056K00030000000,56-K-30,Hazelwood,GI,1593,private,600,single_family,,False,,,,high_risk,not_allowed,,,,,,,,,,,,,,Parcel spans more than one district or has uncovered rules,medium,,-79.944655,40.408234
0056K00030000000,56-K-30,Hazelwood,GI,1593,private,600,duplex,,False,,,,high_risk,not_allowed,,,,,,,,,,,,,,Parcel spans more than one district or has uncovered rules,medium,,-79.944655,40.408234
0056K00030000000,56-K-30,Hazelwood,GI,1593,private,600,triplex,,False,,,,high_risk,not_allowed,,,,,,,,,,,,,,Parcel spans more than one district or has uncovered rules,medium,,-79.944655,40.408234
0056K00030000000,56-K-30,Hazelwood,GI,1593,private,600,townhome,,False,,,,high_risk,not_allowed,,,,,,,,,,,,,,Parcel spans more than one district or has uncovered rules,medium,,-79.944655,40.408234
0056K00030000000,56-K-30,Hazelwood,GI,1593,private,600,walkup,,False,,,,high_risk,not_allowed,,,,,,,,,,,,,,Parcel spans more than one district or has uncovered rules,medium,,-79.944655,40.408234
0056K00060000000,56-K-60,Hazelwood,R1A-VH,772,city,200,single_family,1,False,,,,high_risk,not_allowed,,,,,,,,,,,,,,"$3,342 in tax liens",medium,,-79.945086,40.40669
0056K00060000000,56-K-60,Hazelwood,R1A-VH,772,city,200,duplex,2,False,,,,high_risk,not_allowed,,,,,,,,,,,,,,"$3,342 in tax liens",medium,,-79.945086,40.40669
0056K00060000000,56-K-60,Hazelwood,R1A-VH,772,city,200,triplex,3,False,,,,high_risk,not_allowed,,,,,,,,,,,,,,"$3,342 in tax liens",medium,,-79.945086,40.40669
0056K00060000000,56-K-60,Hazelwood,R1A-VH,772,city,200,townhome,2,False,,,,high_risk,not_allowed,,,,,,,,,,,,,,"$3,342 in tax liens",medium,,-79.945086,40.40669
0056K00060000000,56-K-60,Hazelwood,R1A-VH,772,city,200,walkup,4,False,,,,high_risk,not_allowed,,,,,,,,,,,,,,"$3,342 in tax liens",medium,,-79.945086,40.40669
0056K00110000000,56-K-110,Hazelwood,LNC,4415,private,2600,single_family,,False,,,,high_risk,not_allowed,,,,,,,,,,,,,,Parcel spans more than one district or has uncovered rules,medium,,-79.94415,40.408614
0056K00110000000,56-K-110,Hazelwood,LNC,4415,private,2600,duplex,,False,,,,high_risk,not_allowed,,,,,,,,,,,,,,Parcel spans more than one district or has uncovered rules,medium,,-79.94415,40.408614
0056K00110000000,56-K-110,Hazelwood,LNC,4415,private,2600,triplex,,False,,,,high_risk,not_allowed,,,,,,,,,,,,,,Parcel spans more than one district or has uncovered rules,medium,,-79.94415,40.408614
0056K00110000000,56-K-110,Hazelwood,LNC,4415,private,2600,townhome,,False,,,,high_risk,not_allowed,,,,,,,,,,,,,,Parcel spans more than one district or has uncovered rules,medium,,-79.94415,40.408614
0056K00110000000,56-K-110,Hazelwood,LNC,4415,private,2600,walkup,,False,,,,high_risk,not_allowed,,,,,,,,,,,,,,Parcel spans more than one district or has uncovered rules,medium,,-79.94415,40.408614
0056K00149000000,56-K-149,Hazelwood,R1D-M,1588,private,600,single_family,1,False,,,,high_risk,not_allowed,,,,,,,,,,,,,,9% of lot on 25%+ slope,low,,-79.942015,40.40658
0056K00149000000,56-K-149,Hazelwood,R1D-M,1588,private,600,duplex,2,False,,,,high_risk,not_allowed,,,,,,,,,,,,,,9% of lot on 25%+ slope,low,,-79.942015,40.40658
0056K00149000000,56-K-149,Hazelwood,R1D-M,1588,private,600,triplex,3,False,,,,high_risk,not_allowed,,,,,,,,,,,,,,9% of lot on 25%+ slope,low,,-79.942015,40.40658
0056K00149000000,56-K-149,Hazelwood,R1D-M,1588,private,600,townhome,2,False,,,,high_risk,not_allowed,,,,,,,,,,,,,,9% of lot on 25%+ slope,low,,-79.942015,40.40658
0056K00149000000,56-K-149,Hazelwood,R1D-M,1588,private,600,walkup,4,False,,,,high_risk,not_allowed,,,,,,,,,,,,,,9% of lot on 25%+ slope,low,,-79.942015,40.40658
0056K00149000100,56-K-149-1,Hazelwood,R1D-M,1482,private,600,single_family,1,False,,,,high_risk,not_allowed,,,,,,,,,,,,,,12% of lot on 25%+ slope,low,,-79.941972,40.406597
0056K00149000100,56-K-149-1,Hazelwood,R1D-M,1482,private,600,duplex,2,False,,,,high_risk,not_allowed,,,,,,,,,,,,,,12% of lot on 25%+ slope,low,,-79.941972,40.406597
0056K00149000100,56-K-149-1,Hazelwood,R1D-M,1482,private,600,triplex,3,False,,,,high_risk,not_allowed,,,,,,,,,,,,,,12% of lot on 25%+ slope,low,,-79.941972,40.406597
0056K00149000100,56-K-149-1,Hazelwood,R1D-M,1482,private,600,townhome,2,False,,,,high_risk,not_allowed,,,,,,,,,,,,,,12% of lot on 25%+ slope,low,,-79.941972,40.406597
0056K00149000100,56-K-149-1,Hazelwood,R1D-M,1482,private,600,walkup,4,False,,,,high_risk,not_allowed,,,,,,,,,,,,,,12% of lot on 25%+ slope,low,,-79.941972,40.406597
0056K00201000000,56-K-201,Hazelwood,R1D-M,4106,private,3700,single_family,1,True,57.8,59.8,61.6,feasible_with_conditions,by_right,1.0,1.0,1.0,by_right,3.1,4.0,5.0,9001,15071,21327,-415242,-347734,-287553,"1 DEP record(s) within 1,000 ft",low,,-79.942213,40.407517
0056K00201000000,56-K-201,Hazelwood,R1D-M,4106,private,3700,duplex,2,False,,,,high_risk,not_allowed,,,,,,,,,,,,,,"1 DEP record(s) within 1,000 ft",low,,-79.942213,40.407517
0056K00201000000,56-K-201,Hazelwood,R1D-M,4106,private,3700,triplex,3,False,,,,high_risk,not_allowed,,,,,,,,,,,,,,"1 DEP record(s) within 1,000 ft",low,,-79.942213,40.407517
0056K00201000000,56-K-201,Hazelwood,R1D-M,4106,private,3700,townhome,2,False,47.6,49.6,51.6,high_risk,special_exception+variance+subdivision,0.763,0.836,0.892,model+placeholder,8.7,10.3,12.0,8938,14861,21030,-728714,-613029,-499317,"1 DEP record(s) within 1,000 ft",low,,-79.942213,40.407517
0056K00201000000,56-K-201,Hazelwood,R1D-M,4106,private,3700,walkup,4,False,,,,high_risk,not_allowed,,,,,,,,,,,,,,"1 DEP record(s) within 1,000 ft",low,,-79.942213,40.407517
0056K00218000000,56-K-218,Hazelwood,R1D-M,5038,city,4000,single_family,1,True,44.6,48.8,52.6,high_risk,by_right,1.0,1.0,1.0,by_right,4.5,5.9,7.3,38793,57760,76278,-442593,-372654,-310853,22% of lot on 25%+ slope,medium,,-79.941216,40.408011
0056K00218000000,56-K-218,Hazelwood,R1D-M,5038,city,4000,duplex,2,False,,,,high_risk,not_allowed,,,,,,,,,,,,,,22% of lot on 25%+ slope,medium,,-79.941216,40.408011
0056K00218000000,56-K-218,Hazelwood,R1D-M,5038,city,4000,triplex,3,False,,,,high_risk,not_allowed,,,,,,,,,,,,,,22% of lot on 25%+ slope,medium,,-79.941216,40.408011
0056K00218000000,56-K-218,Hazelwood,R1D-M,5038,city,4000,townhome,2,False,43.9,46.7,49.6,high_risk,special_exception+subdivision,0.83,0.885,0.93,model+placeholder,7.9,9.5,11.0,38380,56956,75144,-760964,-634818,-527814,22% of lot on 25%+ slope,medium,,-79.941216,40.408011
0056K00218000000,56-K-218,Hazelwood,R1D-M,5038,city,4000,walkup,4,False,,,,high_risk,not_allowed,,,,,,,,,,,,,,22% of lot on 25%+ slope,medium,,-79.941216,40.408011
0056K00235000000,56-K-235,Hazelwood,R1D-M,12012,private,1000,single_family,1,True,54.8,57.0,59.2,feasible_with_conditions,by_right,1.0,1.0,1.0,by_right,3.3,4.0,5.0,19040,27740,36151,-415987,-349871,-287967,7% of lot on 25%+ slope,low,,-79.94255,40.407786
0056K00235000000,56-K-235,Hazelwood,R1D-M,12012,private,1000,duplex,2,False,,,,high_risk,not_allowed,,,,,,,,,,,,,,7% of lot on 25%+ slope,low,,-79.94255,40.407786
0056K00235000000,56-K-235,Hazelwood,R1D-M,12012,private,1000,triplex,3,False,,,,high_risk,not_allowed,,,,,,,,,,,,,,7% of lot on 25%+ slope,low,,-79.94255,40.407786
0056K00235000000,56-K-235,Hazelwood,R1D-M,12012,private,1000,townhome,5,False,50.0,51.9,53.8,feasible_with_conditions,special_exception+subdivision,0.83,0.885,0.93,model+placeholder,8.0,9.5,11.0,18718,27432,35879,-1790003,-1490970,-1212000,7% of lot on 25%+ slope,low,,-79.94255,40.407786
0056K00235000000,56-K-235,Hazelwood,R1D-M,12012,private,1000,walkup,4,False,,,,high_risk,not_allowed,,,,,,,,,,,,,,7% of lot on 25%+ slope,low,,-79.94255,40.407786
0056K00274000000,56-K-274,Hazelwood,R1D-M,1818,city,2800,single_family,1,False,,,,high_risk,not_allowed,,,,,,,,,,,,,,Parcel spans more than one district or has uncovered rules,medium,,-79.942547,40.408953
0056K00274000000,56-K-274,Hazelwood,R1D-M,1818,city,2800,duplex,2,False,,,,high_risk,not_allowed,,,,,,,,,,,,,,Parcel spans more than one district or has uncovered rules,medium,,-79.942547,40.408953
0056K00274000000,56-K-274,Hazelwood,R1D-M,1818,city,2800,triplex,3,False,,,,high_risk,not_allowed,,,,,,,,,,,,,,Parcel spans more than one district or has uncovered rules,medium,,-79.942547,40.408953
0056K00274000000,56-K-274,Hazelwood,R1D-M,1818,city,2800,townhome,2,False,,,,high_risk,not_allowed,,,,,,,,,,,,,,Parcel spans more than one district or has uncovered rules,medium,,-79.942547,40.408953
0056K00274000000,56-K-274,Hazelwood,R1D-M,1818,city,2800,walkup,4,False,,,,high_risk,not_allowed,,,,,,,,,,,,,,Parcel spans more than one district or has uncovered rules,medium,,-79.942547,40.408953
0056K00275000000,56-K-275,Hazelwood,R1D-M,1788,city,2800,single_family,1,False,,,,high_risk,not_allowed,,,,,,,,,,,,,,16% of lot on 25%+ slope,medium,,-79.942462,40.408964
0056K00275000000,56-K-275,Hazelwood,R1D-M,1788,city,2800,duplex,2,False,,,,high_risk,not_allowed,,,,,,,,,,,,,,16% of lot on 25%+ slope,medium,,-79.942462,40.408964
0056K00275000000,56-K-275,Hazelwood,R1D-M,1788,city,2800,triplex,3,False,,,,high_risk,not_allowed,,,,,,,,,,,,,,16% of lot on 25%+ slope,medium,,-79.942462,40.408964
0056K00275000000,56-K-275,Hazelwood,R1D-M,1788,city,2800,townhome,2,False,,,,high_risk,not_allowed,,,,,,,,,,,,,,16% of lot on 25%+ slope,medium,,-79.942462,40.408964
0056K00275000000,56-K-275,Hazelwood,R1D-M,1788,city,2800,walkup,4,False,,,,high_risk,not_allowed,,,,,,,,,,,,,,16% of lot on 25%+ slope,medium,,-79.942462,40.408964
0056K00290000000,56-K-290,Hazelwood,R1D-M,2175,private,400,single_family,1,True,38.2,42.1,45.8,high_risk,administrator_exception+variance,0.725,0.798,0.858,model+placeholder,7.7,9.3,11.1,30238,46000,62539,-420710,-354499,-291383,1 DEP record(s) within 250 ft (nearest 159 ft: storage tank inactive),medium,,-79.942817,40.408201
0056K00290000000,56-K-290,Hazelwood,R1D-M,2175,private,400,duplex,2,False,,,,high_risk,not_allowed,,,,,,,,,,,,,,1 DEP record(s) within 250 ft (nearest 159 ft: storage tank inactive),medium,,-79.942817,40.408201
0056K00290000000,56-K-290,Hazelwood,R1D-M,2175,private,400,triplex,3,False,,,,high_risk,not_allowed,,,,,,,,,,,,,,1 DEP record(s) within 250 ft (nearest 159 ft: storage tank inactive),medium,,-79.942817,40.408201
0056K00290000000,56-K-290,Hazelwood,R1D-M,2175,private,400,townhome,2,False,,,,high_risk,not_allowed,,,,,,,,,,,,,,1 DEP record(s) within 250 ft (nearest 159 ft: storage tank inactive),medium,,-79.942817,40.408201
0056K00290000000,56-K-290,Hazelwood,R1D-M,2175,private,400,walkup,4,False,,,,high_risk,not_allowed,,,,,,,,,,,,,,1 DEP record(s) within 250 ft (nearest 159 ft: storage tank inactive),medium,,-79.942817,40.408201
0056K00293000000,56-K-293,Hazelwood,R1D-M,3389,private,3300,single_family,1,True,42.4,47.0,51.7,high_risk,by_right,1.0,1.0,1.0,by_right,4.2,5.2,6.4,47650,72121,95912,-454874,-387227,-321612,24% of lot on 25%+ slope,medium,,-79.942643,40.408231
0056K00293000000,56-K-293,Hazelwood,R1D-M,3389,private,3300,duplex,2,False,,,,high_risk,not_allowed,,,,,,,,,,,,,,24% of lot on 25%+ slope,medium,,-79.942643,40.408231
0056K00293000000,56-K-293,Hazelwood,R1D-M,3389,private,3300,triplex,3,False,,,,high_risk,not_allowed,,,,,,,,,,,,,,24% of lot on 25%+ slope,medium,,-79.942643,40.408231
0056K00293000000,56-K-293,Hazelwood,R1D-M,3389,private,3300,townhome,2,False,,,,high_risk,not_allowed,,,,,,,,,,,,,,24% of lot on 25%+ slope,medium,,-79.942643,40.408231
0056K00293000000,56-K-293,Hazelwood,R1D-M,3389,private,3300,walkup,4,False,,,,high_risk,not_allowed,,,,,,,,,,,,,,24% of lot on 25%+ slope,medium,,-79.942643,40.408231
0056K00294000000,56-K-294,Hazelwood,R1D-M,3158,city,3300,single_family,1,True,41.1,45.7,50.0,high_risk,by_right,1.0,1.0,1.0,by_right,4.8,6.0,7.3,50560,73486,97667,-459821,-385823,-321891,33% of lot on 25%+ slope,medium,,-79.942537,40.408246
0056K00294000000,56-K-294,Hazelwood,R1D-M,3158,city,3300,duplex,2,False,,,,high_risk,not_allowed,,,,,,,,,,,,,,33% of lot on 25%+ slope,medium,,-79.942537,40.408246
0056K00294000000,56-K-294,Hazelwood,R1D-M,3158,city,3300,triplex,3,False,,,,high_risk,not_allowed,,,,,,,,,,,,,,33% of lot on 25%+ slope,medium,,-79.942537,40.408246
0056K00294000000,56-K-294,Hazelwood,R1D-M,3158,city,3300,townhome,2,False,,,,high_risk,not_allowed,,,,,,,,,,,,,,33% of lot on 25%+ slope,medium,,-79.942537,40.408246
0056K00294000000,56-K-294,Hazelwood,R1D-M,3158,city,3300,walkup,4,False,,,,high_risk,not_allowed,,,,,,,,,,,,,,33% of lot on 25%+ slope,medium,,-79.942537,40.408246
0056K00321000000,56-K-321,Hazelwood,R1D-M,1848,private,700,single_family,1,False,,,,high_risk,not_allowed,,,,,,,,,,,,,,70% of lot on 25%+ slope,high,,-79.941796,40.408745
0056K00321000000,56-K-321,Hazelwood,R1D-M,1848,private,700,duplex,2,False,,,,high_risk,not_allowed,,,,,,,,,,,,,,70% of lot on 25%+ slope,high,,-79.941796,40.408745
0056K00321000000,56-K-321,Hazelwood,R1D-M,1848,private,700,triplex,3,False,,,,high_risk,not_allowed,,,,,,,,,,,,,,70% of lot on 25%+ slope,high,,-79.941796,40.408745
0056K00321000000,56-K-321,Hazelwood,R1D-M,1848,private,700,townhome,2,False,,,,high_risk,not_allowed,,,,,,,,,,,,,,70% of lot on 25%+ slope,high,,-79.941796,40.408745
0056K00321000000,56-K-321,Hazelwood,R1D-M,1848,private,700,walkup,4,False,,,,high_risk,not_allowed,,,,,,,,,,,,,,70% of lot on 25%+ slope,high,,-79.941796,40.408745
0056L00008000000,56-L-8,Hazelwood,R1D-M,5830,private,4100,single_family,1,True,51.8,54.4,57.1,feasible_with_conditions,by_right,1.0,1.0,1.0,by_right,4.4,5.8,7.3,19326,27672,36354,-415237,-346487,-285969,$39 in tax liens,medium,,-79.941024,40.408502
0056L00008000000,56-L-8,Hazelwood,R1D-M,5830,private,4100,duplex,2,False,,,,high_risk,not_allowed,,,,,,,,,,,,,,$39 in tax liens,medium,,-79.941024,40.408502
0056L00008000000,56-L-8,Hazelwood,R1D-M,5830,private,4100,triplex,3,False,,,,high_risk,not_allowed,,,,,,,,,,,,,,$39 in tax liens,medium,,-79.941024,40.408502
0056L00008000000,56-L-8,Hazelwood,R1D-M,5830,private,4100,townhome,2,False,47.8,50.0,52.2,feasible_with_conditions,special_exception+subdivision,0.83,0.885,0.93,model+placeholder,7.9,9.5,11.0,18674,27508,36085,-733884,-609616,-501496,$39 in tax liens,medium,,-79.941024,40.408502
0056L00008000000,56-L-8,Hazelwood,R1D-M,5830,private,4100,walkup,4,False,,,,high_risk,not_allowed,,,,,,,,,,,,,,$39 in tax liens,medium,,-79.941024,40.408502
0056L00010000000,56-L-10,Hazelwood,R1D-M,5843,private,4100,single_family,1,True,57.8,59.8,61.6,feasible_with_conditions,by_right,1.0,1.0,1.0,by_right,3.1,4.0,5.0,9001,15071,21327,-407361,-338967,-279248,"1 DEP record(s) within 1,000 ft",low,,-79.94085,40.408533
0056L00010000000,56-L-10,Hazelwood,R1D-M,5843,private,4100,duplex,2,False,,,,high_risk,not_allowed,,,,,,,,,,,,,,"1 DEP record(s) within 1,000 ft",low,,-79.94085,40.408533
0056L00010000000,56-L-10,Hazelwood,R1D-M,5843,private,4100,triplex,3,False,,,,high_risk,not_allowed,,,,,,,,,,,,,,"1 DEP record(s) within 1,000 ft",low,,-79.94085,40.408533
0056L00010000000,56-L-10,Hazelwood,R1D-M,5843,private,4100,townhome,2,False,49.4,51.4,53.5,feasible_with_conditions,special_exception+subdivision,0.83,0.885,0.93,model+placeholder,8.0,9.5,11.2,8758,14800,21051,-719721,-598317,-487710,"1 DEP record(s) within 1,000 ft",low,,-79.94085,40.408533
0056L00010000000,56-L-10,Hazelwood,R1D-M,5843,private,4100,walkup,4,False,,,,high_risk,not_allowed,,,,,,,,,,,,,,"1 DEP record(s) within 1,000 ft",low,,-79.94085,40.408533
0056L00024000000,56-L-24,Hazelwood,R1D-M,4839,private,3500,single_family,1,True,36.8,42.6,48.1,high_risk,by_right,1.0,1.0,1.0,by_right,4.4,5.4,6.5,65177,97793,131676,-485567,-410364,-340212,100% of lot landslide-prone,high,,-79.940316,40.408538
0056L00024000000,56-L-24,Hazelwood,R1D-M,4839,private,3500,duplex,2,False,,,,high_risk,not_allowed,,,,,,,,,,,,,,100% of lot landslide-prone,high,,-79.940316,40.408538
0056L00024000000,56-L-24,Hazelwood,R1D-M,4839,private,3500,triplex,3,False,,,,high_risk,not_allowed,,,,,,,,,,,,,,100% of lot landslide-prone,high,,-79.940316,40.408538
0056L00024000000,56-L-24,Hazelwood,R1D-M,4839,private,3500,townhome,2,False,39.3,43.2,46.9,high_risk,special_exception+subdivision,0.862,0.913,0.949,model+placeholder,7.9,9.5,11.0,65779,96195,129755,-795216,-671189,-560309,100% of lot landslide-prone,high,,-79.940316,40.408538
0056L00024000000,56-L-24,Hazelwood,R1D-M,4839,private,3500,walkup,4,False,,,,high_risk,not_allowed,,,,,,,,,,,,,,100% of lot landslide-prone,high,,-79.940316,40.408538
0056L00035000000,56-L-35,Hazelwood,R1D-M,4119,private,3700,single_family,1,True,57.8,59.8,61.6,feasible_with_conditions,by_right,1.0,1.0,1.0,by_right,3.1,4.0,5.0,9001,15071,21327,-407361,-338967,-279248,"1 DEP record(s) within 1,000 ft",low,,-79.940727,40.408094
0056L00035000000,56-L-35,Hazelwood,R1D-M,4119,private,3700,duplex,2,False,,,,high_risk,not_allowed,,,,,,,,,,,,,,"1 DEP record(s) within 1,000 ft",low,,-79.940727,40.408094
0056L00035000000,56-L-35,Hazelwood,R1D-M,4119,private,3700,triplex,3,False,,,,high_risk,not_allowed,,,,,,,,,,,,,,"1 DEP record(s) within 1,000 ft",low,,-79.940727,40.408094
0056L00035000000,56-L-35,Hazelwood,R1D-M,4119,private,3700,townhome,2,False,47.6,49.6,51.6,high_risk,special_exception+variance+subdivision,0.763,0.836,0.892,model+placeholder,8.7,10.3,12.0,8938,14861,21030,-716149,-598074,-484499,"1 DEP record(s) within 1,000 ft",low,,-79.940727,40.408094
0056L00035000000,56-L-35,Hazelwood,R1D-M,4119,private,3700,walkup,4,False,,,,high_risk,not_allowed,,,,,,,,,,,,,,"1 DEP record(s) within 1,000 ft",low,,-79.940727,40.408094
0056L00067000000,56-L-67,Hazelwood,R1D-M,3373,private,3300,single_family,1,True,45.4,49.5,53.4,high_risk,by_right,1.0,1.0,1.0,by_right,4.5,5.9,7.3,34570,53537,72055,-446698,-377545,-315742,20% of lot on 25%+ slope,medium,,-79.940432,40.407316
0056L00067000000,56-L-67,Hazelwood,R1D-M,3373,private,3300,duplex,2,False,,,,high_risk,not_allowed,,,,,,,,,,,,,,20% of lot on 25%+ slope,medium,,-79.940432,40.407316
0056L00067000000,56-L-67,Hazelwood,R1D-M,3373,private,3300,triplex,3,False,,,,high_risk,not_allowed,,,,,,,,,,,,,,20% of lot on 25%+ slope,medium,,-79.940432,40.407316
0056L00067000000,56-L-67,Hazelwood,R1D-M,3373,private,3300,townhome,2,False,,,,high_risk,not_allowed,,,,,,,,,,,,,,20% of lot on 25%+ slope,medium,,-79.940432,40.407316
0056L00067000000,56-L-67,Hazelwood,R1D-M,3373,private,3300,walkup,4,False,,,,high_risk,not_allowed,,,,,,,,,,,,,,20% of lot on 25%+ slope,medium,,-79.940432,40.407316
0056L00068000000,56-L-68,Hazelwood,R1D-M,1664,city,2700,single_family,1,False,,,,high_risk,not_allowed,,,,,,,,,,,,,,31% of lot on 25%+ slope,medium,,-79.940315,40.407342
0056L00068000000,56-L-68,Hazelwood,R1D-M,1664,city,2700,duplex,2,False,,,,high_risk,not_allowed,,,,,,,,,,,,,,31% of lot on 25%+ slope,medium,,-79.940315,40.407342
0056L00068000000,56-L-68,Hazelwood,R1D-M,1664,city,2700,triplex,3,False,,,,high_risk,not_allowed,,,,,,,,,,,,,,31% of lot on 25%+ slope,medium,,-79.940315,40.407342
0056L00068000000,56-L-68,Hazelwood,R1D-M,1664,city,2700,townhome,2,False,,,,high_risk,not_allowed,,,,,,,,,,,,,,31% of lot on 25%+ slope,medium,,-79.940315,40.407342
0056L00068000000,56-L-68,Hazelwood,R1D-M,1664,city,2700,walkup,4,False,,,,high_risk,not_allowed,,,,,,,,,,,,,,31% of lot on 25%+ slope,medium,,-79.940315,40.407342
0056L00068000A00,56-L-68-A,Hazelwood,R1D-M,1698,private,1700,single_family,1,False,,,,high_risk,not_allowed,,,,,,,,,,,,,,25% of lot on 25%+ slope,medium,,-79.940363,40.407336
0056L00068000A00,56-L-68-A,Hazelwood,R1D-M,1698,private,1700,duplex,2,False,,,,high_risk,not_allowed,,,,,,,,,,,,,,25% of lot on 25%+ slope,medium,,-79.940363,40.407336
0056L00068000A00,56-L-68-A,Hazelwood,R1D-M,1698,private,1700,triplex,3,False,,,,high_risk,not_allowed,,,,,,,,,,,,,,25% of lot on 25%+ slope,medium,,-79.940363,40.407336
0056L00068000A00,56-L-68-A,Hazelwood,R1D-M,1698,private,1700,townhome,2,False,,,,high_risk,not_allowed,,,,,,,,,,,,,,25% of lot on 25%+ slope,medium,,-79.940363,40.407336
0056L00068000A00,56-L-68-A,Hazelwood,R1D-M,1698,private,1700,walkup,4,False,,,,high_risk,not_allowed,,,,,,,,,,,,,,25% of lot on 25%+ slope,medium,,-79.940363,40.407336
0056L00117000000,56-L-117,Hazelwood,R1D-M,1929,private,2900,single_family,1,True,53.0,55.3,57.5,feasible_with_conditions,administrator_exception,0.838,0.89,0.934,placeholder,4.0,5.0,6.1,8957,15067,21309,-414755,-345916,-283948,"1 DEP record(s) within 1,000 ft",low,,-79.939739,40.407431
0056L00117000000,56-L-117,Hazelwood,R1D-M,1929,private,2900,duplex,2,False,,,,high_risk,not_allowed,,,,,,,,,,,,,,"1 DEP record(s) within 1,000 ft",low,,-79.939739,40.407431
0056L00117000000,56-L-117,Hazelwood,R1D-M,1929,private,2900,triplex,3,False,,,,high_risk,not_allowed,,,,,,,,,,,,,,"1 DEP record(s) within 1,000 ft",low,,-79.939739,40.407431
0056L00117000000,56-L-117,Hazelwood,R1D-M,1929,private,2900,townhome,2,False,,,,high_risk,not_allowed,,,,,,,,,,,,,,"1 DEP record(s) within 1,000 ft",low,,-79.939739,40.407431
0056L00117000000,56-L-117,Hazelwood,R1D-M,1929,private,2900,walkup,4,False,,,,high_risk,not_allowed,,,,,,,,,,,,,,"1 DEP record(s) within 1,000 ft",low,,-79.939739,40.407431
0056L00145000000,56-L-145,Hazelwood,R1D-M,6493,city,4100,single_family,1,True,35.7,41.4,46.9,high_risk,by_right,1.0,1.0,1.0,by_right,4.9,6.1,7.3,66462,98858,132069,-505133,-430409,-361235,100% of lot landslide-prone,high,,-79.937278,40.406838
0056L00145000000,56-L-145,Hazelwood,R1D-M,6493,city,4100,duplex,2,False,,,,high_risk,not_allowed,,,,,,,,,,,,,,100% of lot landslide-prone,high,,-79.937278,40.406838
0056L00145000000,56-L-145,Hazelwood,R1D-M,6493,city,4100,triplex,3,False,,,,high_risk,not_allowed,,,,,,,,,,,,,,100% of lot landslide-prone,high,,-79.937278,40.406838
0056L00145000000,56-L-145,Hazelwood,R1D-M,6493,city,4100,townhome,2,False,39.1,43.1,46.8,high_risk,special_exception+subdivision,0.862,0.913,0.949,model+placeholder,7.9,9.5,11.0,66945,96921,130758,-837868,-712228,-600048,100% of lot landslide-prone,high,,-79.937278,40.406838
0056L00145000000,56-L-145,Hazelwood,R1D-M,6493,city,4100,walkup,4,False,,,,high_risk,not_allowed,,,,,,,,,,,,,,100% of lot landslide-prone,high,,-79.937278,40.406838
0056L00146000000,56-L-146,Hazelwood,R1D-M,3246,city,3300,single_family,1,True,35.0,40.6,46.1,high_risk,by_right,1.0,1.0,1.0,by_right,4.9,6.1,7.3,71561,103957,137168,-509683,-434877,-365666,100% of lot landslide-prone,high,,-79.937399,40.406886
0056L00146000000,56-L-146,Hazelwood,R1D-M,3246,city,3300,duplex,2,False,,,,high_risk,not_allowed,,,,,,,,,,,,,,100% of lot landslide-prone,high,,-79.937399,40.406886
0056L00146000000,56-L-146,Hazelwood,R1D-M,3246,city,3300,triplex,3,False,,,,high_risk,not_allowed,,,,,,,,,,,,,,100% of lot landslide-prone,high,,-79.937399,40.406886
0056L00146000000,56-L-146,Hazelwood,R1D-M,3246,city,3300,townhome,2,False,,,,high_risk,not_allowed,,,,,,,,,,,,,,100% of lot landslide-prone,high,,-79.937399,40.406886
0056L00146000000,56-L-146,Hazelwood,R1D-M,3246,city,3300,walkup,4,False,,,,high_risk,not_allowed,,,,,,,,,,,,,,100% of lot landslide-prone,high,,-79.937399,40.406886
0056L00149000000,56-L-149,Hazelwood,R1D-M,6634,city,4100,single_family,1,True,40.7,46.1,51.3,high_risk,by_right,1.0,1.0,1.0,by_right,4.8,6.1,7.3,43287,71210,100071,-478333,-405756,-339612,100% of lot landslide-prone,high,,-79.937583,40.40696
0056L00149000000,56-L-149,Hazelwood,R1D-M,6634,city,4100,duplex,2,False,,,,high_risk,not_allowed,,,,,,,,,,,,,,100% of lot landslide-prone,high,,-79.937583,40.40696
0056L00149000000,56-L-149,Hazelwood,R1D-M,6634,city,4100,triplex,3,False,,,,high_risk,not_allowed,,,,,,,,,,,,,,100% of lot landslide-prone,high,,-79.937583,40.40696
0056L00149000000,56-L-149,Hazelwood,R1D-M,6634,city,4100,townhome,2,False,41.6,45.3,48.8,high_risk,special_exception+subdivision,0.83,0.885,0.93,model+placeholder,7.9,9.5,11.0,43023,69776,99186,-811291,-687129,-577255,100% of lot landslide-prone,high,,-79.937583,40.40696
0056L00149000000,56-L-149,Hazelwood,R1D-M,6634,city,4100,walkup,4,False,,,,high_risk,not_allowed,,,,,,,,,,,,,,100% of lot landslide-prone,high,,-79.937583,40.40696
0056L00244000000,56-L-244,Hazelwood,R1D-M,3621,private,3500,single_family,1,True,43.0,47.0,51.1,high_risk,by_right,1.0,1.0,1.0,by_right,4.9,6.1,7.3,46125,65022,84503,-456010,-386398,-324299,Condemned or dead-end property,medium,,-79.939715,40.407846
0056L00244000000,56-L-244,Hazelwood,R1D-M,3621,private,3500,duplex,2,False,,,,high_risk,not_allowed,,,,,,,,,,,,,,Condemned or dead-end property,medium,,-79.939715,40.407846
0056L00244000000,56-L-244,Hazelwood,R1D-M,3621,private,3500,triplex,3,False,,,,high_risk,not_allowed,,,,,,,,,,,,,,Condemned or dead-end property,medium,,-79.939715,40.407846
0056L00244000000,56-L-244,Hazelwood,R1D-M,3621,private,3500,townhome,2,False,41.1,44.0,47.0,high_risk,special_exception+variance+subdivision,0.763,0.836,0.892,model+placeholder,8.8,10.3,12.0,45418,65429,84475,-777593,-650246,-538703,Condemned or dead-end property,medium,,-79.939715,40.407846
0056L00244000000,56-L-244,Hazelwood,R1D-M,3621,private,3500,walkup,4,False,,,,high_risk,not_allowed,,,,,,,,,,,,,,Condemned or dead-end property,medium,,-79.939715,40.407846
0056L00247000000,56-L-247,Hazelwood,R1D-M,7384,city,4200,single_family,1,True,50.0,52.6,55.3,feasible_with_conditions,by_right,1.0,1.0,1.0,by_right,4.4,5.8,7.3,28182,36528,45210,-430967,-362896,-302226,"$8,895 in tax liens",medium,,-79.939681,40.408065
0056L00247000000,56-L-247,Hazelwood,R1D-M,7384,city,4200,duplex,2,False,,,,high_risk,not_allowed,,,,,,,,,,,,,,"$8,895 in tax liens",medium,,-79.939681,40.408065
0056L00247000000,56-L-247,Hazelwood,R1D-M,7384,city,4200,triplex,3,False,,,,high_risk,not_allowed,,,,,,,,,,,,,,"$8,895 in tax liens",medium,,-79.939681,40.408065
0056L00247000000,56-L-247,Hazelwood,R1D-M,7384,city,4200,townhome,3,False,48.4,50.4,52.4,feasible_with_conditions,special_exception+subdivision,0.83,0.885,0.93,model+placeholder,7.9,9.5,11.0,27530,36364,44941,-1119880,-932964,-771752,"$8,895 in tax liens",medium,,-79.939681,40.408065
0056L00247000000,56-L-247,Hazelwood,R1D-M,7384,city,4200,walkup,4,False,,,,high_risk,not_allowed,,,,,,,,,,,,,,"$8,895 in tax liens",medium,,-79.939681,40.408065
0056L00248000000,56-L-248,Hazelwood,R1D-M,3496,city,3500,single_family,1,True,45.2,49.3,53.2,high_risk,by_right,1.0,1.0,1.0,by_right,4.5,5.9,7.3,35652,54620,73137,-447665,-378509,-316692,30% of lot on 25%+ slope,medium,,-79.939696,40.408188
0056L00248000000,56-L-248,Hazelwood,R1D-M,3496,city,3500,duplex,2,False,,,,high_risk,not_allowed,,,,,,,,,,,,,,30% of lot on 25%+ slope,medium,,-79.939696,40.408188
0056L00248000000,56-L-248,Hazelwood,R1D-M,3496,city,3500,triplex,3,False,,,,high_risk,not_allowed,,,,,,,,,,,,,,30% of lot on 25%+ slope,medium,,-79.939696,40.408188
0056L00248000000,56-L-248,Hazelwood,R1D-M,3496,city,3500,townhome,2,False,,,,high_risk,not_allowed,,,,,,,,,,,,,,30% of lot on 25%+ slope,medium,,-79.939696,40.408188
0056L00248000000,56-L-248,Hazelwood,R1D-M,3496,city,3500,walkup,4,False,,,,high_risk,not_allowed,,,,,,,,,,,,,,30% of lot on 25%+ slope,medium,,-79.939696,40.408188
0056L00249000000,56-L-249,Hazelwood,R1D-M,3522,city,1500,single_family,1,True,35.6,41.3,47.2,high_risk,by_right,1.0,1.0,1.0,by_right,4.9,6.1,7.3,66178,98769,133095,-488970,-416738,-351174,33% of lot on 25%+ slope,medium,,-79.939703,40.408267
0056L00249000000,56-L-249,Hazelwood,R1D-M,3522,city,1500,duplex,2,False,,,,high_risk,not_allowed,,,,,,,,,,,,,,33% of lot on 25%+ slope,medium,,-79.939703,40.408267
0056L00249000000,56-L-249,Hazelwood,R1D-M,3522,city,1500,triplex,3,False,,,,high_risk,not_allowed,,,,,,,,,,,,,,33% of lot on 25%+ slope,medium,,-79.939703,40.408267
0056L00249000000,56-L-249,Hazelwood,R1D-M,3522,city,1500,townhome,2,False,,,,high_risk,not_allowed,,,,,,,,,,,,,,33% of lot on 25%+ slope,medium,,-79.939703,40.408267
0056L00249000000,56-L-249,Hazelwood,R1D-M,3522,city,1500,walkup,4,False,,,,high_risk,not_allowed,,,,,,,,,,,,,,33% of lot on 25%+ slope,medium,,-79.939703,40.408267
0056L00272000000,56-L-272,Hazelwood,R1D-M,1634,private,2900,single_family,1,False,,,,high_risk,not_allowed,,,,,,,,,,,,,,$637 in tax liens,medium,,-79.939299,40.408113
0056L00272000000,56-L-272,Hazelwood,R1D-M,1634,private,2900,duplex,2,False,,,,high_risk,not_allowed,,,,,,,,,,,,,,$637 in tax liens,medium,,-79.939299,40.408113
0056L00272000000,56-L-272,Hazelwood,R1D-M,1634,private,2900,triplex,3,False,,,,high_risk,not_allowed,,,,,,,,,,,,,,$637 in tax liens,medium,,-79.939299,40.408113
0056L00272000000,56-L-272,Hazelwood,R1D-M,1634,private,2900,townhome,2,False,,,,high_risk,not_allowed,,,,,,,,,,,,,,$637 in tax liens,medium,,-79.939299,40.408113
0056L00272000000,56-L-272,Hazelwood,R1D-M,1634,private,2900,walkup,4,False,,,,high_risk,not_allowed,,,,,,,,,,,,,,$637 in tax liens,medium,,-79.939299,40.408113
0056L00277000000,56-L-277,Hazelwood,R1D-M,1448,private,500,single_family,1,False,,,,high_risk,not_allowed,,,,,,,,,,,,,,15% of lot landslide-prone,medium,,-79.939321,40.408341
0056L00277000000,56-L-277,Hazelwood,R1D-M,1448,private,500,duplex,2,False,,,,high_risk,not_allowed,,,,,,,,,,,,,,15% of lot landslide-prone,medium,,-79.939321,40.408341
0056L00277000000,56-L-277,Hazelwood,R1D-M,1448,private,500,triplex,3,False,,,,high_risk,not_allowed,,,,,,,,,,,,,,15% of lot landslide-prone,medium,,-79.939321,40.408341
0056L00277000000,56-L-277,Hazelwood,R1D-M,1448,private,500,townhome,2,False,,,,high_risk,not_allowed,,,,,,,,,,,,,,15% of lot landslide-prone,medium,,-79.939321,40.408341
0056L00277000000,56-L-277,Hazelwood,R1D-M,1448,private,500,walkup,4,False,,,,high_risk,not_allowed,,,,,,,,,,,,,,15% of lot landslide-prone,medium,,-79.939321,40.408341
0056L00279000000,56-L-279,Hazelwood,R1D-M,1319,private,500,single_family,1,False,,,,high_risk,not_allowed,,,,,,,,,,,,,,59% of lot landslide-prone,high,,-79.939334,40.408459
0056L00279000000,56-L-279,Hazelwood,R1D-M,1319,private,500,duplex,2,False,,,,high_risk,not_allowed,,,,,,,,,,,,,,59% of lot landslide-prone,high,,-79.939334,40.408459
0056L00279000000,56-L-279,Hazelwood,R1D-M,1319,private,500,triplex,3,False,,,,high_risk,not_allowed,,,,,,,,,,,,,,59% of lot landslide-prone,high,,-79.939334,40.408459
0056L00279000000,56-L-279,Hazelwood,R1D-M,1319,private,500,townhome,2,False,,,,high_risk,not_allowed,,,,,,,,,,,,,,59% of lot landslide-prone,high,,-79.939334,40.408459
0056L00279000000,56-L-279,Hazelwood,R1D-M,1319,private,500,walkup,4,False,,,,high_risk,not_allowed,,,,,,,,,,,,,,59% of lot landslide-prone,high,,-79.939334,40.408459
0056L00283000000,56-L-283,Hazelwood,R1D-M,1312,city,2500,single_family,1,False,,,,high_risk,not_allowed,,,,,,,,,,,,,,100% of lot landslide-prone,high,,-79.939363,40.408689
0056L00283000000,56-L-283,Hazelwood,R1D-M,1312,city,2500,duplex,2,False,,,,high_risk,not_allowed,,,,,,,,,,,,,,100% of lot landslide-prone,high,,-79.939363,40.408689
0056L00283000000,56-L-283,Hazelwood,R1D-M,1312,city,2500,triplex,3,False,,,,high_risk,not_allowed,,,,,,,,,,,,,,100% of lot landslide-prone,high,,-79.939363,40.408689
0056L00283000000,56-L-283,Hazelwood,R1D-M,1312,city,2500,townhome,2,False,,,,high_risk,not_allowed,,,,,,,,,,,,,,100% of lot landslide-prone,high,,-79.939363,40.408689
0056L00283000000,56-L-283,Hazelwood,R1D-M,1312,city,2500,walkup,4,False,,,,high_risk,not_allowed,,,,,,,,,,,,,,100% of lot landslide-prone,high,,-79.939363,40.408689
0056L00284000000,56-L-284,Hazelwood,R1D-M,1201,private,300,single_family,1,False,,,,high_risk,not_allowed,,,,,,,,,,,,,,100% of lot landslide-prone,high,,-79.939368,40.408744
0056L00284000000,56-L-284,Hazelwood,R1D-M,1201,private,300,duplex,2,False,,,,high_risk,not_allowed,,,,,,,,,,,,,,100% of lot landslide-prone,high,,-79.939368,40.408744
0056L00284000000,56-L-284,Hazelwood,R1D-M,1201,private,300,triplex,3,False,,,,high_risk,not_allowed,,,,,,,,,,,,,,100% of lot landslide-prone,high,,-79.939368,40.408744
0056L00284000000,56-L-284,Hazelwood,R1D-M,1201,private,300,townhome,2,False,,,,high_risk,not_allowed,,,,,,,,,,,,,,100% of lot landslide-prone,high,,-79.939368,40.408744
0056L00284000000,56-L-284,Hazelwood,R1D-M,1201,private,300,walkup,4,False,,,,high_risk,not_allowed,,,,,,,,,,,,,,100% of lot landslide-prone,high,,-79.939368,40.408744
0056L00285000000,56-L-285,Hazelwood,R1D-M,1317,private,300,single_family,1,False,,,,high_risk,not_allowed,,,,,,,,,,,,,,100% of lot landslide-prone,high,,-79.939374,40.408799
0056L00285000000,56-L-285,Hazelwood,R1D-M,1317,private,300,duplex,2,False,,,,high_risk,not_allowed,,,,,,,,,,,,,,100% of lot landslide-prone,high,,-79.939374,40.408799
0056L00285000000,56-L-285,Hazelwood,R1D-M,1317,private,300,triplex,3,False,,,,high_risk,not_allowed,,,,,,,,,,,,,,100% of lot landslide-prone,high,,-79.939374,40.408799
0056L00285000000,56-L-285,Hazelwood,R1D-M,1317,private,300,townhome,2,False,,,,high_risk,not_allowed,,,,,,,,,,,,,,100% of lot landslide-prone,high,,-79.939374,40.408799
0056L00285000000,56-L-285,Hazelwood,R1D-M,1317,private,300,walkup,4,False,,,,high_risk,not_allowed,,,,,,,,,,,,,,100% of lot landslide-prone,high,,-79.939374,40.408799
0056L00287000A00,56-L-287-A,Hazelwood,R1D-M,1286,private,2500,single_family,1,False,,,,high_risk,not_allowed,,,,,,,,,,,,,,100% of lot landslide-prone,high,,-79.939395,40.408981
0056L00287000A00,56-L-287-A,Hazelwood,R1D-M,1286,private,2500,duplex,2,False,,,,high_risk,not_allowed,,,,,,,,,,,,,,100% of lot landslide-prone,high,,-79.939395,40.408981
0056L00287000A00,56-L-287-A,Hazelwood,R1D-M,1286,private,2500,triplex,3,False,,,,high_risk,not_allowed,,,,,,,,,,,,,,100% of lot landslide-prone,high,,-79.939395,40.408981
0056L00287000A00,56-L-287-A,Hazelwood,R1D-M,1286,private,2500,townhome,2,False,,,,high_risk,not_allowed,,,,,,,,,,,,,,100% of lot landslide-prone,high,,-79.939395,40.408981
0056L00287000A00,56-L-287-A,Hazelwood,R1D-M,1286,private,2500,walkup,4,False,,,,high_risk,not_allowed,,,,,,,,,,,,,,100% of lot landslide-prone,high,,-79.939395,40.408981
0056L00307000000,56-L-307,Hazelwood,R1D-M,3617,private,3400,single_family,1,False,38.3,43.8,49.6,high_risk,variance,0.827,0.9,0.944,model,6.1,7.6,9.3,29635,57939,85977,-449253,-378199,-310787,37% of lot landslide-prone,medium,,-79.93905,40.408075
0056L00307000000,56-L-307,Hazelwood,R1D-M,3617,private,3400,duplex,2,False,,,,high_risk,not_allowed,,,,,,,,,,,,,,37% of lot landslide-prone,medium,,-79.93905,40.408075
0056L00307000000,56-L-307,Hazelwood,R1D-M,3617,private,3400,triplex,3,False,,,,high_risk,not_allowed,,,,,,,,,,,,,,37% of lot landslide-prone,medium,,-79.93905,40.408075
0056L00307000000,56-L-307,Hazelwood,R1D-M,3617,private,3400,townhome,2,True,40.8,44.6,48.2,high_risk,special_exception+variance+subdivision,0.76,0.836,0.89,model+placeholder,9.3,10.8,12.3,29500,57563,85337,-771036,-646879,-534598,37% of lot landslide-prone,medium,,-79.93905,40.408075
0056L00307000000,56-L-307,Hazelwood,R1D-M,3617,private,3400,walkup,4,False,,,,high_risk,not_allowed,,,,,,,,,,,,,,37% of lot landslide-prone,medium,,-79.93905,40.408075
0056L00339000000,56-L-339,Hazelwood,R1D-M,2420,city,1000,single_family,1,True,32.7,38.7,44.7,high_risk,variance,0.909,0.959,0.982,model,6.3,7.7,9.3,61934,94290,127284,-479281,-409419,-344696,100% of lot landslide-prone,high,,-79.938,40.408672
0056L00339000000,56-L-339,Hazelwood,R1D-M,2420,city,1000,duplex,2,False,,,,high_risk,not_allowed,,,,,,,,,,,,,,100% of lot landslide-prone,high,,-79.938,40.408672
0056L00339000000,56-L-339,Hazelwood,R1D-M,2420,city,1000,triplex,3,False,,,,high_risk,not_allowed,,,,,,,,,,,,,,100% of lot landslide-prone,high,,-79.938,40.408672
0056L00339000000,56-L-339,Hazelwood,R1D-M,2420,city,1000,townhome,2,False,,,,high_risk,not_allowed,,,,,,,,,,,,,,100% of lot landslide-prone,high,,-79.938,40.408672
0056L00339000000,56-L-339,Hazelwood,R1D-M,2420,city,1000,walkup,4,False,,,,high_risk,not_allowed,,,,,,,,,,,,,,100% of lot landslide-prone,high,,-79.938,40.408672
0056L00343000000,56-L-343,Hazelwood,R1D-M,2280,private,1000,single_family,1,True,28.9,34.8,40.5,high_risk,administrator_exception+variance,0.79,0.85,0.901,model+placeholder,7.7,9.3,11.1,62020,93529,127439,-475076,-404444,-337789,100% of lot landslide-prone,high,,-79.937968,40.408404
0056L00343000000,56-L-343,Hazelwood,R1D-M,2280,private,1000,duplex,2,False,,,,high_risk,not_allowed,,,,,,,,,,,,,,100% of lot landslide-prone,high,,-79.937968,40.408404
0056L00343000000,56-L-343,Hazelwood,R1D-M,2280,private,1000,triplex,3,False,,,,high_risk,not_allowed,,,,,,,,,,,,,,100% of lot landslide-prone,high,,-79.937968,40.408404
0056L00343000000,56-L-343,Hazelwood,R1D-M,2280,private,1000,townhome,2,False,,,,high_risk,not_allowed,,,,,,,,,,,,,,100% of lot landslide-prone,high,,-79.937968,40.408404
0056L00343000000,56-L-343,Hazelwood,R1D-M,2280,private,1000,walkup,4,False,,,,high_risk,not_allowed,,,,,,,,,,,,,,100% of lot landslide-prone,high,,-79.937968,40.408404
0056L00365000000,56-L-365,Hazelwood,R1D-M,11916,private,5200,single_family,1,True,37.1,43.0,48.5,high_risk,by_right,1.0,1.0,1.0,by_right,4.4,5.4,6.5,62682,95078,128289,-490352,-415536,-345973,100% of lot landslide-prone,high,,-79.937428,40.407945
0056L00365000000,56-L-365,Hazelwood,R1D-M,11916,private,5200,duplex,2,False,,,,high_risk,not_allowed,,,,,,,,,,,,,,100% of lot landslide-prone,high,,-79.937428,40.407945
0056L00365000000,56-L-365,Hazelwood,R1D-M,11916,private,5200,triplex,3,False,,,,high_risk,not_allowed,,,,,,,,,,,,,,100% of lot landslide-prone,high,,-79.937428,40.407945
0056L00365000000,56-L-365,Hazelwood,R1D-M,11916,private,5200,townhome,5,False,45.6,48.1,50.5,high_risk,special_exception+variance+subdivision,0.831,0.889,0.935,model+placeholder,8.8,10.3,12.0,62391,94534,127335,-1880885,-1572471,-1294781,100% of lot landslide-prone,high,,-79.937428,40.407945
0056L00365000000,56-L-365,Hazelwood,R1D-M,11916,private,5200,walkup,4,False,,,,high_risk,not_allowed,,,,,,,,,,,,,,100% of lot landslide-prone,high,,-79.937428,40.407945
0056L00366000000,56-L-366,Hazelwood,R1D-M,2625,private,1200,single_family,1,True,26.3,33.6,41.2,high_risk,by_right,1.0,1.0,1.0,by_right,4.9,6.1,7.3,101821,152797,206611,-547040,-466000,-385872,66% of lot on 25%+ slope,high,,-79.937413,40.408161
0056L00366000000,56-L-366,Hazelwood,R1D-M,2625,private,1200,duplex,2,False,,,,high_risk,not_allowed,,,,,,,,,,,,,,66% of lot on 25%+ slope,high,,-79.937413,40.408161
0056L00366000000,56-L-366,Hazelwood,R1D-M,2625,private,1200,triplex,3,False,,,,high_risk,not_allowed,,,,,,,,,,,,,,66% of lot on 25%+ slope,high,,-79.937413,40.408161
0056L00366000000,56-L-366,Hazelwood,R1D-M,2625,private,1200,townhome,2,False,,,,high_risk,not_allowed,,,,,,,,,,,,,,66% of lot on 25%+ slope,high,,-79.937413,40.408161
0056L00366000000,56-L-366,Hazelwood,R1D-M,2625,private,1200,walkup,4,False,,,,high_risk,not_allowed,,,,,,,,,,,,,,66% of lot on 25%+ slope,high,,-79.937413,40.408161
0056L00368000000,56-L-368,Hazelwood,H,3603,private,500,single_family,1,True,23.5,30.7,38.5,high_risk,administrator_exception,0.838,0.89,0.934,placeholder,5.0,6.1,7.3,102192,152669,204078,-544622,-465200,-389924,57% of lot on 25%+ slope,high,,-79.93737,40.408299
0056L00368000000,56-L-368,Hazelwood,H,3603,private,500,duplex,2,False,,,,high_risk,not_allowed,,,,,,,,,,,,,,57% of lot on 25%+ slope,high,,-79.93737,40.408299
0056L00368000000,56-L-368,Hazelwood,H,3603,private,500,triplex,3,False,,,,high_risk,not_allowed,,,,,,,,,,,,,,57% of lot on 25%+ slope,high,,-79.93737,40.408299
0056L00368000000,56-L-368,Hazelwood,H,3603,private,500,townhome,2,False,,,,high_risk,not_allowed,,,,,,,,,,,,,,57% of lot on 25%+ slope,high,,-79.93737,40.408299
0056L00368000000,56-L-368,Hazelwood,H,3603,private,500,walkup,4,False,,,,high_risk,not_allowed,,,,,,,,,,,,,,57% of lot on 25%+ slope,high,,-79.93737,40.408299
0056L00369000000,56-L-369,Hazelwood,H,3135,private,900,single_family,1,True,21.1,28.3,35.9,high_risk,administrator_exception,0.732,0.792,0.848,placeholder,5.1,6.1,7.3,101767,153354,204674,-547818,-466927,-389666,67% of lot on 25%+ slope,high,,-79.93739,40.408229
0056L00369000000,56-L-369,Hazelwood,H,3135,private,900,duplex,2,False,,,,high_risk,not_allowed,,,,,,,,,,,,,,67% of lot on 25%+ slope,high,,-79.93739,40.408229
0056L00369000000,56-L-369,Hazelwood,H,3135,private,900,triplex,3,False,,,,high_risk,not_allowed,,,,,,,,,,,,,,67% of lot on 25%+ slope,high,,-79.93739,40.408229
0056L00369000000,56-L-369,Hazelwood,H,3135,private,900,townhome,2,False,,,,high_risk,not_allowed,,,,,,,,,,,,,,67% of lot on 25%+ slope,high,,-79.93739,40.408229
0056L00369000000,56-L-369,Hazelwood,H,3135,private,900,walkup,4,False,,,,high_risk,not_allowed,,,,,,,,,,,,,,67% of lot on 25%+ slope,high,,-79.93739,40.408229
0056M00017000000,56-M-17,Hazelwood,R1D-M,1068,city,300,single_family,1,False,,,,high_risk,not_allowed,,,,,,,,,,,,,,100% of lot landslide-prone,high,,-79.936902,40.406607
0056M00017000000,56-M-17,Hazelwood,R1D-M,1068,city,300,duplex,2,False,,,,high_risk,not_allowed,,,,,,,,,,,,,,100% of lot landslide-prone,high,,-79.936902,40.406607
0056M00017000000,56-M-17,Hazelwood,R1D-M,1068,city,300,triplex,3,False,,,,high_risk,not_allowed,,,,,,,,,,,,,,100% of lot landslide-prone,high,,-79.936902,40.406607
0056M00017000000,56-M-17,Hazelwood,R1D-M,1068,city,300,townhome,2,False,,,,high_risk,not_allowed,,,,,,,,,,,,,,100% of lot landslide-prone,high,,-79.936902,40.406607
0056M00017000000,56-M-17,Hazelwood,R1D-M,1068,city,300,walkup,4,False,,,,high_risk,not_allowed,,,,,,,,,,,,,,100% of lot landslide-prone,high,,-79.936902,40.406607
0056N00013000000,56-N-13,Hazelwood,R1A-VH,2353,city,2900,single_family,1,True,53.9,56.4,58.8,feasible_with_conditions,by_right,1.0,1.0,1.0,by_right,4.4,5.8,7.4,11772,18179,24437,-425331,-359169,-298110,"$3,018 in tax liens",medium,,-79.945455,40.405905
0056N00013000000,56-N-13,Hazelwood,R1A-VH,2353,city,2900,duplex,2,False,,,,high_risk,not_allowed,,,,,,,,,,,,,,"$3,018 in tax liens",medium,,-79.945455,40.405905
0056N00013000000,56-N-13,Hazelwood,R1A-VH,2353,city,2900,triplex,3,False,,,,high_risk,not_allowed,,,,,,,,,,,,,,"$3,018 in tax liens",medium,,-79.945455,40.405905
0056N00013000000,56-N-13,Hazelwood,R1A-VH,2353,city,2900,townhome,2,False,,,,high_risk,not_allowed,,,,,,,,,,,,,,"$3,018 in tax liens",medium,,-79.945455,40.405905
0056N00013000000,56-N-13,Hazelwood,R1A-VH,2353,city,2900,walkup,4,False,,,,high_risk,not_allowed,,,,,,,,,,,,,,"$3,018 in tax liens",medium,,-79.945455,40.405905
0056N00016000000,56-N-16,Hazelwood,R1A-VH,2901,city,3200,single_family,1,True,54.4,56.9,59.4,feasible_with_conditions,by_right,1.0,1.0,1.0,by_right,4.4,5.8,7.4,9407,15814,22072,-425653,-359532,-299006,$653 in tax liens,medium,,-79.945434,40.405764
0056N00016000000,56-N-16,Hazelwood,R1A-VH,2901,city,3200,duplex,2,False,,,,high_risk,not_allowed,,,,,,,,,,,,,,$653 in tax liens,medium,,-79.945434,40.405764
0056N00016000000,56-N-16,Hazelwood,R1A-VH,2901,city,3200,triplex,3,False,,,,high_risk,not_allowed,,,,,,,,,,,,,,$653 in tax liens,medium,,-79.945434,40.405764
0056N00016000000,56-N-16,Hazelwood,R1A-VH,2901,city,3200,townhome,2,False,,,,high_risk,not_allowed,,,,,,,,,,,,,,$653 in tax liens,medium,,-79.945434,40.405764
0056N00016000000,56-N-16,Hazelwood,R1A-VH,2901,city,3200,walkup,4,False,,,,high_risk,not_allowed,,,,,,,,,,,,,,$653 in tax liens,medium,,-79.945434,40.405764
0056N00020000000,56-N-20,Hazelwood,R1A-VH,2182,private,500,single_family,1,True,49.1,52.7,56.4,feasible_with_conditions,by_right,1.0,1.0,1.0,by_right,4.7,6.0,7.4,19167,34853,49898,-445643,-379528,-319572,1 DEP record(s) within 250 ft (nearest 232 ft: storage tank inactive),medium,,-79.945388,40.405576
0056N00020000000,56-N-20,Hazelwood,R1A-VH,2182,private,500,duplex,2,False,,,,high_risk,not_allowed,,,,,,,,,,,,,,1 DEP record(s) within 250 ft (nearest 232 ft: storage tank inactive),medium,,-79.945388,40.405576
0056N00020000000,56-N-20,Hazelwood,R1A-VH,2182,private,500,triplex,3,False,,,,high_risk,not_allowed,,,,,,,,,,,,,,1 DEP record(s) within 250 ft (nearest 232 ft: storage tank inactive),medium,,-79.945388,40.405576
0056N00020000000,56-N-20,Hazelwood,R1A-VH,2182,private,500,townhome,2,False,,,,high_risk,not_allowed,,,,,,,,,,,,,,1 DEP record(s) within 250 ft (nearest 232 ft: storage tank inactive),medium,,-79.945388,40.405576
0056N00020000000,56-N-20,Hazelwood,R1A-VH,2182,private,500,walkup,4,False,,,,high_risk,not_allowed,,,,,,,,,,,,,,1 DEP record(s) within 250 ft (nearest 232 ft: storage tank inactive),medium,,-79.945388,40.405576
0056N00021000000,56-N-21,Hazelwood,R1A-VH,1925,private,500,single_family,1,True,50.5,54.3,57.9,feasible_with_conditions,by_right,1.0,1.0,1.0,by_right,3.8,5.1,6.3,18238,33890,49638,-447128,-381788,-322655,1 DEP record(s) within 250 ft (nearest 222 ft: storage tank inactive),medium,,-79.945382,40.405528
0056N00021000000,56-N-21,Hazelwood,R1A-VH,1925,private,500,duplex,2,False,,,,high_risk,not_allowed,,,,,,,,,,,,,,1 DEP record(s) within 250 ft (nearest 222 ft: storage tank inactive),medium,,-79.945382,40.405528
0056N00021000000,56-N-21,Hazelwood,R1A-VH,1925,private,500,triplex,3,False,,,,high_risk,not_allowed,,,,,,,,,,,,,,1 DEP record(s) within 250 ft (nearest 222 ft: storage tank inactive),medium,,-79.945382,40.405528
0056N00021000000,56-N-21,Hazelwood,R1A-VH,1925,private,500,townhome,2,False,,,,high_risk,not_allowed,,,,,,,,,,,,,,1 DEP record(s) within 250 ft (nearest 222 ft: storage tank inactive),medium,,-79.945382,40.405528
0056N00021000000,56-N-21,Hazelwood,R1A-VH,1925,private,500,walkup,4,False,,,,high_risk,not_allowed,,,,,,,,,,,,,,1 DEP record(s) within 250 ft (nearest 222 ft: storage tank inactive),medium,,-79.945382,40.405528
0056N00022000000,56-N-22,Hazelwood,R1A-VH,1823,private,500,single_family,1,True,49.1,52.7,56.4,feasible_with_conditions,by_right,1.0,1.0,1.0,by_right,4.7,6.0,7.4,19432,35118,50163,-445878,-379758,-319805,1 DEP record(s) within 250 ft (nearest 213 ft: storage tank inactive),medium,,-79.945368,40.405486
0056N00022000000,56-N-22,Hazelwood,R1A-VH,1823,private,500,duplex,2,False,,,,high_risk,not_allowed,,,,,,,,,,,,,,1 DEP record(s) within 250 ft (nearest 213 ft: storage tank inactive),medium,,-79.945368,40.405486
0056N00022000000,56-N-22,Hazelwood,R1A-VH,1823,private,500,triplex,3,False,,,,high_risk,not_allowed,,,,,,,,,,,,,,1 DEP record(s) within 250 ft (nearest 213 ft: storage tank inactive),medium,,-79.945368,40.405486
0056N00022000000,56-N-22,Hazelwood,R1A-VH,1823,private,500,townhome,2,False,,,,high_risk,not_allowed,,,,,,,,,,,,,,1 DEP record(s) within 250 ft (nearest 213 ft: storage tank inactive),medium,,-79.945368,40.405486
0056N00022000000,56-N-22,Hazelwood,R1A-VH,1823,private,500,walkup,4,False,,,,high_risk,not_allowed,,,,,,,,,,,,,,1 DEP record(s) within 250 ft (nearest 213 ft: storage tank inactive),medium,,-79.945368,40.405486
0056N00033000000,56-N-33,Hazelwood,R1A-VH,2275,city,3000,single_family,1,True,48.6,52.2,55.8,feasible_with_conditions,by_right,1.0,1.0,1.0,by_right,4.7,6.0,7.4,22077,37763,52808,-448224,-382064,-322138,1 DEP record(s) within 250 ft (nearest 245 ft: storage tank inactive),medium,,-79.945535,40.40565
0056N00033000000,56-N-33,Hazelwood,R1A-VH,2275,city,3000,duplex,2,False,,,,high_risk,not_allowed,,,,,,,,,,,,,,1 DEP record(s) within 250 ft (nearest 245 ft: storage tank inactive),medium,,-79.945535,40.40565
0056N00033000000,56-N-33,Hazelwood,R1A-VH,2275,city,3000,triplex,3,False,,,,high_risk,not_allowed,,,,,,,,,,,,,,1 DEP record(s) within 250 ft (nearest 245 ft: storage tank inactive),medium,,-79.945535,40.40565
0056N00033000000,56-N-33,Hazelwood,R1A-VH,2275,city,3000,townhome,2,False,51.2,53.6,56.1,feasible_with_conditions,subdivision,0.885,0.932,0.966,placeholder,5.2,6.2,7.5,22189,37497,52858,-809018,-683709,-575929,1 DEP record(s) within 250 ft (nearest 245 ft: storage tank inactive),medium,,-79.945535,40.40565
0056N00033000000,56-N-33,Hazelwood,R1A-VH,2275,city,3000,walkup,4,False,,,,high_risk,not_allowed,,,,,,,,,,,,,,1 DEP record(s) within 250 ft (nearest 245 ft: storage tank inactive),medium,,-79.945535,40.40565
0056N00040000000,56-N-40,Hazelwood,R1A-VH,611,city,300,single_family,1,False,,,,high_risk,not_allowed,,,,,,,,,,,,,,1 DEP record(s) within 250 ft (nearest 173 ft: storage tank inactive),medium,,-79.945516,40.405242
0056N00040000000,56-N-40,Hazelwood,R1A-VH,611,city,300,duplex,2,False,,,,high_risk,not_allowed,,,,,,,,,,,,,,1 DEP record(s) within 250 ft (nearest 173 ft: storage tank inactive),medium,,-79.945516,40.405242
0056N00040000000,56-N-40,Hazelwood,R1A-VH,611,city,300,triplex,3,False,,,,high_risk,not_allowed,,,,,,,,,,,,,,1 DEP record(s) within 250 ft (nearest 173 ft: storage tank inactive),medium,,-79.945516,40.405242
0056N00040000000,56-N-40,Hazelwood,R1A-VH,611,city,300,townhome,2,False,,,,high_risk,not_allowed,,,,,,,,,,,,,,1 DEP record(s) within 250 ft (nearest 173 ft: storage tank inactive),medium,,-79.945516,40.405242
0056N00040000000,56-N-40,Hazelwood,R1A-VH,611,city,300,walkup,4,False,,,,high_risk,not_allowed,,,,,,,,,,,,,,1 DEP record(s) within 250 ft (nearest 173 ft: storage tank inactive),medium,,-79.945516,40.405242
0056N00041000000,56-N-41,Hazelwood,R1A-VH,855,private,2300,single_family,1,False,,,,high_risk,not_allowed,,,,,,,,,,,,,,1 DEP record(s) within 250 ft (nearest 183 ft: storage tank inactive),medium,,-79.945469,40.405247
0056N00041000000,56-N-41,Hazelwood,R1A-VH,855,private,2300,duplex,2,False,,,,high_risk,not_allowed,,,,,,,,,,,,,,1 DEP record(s) within 250 ft (nearest 183 ft: storage tank inactive),medium,,-79.945469,40.405247
0056N00041000000,56-N-41,Hazelwood,R1A-VH,855,private,2300,triplex,3,False,,,,high_risk,not_allowed,,,,,,,,,,,,,,1 DEP record(s) within 250 ft (nearest 183 ft: storage tank inactive),medium,,-79.945469,40.405247
0056N00041000000,56-N-41,Hazelwood,R1A-VH,855,private,2300,townhome,2,False,,,,high_risk,not_allowed,,,,,,,,,,,,,,1 DEP record(s) within 250 ft (nearest 183 ft: storage tank inactive),medium,,-79.945469,40.405247
0056N00041000000,56-N-41,Hazelwood,R1A-VH,855,private,2300,walkup,4,False,,,,high_risk,not_allowed,,,,,,,,,,,,,,1 DEP record(s) within 250 ft (nearest 183 ft: storage tank inactive),medium,,-79.945469,40.405247
0056N00042000000,56-N-42,Hazelwood,R1A-VH,783,city,300,single_family,1,False,,,,high_risk,not_allowed,,,,,,,,,,,,,,1 DEP record(s) within 250 ft (nearest 199 ft: storage tank inactive),medium,,-79.945416,40.405254
0056N00042000000,56-N-42,Hazelwood,R1A-VH,783,city,300,duplex,2,False,,,,high_risk,not_allowed,,,,,,,,,,,,,,1 DEP record(s) within 250 ft (nearest 199 ft: storage tank inactive),medium,,-79.945416,40.405254
0056N00042000000,56-N-42,Hazelwood,R1A-VH,783,city,300,triplex,3,False,,,,high_risk,not_allowed,,,,,,,,,,,,,,1 DEP record(s) within 250 ft (nearest 199 ft: storage tank inactive),medium,,-79.945416,40.405254
0056N00042000000,56-N-42,Hazelwood,R1A-VH,783,city,300,townhome,2,False,,,,high_risk,not_allowed,,,,,,,,,,,,,,1 DEP record(s) within 250 ft (nearest 199 ft: storage tank inactive),medium,,-79.945416,40.405254
0056N00042000000,56-N-42,Hazelwood,R1A-VH,783,city,300,walkup,4,False,,,,high_risk,not_allowed,,,,,,,,,,,,,,1 DEP record(s) within 250 ft (nearest 199 ft: storage tank inactive),medium,,-79.945416,40.405254
0056N00043000000,56-N-43,Hazelwood,R1A-VH,959,city,300,single_family,1,False,,,,high_risk,not_allowed,,,,,,,,,,,,,,1 DEP record(s) within 250 ft (nearest 213 ft: storage tank inactive),medium,,-79.94536,40.405258
0056N00043000000,56-N-43,Hazelwood,R1A-VH,959,city,300,duplex,2,False,,,,high_risk,not_allowed,,,,,,,,,,,,,,1 DEP record(s) within 250 ft (nearest 213 ft: storage tank inactive),medium,,-79.94536,40.405258
0056N00043000000,56-N-43,Hazelwood,R1A-VH,959,city,300,triplex,3,False,,,,high_risk,not_allowed,,,,,,,,,,,,,,1 DEP record(s) within 250 ft (nearest 213 ft: storage tank inactive),medium,,-79.94536,40.405258
0056N00043000000,56-N-43,Hazelwood,R1A-VH,959,city,300,townhome,2,False,,,,high_risk,not_allowed,,,,,,,,,,,,,,1 DEP record(s) within 250 ft (nearest 213 ft: storage tank inactive),medium,,-79.94536,40.405258
0056N00043000000,56-N-43,Hazelwood,R1A-VH,959,city,300,walkup,4,False,,,,high_risk,not_allowed,,,,,,,,,,,,,,1 DEP record(s) within 250 ft (nearest 213 ft: storage tank inactive),medium,,-79.94536,40.405258
0056N00052000000,56-N-52,Hazelwood,RIV-IMU,2385,private,600,single_family,,False,,,,high_risk,not_allowed,,,,,,,,,,,,,,Parcel spans more than one district or has uncovered rules,medium,,-79.945619,40.40479
0056N00052000000,56-N-52,Hazelwood,RIV-IMU,2385,private,600,duplex,,False,,,,high_risk,not_allowed,,,,,,,,,,,,,,Parcel spans more than one district or has uncovered rules,medium,,-79.945619,40.40479
0056N00052000000,56-N-52,Hazelwood,RIV-IMU,2385,private,600,triplex,,False,,,,high_risk,not_allowed,,,,,,,,,,,,,,Parcel spans more than one district or has uncovered rules,medium,,-79.945619,40.40479
0056N00052000000,56-N-52,Hazelwood,RIV-IMU,2385,private,600,townhome,,False,,,,high_risk,not_allowed,,,,,,,,,,,,,,Parcel spans more than one district or has uncovered rules,medium,,-79.945619,40.40479
0056N00052000000,56-N-52,Hazelwood,RIV-IMU,2385,private,600,walkup,,False,,,,high_risk,not_allowed,,,,,,,,,,,,,,Parcel spans more than one district or has uncovered rules,medium,,-79.945619,40.40479
0056N00066000000,56-N-66,Hazelwood,R1A-VH,755,city,2300,single_family,1,False,,,,high_risk,not_allowed,,,,,,,,,,,,,,1 DEP record(s) within 250 ft (nearest 248 ft: storage tank inactive),medium,,-79.945828,40.405723
0056N00066000000,56-N-66,Hazelwood,R1A-VH,755,city,2300,duplex,2,False,,,,high_risk,not_allowed,,,,,,,,,,,,,,1 DEP record(s) within 250 ft (nearest 248 ft: storage tank inactive),medium,,-79.945828,40.405723
0056N00066000000,56-N-66,Hazelwood,R1A-VH,755,city,2300,triplex,3,False,,,,high_risk,not_allowed,,,,,,,,,,,,,,1 DEP record(s) within 250 ft (nearest 248 ft: storage tank inactive),medium,,-79.945828,40.405723
0056N00066000000,56-N-66,Hazelwood,R1A-VH,755,city,2300,townhome,2,False,,,,high_risk,not_allowed,,,,,,,,,,,,,,1 DEP record(s) within 250 ft (nearest 248 ft: storage tank inactive),medium,,-79.945828,40.405723
0056N00066000000,56-N-66,Hazelwood,R1A-VH,755,city,2300,walkup,4,False,,,,high_risk,not_allowed,,,,,,,,,,,,,,1 DEP record(s) within 250 ft (nearest 248 ft: storage tank inactive),medium,,-79.945828,40.405723
0056N00066000A00,56-N-66-A,Hazelwood,R1A-VH,809,private,300,single_family,1,False,,,,high_risk,not_allowed,,,,,,,,,,,,,,1 DEP record(s) within 250 ft (nearest 236 ft: storage tank inactive),medium,,-79.94582,40.405687
0056N00066000A00,56-N-66-A,Hazelwood,R1A-VH,809,private,300,duplex,2,False,,,,high_risk,not_allowed,,,,,,,,,,,,,,1 DEP record(s) within 250 ft (nearest 236 ft: storage tank inactive),medium,,-79.94582,40.405687
0056N00066000A00,56-N-66-A,Hazelwood,R1A-VH,809,private,300,triplex,3,False,,,,high_risk,not_allowed,,,,,,,,,,,,,,1 DEP record(s) within 250 ft (nearest 236 ft: storage tank inactive),medium,,-79.94582,40.405687
0056N00066000A00,56-N-66-A,Hazelwood,R1A-VH,809,private,300,townhome,2,False,,,,high_risk,not_allowed,,,,,,,,,,,,,,1 DEP record(s) within 250 ft (nearest 236 ft: storage tank inactive),medium,,-79.94582,40.405687
0056N00066000A00,56-N-66-A,Hazelwood,R1A-VH,809,private,300,walkup,4,False,,,,high_risk,not_allowed,,,,,,,,,,,,,,1 DEP record(s) within 250 ft (nearest 236 ft: storage tank inactive),medium,,-79.94582,40.405687
0056N00069000000,56-N-69,Hazelwood,R1A-VH,1024,private,400,single_family,1,False,,,,high_risk,not_allowed,,,,,,,,,,,,,,"2 DEP record(s) within 1,000 ft",low,,-79.945847,40.40589
0056N00069000000,56-N-69,Hazelwood,R1A-VH,1024,private,400,duplex,2,False,,,,high_risk,not_allowed,,,,,,,,,,,,,,"2 DEP record(s) within 1,000 ft",low,,-79.945847,40.40589
0056N00069000000,56-N-69,Hazelwood,R1A-VH,1024,private,400,triplex,3,False,,,,high_risk,not_allowed,,,,,,,,,,,,,,"2 DEP record(s) within 1,000 ft",low,,-79.945847,40.40589
0056N00069000000,56-N-69,Hazelwood,R1A-VH,1024,private,400,townhome,2,False,,,,high_risk,not_allowed,,,,,,,,,,,,,,"2 DEP record(s) within 1,000 ft",low,,-79.945847,40.40589
0056N00069000000,56-N-69,Hazelwood,R1A-VH,1024,private,400,walkup,4,False,,,,high_risk,not_allowed,,,,,,,,,,,,,,"2 DEP record(s) within 1,000 ft",low,,-79.945847,40.40589
0056N00071000000,56-N-71,Hazelwood,R1A-VH,1020,city,300,single_family,1,False,,,,high_risk,not_allowed,,,,,,,,,,,,,,"$2,402 in tax liens",medium,,-79.945869,40.405993
0056N00071000000,56-N-71,Hazelwood,R1A-VH,1020,city,300,duplex,2,False,,,,high_risk,not_allowed,,,,,,,,,,,,,,"$2,402 in tax liens",medium,,-79.945869,40.405993
0056N00071000000,56-N-71,Hazelwood,R1A-VH,1020,city,300,triplex,3,False,,,,high_risk,not_allowed,,,,,,,,,,,,,,"$2,402 in tax liens",medium,,-79.945869,40.405993
0056N00071000000,56-N-71,Hazelwood,R1A-VH,1020,city,300,townhome,2,False,,,,high_risk,not_allowed,,,,,,,,,,,,,,"$2,402 in tax liens",medium,,-79.945869,40.405993
0056N00071000000,56-N-71,Hazelwood,R1A-VH,1020,city,300,walkup,4,False,,,,high_risk,not_allowed,,,,,,,,,,,,,,"$2,402 in tax liens",medium,,-79.945869,40.405993
0056N00082000000,56-N-82,Hazelwood,R1A-VH,1202,private,400,single_family,1,False,,,,high_risk,not_allowed,,,,,,,,,,,,,,"2 DEP record(s) within 1,000 ft",low,,-79.946107,40.40642
0056N00082000000,56-N-82,Hazelwood,R1A-VH,1202,private,400,duplex,2,False,,,,high_risk,not_allowed,,,,,,,,,,,,,,"2 DEP record(s) within 1,000 ft",low,,-79.946107,40.40642
0056N00082000000,56-N-82,Hazelwood,R1A-VH,1202,private,400,triplex,3,False,,,,high_risk,not_allowed,,,,,,,,,,,,,,"2 DEP record(s) within 1,000 ft",low,,-79.946107,40.40642
0056N00082000000,56-N-82,Hazelwood,R1A-VH,1202,private,400,townhome,2,False,,,,high_risk,not_allowed,,,,,,,,,,,,,,"2 DEP record(s) within 1,000 ft",low,,-79.946107,40.40642
0056N00082000000,56-N-82,Hazelwood,R1A-VH,1202,private,400,walkup,4,False,,,,high_risk,not_allowed,,,,,,,,,,,,,,"2 DEP record(s) within 1,000 ft",low,,-79.946107,40.40642
0056N00083000000,56-N-83,Hazelwood,R1A-VH,1179,private,300,single_family,1,False,,,,high_risk,not_allowed,,,,,,,,,,,,,,"2 DEP record(s) within 1,000 ft",low,,-79.94616,40.406412
0056N00083000000,56-N-83,Hazelwood,R1A-VH,1179,private,300,duplex,2,False,,,,high_risk,not_allowed,,,,,,,,,,,,,,"2 DEP record(s) within 1,000 ft",low,,-79.94616,40.406412
0056N00083000000,56-N-83,Hazelwood,R1A-VH,1179,private,300,triplex,3,False,,,,high_risk,not_allowed,,,,,,,,,,,,,,"2 DEP record(s) within 1,000 ft",low,,-79.94616,40.406412
0056N00083000000,56-N-83,Hazelwood,R1A-VH,1179,private,300,townhome,2,False,,,,high_risk,not_allowed,,,,,,,,,,,,,,"2 DEP record(s) within 1,000 ft",low,,-79.94616,40.406412
0056N00083000000,56-N-83,Hazelwood,R1A-VH,1179,private,300,walkup,4,False,,,,high_risk,not_allowed,,,,,,,,,,,,,,"2 DEP record(s) within 1,000 ft",low,,-79.94616,40.406412
0056N00093000000,56-N-93,Hazelwood,RIV-IMU,4702,private,1900,single_family,,False,,,,high_risk,not_allowed,,,,,,,,,,,,,,Parcel spans more than one district or has uncovered rules,medium,,-79.945704,40.404668
0056N00093000000,56-N-93,Hazelwood,RIV-IMU,4702,private,1900,duplex,,False,,,,high_risk,not_allowed,,,,,,,,,,,,,,Parcel spans more than one district or has uncovered rules,medium,,-79.945704,40.404668
0056N00093000000,56-N-93,Hazelwood,RIV-IMU,4702,private,1900,triplex,,False,,,,high_risk,not_allowed,,,,,,,,,,,,,,Parcel spans more than one district or has uncovered rules,medium,,-79.945704,40.404668
0056N00093000000,56-N-93,Hazelwood,RIV-IMU,4702,private,1900,townhome,,False,,,,high_risk,not_allowed,,,,,,,,,,,,,,Parcel spans more than one district or has uncovered rules,medium,,-79.945704,40.404668
0056N00093000000,56-N-93,Hazelwood,RIV-IMU,4702,private,1900,walkup,,False,,,,high_risk,not_allowed,,,,,,,,,,,,,,Parcel spans more than one district or has uncovered rules,medium,,-79.945704,40.404668
0056N00096000000,56-N-96,Hazelwood,RIV-IMU,738,city,300,single_family,,False,,,,high_risk,not_allowed,,,,,,,,,,,,,,Parcel spans more than one district or has uncovered rules,medium,,-79.945945,40.404885
0056N00096000000,56-N-96,Hazelwood,RIV-IMU,738,city,300,duplex,,False,,,,high_risk,not_allowed,,,,,,,,,,,,,,Parcel spans more than one district or has uncovered rules,medium,,-79.945945,40.404885
0056N00096000000,56-N-96,Hazelwood,RIV-IMU,738,city,300,triplex,,False,,,,high_risk,not_allowed,,,,,,,,,,,,,,Parcel spans more than one district or has uncovered rules,medium,,-79.945945,40.404885
0056N00096000000,56-N-96,Hazelwood,RIV-IMU,738,city,300,townhome,,False,,,,high_risk,not_allowed,,,,,,,,,,,,,,Parcel spans more than one district or has uncovered rules,medium,,-79.945945,40.404885
0056N00096000000,56-N-96,Hazelwood,RIV-IMU,738,city,300,walkup,,False,,,,high_risk,not_allowed,,,,,,,,,,,,,,Parcel spans more than one district or has uncovered rules,medium,,-79.945945,40.404885
0056N00097000000,56-N-97,Hazelwood,RIV-IMU,831,city,300,single_family,,False,,,,high_risk,not_allowed,,,,,,,,,,,,,,Parcel spans more than one district or has uncovered rules,medium,,-79.945842,40.404899
0056N00097000000,56-N-97,Hazelwood,RIV-IMU,831,city,300,duplex,,False,,,,high_risk,not_allowed,,,,,,,,,,,,,,Parcel spans more than one district or has uncovered rules,medium,,-79.945842,40.404899
0056N00097000000,56-N-97,Hazelwood,RIV-IMU,831,city,300,triplex,,False,,,,high_risk,not_allowed,,,,,,,,,,,,,,Parcel spans more than one district or has uncovered rules,medium,,-79.945842,40.404899
0056N00097000000,56-N-97,Hazelwood,RIV-IMU,831,city,300,townhome,,False,,,,high_risk,not_allowed,,,,,,,,,,,,,,Parcel spans more than one district or has uncovered rules,medium,,-79.945842,40.404899
0056N00097000000,56-N-97,Hazelwood,RIV-IMU,831,city,300,walkup,,False,,,,high_risk,not_allowed,,,,,,,,,,,,,,Parcel spans more than one district or has uncovered rules,medium,,-79.945842,40.404899
0056N00097000A00,56-N-97-A,Hazelwood,RIV-IMU,872,city,300,single_family,,False,,,,high_risk,not_allowed,,,,,,,,,,,,,,Parcel spans more than one district or has uncovered rules,medium,,-79.945895,40.404891
0056N00097000A00,56-N-97-A,Hazelwood,RIV-IMU,872,city,300,duplex,,False,,,,high_risk,not_allowed,,,,,,,,,,,,,,Parcel spans more than one district or has uncovered rules,medium,,-79.945895,40.404891
0056N00097000A00,56-N-97-A,Hazelwood,RIV-IMU,872,city,300,triplex,,False,,,,high_risk,not_allowed,,,,,,,,,,,,,,Parcel spans more than one district or has uncovered rules,medium,,-79.945895,40.404891
0056N00097000A00,56-N-97-A,Hazelwood,RIV-IMU,872,city,300,townhome,,False,,,,high_risk,not_allowed,,,,,,,,,,,,,,Parcel spans more than one district or has uncovered rules,medium,,-79.945895,40.404891
0056N00097000A00,56-N-97-A,Hazelwood,RIV-IMU,872,city,300,walkup,,False,,,,high_risk,not_allowed,,,,,,,,,,,,,,Parcel spans more than one district or has uncovered rules,medium,,-79.945895,40.404891
0056N00098000C00,56-N-98-C,Hazelwood,RIV-IMU,837,private,300,single_family,,False,,,,high_risk,not_allowed,,,,,,,,,,,,,,Parcel spans more than one district or has uncovered rules,medium,,-79.945681,40.404917
0056N00098000C00,56-N-98-C,Hazelwood,RIV-IMU,837,private,300,duplex,,False,,,,high_risk,not_allowed,,,,,,,,,,,,,,Parcel spans more than one district or has uncovered rules,medium,,-79.945681,40.404917
0056N00098000C00,56-N-98-C,Hazelwood,RIV-IMU,837,private,300,triplex,,False,,,,high_risk,not_allowed,,,,,,,,,,,,,,Parcel spans more than one district or has uncovered rules,medium,,-79.945681,40.404917
0056N00098000C00,56-N-98-C,Hazelwood,RIV-IMU,837,private,300,townhome,,False,,,,high_risk,not_allowed,,,,,,,,,,,,,,Parcel spans more than one district or has uncovered rules,medium,,-79.945681,40.404917
0056N00098000C00,56-N-98-C,Hazelwood,RIV-IMU,837,private,300,walkup,,False,,,,high_risk,not_allowed,,,,,,,,,,,,,,Parcel spans more than one district or has uncovered rules,medium,,-79.945681,40.404917
0056N00099000000,56-N-99,Hazelwood,RIV-IMU,842,city,300,single_family,,False,,,,high_risk,not_allowed,,,,,,,,,,,,,,Parcel spans more than one district or has uncovered rules,medium,,-79.945627,40.404922
0056N00099000000,56-N-99,Hazelwood,RIV-IMU,842,city,300,duplex,,False,,,,high_risk,not_allowed,,,,,,,,,,,,,,Parcel spans more than one district or has uncovered rules,medium,,-79.945627,40.404922
0056N00099000000,56-N-99,Hazelwood,RIV-IMU,842,city,300,triplex,,False,,,,high_risk,not_allowed,,,,,,,,,,,,,,Parcel spans more than one district or has uncovered rules,medium,,-79.945627,40.404922
0056N00099000000,56-N-99,Hazelwood,RIV-IMU,842,city,300,townhome,,False,,,,high_risk,not_allowed,,,,,,,,,,,,,,Parcel spans more than one district or has uncovered rules,medium,,-79.945627,40.404922
0056N00099000000,56-N-99,Hazelwood,RIV-IMU,842,city,300,walkup,,False,,,,high_risk,not_allowed,,,,,,,,,,,,,,Parcel spans more than one district or has uncovered rules,medium,,-79.945627,40.404922
0056N00099000B00,56-N-99-B,Hazelwood,RIV-IMU,895,city,400,single_family,,False,,,,high_risk,not_allowed,,,,,,,,,,,,,,Parcel spans more than one district or has uncovered rules,medium,,-79.945572,40.40493
0056N00099000B00,56-N-99-B,Hazelwood,RIV-IMU,895,city,400,duplex,,False,,,,high_risk,not_allowed,,,,,,,,,,,,,,Parcel spans more than one district or has uncovered rules,medium,,-79.945572,40.40493
0056N00099000B00,56-N-99-B,Hazelwood,RIV-IMU,895,city,400,triplex,,False,,,,high_risk,not_allowed,,,,,,,,,,,,,,Parcel spans more than one district or has uncovered rules,medium,,-79.945572,40.40493
0056N00099000B00,56-N-99-B,Hazelwood,RIV-IMU,895,city,400,townhome,,False,,,,high_risk,not_allowed,,,,,,,,,,,,,,Parcel spans more than one district or has uncovered rules,medium,,-79.945572,40.40493
0056N00099000B00,56-N-99-B,Hazelwood,RIV-IMU,895,city,400,walkup,,False,,,,high_risk,not_allowed,,,,,,,,,,,,,,Parcel spans more than one district or has uncovered rules,medium,,-79.945572,40.40493
0056N00112000000,56-N-112,Hazelwood,R1A-VH,1353,city,400,single_family,1,True,49.5,52.1,54.5,feasible_with_conditions,variance,0.827,0.9,0.944,model,6.3,7.6,9.3,8951,15144,21145,-429154,-360600,-301798,$38 in tax liens,medium,,-79.946058,40.405862
0056N00112000000,56-N-112,Hazelwood,R1A-VH,1353,city,400,duplex,2,False,,,,high_risk,not_allowed,,,,,,,,,,,,,,$38 in tax liens,medium,,-79.946058,40.405862
0056N00112000000,56-N-112,Hazelwood,R1A-VH,1353,city,400,triplex,3,False,,,,high_risk,not_allowed,,,,,,,,,,,,,,$38 in tax liens,medium,,-79.946058,40.405862
0056N00112000000,56-N-112,Hazelwood,R1A-VH,1353,city,400,townhome,2,False,,,,high_risk,not_allowed,,,,,,,,,,,,,,$38 in tax liens,medium,,-79.946058,40.405862
0056N00112000000,56-N-112,Hazelwood,R1A-VH,1353,city,400,walkup,4,False,,,,high_risk,not_allowed,,,,,,,,,,,,,,$38 in tax liens,medium,,-79.946058,40.405862
0056N00116000000,56-N-116,Hazelwood,R1A-VH,1360,city,2500,single_family,1,True,49.5,52.1,54.5,feasible_with_conditions,variance,0.827,0.9,0.944,model,6.3,7.6,9.3,8946,15139,21140,-429150,-360596,-301793,$33 in tax liens,medium,,-79.946102,40.40607
0056N00116000000,56-N-116,Hazelwood,R1A-VH,1360,city,2500,duplex,2,False,,,,high_risk,not_allowed,,,,,,,,,,,,,,$33 in tax liens,medium,,-79.946102,40.40607
0056N00116000000,56-N-116,Hazelwood,R1A-VH,1360,city,2500,triplex,3,False,,,,high_risk,not_allowed,,,,,,,,,,,,,,$33 in tax liens,medium,,-79.946102,40.40607
0056N00116000000,56-N-116,Hazelwood,R1A-VH,1360,city,2500,townhome,2,False,,,,high_risk,not_allowed,,,,,,,,,,,,,,$33 in tax liens,medium,,-79.946102,40.40607
0056N00116000000,56-N-116,Hazelwood,R1A-VH,1360,city,2500,walkup,4,False,,,,high_risk,not_allowed,,,,,,,,,,,,,,$33 in tax liens,medium,,-79.946102,40.40607
0056N00143000000,56-N-143,Hazelwood,R1A-VH,1127,city,2500,single_family,1,False,,,,high_risk,not_allowed,,,,,,,,,,,,,,1 DEP record(s) within 250 ft (nearest 238 ft: storage tank inactive),medium,,-79.946499,40.405654
0056N00143000000,56-N-143,Hazelwood,R1A-VH,1127,city,2500,duplex,2,False,,,,high_risk,not_allowed,,,,,,,,,,,,,,1 DEP record(s) within 250 ft (nearest 238 ft: storage tank inactive),medium,,-79.946499,40.405654
0056N00143000000,56-N-143,Hazelwood,R1A-VH,1127,city,2500,triplex,3,False,,,,high_risk,not_allowed,,,,,,,,,,,,,,1 DEP record(s) within 250 ft (nearest 238 ft: storage tank inactive),medium,,-79.946499,40.405654
0056N00143000000,56-N-143,Hazelwood,R1A-VH,1127,city,2500,townhome,2,False,,,,high_risk,not_allowed,,,,,,,,,,,,,,1 DEP record(s) within 250 ft (nearest 238 ft: storage tank inactive),medium,,-79.946499,40.405654
0056N00143000000,56-N-143,Hazelwood,R1A-VH,1127,city,2500,walkup,4,False,,,,high_risk,not_allowed,,,,,,,,,,,,,,1 DEP record(s) within 250 ft (nearest 238 ft: storage tank inactive),medium,,-79.946499,40.405654
0056N00152000A00,56-N-152-A,Hazelwood,R1A-VH,1237,city,300,single_family,1,True,42.3,46.1,49.9,high_risk,variance,0.827,0.9,0.944,model,6.3,7.6,9.3,29440,44828,60100,-455788,-387914,-327571,1 DEP record(s) within 250 ft (nearest 90 ft: storage tank inactive),medium,,-79.94641,40.405247
0056N00152000A00,56-N-152-A,Hazelwood,R1A-VH,1237,city,300,duplex,2,False,,,,high_risk,not_allowed,,,,,,,,,,,,,,1 DEP record(s) within 250 ft (nearest 90 ft: storage tank inactive),medium,,-79.94641,40.405247
0056N00152000A00,56-N-152-A,Hazelwood,R1A-VH,1237,city,300,triplex,3,False,,,,high_risk,not_allowed,,,,,,,,,,,,,,1 DEP record(s) within 250 ft (nearest 90 ft: storage tank inactive),medium,,-79.94641,40.405247
0056N00152000A00,56-N-152-A,Hazelwood,R1A-VH,1237,city,300,townhome,2,False,,,,high_risk,not_allowed,,,,,,,,,,,,,,1 DEP record(s) within 250 ft (nearest 90 ft: storage tank inactive),medium,,-79.94641,40.405247
0056N00152000A00,56-N-152-A,Hazelwood,R1A-VH,1237,city,300,walkup,4,False,,,,high_risk,not_allowed,,,,,,,,,,,,,,1 DEP record(s) within 250 ft (nearest 90 ft: storage tank inactive),medium,,-79.94641,40.405247
0056N00161000000,56-N-161,Hazelwood,R1A-VH,519,private,100,single_family,1,False,,,,high_risk,not_allowed,,,,,,,,,,,,,,1 DEP record(s) within 250 ft (nearest 135 ft: storage tank inactive),medium,,-79.946657,40.405165
0056N00161000000,56-N-161,Hazelwood,R1A-VH,519,private,100,duplex,2,False,,,,high_risk,not_allowed,,,,,,,,,,,,,,1 DEP record(s) within 250 ft (nearest 135 ft: storage tank inactive),medium,,-79.946657,40.405165
0056N00161000000,56-N-161,Hazelwood,R1A-VH,519,private,100,triplex,3,False,,,,high_risk,not_allowed,,,,,,,,,,,,,,1 DEP record(s) within 250 ft (nearest 135 ft: storage tank inactive),medium,,-79.946657,40.405165
0056N00161000000,56-N-161,Hazelwood,R1A-VH,519,private,100,townhome,2,False,,,,high_risk,not_allowed,,,,,,,,,,,,,,1 DEP record(s) within 250 ft (nearest 135 ft: storage tank inactive),medium,,-79.946657,40.405165
0056N00161000000,56-N-161,Hazelwood,R1A-VH,519,private,100,walkup,4,False,,,,high_risk,not_allowed,,,,,,,,,,,,,,1 DEP record(s) within 250 ft (nearest 135 ft: storage tank inactive),medium,,-79.946657,40.405165
0056N00162000000,56-N-162,Hazelwood,R1A-VH,762,private,300,single_family,1,False,,,,high_risk,not_allowed,,,,,,,,,,,,,,1 DEP record(s) within 250 ft (nearest 141 ft: storage tank inactive),medium,,-79.946664,40.405198
0056N00162000000,56-N-162,Hazelwood,R1A-VH,762,private,300,duplex,2,False,,,,high_risk,not_allowed,,,,,,,,,,,,,,1 DEP record(s) within 250 ft (nearest 141 ft: storage tank inactive),medium,,-79.946664,40.405198
0056N00162000000,56-N-162,Hazelwood,R1A-VH,762,private,300,triplex,3,False,,,,high_risk,not_allowed,,,,,,,,,,,,,,1 DEP record(s) within 250 ft (nearest 141 ft: storage tank inactive),medium,,-79.946664,40.405198
0056N00162000000,56-N-162,Hazelwood,R1A-VH,762,private,300,townhome,2,False,,,,high_risk,not_allowed,,,,,,,,,,,,,,1 DEP record(s) within 250 ft (nearest 141 ft: storage tank inactive),medium,,-79.946664,40.405198
0056N00162000000,56-N-162,Hazelwood,R1A-VH,762,private,300,walkup,4,False,,,,high_risk,not_allowed,,,,,,,,,,,,,,1 DEP record(s) within 250 ft (nearest 141 ft: storage tank inactive),medium,,-79.946664,40.405198
0056N00163000000,56-N-163,Hazelwood,R1A-VH,781,private,300,single_family,1,False,,,,high_risk,not_allowed,,,,,,,,,,,,,,1 DEP record(s) within 250 ft (nearest 150 ft: storage tank inactive),medium,,-79.946675,40.405239
0056N00163000000,56-N-163,Hazelwood,R1A-VH,781,private,300,duplex,2,False,,,,high_risk,not_allowed,,,,,,,,,,,,,,1 DEP record(s) within 250 ft (nearest 150 ft: storage tank inactive),medium,,-79.946675,40.405239
0056N00163000000,56-N-163,Hazelwood,R1A-VH,781,private,300,triplex,3,False,,,,high_risk,not_allowed,,,,,,,,,,,,,,1 DEP record(s) within 250 ft (nearest 150 ft: storage tank inactive),medium,,-79.946675,40.405239
0056N00163000000,56-N-163,Hazelwood,R1A-VH,781,private,300,townhome,2,False,,,,high_risk,not_allowed,,,,,,,,,,,,,,1 DEP record(s) within 250 ft (nearest 150 ft: storage tank inactive),medium,,-79.946675,40.405239
0056N00163000000,56-N-163,Hazelwood,R1A-VH,781,private,300,walkup,4,False,,,,high_risk,not_allowed,,,,,,,,,,,,,,1 DEP record(s) within 250 ft (nearest 150 ft: storage tank inactive),medium,,-79.946675,40.405239
0056N00164000000,56-N-164,Hazelwood,R1A-VH,812,private,300,single_family,1,False,,,,high_risk,not_allowed,,,,,,,,,,,,,,1 DEP record(s) within 250 ft (nearest 160 ft: storage tank inactive),medium,,-79.946684,40.40528
0056N00164000000,56-N-164,Hazelwood,R1A-VH,812,private,300,duplex,2,False,,,,high_risk,not_allowed,,,,,,,,,,,,,,1 DEP record(s) within 250 ft (nearest 160 ft: storage tank inactive),medium,,-79.946684,40.40528
0056N00164000000,56-N-164,Hazelwood,R1A-VH,812,private,300,triplex,3,False,,,,high_risk,not_allowed,,,,,,,,,,,,,,1 DEP record(s) within 250 ft (nearest 160 ft: storage tank inactive),medium,,-79.946684,40.40528
0056N00164000000,56-N-164,Hazelwood,R1A-VH,812,private,300,townhome,2,False,,,,high_risk,not_allowed,,,,,,,,,,,,,,1 DEP record(s) within 250 ft (nearest 160 ft: storage tank inactive),medium,,-79.946684,40.40528
0056N00164000000,56-N-164,Hazelwood,R1A-VH,812,private,300,walkup,4,False,,,,high_risk,not_allowed,,,,,,,,,,,,,,1 DEP record(s) within 250 ft (nearest 160 ft: storage tank inactive),medium,,-79.946684,40.40528
0056N00165000000,56-N-165,Hazelwood,R1A-VH,746,private,300,single_family,1,False,,,,high_risk,not_allowed,,,,,,,,,,,,,,1 DEP record(s) within 250 ft (nearest 170 ft: storage tank inactive),medium,,-79.946692,40.40532
0056N00165000000,56-N-165,Hazelwood,R1A-VH,746,private,300,duplex,2,False,,,,high_risk,not_allowed,,,,,,,,,,,,,,1 DEP record(s) within 250 ft (nearest 170 ft: storage tank inactive),medium,,-79.946692,40.40532
0056N00165000000,56-N-165,Hazelwood,R1A-VH,746,private,300,triplex,3,False,,,,high_risk,not_allowed,,,,,,,,,,,,,,1 DEP record(s) within 250 ft (nearest 170 ft: storage tank inactive),medium,,-79.946692,40.40532
0056N00165000000,56-N-165,Hazelwood,R1A-VH,746,private,300,townhome,2,False,,,,high_risk,not_allowed,,,,,,,,,,,,,,1 DEP record(s) within 250 ft (nearest 170 ft: storage tank inactive),medium,,-79.946692,40.40532
0056N00165000000,56-N-165,Hazelwood,R1A-VH,746,private,300,walkup,4,False,,,,high_risk,not_allowed,,,,,,,,,,,,,,1 DEP record(s) within 250 ft (nearest 170 ft: storage tank inactive),medium,,-79.946692,40.40532
0056N00167000000,56-N-167,Hazelwood,R1A-VH,844,private,300,single_family,1,False,,,,high_risk,not_allowed,,,,,,,,,,,,,,1 DEP record(s) within 250 ft (nearest 181 ft: storage tank inactive),medium,,-79.946701,40.405361
0056N00167000000,56-N-167,Hazelwood,R1A-VH,844,private,300,duplex,2,False,,,,high_risk,not_allowed,,,,,,,,,,,,,,1 DEP record(s) within 250 ft (nearest 181 ft: storage tank inactive),medium,,-79.946701,40.405361
0056N00167000000,56-N-167,Hazelwood,R1A-VH,844,private,300,triplex,3,False,,,,high_risk,not_allowed,,,,,,,,,,,,,,1 DEP record(s) within 250 ft (nearest 181 ft: storage tank inactive),medium,,-79.946701,40.405361
0056N00167000000,56-N-167,Hazelwood,R1A-VH,844,private,300,townhome,2,False,,,,high_risk,not_allowed,,,,,,,,,,,,,,1 DEP record(s) within 250 ft (nearest 181 ft: storage tank inactive),medium,,-79.946701,40.405361
0056N00167000000,56-N-167,Hazelwood,R1A-VH,844,private,300,walkup,4,False,,,,high_risk,not_allowed,,,,,,,,,,,,,,1 DEP record(s) within 250 ft (nearest 181 ft: storage tank inactive),medium,,-79.946701,40.405361
0056N00168000000,56-N-168,Hazelwood,R1A-VH,756,private,300,single_family,1,False,,,,high_risk,not_allowed,,,,,,,,,,,,,,1 DEP record(s) within 250 ft (nearest 194 ft: storage tank inactive),medium,,-79.946711,40.405402
0056N00168000000,56-N-168,Hazelwood,R1A-VH,756,private,300,duplex,2,False,,,,high_risk,not_allowed,,,,,,,,,,,,,,1 DEP record(s) within 250 ft (nearest 194 ft: storage tank inactive),medium,,-79.946711,40.405402
0056N00168000000,56-N-168,Hazelwood,R1A-VH,756,private,300,triplex,3,False,,,,high_risk,not_allowed,,,,,,,,,,,,,,1 DEP record(s) within 250 ft (nearest 194 ft: storage tank inactive),medium,,-79.946711,40.405402
0056N00168000000,56-N-168,Hazelwood,R1A-VH,756,private,300,townhome,2,False,,,,high_risk,not_allowed,,,,,,,,,,,,,,1 DEP record(s) within 250 ft (nearest 194 ft: storage tank inactive),medium,,-79.946711,40.405402
0056N00168000000,56-N-168,Hazelwood,R1A-VH,756,private,300,walkup,4,False,,,,high_risk,not_allowed,,,,,,,,,,,,,,1 DEP record(s) within 250 ft (nearest 194 ft: storage tank inactive),medium,,-79.946711,40.405402
0056N00169000000,56-N-169,Hazelwood,R1A-VH,823,private,300,single_family,1,False,,,,high_risk,not_allowed,,,,,,,,,,,,,,1 DEP record(s) within 250 ft (nearest 205 ft: storage tank inactive),medium,,-79.94672,40.405442
0056N00169000000,56-N-169,Hazelwood,R1A-VH,823,private,300,duplex,2,False,,,,high_risk,not_allowed,,,,,,,,,,,,,,1 DEP record(s) within 250 ft (nearest 205 ft: storage tank inactive),medium,,-79.94672,40.405442
0056N00169000000,56-N-169,Hazelwood,R1A-VH,823,private,300,triplex,3,False,,,,high_risk,not_allowed,,,,,,,,,,,,,,1 DEP record(s) within 250 ft (nearest 205 ft: storage tank inactive),medium,,-79.94672,40.405442
0056N00169000000,56-N-169,Hazelwood,R1A-VH,823,private,300,townhome,2,False,,,,high_risk,not_allowed,,,,,,,,,,,,,,1 DEP record(s) within 250 ft (nearest 205 ft: storage tank inactive),medium,,-79.94672,40.405442
0056N00169000000,56-N-169,Hazelwood,R1A-VH,823,private,300,walkup,4,False,,,,high_risk,not_allowed,,,,,,,,,,,,,,1 DEP record(s) within 250 ft (nearest 205 ft: storage tank inactive),medium,,-79.94672,40.405442
0056N00170000000,56-N-170,Hazelwood,R1A-VH,827,city,300,single_family,1,False,,,,high_risk,not_allowed,,,,,,,,,,,,,,1 DEP record(s) within 250 ft (nearest 218 ft: storage tank inactive),medium,,-79.946729,40.405483
0056N00170000000,56-N-170,Hazelwood,R1A-VH,827,city,300,duplex,2,False,,,,high_risk,not_allowed,,,,,,,,,,,,,,1 DEP record(s) within 250 ft (nearest 218 ft: storage tank inactive),medium,,-79.946729,40.405483
0056N00170000000,56-N-170,Hazelwood,R1A-VH,827,city,300,triplex,3,False,,,,high_risk,not_allowed,,,,,,,,,,,,,,1 DEP record(s) within 250 ft (nearest 218 ft: storage tank inactive),medium,,-79.946729,40.405483
0056N00170000000,56-N-170,Hazelwood,R1A-VH,827,city,300,townhome,2,False,,,,high_risk,not_allowed,,,,,,,,,,,,,,1 DEP record(s) within 250 ft (nearest 218 ft: storage tank inactive),medium,,-79.946729,40.405483
0056N00170000000,56-N-170,Hazelwood,R1A-VH,827,city,300,walkup,4,False,,,,high_risk,not_allowed,,,,,,,,,,,,,,1 DEP record(s) within 250 ft (nearest 218 ft: storage tank inactive),medium,,-79.946729,40.405483
0056N00171000000,56-N-171,Hazelwood,R1A-VH,791,private,300,single_family,1,False,,,,high_risk,not_allowed,,,,,,,,,,,,,,1 DEP record(s) within 250 ft (nearest 231 ft: storage tank inactive),medium,,-79.946737,40.405524
0056N00171000000,56-N-171,Hazelwood,R1A-VH,791,private,300,duplex,2,False,,,,high_risk,not_allowed,,,,,,,,,,,,,,1 DEP record(s) within 250 ft (nearest 231 ft: storage tank inactive),medium,,-79.946737,40.405524
0056N00171000000,56-N-171,Hazelwood,R1A-VH,791,private,300,triplex,3,False,,,,high_risk,not_allowed,,,,,,,,,,,,,,1 DEP record(s) within 250 ft (nearest 231 ft: storage tank inactive),medium,,-79.946737,40.405524
0056N00171000000,56-N-171,Hazelwood,R1A-VH,791,private,300,townhome,2,False,,,,high_risk,not_allowed,,,,,,,,,,,,,,1 DEP record(s) within 250 ft (nearest 231 ft: storage tank inactive),medium,,-79.946737,40.405524
0056N00171000000,56-N-171,Hazelwood,R1A-VH,791,private,300,walkup,4,False,,,,high_risk,not_allowed,,,,,,,,,,,,,,1 DEP record(s) within 250 ft (nearest 231 ft: storage tank inactive),medium,,-79.946737,40.405524
0056N00173000000,56-N-173,Hazelwood,R1A-VH,839,private,300,single_family,1,False,,,,high_risk,not_allowed,,,,,,,,,,,,,,1 DEP record(s) within 250 ft (nearest 244 ft: storage tank inactive),medium,,-79.946747,40.405564
0056N00173000000,56-N-173,Hazelwood,R1A-VH,839,private,300,duplex,2,False,,,,high_risk,not_allowed,,,,,,,,,,,,,,1 DEP record(s) within 250 ft (nearest 244 ft: storage tank inactive),medium,,-79.946747,40.405564
0056N00173000000,56-N-173,Hazelwood,R1A-VH,839,private,300,triplex,3,False,,,,high_risk,not_allowed,,,,,,,,,,,,,,1 DEP record(s) within 250 ft (nearest 244 ft: storage tank inactive),medium,,-79.946747,40.405564
0056N00173000000,56-N-173,Hazelwood,R1A-VH,839,private,300,townhome,2,False,,,,high_risk,not_allowed,,,,,,,,,,,,,,1 DEP record(s) within 250 ft (nearest 244 ft: storage tank inactive),medium,,-79.946747,40.405564
0056N00173000000,56-N-173,Hazelwood,R1A-VH,839,private,300,walkup,4,False,,,,high_risk,not_allowed,,,,,,,,,,,,,,1 DEP record(s) within 250 ft (nearest 244 ft: storage tank inactive),medium,,-79.946747,40.405564
0056N00174000000,56-N-174,Hazelwood,R1A-VH,801,private,300,single_family,1,False,,,,high_risk,not_allowed,,,,,,,,,,,,,,"2 DEP record(s) within 1,000 ft",low,,-79.946755,40.405604
0056N00174000000,56-N-174,Hazelwood,R1A-VH,801,private,300,duplex,2,False,,,,high_risk,not_allowed,,,,,,,,,,,,,,"2 DEP record(s) within 1,000 ft",low,,-79.946755,40.405604
0056N00174000000,56-N-174,Hazelwood,R1A-VH,801,private,300,triplex,3,False,,,,high_risk,not_allowed,,,,,,,,,,,,,,"2 DEP record(s) within 1,000 ft",low,,-79.946755,40.405604
0056N00174000000,56-N-174,Hazelwood,R1A-VH,801,private,300,townhome,2,False,,,,high_risk,not_allowed,,,,,,,,,,,,,,"2 DEP record(s) within 1,000 ft",low,,-79.946755,40.405604
0056N00174000000,56-N-174,Hazelwood,R1A-VH,801,private,300,walkup,4,False,,,,high_risk,not_allowed,,,,,,,,,,,,,,"2 DEP record(s) within 1,000 ft",low,,-79.946755,40.405604
0056N00175000000,56-N-175,Hazelwood,R1A-VH,891,private,300,single_family,1,False,,,,high_risk,not_allowed,,,,,,,,,,,,,,"2 DEP record(s) within 1,000 ft",low,,-79.946767,40.405645
0056N00175000000,56-N-175,Hazelwood,R1A-VH,891,private,300,duplex,2,False,,,,high_risk,not_allowed,,,,,,,,,,,,,,"2 DEP record(s) within 1,000 ft",low,,-79.946767,40.405645
0056N00175000000,56-N-175,Hazelwood,R1A-VH,891,private,300,triplex,3,False,,,,high_risk,not_allowed,,,,,,,,,,,,,,"2 DEP record(s) within 1,000 ft",low,,-79.946767,40.405645
0056N00175000000,56-N-175,Hazelwood,R1A-VH,891,private,300,townhome,2,False,,,,high_risk,not_allowed,,,,,,,,,,,,,,"2 DEP record(s) within 1,000 ft",low,,-79.946767,40.405645
0056N00175000000,56-N-175,Hazelwood,R1A-VH,891,private,300,walkup,4,False,,,,high_risk,not_allowed,,,,,,,,,,,,,,"2 DEP record(s) within 1,000 ft",low,,-79.946767,40.405645
0056N00176000000,56-N-176,Hazelwood,R1A-VH,890,private,300,single_family,1,False,,,,high_risk,not_allowed,,,,,,,,,,,,,,"2 DEP record(s) within 1,000 ft",low,,-79.946774,40.405688
0056N00176000000,56-N-176,Hazelwood,R1A-VH,890,private,300,duplex,2,False,,,,high_risk,not_allowed,,,,,,,,,,,,,,"2 DEP record(s) within 1,000 ft",low,,-79.946774,40.405688
0056N00176000000,56-N-176,Hazelwood,R1A-VH,890,private,300,triplex,3,False,,,,high_risk,not_allowed,,,,,,,,,,,,,,"2 DEP record(s) within 1,000 ft",low,,-79.946774,40.405688
0056N00176000000,56-N-176,Hazelwood,R1A-VH,890,private,300,townhome,2,False,,,,high_risk,not_allowed,,,,,,,,,,,,,,"2 DEP record(s) within 1,000 ft",low,,-79.946774,40.405688
0056N00176000000,56-N-176,Hazelwood,R1A-VH,890,private,300,walkup,4,False,,,,high_risk,not_allowed,,,,,,,,,,,,,,"2 DEP record(s) within 1,000 ft",low,,-79.946774,40.405688
0056N00177000000,56-N-177,Hazelwood,R1A-VH,798,private,300,single_family,1,False,,,,high_risk,not_allowed,,,,,,,,,,,,,,"2 DEP record(s) within 1,000 ft",low,,-79.946784,40.405728
0056N00177000000,56-N-177,Hazelwood,R1A-VH,798,private,300,duplex,2,False,,,,high_risk,not_allowed,,,,,,,,,,,,,,"2 DEP record(s) within 1,000 ft",low,,-79.946784,40.405728
0056N00177000000,56-N-177,Hazelwood,R1A-VH,798,private,300,triplex,3,False,,,,high_risk,not_allowed,,,,,,,,,,,,,,"2 DEP record(s) within 1,000 ft",low,,-79.946784,40.405728
0056N00177000000,56-N-177,Hazelwood,R1A-VH,798,private,300,townhome,2,False,,,,high_risk,not_allowed,,,,,,,,,,,,,,"2 DEP record(s) within 1,000 ft",low,,-79.946784,40.405728
0056N00177000000,56-N-177,Hazelwood,R1A-VH,798,private,300,walkup,4,False,,,,high_risk,not_allowed,,,,,,,,,,,,,,"2 DEP record(s) within 1,000 ft",low,,-79.946784,40.405728
0056N00179000000,56-N-179,Hazelwood,R1A-VH,853,private,300,single_family,1,False,,,,high_risk,not_allowed,,,,,,,,,,,,,,"2 DEP record(s) within 1,000 ft",low,,-79.946795,40.405767
0056N00179000000,56-N-179,Hazelwood,R1A-VH,853,private,300,duplex,2,False,,,,high_risk,not_allowed,,,,,,,,,,,,,,"2 DEP record(s) within 1,000 ft",low,,-79.946795,40.405767
0056N00179000000,56-N-179,Hazelwood,R1A-VH,853,private,300,triplex,3,False,,,,high_risk,not_allowed,,,,,,,,,,,,,,"2 DEP record(s) within 1,000 ft",low,,-79.946795,40.405767
0056N00179000000,56-N-179,Hazelwood,R1A-VH,853,private,300,townhome,2,False,,,,high_risk,not_allowed,,,,,,,,,,,,,,"2 DEP record(s) within 1,000 ft",low,,-79.946795,40.405767
0056N00179000000,56-N-179,Hazelwood,R1A-VH,853,private,300,walkup,4,False,,,,high_risk,not_allowed,,,,,,,,,,,,,,"2 DEP record(s) within 1,000 ft",low,,-79.946795,40.405767
0056N00180000000,56-N-180,Hazelwood,R1A-VH,872,private,300,single_family,1,False,,,,high_risk,not_allowed,,,,,,,,,,,,,,"2 DEP record(s) within 1,000 ft",low,,-79.946801,40.405809
0056N00180000000,56-N-180,Hazelwood,R1A-VH,872,private,300,duplex,2,False,,,,high_risk,not_allowed,,,,,,,,,,,,,,"2 DEP record(s) within 1,000 ft",low,,-79.946801,40.405809
0056N00180000000,56-N-180,Hazelwood,R1A-VH,872,private,300,triplex,3,False,,,,high_risk,not_allowed,,,,,,,,,,,,,,"2 DEP record(s) within 1,000 ft",low,,-79.946801,40.405809
0056N00180000000,56-N-180,Hazelwood,R1A-VH,872,private,300,townhome,2,False,,,,high_risk,not_allowed,,,,,,,,,,,,,,"2 DEP record(s) within 1,000 ft",low,,-79.946801,40.405809
0056N00180000000,56-N-180,Hazelwood,R1A-VH,872,private,300,walkup,4,False,,,,high_risk,not_allowed,,,,,,,,,,,,,,"2 DEP record(s) within 1,000 ft",low,,-79.946801,40.405809
0056N00181000000,56-N-181,Hazelwood,R1A-VH,832,private,400,single_family,1,False,,,,high_risk,not_allowed,,,,,,,,,,,,,,"2 DEP record(s) within 1,000 ft",low,,-79.946813,40.405848
0056N00181000000,56-N-181,Hazelwood,R1A-VH,832,private,400,duplex,2,False,,,,high_risk,not_allowed,,,,,,,,,,,,,,"2 DEP record(s) within 1,000 ft",low,,-79.946813,40.405848
0056N00181000000,56-N-181,Hazelwood,R1A-VH,832,private,400,triplex,3,False,,,,high_risk,not_allowed,,,,,,,,,,,,,,"2 DEP record(s) within 1,000 ft",low,,-79.946813,40.405848
0056N00181000000,56-N-181,Hazelwood,R1A-VH,832,private,400,townhome,2,False,,,,high_risk,not_allowed,,,,,,,,,,,,,,"2 DEP record(s) within 1,000 ft",low,,-79.946813,40.405848
0056N00181000000,56-N-181,Hazelwood,R1A-VH,832,private,400,walkup,4,False,,,,high_risk,not_allowed,,,,,,,,,,,,,,"2 DEP record(s) within 1,000 ft",low,,-79.946813,40.405848
0056N00182000000,56-N-182,Hazelwood,R1A-VH,924,private,400,single_family,1,False,,,,high_risk,not_allowed,,,,,,,,,,,,,,"2 DEP record(s) within 1,000 ft",low,,-79.946821,40.405889
0056N00182000000,56-N-182,Hazelwood,R1A-VH,924,private,400,duplex,2,False,,,,high_risk,not_allowed,,,,,,,,,,,,,,"2 DEP record(s) within 1,000 ft",low,,-79.946821,40.405889
0056N00182000000,56-N-182,Hazelwood,R1A-VH,924,private,400,triplex,3,False,,,,high_risk,not_allowed,,,,,,,,,,,,,,"2 DEP record(s) within 1,000 ft",low,,-79.946821,40.405889
0056N00182000000,56-N-182,Hazelwood,R1A-VH,924,private,400,townhome,2,False,,,,high_risk,not_allowed,,,,,,,,,,,,,,"2 DEP record(s) within 1,000 ft",low,,-79.946821,40.405889
0056N00182000000,56-N-182,Hazelwood,R1A-VH,924,private,400,walkup,4,False,,,,high_risk,not_allowed,,,,,,,,,,,,,,"2 DEP record(s) within 1,000 ft",low,,-79.946821,40.405889
0056N00183000000,56-N-183,Hazelwood,R1A-VH,818,private,300,single_family,1,False,,,,high_risk,not_allowed,,,,,,,,,,,,,,"2 DEP record(s) within 1,000 ft",low,,-79.946831,40.405929
0056N00183000000,56-N-183,Hazelwood,R1A-VH,818,private,300,duplex,2,False,,,,high_risk,not_allowed,,,,,,,,,,,,,,"2 DEP record(s) within 1,000 ft",low,,-79.946831,40.405929
0056N00183000000,56-N-183,Hazelwood,R1A-VH,818,private,300,triplex,3,False,,,,high_risk,not_allowed,,,,,,,,,,,,,,"2 DEP record(s) within 1,000 ft",low,,-79.946831,40.405929
0056N00183000000,56-N-183,Hazelwood,R1A-VH,818,private,300,townhome,2,False,,,,high_risk,not_allowed,,,,,,,,,,,,,,"2 DEP record(s) within 1,000 ft",low,,-79.946831,40.405929
0056N00183000000,56-N-183,Hazelwood,R1A-VH,818,private,300,walkup,4,False,,,,high_risk,not_allowed,,,,,,,,,,,,,,"2 DEP record(s) within 1,000 ft",low,,-79.946831,40.405929
0056N00186000000,56-N-186,Hazelwood,R1A-VH,848,private,300,single_family,1,False,,,,high_risk,not_allowed,,,,,,,,,,,,,,"2 DEP record(s) within 1,000 ft",low,,-79.946839,40.405967
0056N00186000000,56-N-186,Hazelwood,R1A-VH,848,private,300,duplex,2,False,,,,high_risk,not_allowed,,,,,,,,,,,,,,"2 DEP record(s) within 1,000 ft",low,,-79.946839,40.405967
0056N00186000000,56-N-186,Hazelwood,R1A-VH,848,private,300,triplex,3,False,,,,high_risk,not_allowed,,,,,,,,,,,,,,"2 DEP record(s) within 1,000 ft",low,,-79.946839,40.405967
0056N00186000000,56-N-186,Hazelwood,R1A-VH,848,private,300,townhome,2,False,,,,high_risk,not_allowed,,,,,,,,,,,,,,"2 DEP record(s) within 1,000 ft",low,,-79.946839,40.405967
0056N00186000000,56-N-186,Hazelwood,R1A-VH,848,private,300,walkup,4,False,,,,high_risk,not_allowed,,,,,,,,,,,,,,"2 DEP record(s) within 1,000 ft",low,,-79.946839,40.405967
0056N00188000000,56-N-188,Hazelwood,R1A-VH,902,private,300,single_family,1,False,,,,high_risk,not_allowed,,,,,,,,,,,,,,"2 DEP record(s) within 1,000 ft",low,,-79.946855,40.406045
0056N00188000000,56-N-188,Hazelwood,R1A-VH,902,private,300,duplex,2,False,,,,high_risk,not_allowed,,,,,,,,,,,,,,"2 DEP record(s) within 1,000 ft",low,,-79.946855,40.406045
0056N00188000000,56-N-188,Hazelwood,R1A-VH,902,private,300,triplex,3,False,,,,high_risk,not_allowed,,,,,,,,,,,,,,"2 DEP record(s) within 1,000 ft",low,,-79.946855,40.406045
0056N00188000000,56-N-188,Hazelwood,R1A-VH,902,private,300,townhome,2,False,,,,high_risk,not_allowed,,,,,,,,,,,,,,"2 DEP record(s) within 1,000 ft",low,,-79.946855,40.406045
0056N00188000000,56-N-188,Hazelwood,R1A-VH,902,private,300,walkup,4,False,,,,high_risk,not_allowed,,,,,,,,,,,,,,"2 DEP record(s) within 1,000 ft",low,,-79.946855,40.406045
0056N00189000000,56-N-189,Hazelwood,R1A-VH,887,private,300,single_family,1,False,,,,high_risk,not_allowed,,,,,,,,,,,,,,"1 DEP record(s) within 1,000 ft",low,,-79.946865,40.406085
0056N00189000000,56-N-189,Hazelwood,R1A-VH,887,private,300,duplex,2,False,,,,high_risk,not_allowed,,,,,,,,,,,,,,"1 DEP record(s) within 1,000 ft",low,,-79.946865,40.406085
0056N00189000000,56-N-189,Hazelwood,R1A-VH,887,private,300,triplex,3,False,,,,high_risk,not_allowed,,,,,,,,,,,,,,"1 DEP record(s) within 1,000 ft",low,,-79.946865,40.406085
0056N00189000000,56-N-189,Hazelwood,R1A-VH,887,private,300,townhome,2,False,,,,high_risk,not_allowed,,,,,,,,,,,,,,"1 DEP record(s) within 1,000 ft",low,,-79.946865,40.406085
0056N00189000000,56-N-189,Hazelwood,R1A-VH,887,private,300,walkup,4,False,,,,high_risk,not_allowed,,,,,,,,,,,,,,"1 DEP record(s) within 1,000 ft",low,,-79.946865,40.406085
0056N00190000000,56-N-190,Hazelwood,R1A-VH,923,private,300,single_family,1,False,,,,high_risk,not_allowed,,,,,,,,,,,,,,"1 DEP record(s) within 1,000 ft",low,,-79.946876,40.406124
0056N00190000000,56-N-190,Hazelwood,R1A-VH,923,private,300,duplex,2,False,,,,high_risk,not_allowed,,,,,,,,,,,,,,"1 DEP record(s) within 1,000 ft",low,,-79.946876,40.406124
0056N00190000000,56-N-190,Hazelwood,R1A-VH,923,private,300,triplex,3,False,,,,high_risk,not_allowed,,,,,,,,,,,,,,"1 DEP record(s) within 1,000 ft",low,,-79.946876,40.406124
0056N00190000000,56-N-190,Hazelwood,R1A-VH,923,private,300,townhome,2,False,,,,high_risk,not_allowed,,,,,,,,,,,,,,"1 DEP record(s) within 1,000 ft",low,,-79.946876,40.406124
0056N00190000000,56-N-190,Hazelwood,R1A-VH,923,private,300,walkup,4,False,,,,high_risk,not_allowed,,,,,,,,,,,,,,"1 DEP record(s) within 1,000 ft",low,,-79.946876,40.406124
0056N00203000000,56-N-203,Hazelwood,R1A-VH,1121,city,300,single_family,1,False,,,,high_risk,not_allowed,,,,,,,,,,,,,,$280 in tax liens,medium,,-79.947113,40.405865
0056N00203000000,56-N-203,Hazelwood,R1A-VH,1121,city,300,duplex,2,False,,,,high_risk,not_allowed,,,,,,,,,,,,,,$280 in tax liens,medium,,-79.947113,40.405865
0056N00203000000,56-N-203,Hazelwood,R1A-VH,1121,city,300,triplex,3,False,,,,high_risk,not_allowed,,,,,,,,,,,,,,$280 in tax liens,medium,,-79.947113,40.405865
0056N00203000000,56-N-203,Hazelwood,R1A-VH,1121,city,300,townhome,2,False,,,,high_risk,not_allowed,,,,,,,,,,,,,,$280 in tax liens,medium,,-79.947113,40.405865
0056N00203000000,56-N-203,Hazelwood,R1A-VH,1121,city,300,walkup,4,False,,,,high_risk,not_allowed,,,,,,,,,,,,,,$280 in tax liens,medium,,-79.947113,40.405865
0056N00206000000,56-N-206,Hazelwood,R1A-VH,1203,city,300,single_family,1,True,49.3,51.9,54.4,feasible_with_conditions,variance,0.827,0.9,0.944,model,6.3,7.6,9.3,9844,16036,22038,-433947,-365641,-305153,$931 in tax liens,medium,,-79.947073,40.405711
0056N00206000000,56-N-206,Hazelwood,R1A-VH,1203,city,300,duplex,2,False,,,,high_risk,not_allowed,,,,,,,,,,,,,,$931 in tax liens,medium,,-79.947073,40.405711
0056N00206000000,56-N-206,Hazelwood,R1A-VH,1203,city,300,triplex,3,False,,,,high_risk,not_allowed,,,,,,,,,,,,,,$931 in tax liens,medium,,-79.947073,40.405711
0056N00206000000,56-N-206,Hazelwood,R1A-VH,1203,city,300,townhome,2,False,,,,high_risk,not_allowed,,,,,,,,,,,,,,$931 in tax liens,medium,,-79.947073,40.405711
0056N00206000000,56-N-206,Hazelwood,R1A-VH,1203,city,300,walkup,4,False,,,,high_risk,not_allowed,,,,,,,,,,,,,,$931 in tax liens,medium,,-79.947073,40.405711
0056N00209000000,56-N-209,Hazelwood,R1A-VH,1283,private,300,single_family,1,True,49.5,52.1,54.5,feasible_with_conditions,variance,0.827,0.9,0.944,model,6.3,7.6,9.3,8915,15107,21109,-428379,-360154,-301402,$2 in tax liens,medium,,-79.947032,40.405555
0056N00209000000,56-N-209,Hazelwood,R1A-VH,1283,private,300,duplex,2,False,,,,high_risk,not_allowed,,,,,,,,,,,,,,$2 in tax liens,medium,,-79.947032,40.405555
0056N00209000000,56-N-209,Hazelwood,R1A-VH,1283,private,300,triplex,3,False,,,,high_risk,not_allowed,,,,,,,,,,,,,,$2 in tax liens,medium,,-79.947032,40.405555
0056N00209000000,56-N-209,Hazelwood,R1A-VH,1283,private,300,townhome,2,False,,,,high_risk,not_allowed,,,,,,,,,,,,,,$2 in tax liens,medium,,-79.947032,40.405555
0056N00209000000,56-N-209,Hazelwood,R1A-VH,1283,private,300,walkup,4,False,,,,high_risk,not_allowed,,,,,,,,,,,,,,$2 in tax liens,medium,,-79.947032,40.405555
0056N00211000000,56-N-211,Hazelwood,R1A-VH,1116,city,300,single_family,1,False,,,,high_risk,not_allowed,,,,,,,,,,,,,,"$8,806 in tax liens",medium,,-79.947005,40.405452
0056N00211000000,56-N-211,Hazelwood,R1A-VH,1116,city,300,duplex,2,False,,,,high_risk,not_allowed,,,,,,,,,,,,,,"$8,806 in tax liens",medium,,-79.947005,40.405452
0056N00211000000,56-N-211,Hazelwood,R1A-VH,1116,city,300,triplex,3,False,,,,high_risk,not_allowed,,,,,,,,,,,,,,"$8,806 in tax liens",medium,,-79.947005,40.405452
0056N00211000000,56-N-211,Hazelwood,R1A-VH,1116,city,300,townhome,2,False,,,,high_risk,not_allowed,,,,,,,,,,,,,,"$8,806 in tax liens",medium,,-79.947005,40.405452
0056N00211000000,56-N-211,Hazelwood,R1A-VH,1116,city,300,walkup,4,False,,,,high_risk,not_allowed,,,,,,,,,,,,,,"$8,806 in tax liens",medium,,-79.947005,40.405452
0056N00212000000,56-N-212,Hazelwood,R1A-VH,1221,city,300,single_family,1,True,49.3,51.9,54.3,feasible_with_conditions,variance,0.827,0.9,0.944,model,6.3,7.6,9.3,9969,16162,22163,-427518,-359370,-300916,"$1,056 in tax liens",medium,,-79.946993,40.4054
0056N00212000000,56-N-212,Hazelwood,R1A-VH,1221,city,300,duplex,2,False,,,,high_risk,not_allowed,,,,,,,,,,,,,,"$1,056 in tax liens",medium,,-79.946993,40.4054
0056N00212000000,56-N-212,Hazelwood,R1A-VH,1221,city,300,triplex,3,False,,,,high_risk,not_allowed,,,,,,,,,,,,,,"$1,056 in tax liens",medium,,-79.946993,40.4054
0056N00212000000,56-N-212,Hazelwood,R1A-VH,1221,city,300,townhome,2,False,,,,high_risk,not_allowed,,,,,,,,,,,,,,"$1,056 in tax liens",medium,,-79.946993,40.4054
0056N00212000000,56-N-212,Hazelwood,R1A-VH,1221,city,300,walkup,4,False,,,,high_risk,not_allowed,,,,,,,,,,,,,,"$1,056 in tax liens",medium,,-79.946993,40.4054
0056N00213000000,56-N-213,Hazelwood,R1A-VH,1075,city,300,single_family,1,False,,,,high_risk,not_allowed,,,,,,,,,,,,,,1 DEP record(s) within 250 ft (nearest 240 ft: storage tank inactive),medium,,-79.946979,40.405348
0056N00213000000,56-N-213,Hazelwood,R1A-VH,1075,city,300,duplex,2,False,,,,high_risk,not_allowed,,,,,,,,,,,,,,1 DEP record(s) within 250 ft (nearest 240 ft: storage tank inactive),medium,,-79.946979,40.405348
0056N00213000000,56-N-213,Hazelwood,R1A-VH,1075,city,300,triplex,3,False,,,,high_risk,not_allowed,,,,,,,,,,,,,,1 DEP record(s) within 250 ft (nearest 240 ft: storage tank inactive),medium,,-79.946979,40.405348
0056N00213000000,56-N-213,Hazelwood,R1A-VH,1075,city,300,townhome,2,False,,,,high_risk,not_allowed,,,,,,,,,,,,,,1 DEP record(s) within 250 ft (nearest 240 ft: storage tank inactive),medium,,-79.946979,40.405348
0056N00213000000,56-N-213,Hazelwood,R1A-VH,1075,city,300,walkup,4,False,,,,high_risk,not_allowed,,,,,,,,,,,,,,1 DEP record(s) within 250 ft (nearest 240 ft: storage tank inactive),medium,,-79.946979,40.405348
0056N00214000000,56-N-214,Hazelwood,R1A-VH,1135,private,300,single_family,1,False,,,,high_risk,not_allowed,,,,,,,,,,,,,,1 DEP record(s) within 250 ft (nearest 228 ft: storage tank inactive),medium,,-79.946965,40.405297
0056N00214000000,56-N-214,Hazelwood,R1A-VH,1135,private,300,duplex,2,False,,,,high_risk,not_allowed,,,,,,,,,,,,,,1 DEP record(s) within 250 ft (nearest 228 ft: storage tank inactive),medium,,-79.946965,40.405297
0056N00214000000,56-N-214,Hazelwood,R1A-VH,1135,private,300,triplex,3,False,,,,high_risk,not_allowed,,,,,,,,,,,,,,1 DEP record(s) within 250 ft (nearest 228 ft: storage tank inactive),medium,,-79.946965,40.405297
0056N00214000000,56-N-214,Hazelwood,R1A-VH,1135,private,300,townhome,2,False,,,,high_risk,not_allowed,,,,,,,,,,,,,,1 DEP record(s) within 250 ft (nearest 228 ft: storage tank inactive),medium,,-79.946965,40.405297
0056N00214000000,56-N-214,Hazelwood,R1A-VH,1135,private,300,walkup,4,False,,,,high_risk,not_allowed,,,,,,,,,,,,,,1 DEP record(s) within 250 ft (nearest 228 ft: storage tank inactive),medium,,-79.946965,40.405297
0056N00215000000,56-N-215,Hazelwood,R1A-VH,1036,private,300,single_family,1,False,,,,high_risk,not_allowed,,,,,,,,,,,,,,1 DEP record(s) within 250 ft (nearest 218 ft: storage tank inactive),medium,,-79.946952,40.405247
0056N00215000000,56-N-215,Hazelwood,R1A-VH,1036,private,300,duplex,2,False,,,,high_risk,not_allowed,,,,,,,,,,,,,,1 DEP record(s) within 250 ft (nearest 218 ft: storage tank inactive),medium,,-79.946952,40.405247
0056N00215000000,56-N-215,Hazelwood,R1A-VH,1036,private,300,triplex,3,False,,,,high_risk,not_allowed,,,,,,,,,,,,,,1 DEP record(s) within 250 ft (nearest 218 ft: storage tank inactive),medium,,-79.946952,40.405247
0056N00215000000,56-N-215,Hazelwood,R1A-VH,1036,private,300,townhome,2,False,,,,high_risk,not_allowed,,,,,,,,,,,,,,1 DEP record(s) within 250 ft (nearest 218 ft: storage tank inactive),medium,,-79.946952,40.405247
0056N00215000000,56-N-215,Hazelwood,R1A-VH,1036,private,300,walkup,4,False,,,,high_risk,not_allowed,,,,,,,,,,,,,,1 DEP record(s) within 250 ft (nearest 218 ft: storage tank inactive),medium,,-79.946952,40.405247
0056N00216000000,56-N-216,Hazelwood,R1A-VH,1192,city,300,single_family,1,True,43.4,47.2,51.1,high_risk,variance,0.827,0.9,0.944,model,6.3,7.6,9.3,23617,39005,54277,-446975,-379465,-320290,1 DEP record(s) within 250 ft (nearest 208 ft: storage tank inactive),medium,,-79.94694,40.405195
0056N00216000000,56-N-216,Hazelwood,R1A-VH,1192,city,300,duplex,2,False,,,,high_risk,not_allowed,,,,,,,,,,,,,,1 DEP record(s) within 250 ft (nearest 208 ft: storage tank inactive),medium,,-79.94694,40.405195
0056N00216000000,56-N-216,Hazelwood,R1A-VH,1192,city,300,triplex,3,False,,,,high_risk,not_allowed,,,,,,,,,,,,,,1 DEP record(s) within 250 ft (nearest 208 ft: storage tank inactive),medium,,-79.94694,40.405195
0056N00216000000,56-N-216,Hazelwood,R1A-VH,1192,city,300,townhome,2,False,,,,high_risk,not_allowed,,,,,,,,,,,,,,1 DEP record(s) within 250 ft (nearest 208 ft: storage tank inactive),medium,,-79.94694,40.405195
0056N00216000000,56-N-216,Hazelwood,R1A-VH,1192,city,300,walkup,4,False,,,,high_risk,not_allowed,,,,,,,,,,,,,,1 DEP record(s) within 250 ft (nearest 208 ft: storage tank inactive),medium,,-79.94694,40.405195
0056N00249000000,56-N-249,Hazelwood,R1A-VH,1772,private,400,single_family,1,True,45.1,49.0,52.9,high_risk,by_right,1.0,1.0,1.0,by_right,4.8,6.0,7.3,36040,54500,72918,-472484,-402654,-342544,Condemned or dead-end property,medium,,-79.947134,40.406256
0056N00249000000,56-N-249,Hazelwood,R1A-VH,1772,private,400,duplex,2,False,,,,high_risk,not_allowed,,,,,,,,,,,,,,Condemned or dead-end property,medium,,-79.947134,40.406256
0056N00249000000,56-N-249,Hazelwood,R1A-VH,1772,private,400,triplex,3,False,,,,high_risk,not_allowed,,,,,,,,,,,,,,Condemned or dead-end property,medium,,-79.947134,40.406256
0056N00249000000,56-N-249,Hazelwood,R1A-VH,1772,private,400,townhome,2,False,,,,high_risk,not_allowed,,,,,,,,,,,,,,Condemned or dead-end property,medium,,-79.947134,40.406256
0056N00249000000,56-N-249,Hazelwood,R1A-VH,1772,private,400,walkup,4,False,,,,high_risk,not_allowed,,,,,,,,,,,,,,Condemned or dead-end property,medium,,-79.947134,40.406256
0056P00004000000,56-P-4,Hazelwood,R1A-VH,987,city,300,single_family,1,False,,,,high_risk,not_allowed,,,,,,,,,,,,,,"$3,603 in tax liens",medium,,-79.945264,40.405453
0056P00004000000,56-P-4,Hazelwood,R1A-VH,987,city,300,duplex,2,False,,,,high_risk,not_allowed,,,,,,,,,,,,,,"$3,603 in tax liens",medium,,-79.945264,40.405453
0056P00004000000,56-P-4,Hazelwood,R1A-VH,987,city,300,triplex,3,False,,,,high_risk,not_allowed,,,,,,,,,,,,,,"$3,603 in tax liens",medium,,-79.945264,40.405453
0056P00004000000,56-P-4,Hazelwood,R1A-VH,987,city,300,townhome,2,False,,,,high_risk,not_allowed,,,,,,,,,,,,,,"$3,603 in tax liens",medium,,-79.945264,40.405453
0056P00004000000,56-P-4,Hazelwood,R1A-VH,987,city,300,walkup,4,False,,,,high_risk,not_allowed,,,,,,,,,,,,,,"$3,603 in tax liens",medium,,-79.945264,40.405453
0056P00008000000,56-P-8,Hazelwood,R1A-VH,839,city,300,single_family,1,False,,,,high_risk,not_allowed,,,,,,,,,,,,,,1 DEP record(s) within 250 ft (nearest 235 ft: storage tank inactive),medium,,-79.945224,40.405298
0056P00008000000,56-P-8,Hazelwood,R1A-VH,839,city,300,duplex,2,False,,,,high_risk,not_allowed,,,,,,,,,,,,,,1 DEP record(s) within 250 ft (nearest 235 ft: storage tank inactive),medium,,-79.945224,40.405298
0056P00008000000,56-P-8,Hazelwood,R1A-VH,839,city,300,triplex,3,False,,,,high_risk,not_allowed,,,,,,,,,,,,,,1 DEP record(s) within 250 ft (nearest 235 ft: storage tank inactive),medium,,-79.945224,40.405298
0056P00008000000,56-P-8,Hazelwood,R1A-VH,839,city,300,townhome,2,False,,,,high_risk,not_allowed,,,,,,,,,,,,,,1 DEP record(s) within 250 ft (nearest 235 ft: storage tank inactive),medium,,-79.945224,40.405298
0056P00008000000,56-P-8,Hazelwood,R1A-VH,839,city,300,walkup,4,False,,,,high_risk,not_allowed,,,,,,,,,,,,,,1 DEP record(s) within 250 ft (nearest 235 ft: storage tank inactive),medium,,-79.945224,40.405298
0056P00009000000,56-P-9,Hazelwood,R1A-VH,869,city,300,single_family,1,False,,,,high_risk,not_allowed,,,,,,,,,,,,,,1 DEP record(s) within 250 ft (nearest 233 ft: storage tank inactive),medium,,-79.94522,40.405259
0056P00009000000,56-P-9,Hazelwood,R1A-VH,869,city,300,duplex,2,False,,,,high_risk,not_allowed,,,,,,,,,,,,,,1 DEP record(s) within 250 ft (nearest 233 ft: storage tank inactive),medium,,-79.94522,40.405259
0056P00009000000,56-P-9,Hazelwood,R1A-VH,869,city,300,triplex,3,False,,,,high_risk,not_allowed,,,,,,,,,,,,,,1 DEP record(s) within 250 ft (nearest 233 ft: storage tank inactive),medium,,-79.94522,40.405259
0056P00009000000,56-P-9,Hazelwood,R1A-VH,869,city,300,townhome,2,False,,,,high_risk,not_allowed,,,,,,,,,,,,,,1 DEP record(s) within 250 ft (nearest 233 ft: storage tank inactive),medium,,-79.94522,40.405259
0056P00009000000,56-P-9,Hazelwood,R1A-VH,869,city,300,walkup,4,False,,,,high_risk,not_allowed,,,,,,,,,,,,,,1 DEP record(s) within 250 ft (nearest 233 ft: storage tank inactive),medium,,-79.94522,40.405259
0056P00010000000,56-P-10,Hazelwood,R1A-VH,852,city,300,single_family,1,False,,,,high_risk,not_allowed,,,,,,,,,,,,,,1 DEP record(s) within 250 ft (nearest 231 ft: storage tank inactive),medium,,-79.945209,40.405221
0056P00010000000,56-P-10,Hazelwood,R1A-VH,852,city,300,duplex,2,False,,,,high_risk,not_allowed,,,,,,,,,,,,,,1 DEP record(s) within 250 ft (nearest 231 ft: storage tank inactive),medium,,-79.945209,40.405221
0056P00010000000,56-P-10,Hazelwood,R1A-VH,852,city,300,triplex,3,False,,,,high_risk,not_allowed,,,,,,,,,,,,,,1 DEP record(s) within 250 ft (nearest 231 ft: storage tank inactive),medium,,-79.945209,40.405221
0056P00010000000,56-P-10,Hazelwood,R1A-VH,852,city,300,townhome,2,False,,,,high_risk,not_allowed,,,,,,,,,,,,,,1 DEP record(s) within 250 ft (nearest 231 ft: storage tank inactive),medium,,-79.945209,40.405221
0056P00010000000,56-P-10,Hazelwood,R1A-VH,852,city,300,walkup,4,False,,,,high_risk,not_allowed,,,,,,,,,,,,,,1 DEP record(s) within 250 ft (nearest 231 ft: storage tank inactive),medium,,-79.945209,40.405221
0056P00013000000,56-P-13,Hazelwood,GI,2281,private,600,single_family,,False,,,,high_risk,not_allowed,,,,,,,,,,,,,,Parcel spans more than one district or has uncovered rules,medium,,-79.945235,40.404856
0056P00013000000,56-P-13,Hazelwood,GI,2281,private,600,duplex,,False,,,,high_risk,not_allowed,,,,,,,,,,,,,,Parcel spans more than one district or has uncovered rules,medium,,-79.945235,40.404856
0056P00013000000,56-P-13,Hazelwood,GI,2281,private,600,triplex,,False,,,,high_risk,not_allowed,,,,,,,,,,,,,,Parcel spans more than one district or has uncovered rules,medium,,-79.945235,40.404856
0056P00013000000,56-P-13,Hazelwood,GI,2281,private,600,townhome,,False,,,,high_risk,not_allowed,,,,,,,,,,,,,,Parcel spans more than one district or has uncovered rules,medium,,-79.945235,40.404856
0056P00013000000,56-P-13,Hazelwood,GI,2281,private,600,walkup,,False,,,,high_risk,not_allowed,,,,,,,,,,,,,,Parcel spans more than one district or has uncovered rules,medium,,-79.945235,40.404856
0056P00015000000,56-P-15,Hazelwood,GI,2468,private,1000,single_family,,False,,,,high_risk,not_allowed,,,,,,,,,,,,,,Parcel spans more than one district or has uncovered rules,medium,,-79.945222,40.404803
0056P00015000000,56-P-15,Hazelwood,GI,2468,private,1000,duplex,,False,,,,high_risk,not_allowed,,,,,,,,,,,,,,Parcel spans more than one district or has uncovered rules,medium,,-79.945222,40.404803
0056P00015000000,56-P-15,Hazelwood,GI,2468,private,1000,triplex,,False,,,,high_risk,not_allowed,,,,,,,,,,,,,,Parcel spans more than one district or has uncovered rules,medium,,-79.945222,40.404803
0056P00015000000,56-P-15,Hazelwood,GI,2468,private,1000,townhome,,False,,,,high_risk,not_allowed,,,,,,,,,,,,,,Parcel spans more than one district or has uncovered rules,medium,,-79.945222,40.404803
0056P00015000000,56-P-15,Hazelwood,GI,2468,private,1000,walkup,,False,,,,high_risk,not_allowed,,,,,,,,,,,,,,Parcel spans more than one district or has uncovered rules,medium,,-79.945222,40.404803
0056P00019000000,56-P-19,Hazelwood,GI,3451,private,700,single_family,,False,,,,high_risk,not_allowed,,,,,,,,,,,,,,Parcel spans more than one district or has uncovered rules,medium,,-79.945171,40.404573
0056P00019000000,56-P-19,Hazelwood,GI,3451,private,700,duplex,,False,,,,high_risk,not_allowed,,,,,,,,,,,,,,Parcel spans more than one district or has uncovered rules,medium,,-79.945171,40.404573
0056P00019000000,56-P-19,Hazelwood,GI,3451,private,700,triplex,,False,,,,high_risk,not_allowed,,,,,,,,,,,,,,Parcel spans more than one district or has uncovered rules,medium,,-79.945171,40.404573
0056P00019000000,56-P-19,Hazelwood,GI,3451,private,700,townhome,,False,,,,high_risk,not_allowed,,,,,,,,,,,,,,Parcel spans more than one district or has uncovered rules,medium,,-79.945171,40.404573
0056P00019000000,56-P-19,Hazelwood,GI,3451,private,700,walkup,,False,,,,high_risk,not_allowed,,,,,,,,,,,,,,Parcel spans more than one district or has uncovered rules,medium,,-79.945171,40.404573
0056P00021000000,56-P-21,Hazelwood,GI,3570,private,700,single_family,,False,,,,high_risk,not_allowed,,,,,,,,,,,,,,Parcel spans more than one district or has uncovered rules,medium,,-79.945155,40.404493
0056P00021000000,56-P-21,Hazelwood,GI,3570,private,700,duplex,,False,,,,high_risk,not_allowed,,,,,,,,,,,,,,Parcel spans more than one district or has uncovered rules,medium,,-79.945155,40.404493
0056P00021000000,56-P-21,Hazelwood,GI,3570,private,700,triplex,,False,,,,high_risk,not_allowed,,,,,,,,,,,,,,Parcel spans more than one district or has uncovered rules,medium,,-79.945155,40.404493
0056P00021000000,56-P-21,Hazelwood,GI,3570,private,700,townhome,,False,,,,high_risk,not_allowed,,,,,,,,,,,,,,Parcel spans more than one district or has uncovered rules,medium,,-79.945155,40.404493
0056P00021000000,56-P-21,Hazelwood,GI,3570,private,700,walkup,,False,,,,high_risk,not_allowed,,,,,,,,,,,,,,Parcel spans more than one district or has uncovered rules,medium,,-79.945155,40.404493
0056P00023000000,56-P-23,Hazelwood,GI,2510,private,600,single_family,,False,,,,high_risk,not_allowed,,,,,,,,,,,,,,Parcel spans more than one district or has uncovered rules,medium,,-79.945136,40.404424
0056P00023000000,56-P-23,Hazelwood,GI,2510,private,600,duplex,,False,,,,high_risk,not_allowed,,,,,,,,,,,,,,Parcel spans more than one district or has uncovered rules,medium,,-79.945136,40.404424
0056P00023000000,56-P-23,Hazelwood,GI,2510,private,600,triplex,,False,,,,high_risk,not_allowed,,,,,,,,,,,,,,Parcel spans more than one district or has uncovered rules,medium,,-79.945136,40.404424
0056P00023000000,56-P-23,Hazelwood,GI,2510,private,600,townhome,,False,,,,high_risk,not_allowed,,,,,,,,,,,,,,Parcel spans more than one district or has uncovered rules,medium,,-79.945136,40.404424
0056P00023000000,56-P-23,Hazelwood,GI,2510,private,600,walkup,,False,,,,high_risk,not_allowed,,,,,,,,,,,,,,Parcel spans more than one district or has uncovered rules,medium,,-79.945136,40.404424
0056P00024000000,56-P-24,Hazelwood,GI,2352,city,600,single_family,,False,,,,high_risk,not_allowed,,,,,,,,,,,,,,Parcel spans more than one district or has uncovered rules,medium,,-79.945124,40.404368
0056P00024000000,56-P-24,Hazelwood,GI,2352,city,600,duplex,,False,,,,high_risk,not_allowed,,,,,,,,,,,,,,Parcel spans more than one district or has uncovered rules,medium,,-79.945124,40.404368
0056P00024000000,56-P-24,Hazelwood,GI,2352,city,600,triplex,,False,,,,high_risk,not_allowed,,,,,,,,,,,,,,Parcel spans more than one district or has uncovered rules,medium,,-79.945124,40.404368
0056P00024000000,56-P-24,Hazelwood,GI,2352,city,600,townhome,,False,,,,high_risk,not_allowed,,,,,,,,,,,,,,Parcel spans more than one district or has uncovered rules,medium,,-79.945124,40.404368
0056P00024000000,56-P-24,Hazelwood,GI,2352,city,600,walkup,,False,,,,high_risk,not_allowed,,,,,,,,,,,,,,Parcel spans more than one district or has uncovered rules,medium,,-79.945124,40.404368
0056P00025000000,56-P-25,Hazelwood,GI,2296,private,600,single_family,,False,,,,high_risk,not_allowed,,,,,,,,,,,,,,Parcel spans more than one district or has uncovered rules,medium,,-79.945117,40.404314
0056P00025000000,56-P-25,Hazelwood,GI,2296,private,600,duplex,,False,,,,high_risk,not_allowed,,,,,,,,,,,,,,Parcel spans more than one district or has uncovered rules,medium,,-79.945117,40.404314
0056P00025000000,56-P-25,Hazelwood,GI,2296,private,600,triplex,,False,,,,high_risk,not_allowed,,,,,,,,,,,,,,Parcel spans more than one district or has uncovered rules,medium,,-79.945117,40.404314
0056P00025000000,56-P-25,Hazelwood,GI,2296,private,600,townhome,,False,,,,high_risk,not_allowed,,,,,,,,,,,,,,Parcel spans more than one district or has uncovered rules,medium,,-79.945117,40.404314
0056P00025000000,56-P-25,Hazelwood,GI,2296,private,600,walkup,,False,,,,high_risk,not_allowed,,,,,,,,,,,,,,Parcel spans more than one district or has uncovered rules,medium,,-79.945117,40.404314
0056P00028000000,56-P-28,Hazelwood,GI,2522,private,800,single_family,,False,,,,high_risk,not_allowed,,,,,,,,,,,,,,Parcel spans more than one district or has uncovered rules,medium,,-79.94508,40.404157
0056P00028000000,56-P-28,Hazelwood,GI,2522,private,800,duplex,,False,,,,high_risk,not_allowed,,,,,,,,,,,,,,Parcel spans more than one district or has uncovered rules,medium,,-79.94508,40.404157
0056P00028000000,56-P-28,Hazelwood,GI,2522,private,800,triplex,,False,,,,high_risk,not_allowed,,,,,,,,,,,,,,Parcel spans more than one district or has uncovered rules,medium,,-79.94508,40.404157
0056P00028000000,56-P-28,Hazelwood,GI,2522,private,800,townhome,,False,,,,high_risk,not_allowed,,,,,,,,,,,,,,Parcel spans more than one district or has uncovered rules,medium,,-79.94508,40.404157
0056P00028000000,56-P-28,Hazelwood,GI,2522,private,800,walkup,,False,,,,high_risk,not_allowed,,,,,,,,,,,,,,Parcel spans more than one district or has uncovered rules,medium,,-79.94508,40.404157
0056P00038000000,56-P-38,Hazelwood,GI,1526,city,400,single_family,,False,,,,high_risk,not_allowed,,,,,,,,,,,,,,Parcel spans more than one district or has uncovered rules,medium,,-79.944391,40.404484
0056P00038000000,56-P-38,Hazelwood,GI,1526,city,400,duplex,,False,,,,high_risk,not_allowed,,,,,,,,,,,,,,Parcel spans more than one district or has uncovered rules,medium,,-79.944391,40.404484
0056P00038000000,56-P-38,Hazelwood,GI,1526,city,400,triplex,,False,,,,high_risk,not_allowed,,,,,,,,,,,,,,Parcel spans more than one district or has uncovered rules,medium,,-79.944391,40.404484
0056P00038000000,56-P-38,Hazelwood,GI,1526,city,400,townhome,,False,,,,high_risk,not_allowed,,,,,,,,,,,,,,Parcel spans more than one district or has uncovered rules,medium,,-79.944391,40.404484
0056P00038000000,56-P-38,Hazelwood,GI,1526,city,400,walkup,,False,,,,high_risk,not_allowed,,,,,,,,,,,,,,Parcel spans more than one district or has uncovered rules,medium,,-79.944391,40.404484
0056P00040000000,56-P-40,Hazelwood,GI,1915,private,400,single_family,,False,,,,high_risk,not_allowed,,,,,,,,,,,,,,Parcel spans more than one district or has uncovered rules,medium,,-79.944524,40.404581
0056P00040000000,56-P-40,Hazelwood,GI,1915,private,400,duplex,,False,,,,high_risk,not_allowed,,,,,,,,,,,,,,Parcel spans more than one district or has uncovered rules,medium,,-79.944524,40.404581
0056P00040000000,56-P-40,Hazelwood,GI,1915,private,400,triplex,,False,,,,high_risk,not_allowed,,,,,,,,,,,,,,Parcel spans more than one district or has uncovered rules,medium,,-79.944524,40.404581
0056P00040000000,56-P-40,Hazelwood,GI,1915,private,400,townhome,,False,,,,high_risk,not_allowed,,,,,,,,,,,,,,Parcel spans more than one district or has uncovered rules,medium,,-79.944524,40.404581
0056P00040000000,56-P-40,Hazelwood,GI,1915,private,400,walkup,,False,,,,high_risk,not_allowed,,,,,,,,,,,,,,Parcel spans more than one district or has uncovered rules,medium,,-79.944524,40.404581
0056P00041000000,56-P-41,Hazelwood,GI,1697,private,400,single_family,,False,,,,high_risk,not_allowed,,,,,,,,,,,,,,Parcel spans more than one district or has uncovered rules,medium,,-79.944541,40.404661
0056P00041000000,56-P-41,Hazelwood,GI,1697,private,400,duplex,,False,,,,high_risk,not_allowed,,,,,,,,,,,,,,Parcel spans more than one district or has uncovered rules,medium,,-79.944541,40.404661
0056P00041000000,56-P-41,Hazelwood,GI,1697,private,400,triplex,,False,,,,high_risk,not_allowed,,,,,,,,,,,,,,Parcel spans more than one district or has uncovered rules,medium,,-79.944541,40.404661
0056P00041000000,56-P-41,Hazelwood,GI,1697,private,400,townhome,,False,,,,high_risk,not_allowed,,,,,,,,,,,,,,Parcel spans more than one district or has uncovered rules,medium,,-79.944541,40.404661
0056P00041000000,56-P-41,Hazelwood,GI,1697,private,400,walkup,,False,,,,high_risk,not_allowed,,,,,,,,,,,,,,Parcel spans more than one district or has uncovered rules,medium,,-79.944541,40.404661
0056P00042000000,56-P-42,Hazelwood,GI,1679,private,400,single_family,,False,,,,high_risk,not_allowed,,,,,,,,,,,,,,Parcel spans more than one district or has uncovered rules,medium,,-79.944529,40.404622
0056P00042000000,56-P-42,Hazelwood,GI,1679,private,400,duplex,,False,,,,high_risk,not_allowed,,,,,,,,,,,,,,Parcel spans more than one district or has uncovered rules,medium,,-79.944529,40.404622
0056P00042000000,56-P-42,Hazelwood,GI,1679,private,400,triplex,,False,,,,high_risk,not_allowed,,,,,,,,,,,,,,Parcel spans more than one district or has uncovered rules,medium,,-79.944529,40.404622
0056P00042000000,56-P-42,Hazelwood,GI,1679,private,400,townhome,,False,,,,high_risk,not_allowed,,,,,,,,,,,,,,Parcel spans more than one district or has uncovered rules,medium,,-79.944529,40.404622
0056P00042000000,56-P-42,Hazelwood,GI,1679,private,400,walkup,,False,,,,high_risk,not_allowed,,,,,,,,,,,,,,Parcel spans more than one district or has uncovered rules,medium,,-79.944529,40.404622
0056P00042000A00,56-P-42-A,Hazelwood,GI,2565,city,2700,single_family,,False,,,,high_risk,not_allowed,,,,,,,,,,,,,,Parcel spans more than one district or has uncovered rules,medium,,-79.944555,40.404709
0056P00042000A00,56-P-42-A,Hazelwood,GI,2565,city,2700,duplex,,False,,,,high_risk,not_allowed,,,,,,,,,,,,,,Parcel spans more than one district or has uncovered rules,medium,,-79.944555,40.404709
0056P00042000A00,56-P-42-A,Hazelwood,GI,2565,city,2700,triplex,,False,,,,high_risk,not_allowed,,,,,,,,,,,,,,Parcel spans more than one district or has uncovered rules,medium,,-79.944555,40.404709
0056P00042000A00,56-P-42-A,Hazelwood,GI,2565,city,2700,townhome,,False,,,,high_risk,not_allowed,,,,,,,,,,,,,,Parcel spans more than one district or has uncovered rules,medium,,-79.944555,40.404709
0056P00042000A00,56-P-42-A,Hazelwood,GI,2565,city,2700,walkup,,False,,,,high_risk,not_allowed,,,,,,,,,,,,,,Parcel spans more than one district or has uncovered rules,medium,,-79.944555,40.404709
0056P00045000B00,56-P-45-B,Hazelwood,GI,1438,city,2600,single_family,,False,,,,high_risk,not_allowed,,,,,,,,,,,,,,Parcel spans more than one district or has uncovered rules,medium,,-79.944482,40.4049
0056P00045000B00,56-P-45-B,Hazelwood,GI,1438,city,2600,duplex,,False,,,,high_risk,not_allowed,,,,,,,,,,,,,,Parcel spans more than one district or has uncovered rules,medium,,-79.944482,40.4049
0056P00045000B00,56-P-45-B,Hazelwood,GI,1438,city,2600,triplex,,False,,,,high_risk,not_allowed,,,,,,,,,,,,,,Parcel spans more than one district or has uncovered rules,medium,,-79.944482,40.4049
0056P00045000B00,56-P-45-B,Hazelwood,GI,1438,city,2600,townhome,,False,,,,high_risk,not_allowed,,,,,,,,,,,,,,Parcel spans more than one district or has uncovered rules,medium,,-79.944482,40.4049
0056P00045000B00,56-P-45-B,Hazelwood,GI,1438,city,2600,walkup,,False,,,,high_risk,not_allowed,,,,,,,,,,,,,,Parcel spans more than one district or has uncovered rules,medium,,-79.944482,40.4049
0056P00048000000,56-P-48,Hazelwood,GI,1531,private,2500,single_family,,False,,,,high_risk,not_allowed,,,,,,,,,,,,,,Parcel spans more than one district or has uncovered rules,medium,,-79.944669,40.404937
0056P00048000000,56-P-48,Hazelwood,GI,1531,private,2500,duplex,,False,,,,high_risk,not_allowed,,,,,,,,,,,,,,Parcel spans more than one district or has uncovered rules,medium,,-79.944669,40.404937
0056P00048000000,56-P-48,Hazelwood,GI,1531,private,2500,triplex,,False,,,,high_risk,not_allowed,,,,,,,,,,,,,,Parcel spans more than one district or has uncovered rules,medium,,-79.944669,40.404937
0056P00048000000,56-P-48,Hazelwood,GI,1531,private,2500,townhome,,False,,,,high_risk,not_allowed,,,,,,,,,,,,,,Parcel spans more than one district or has uncovered rules,medium,,-79.944669,40.404937
0056P00048000000,56-P-48,Hazelwood,GI,1531,private,2500,walkup,,False,,,,high_risk,not_allowed,,,,,,,,,,,,,,Parcel spans more than one district or has uncovered rules,medium,,-79.944669,40.404937
0056P00048000B00,56-P-48-B,Hazelwood,GI,1620,city,400,single_family,,False,,,,high_risk,not_allowed,,,,,,,,,,,,,,Parcel spans more than one district or has uncovered rules,medium,,-79.944505,40.405034
0056P00048000B00,56-P-48-B,Hazelwood,GI,1620,city,400,duplex,,False,,,,high_risk,not_allowed,,,,,,,,,,,,,,Parcel spans more than one district or has uncovered rules,medium,,-79.944505,40.405034
0056P00048000B00,56-P-48-B,Hazelwood,GI,1620,city,400,triplex,,False,,,,high_risk,not_allowed,,,,,,,,,,,,,,Parcel spans more than one district or has uncovered rules,medium,,-79.944505,40.405034
0056P00048000B00,56-P-48-B,Hazelwood,GI,1620,city,400,townhome,,False,,,,high_risk,not_allowed,,,,,,,,,,,,,,Parcel spans more than one district or has uncovered rules,medium,,-79.944505,40.405034
0056P00048000B00,56-P-48-B,Hazelwood,GI,1620,city,400,walkup,,False,,,,high_risk,not_allowed,,,,,,,,,,,,,,Parcel spans more than one district or has uncovered rules,medium,,-79.944505,40.405034
0056P00050000000,56-P-50,Hazelwood,R1A-VH,1370,private,400,single_family,1,True,49.5,52.2,54.7,feasible_with_conditions,variance,0.827,0.9,0.944,model,6.1,7.6,9.3,9036,15060,21155,-426168,-359367,-301098,"2 DEP record(s) within 1,000 ft",low,,-79.944801,40.405287
0056P00050000000,56-P-50,Hazelwood,R1A-VH,1370,private,400,duplex,2,False,,,,high_risk,not_allowed,,,,,,,,,,,,,,"2 DEP record(s) within 1,000 ft",low,,-79.944801,40.405287
0056P00050000000,56-P-50,Hazelwood,R1A-VH,1370,private,400,triplex,3,False,,,,high_risk,not_allowed,,,,,,,,,,,,,,"2 DEP record(s) within 1,000 ft",low,,-79.944801,40.405287
0056P00050000000,56-P-50,Hazelwood,R1A-VH,1370,private,400,townhome,2,False,,,,high_risk,not_allowed,,,,,,,,,,,,,,"2 DEP record(s) within 1,000 ft",low,,-79.944801,40.405287
0056P00050000000,56-P-50,Hazelwood,R1A-VH,1370,private,400,walkup,4,False,,,,high_risk,not_allowed,,,,,,,,,,,,,,"2 DEP record(s) within 1,000 ft",low,,-79.944801,40.405287
0056P00051000000,56-P-51,Hazelwood,R1A-VH,1887,private,400,single_family,1,True,57.8,59.8,61.6,feasible_with_conditions,by_right,1.0,1.0,1.0,by_right,3.1,4.0,5.0,9001,15071,21327,-430890,-364443,-306368,"2 DEP record(s) within 1,000 ft",low,,-79.944589,40.405311
0056P00051000000,56-P-51,Hazelwood,R1A-VH,1887,private,400,duplex,2,False,,,,high_risk,not_allowed,,,,,,,,,,,,,,"2 DEP record(s) within 1,000 ft",low,,-79.944589,40.405311
0056P00051000000,56-P-51,Hazelwood,R1A-VH,1887,private,400,triplex,3,False,,,,high_risk,not_allowed,,,,,,,,,,,,,,"2 DEP record(s) within 1,000 ft",low,,-79.944589,40.405311
0056P00051000000,56-P-51,Hazelwood,R1A-VH,1887,private,400,townhome,2,False,,,,high_risk,not_allowed,,,,,,,,,,,,,,"2 DEP record(s) within 1,000 ft",low,,-79.944589,40.405311
0056P00051000000,56-P-51,Hazelwood,R1A-VH,1887,private,400,walkup,4,False,,,,high_risk,not_allowed,,,,,,,,,,,,,,"2 DEP record(s) within 1,000 ft",low,,-79.944589,40.405311
0056P00052000000,56-P-52,Hazelwood,R1A-VH,2857,private,3200,single_family,1,True,57.8,59.8,61.6,feasible_with_conditions,by_right,1.0,1.0,1.0,by_right,3.1,4.0,5.0,9001,15071,21327,-430104,-363256,-304626,"2 DEP record(s) within 1,000 ft",low,,-79.94469,40.405371
0056P00052000000,56-P-52,Hazelwood,R1A-VH,2857,private,3200,duplex,2,False,,,,high_risk,not_allowed,,,,,,,,,,,,,,"2 DEP record(s) within 1,000 ft",low,,-79.94469,40.405371
0056P00052000000,56-P-52,Hazelwood,R1A-VH,2857,private,3200,triplex,3,False,,,,high_risk,not_allowed,,,,,,,,,,,,,,"2 DEP record(s) within 1,000 ft",low,,-79.94469,40.405371
0056P00052000000,56-P-52,Hazelwood,R1A-VH,2857,private,3200,townhome,2,False,,,,high_risk,not_allowed,,,,,,,,,,,,,,"2 DEP record(s) within 1,000 ft",low,,-79.94469,40.405371
0056P00052000000,56-P-52,Hazelwood,R1A-VH,2857,private,3200,walkup,4,False,,,,high_risk,not_allowed,,,,,,,,,,,,,,"2 DEP record(s) within 1,000 ft",low,,-79.94469,40.405371
0056P00055000A00,56-P-55-A,Hazelwood,R1A-VH,893,private,400,single_family,1,False,,,,high_risk,not_allowed,,,,,,,,,,,,,,"2 DEP record(s) within 1,000 ft",low,,-79.944587,40.405548
0056P00055000A00,56-P-55-A,Hazelwood,R1A-VH,893,private,400,duplex,2,False,,,,high_risk,not_allowed,,,,,,,,,,,,,,"2 DEP record(s) within 1,000 ft",low,,-79.944587,40.405548
0056P00055000A00,56-P-55-A,Hazelwood,R1A-VH,893,private,400,triplex,3,False,,,,high_risk,not_allowed,,,,,,,,,,,,,,"2 DEP record(s) within 1,000 ft",low,,-79.944587,40.405548
0056P00055000A00,56-P-55-A,Hazelwood,R1A-VH,893,private,400,townhome,2,False,,,,high_risk,not_allowed,,,,,,,,,,,,,,"2 DEP record(s) within 1,000 ft",low,,-79.944587,40.405548
0056P00055000A00,56-P-55-A,Hazelwood,R1A-VH,893,private,400,walkup,4,False,,,,high_risk,not_allowed,,,,,,,,,,,,,,"2 DEP record(s) within 1,000 ft",low,,-79.944587,40.405548
0056P00058000A00,56-P-58-A,Hazelwood,R1A-VH,1244,city,300,single_family,1,True,48.8,51.4,53.9,feasible_with_conditions,variance,0.827,0.9,0.944,model,6.3,7.6,9.3,11974,18167,24168,-424381,-354493,-294673,"$3,061 in tax liens",medium,,-79.944639,40.405748
0056P00058000A00,56-P-58-A,Hazelwood,R1A-VH,1244,city,300,duplex,2,False,,,,high_risk,not_allowed,,,,,,,,,,,,,,"$3,061 in tax liens",medium,,-79.944639,40.405748
0056P00058000A00,56-P-58-A,Hazelwood,R1A-VH,1244,city,300,triplex,3,False,,,,high_risk,not_allowed,,,,,,,,,,,,,,"$3,061 in tax liens",medium,,-79.944639,40.405748
0056P00058000A00,56-P-58-A,Hazelwood,R1A-VH,1244,city,300,townhome,2,False,,,,high_risk,not_allowed,,,,,,,,,,,,,,"$3,061 in tax liens",medium,,-79.944639,40.405748
0056P00058000A00,56-P-58-A,Hazelwood,R1A-VH,1244,city,300,walkup,4,False,,,,high_risk,not_allowed,,,,,,,,,,,,,,"$3,061 in tax liens",medium,,-79.944639,40.405748
0056P00061000000,56-P-61,Hazelwood,R1A-VH,2845,private,3200,single_family,1,True,54.5,57.0,59.5,feasible_with_conditions,by_right,1.0,1.0,1.0,by_right,4.4,5.8,7.4,9002,15408,21666,-422846,-356696,-295668,$247 in tax liens,medium,,-79.944794,40.405868
0056P00061000000,56-P-61,Hazelwood,R1A-VH,2845,private,3200,duplex,2,False,,,,high_risk,not_allowed,,,,,,,,,,,,,,$247 in tax liens,medium,,-79.944794,40.405868
0056P00061000000,56-P-61,Hazelwood,R1A-VH,2845,private,3200,triplex,3,False,,,,high_risk,not_allowed,,,,,,,,,,,,,,$247 in tax liens,medium,,-79.944794,40.405868
0056P00061000000,56-P-61,Hazelwood,R1A-VH,2845,private,3200,townhome,2,False,,,,high_risk,not_allowed,,,,,,,,,,,,,,$247 in tax liens,medium,,-79.944794,40.405868
0056P00061000000,56-P-61,Hazelwood,R1A-VH,2845,private,3200,walkup,4,False,,,,high_risk,not_allowed,,,,,,,,,,,,,,$247 in tax liens,medium,,-79.944794,40.405868
0056P00063000000,56-P-63,Hazelwood,R1A-VH,2899,private,3200,single_family,1,True,57.8,59.8,61.6,feasible_with_conditions,by_right,1.0,1.0,1.0,by_right,3.1,4.0,5.0,9001,15071,21327,-427963,-360979,-301662,"2 DEP record(s) within 1,000 ft",low,,-79.944824,40.406003
0056P00063000000,56-P-63,Hazelwood,R1A-VH,2899,private,3200,duplex,2,False,,,,high_risk,not_allowed,,,,,,,,,,,,,,"2 DEP record(s) within 1,000 ft",low,,-79.944824,40.406003
0056P00063000000,56-P-63,Hazelwood,R1A-VH,2899,private,3200,triplex,3,False,,,,high_risk,not_allowed,,,,,,,,,,,,,,"2 DEP record(s) within 1,000 ft",low,,-79.944824,40.406003
0056P00063000000,56-P-63,Hazelwood,R1A-VH,2899,private,3200,townhome,2,False,,,,high_risk,not_allowed,,,,,,,,,,,,,,"2 DEP record(s) within 1,000 ft",low,,-79.944824,40.406003
0056P00063000000,56-P-63,Hazelwood,R1A-VH,2899,private,3200,walkup,4,False,,,,high_risk,not_allowed,,,,,,,,,,,,,,"2 DEP record(s) within 1,000 ft",low,,-79.944824,40.406003
0056P00065000000,56-P-65,Hazelwood,R1A-VH,2827,private,3200,single_family,1,True,57.8,59.8,61.6,feasible_with_conditions,by_right,1.0,1.0,1.0,by_right,3.1,4.0,5.0,9001,15071,21327,-427963,-360979,-301662,"2 DEP record(s) within 1,000 ft",low,,-79.944853,40.406136
0056P00065000000,56-P-65,Hazelwood,R1A-VH,2827,private,3200,duplex,2,False,,,,high_risk,not_allowed,,,,,,,,,,,,,,"2 DEP record(s) within 1,000 ft",low,,-79.944853,40.406136
0056P00065000000,56-P-65,Hazelwood,R1A-VH,2827,private,3200,triplex,3,False,,,,high_risk,not_allowed,,,,,,,,,,,,,,"2 DEP record(s) within 1,000 ft",low,,-79.944853,40.406136
0056P00065000000,56-P-65,Hazelwood,R1A-VH,2827,private,3200,townhome,2,False,,,,high_risk,not_allowed,,,,,,,,,,,,,,"2 DEP record(s) within 1,000 ft",low,,-79.944853,40.406136
0056P00065000000,56-P-65,Hazelwood,R1A-VH,2827,private,3200,walkup,4,False,,,,high_risk,not_allowed,,,,,,,,,,,,,,"2 DEP record(s) within 1,000 ft",low,,-79.944853,40.406136
0056P00067000000,56-P-67,Hazelwood,R1A-VH,809,city,2600,single_family,1,False,,,,high_risk,not_allowed,,,,,,,,,,,,,,"$9,701 in tax liens",medium,,-79.944759,40.406237
0056P00067000000,56-P-67,Hazelwood,R1A-VH,809,city,2600,duplex,2,False,,,,high_risk,not_allowed,,,,,,,,,,,,,,"$9,701 in tax liens",medium,,-79.944759,40.406237
0056P00067000000,56-P-67,Hazelwood,R1A-VH,809,city,2600,triplex,3,False,,,,high_risk,not_allowed,,,,,,,,,,,,,,"$9,701 in tax liens",medium,,-79.944759,40.406237
0056P00067000000,56-P-67,Hazelwood,R1A-VH,809,city,2600,townhome,2,False,,,,high_risk,not_allowed,,,,,,,,,,,,,,"$9,701 in tax liens",medium,,-79.944759,40.406237
0056P00067000000,56-P-67,Hazelwood,R1A-VH,809,city,2600,walkup,4,False,,,,high_risk,not_allowed,,,,,,,,,,,,,,"$9,701 in tax liens",medium,,-79.944759,40.406237
0056P00074000000,56-P-74,Hazelwood,R1A-VH,1003,private,500,single_family,1,False,,,,high_risk,not_allowed,,,,,,,,,,,,,,"3 DEP record(s) within 1,000 ft",low,,-79.94447,40.406506
0056P00074000000,56-P-74,Hazelwood,R1A-VH,1003,private,500,duplex,2,False,,,,high_risk,not_allowed,,,,,,,,,,,,,,"3 DEP record(s) within 1,000 ft",low,,-79.94447,40.406506
0056P00074000000,56-P-74,Hazelwood,R1A-VH,1003,private,500,triplex,3,False,,,,high_risk,not_allowed,,,,,,,,,,,,,,"3 DEP record(s) within 1,000 ft",low,,-79.94447,40.406506
0056P00074000000,56-P-74,Hazelwood,R1A-VH,1003,private,500,townhome,2,False,,,,high_risk,not_allowed,,,,,,,,,,,,,,"3 DEP record(s) within 1,000 ft",low,,-79.94447,40.406506
0056P00074000000,56-P-74,Hazelwood,R1A-VH,1003,private,500,walkup,4,False,,,,high_risk,not_allowed,,,,,,,,,,,,,,"3 DEP record(s) within 1,000 ft",low,,-79.94447,40.406506
0056P00074000A00,56-P-74-A,Hazelwood,R1A-VH,1257,private,500,single_family,1,True,49.5,52.2,54.7,feasible_with_conditions,variance,0.827,0.9,0.944,model,6.1,7.6,9.3,9036,15060,21155,-420543,-353380,-292849,"3 DEP record(s) within 1,000 ft",low,,-79.944472,40.406538
0056P00074000A00,56-P-74-A,Hazelwood,R1A-VH,1257,private,500,duplex,2,False,,,,high_risk,not_allowed,,,,,,,,,,,,,,"3 DEP record(s) within 1,000 ft",low,,-79.944472,40.406538
0056P00074000A00,56-P-74-A,Hazelwood,R1A-VH,1257,private,500,triplex,3,False,,,,high_risk,not_allowed,,,,,,,,,,,,,,"3 DEP record(s) within 1,000 ft",low,,-79.944472,40.406538
0056P00074000A00,56-P-74-A,Hazelwood,R1A-VH,1257,private,500,townhome,2,False,,,,high_risk,not_allowed,,,,,,,,,,,,,,"3 DEP record(s) within 1,000 ft",low,,-79.944472,40.406538
0056P00074000A00,56-P-74-A,Hazelwood,R1A-VH,1257,private,500,walkup,4,False,,,,high_risk,not_allowed,,,,,,,,,,,,,,"3 DEP record(s) within 1,000 ft",low,,-79.944472,40.406538
0056P00078000000,56-P-78,Hazelwood,R1A-VH,2845,city,1000,single_family,1,True,54.2,56.6,59.1,feasible_with_conditions,by_right,1.0,1.0,1.0,by_right,4.4,5.8,7.4,10648,17054,23312,-424334,-358165,-297123,"$1,893 in tax liens",medium,,-79.94441,40.406246
0056P00078000000,56-P-78,Hazelwood,R1A-VH,2845,city,1000,duplex,2,False,,,,high_risk,not_allowed,,,,,,,,,,,,,,"$1,893 in tax liens",medium,,-79.94441,40.406246
0056P00078000000,56-P-78,Hazelwood,R1A-VH,2845,city,1000,triplex,3,False,,,,high_risk,not_allowed,,,,,,,,,,,,,,"$1,893 in tax liens",medium,,-79.94441,40.406246
0056P00078000000,56-P-78,Hazelwood,R1A-VH,2845,city,1000,townhome,2,False,,,,high_risk,not_allowed,,,,,,,,,,,,,,"$1,893 in tax liens",medium,,-79.94441,40.406246
0056P00078000000,56-P-78,Hazelwood,R1A-VH,2845,city,1000,walkup,4,False,,,,high_risk,not_allowed,,,,,,,,,,,,,,"$1,893 in tax liens",medium,,-79.94441,40.406246
0056P00079000000,56-P-79,Hazelwood,R1A-VH,2454,city,600,single_family,1,True,54.5,57.0,59.4,feasible_with_conditions,by_right,1.0,1.0,1.0,by_right,4.4,5.8,7.4,9059,15466,21724,-422898,-356748,-295718,$305 in tax liens,medium,,-79.944394,40.406172
0056P00079000000,56-P-79,Hazelwood,R1A-VH,2454,city,600,duplex,2,False,,,,high_risk,not_allowed,,,,,,,,,,,,,,$305 in tax liens,medium,,-79.944394,40.406172
0056P00079000000,56-P-79,Hazelwood,R1A-VH,2454,city,600,triplex,3,False,,,,high_risk,not_allowed,,,,,,,,,,,,,,$305 in tax liens,medium,,-79.944394,40.406172
0056P00079000000,56-P-79,Hazelwood,R1A-VH,2454,city,600,townhome,2,False,,,,high_risk,not_allowed,,,,,,,,,,,,,,$305 in tax liens,medium,,-79.944394,40.406172
0056P00079000000,56-P-79,Hazelwood,R1A-VH,2454,city,600,walkup,4,False,,,,high_risk,not_allowed,,,,,,,,,,,,,,$305 in tax liens,medium,,-79.944394,40.406172
0056P00082000000,56-P-82,Hazelwood,R1A-VH,4416,private,4000,single_family,1,True,57.8,59.8,61.6,feasible_with_conditions,by_right,1.0,1.0,1.0,by_right,3.1,4.0,5.0,9001,15071,21327,-427963,-360979,-301662,"2 DEP record(s) within 1,000 ft",low,,-79.94434,40.405925
0056P00082000000,56-P-82,Hazelwood,R1A-VH,4416,private,4000,duplex,2,False,,,,high_risk,not_allowed,,,,,,,,,,,,,,"2 DEP record(s) within 1,000 ft",low,,-79.94434,40.405925
0056P00082000000,56-P-82,Hazelwood,R1A-VH,4416,private,4000,triplex,3,False,,,,high_risk,not_allowed,,,,,,,,,,,,,,"2 DEP record(s) within 1,000 ft",low,,-79.94434,40.405925
0056P00082000000,56-P-82,Hazelwood,R1A-VH,4416,private,4000,townhome,2,False,55.0,56.9,58.9,feasible_with_conditions,subdivision,0.885,0.932,0.966,placeholder,4.6,5.6,6.8,8957,15067,21309,-779129,-655771,-543222,"2 DEP record(s) within 1,000 ft",low,,-79.94434,40.405925
0056P00082000000,56-P-82,Hazelwood,R1A-VH,4416,private,4000,walkup,4,False,,,,high_risk,not_allowed,,,,,,,,,,,,,,"2 DEP record(s) within 1,000 ft",low,,-79.94434,40.405925
0056P00116000000,56-P-116,Hazelwood,R1A-VH,1576,city,400,single_family,1,True,54.2,56.7,59.2,feasible_with_conditions,by_right,1.0,1.0,1.0,by_right,4.4,5.8,7.4,10291,16697,22955,-424011,-357847,-296807,"$1,536 in tax liens",medium,,-79.943543,40.405821
0056P00116000000,56-P-116,Hazelwood,R1A-VH,1576,city,400,duplex,2,False,,,,high_risk,not_allowed,,,,,,,,,,,,,,"$1,536 in tax liens",medium,,-79.943543,40.405821
0056P00116000000,56-P-116,Hazelwood,R1A-VH,1576,city,400,triplex,3,False,,,,high_risk,not_allowed,,,,,,,,,,,,,,"$1,536 in tax liens",medium,,-79.943543,40.405821
0056P00116000000,56-P-116,Hazelwood,R1A-VH,1576,city,400,townhome,2,False,,,,high_risk,not_allowed,,,,,,,,,,,,,,"$1,536 in tax liens",medium,,-79.943543,40.405821
0056P00116000000,56-P-116,Hazelwood,R1A-VH,1576,city,400,walkup,4,False,,,,high_risk,not_allowed,,,,,,,,,,,,,,"$1,536 in tax liens",medium,,-79.943543,40.405821
0056P00130000000,56-P-130,Hazelwood,R1A-VH,2049,city,2700,single_family,1,True,38.2,43.8,49.3,high_risk,by_right,1.0,1.0,1.0,by_right,5.1,6.4,7.5,51986,81275,111871,-482907,-413204,-348585,No street frontage within 60 ft,high,,-79.943371,40.405178
0056P00130000000,56-P-130,Hazelwood,R1A-VH,2049,city,2700,duplex,2,False,,,,high_risk,not_allowed,,,,,,,,,,,,,,No street frontage within 60 ft,high,,-79.943371,40.405178
0056P00130000000,56-P-130,Hazelwood,R1A-VH,2049,city,2700,triplex,3,False,,,,high_risk,not_allowed,,,,,,,,,,,,,,No street frontage within 60 ft,high,,-79.943371,40.405178
0056P00130000000,56-P-130,Hazelwood,R1A-VH,2049,city,2700,townhome,2,False,,,,high_risk,not_allowed,,,,,,,,,,,,,,No street frontage within 60 ft,high,,-79.943371,40.405178
0056P00130000000,56-P-130,Hazelwood,R1A-VH,2049,city,2700,walkup,4,False,,,,high_risk,not_allowed,,,,,,,,,,,,,,No street frontage within 60 ft,high,,-79.943371,40.405178
0056P00131000000,56-P-131,Hazelwood,R1A-VH,2074,private,500,single_family,1,True,39.5,45.3,50.7,high_risk,by_right,1.0,1.0,1.0,by_right,4.5,5.8,7.3,47555,77352,107939,-485364,-412219,-345380,No street frontage within 60 ft,high,,-79.943378,40.405128
0056P00131000000,56-P-131,Hazelwood,R1A-VH,2074,private,500,duplex,2,False,,,,high_risk,not_allowed,,,,,,,,,,,,,,No street frontage within 60 ft,high,,-79.943378,40.405128
0056P00131000000,56-P-131,Hazelwood,R1A-VH,2074,private,500,triplex,3,False,,,,high_risk,not_allowed,,,,,,,,,,,,,,No street frontage within 60 ft,high,,-79.943378,40.405128
0056P00131000000,56-P-131,Hazelwood,R1A-VH,2074,private,500,townhome,2,False,,,,high_risk,not_allowed,,,,,,,,,,,,,,No street frontage within 60 ft,high,,-79.943378,40.405128
0056P00131000000,56-P-131,Hazelwood,R1A-VH,2074,private,500,walkup,4,False,,,,high_risk,not_allowed,,,,,,,,,,,,,,No street frontage within 60 ft,high,,-79.943378,40.405128
0056P00132000000,56-P-132,Hazelwood,R1A-VH,1890,city,500,single_family,1,True,54.0,56.2,58.6,feasible_with_conditions,by_right,1.0,1.0,1.0,by_right,4.5,5.9,7.3,12424,18534,24776,-426675,-360510,-298980,Parcel spans more than one district or has uncovered rules,medium,,-79.943374,40.405082
0056P00132000000,56-P-132,Hazelwood,R1A-VH,1890,city,500,duplex,2,False,,,,high_risk,not_allowed,,,,,,,,,,,,,,Parcel spans more than one district or has uncovered rules,medium,,-79.943374,40.405082
0056P00132000000,56-P-132,Hazelwood,R1A-VH,1890,city,500,triplex,3,False,,,,high_risk,not_allowed,,,,,,,,,,,,,,Parcel spans more than one district or has uncovered rules,medium,,-79.943374,40.405082
0056P00132000000,56-P-132,Hazelwood,R1A-VH,1890,city,500,townhome,2,False,,,,high_risk,not_allowed,,,,,,,,,,,,,,Parcel spans more than one district or has uncovered rules,medium,,-79.943374,40.405082
0056P00132000000,56-P-132,Hazelwood,R1A-VH,1890,city,500,walkup,4,False,,,,high_risk,not_allowed,,,,,,,,,,,,,,Parcel spans more than one district or has uncovered rules,medium,,-79.943374,40.405082
0056P00133000000,56-P-133,Hazelwood,R1A-VH,1895,city,500,single_family,1,True,53.8,56.0,58.4,feasible_with_conditions,by_right,1.0,1.0,1.0,by_right,4.5,5.9,7.3,13470,19580,25822,-427609,-361442,-299913,Parcel spans more than one district or has uncovered rules,medium,,-79.943357,40.405039
0056P00133000000,56-P-133,Hazelwood,R1A-VH,1895,city,500,duplex,2,False,,,,high_risk,not_allowed,,,,,,,,,,,,,,Parcel spans more than one district or has uncovered rules,medium,,-79.943357,40.405039
0056P00133000000,56-P-133,Hazelwood,R1A-VH,1895,city,500,triplex,3,False,,,,high_risk,not_allowed,,,,,,,,,,,,,,Parcel spans more than one district or has uncovered rules,medium,,-79.943357,40.405039
0056P00133000000,56-P-133,Hazelwood,R1A-VH,1895,city,500,townhome,2,False,,,,high_risk,not_allowed,,,,,,,,,,,,,,Parcel spans more than one district or has uncovered rules,medium,,-79.943357,40.405039
0056P00133000000,56-P-133,Hazelwood,R1A-VH,1895,city,500,walkup,4,False,,,,high_risk,not_allowed,,,,,,,,,,,,,,Parcel spans more than one district or has uncovered rules,medium,,-79.943357,40.405039
0056P00136000000,56-P-136,Hazelwood,R1A-VH,1534,private,400,single_family,1,True,57.8,59.8,61.6,feasible_with_conditions,by_right,1.0,1.0,1.0,by_right,3.1,4.0,5.0,9001,15071,21327,-430104,-363256,-304626,"2 DEP record(s) within 1,000 ft",low,,-79.943309,40.404895
0056P00136000000,56-P-136,Hazelwood,R1A-VH,1534,private,400,duplex,2,False,,,,high_risk,not_allowed,,,,,,,,,,,,,,"2 DEP record(s) within 1,000 ft",low,,-79.943309,40.404895
0056P00136000000,56-P-136,Hazelwood,R1A-VH,1534,private,400,triplex,3,False,,,,high_risk,not_allowed,,,,,,,,,,,,,,"2 DEP record(s) within 1,000 ft",low,,-79.943309,40.404895
0056P00136000000,56-P-136,Hazelwood,R1A-VH,1534,private,400,townhome,2,False,,,,high_risk,not_allowed,,,,,,,,,,,,,,"2 DEP record(s) within 1,000 ft",low,,-79.943309,40.404895
0056P00136000000,56-P-136,Hazelwood,R1A-VH,1534,private,400,walkup,4,False,,,,high_risk,not_allowed,,,,,,,,,,,,,,"2 DEP record(s) within 1,000 ft",low,,-79.943309,40.404895
0056P00137000000,56-P-137,Hazelwood,R1A-VH,1104,city,300,single_family,1,False,,,,high_risk,not_allowed,,,,,,,,,,,,,,"$4,370 in tax liens",medium,,-79.943291,40.404837
0056P00137000000,56-P-137,Hazelwood,R1A-VH,1104,city,300,duplex,2,False,,,,high_risk,not_allowed,,,,,,,,,,,,,,"$4,370 in tax liens",medium,,-79.943291,40.404837
0056P00137000000,56-P-137,Hazelwood,R1A-VH,1104,city,300,triplex,3,False,,,,high_risk,not_allowed,,,,,,,,,,,,,,"$4,370 in tax liens",medium,,-79.943291,40.404837
0056P00137000000,56-P-137,Hazelwood,R1A-VH,1104,city,300,townhome,2,False,,,,high_risk,not_allowed,,,,,,,,,,,,,,"$4,370 in tax liens",medium,,-79.943291,40.404837
0056P00137000000,56-P-137,Hazelwood,R1A-VH,1104,city,300,walkup,4,False,,,,high_risk,not_allowed,,,,,,,,,,,,,,"$4,370 in tax liens",medium,,-79.943291,40.404837
0056P00139000000,56-P-139,Hazelwood,R1A-VH,951,city,300,single_family,1,False,,,,high_risk,not_allowed,,,,,,,,,,,,,,"$5,845 in tax liens",medium,,-79.943272,40.404755
0056P00139000000,56-P-139,Hazelwood,R1A-VH,951,city,300,duplex,2,False,,,,high_risk,not_allowed,,,,,,,,,,,,,,"$5,845 in tax liens",medium,,-79.943272,40.404755
0056P00139000000,56-P-139,Hazelwood,R1A-VH,951,city,300,triplex,3,False,,,,high_risk,not_allowed,,,,,,,,,,,,,,"$5,845 in tax liens",medium,,-79.943272,40.404755
0056P00139000000,56-P-139,Hazelwood,R1A-VH,951,city,300,townhome,2,False,,,,high_risk,not_allowed,,,,,,,,,,,,,,"$5,845 in tax liens",medium,,-79.943272,40.404755
0056P00139000000,56-P-139,Hazelwood,R1A-VH,951,city,300,walkup,4,False,,,,high_risk,not_allowed,,,,,,,,,,,,,,"$5,845 in tax liens",medium,,-79.943272,40.404755
0056P00140000000,56-P-140,Hazelwood,R1A-VH,1049,city,300,single_family,1,False,,,,high_risk,not_allowed,,,,,,,,,,,,,,"$3,789 in tax liens",medium,,-79.943262,40.404713
0056P00140000000,56-P-140,Hazelwood,R1A-VH,1049,city,300,duplex,2,False,,,,high_risk,not_allowed,,,,,,,,,,,,,,"$3,789 in tax liens",medium,,-79.943262,40.404713
0056P00140000000,56-P-140,Hazelwood,R1A-VH,1049,city,300,triplex,3,False,,,,high_risk,not_allowed,,,,,,,,,,,,,,"$3,789 in tax liens",medium,,-79.943262,40.404713
0056P00140000000,56-P-140,Hazelwood,R1A-VH,1049,city,300,townhome,2,False,,,,high_risk,not_allowed,,,,,,,,,,,,,,"$3,789 in tax liens",medium,,-79.943262,40.404713
0056P00140000000,56-P-140,Hazelwood,R1A-VH,1049,city,300,walkup,4,False,,,,high_risk,not_allowed,,,,,,,,,,,,,,"$3,789 in tax liens",medium,,-79.943262,40.404713
0056P00141000000,56-P-141,Hazelwood,R1A-VH,778,city,300,single_family,1,False,,,,high_risk,not_allowed,,,,,,,,,,,,,,$169 in tax liens,medium,,-79.94325,40.404674
0056P00141000000,56-P-141,Hazelwood,R1A-VH,778,city,300,duplex,2,False,,,,high_risk,not_allowed,,,,,,,,,,,,,,$169 in tax liens,medium,,-79.94325,40.404674
0056P00141000000,56-P-141,Hazelwood,R1A-VH,778,city,300,triplex,3,False,,,,high_risk,not_allowed,,,,,,,,,,,,,,$169 in tax liens,medium,,-79.94325,40.404674
0056P00141000000,56-P-141,Hazelwood,R1A-VH,778,city,300,townhome,2,False,,,,high_risk,not_allowed,,,,,,,,,,,,,,$169 in tax liens,medium,,-79.94325,40.404674
0056P00141000000,56-P-141,Hazelwood,R1A-VH,778,city,300,walkup,4,False,,,,high_risk,not_allowed,,,,,,,,,,,,,,$169 in tax liens,medium,,-79.94325,40.404674
0056P00141000A00,56-P-141-A,Hazelwood,GI,10982,city,300,single_family,1,True,54.7,56.9,59.3,feasible_with_conditions,by_right,1.0,1.0,1.0,by_right,4.5,5.9,7.3,9151,15262,21503,-426837,-361309,-300165,Parcel spans more than one district or has uncovered rules,medium,,-79.94338,40.404525
0056P00141000A00,56-P-141-A,Hazelwood,GI,10982,city,300,duplex,2,False,,,,high_risk,not_allowed,,,,,,,,,,,,,,Parcel spans more than one district or has uncovered rules,medium,,-79.94338,40.404525
0056P00141000A00,56-P-141-A,Hazelwood,GI,10982,city,300,triplex,3,False,,,,high_risk,not_allowed,,,,,,,,,,,,,,Parcel spans more than one district or has uncovered rules,medium,,-79.94338,40.404525
0056P00141000A00,56-P-141-A,Hazelwood,GI,10982,city,300,townhome,5,False,55.6,57.3,59.1,feasible_with_conditions,subdivision,0.885,0.932,0.966,placeholder,5.0,6.2,7.4,9282,15341,21480,-1941972,-1633891,-1348320,Parcel spans more than one district or has uncovered rules,medium,,-79.94338,40.404525
0056P00141000A00,56-P-141-A,Hazelwood,GI,10982,city,300,walkup,4,False,,,,high_risk,not_allowed,,,,,,,,,,,,,,Parcel spans more than one district or has uncovered rules,medium,,-79.94338,40.404525
0056P00142000000,56-P-142,Hazelwood,R1A-VH,844,city,300,single_family,1,False,,,,high_risk,not_allowed,,,,,,,,,,,,,,$830 in tax liens,medium,,-79.943233,40.404595
0056P00142000000,56-P-142,Hazelwood,R1A-VH,844,city,300,duplex,2,False,,,,high_risk,not_allowed,,,,,,,,,,,,,,$830 in tax liens,medium,,-79.943233,40.404595
0056P00142000000,56-P-142,Hazelwood,R1A-VH,844,city,300,triplex,3,False,,,,high_risk,not_allowed,,,,,,,,,,,,,,$830 in tax liens,medium,,-79.943233,40.404595
0056P00142000000,56-P-142,Hazelwood,R1A-VH,844,city,300,townhome,2,False,,,,high_risk,not_allowed,,,,,,,,,,,,,,$830 in tax liens,medium,,-79.943233,40.404595
0056P00142000000,56-P-142,Hazelwood,R1A-VH,844,city,300,walkup,4,False,,,,high_risk,not_allowed,,,,,,,,,,,,,,$830 in tax liens,medium,,-79.943233,40.404595
0056P00143000000,56-P-143,Hazelwood,R1A-VH,1226,private,300,single_family,1,True,49.5,52.1,54.5,feasible_with_conditions,variance,0.827,0.9,0.944,model,6.3,7.6,9.3,8914,15107,21108,-427320,-359177,-300519,$1 in tax liens,medium,,-79.943222,40.404553
0056P00143000000,56-P-143,Hazelwood,R1A-VH,1226,private,300,duplex,2,False,,,,high_risk,not_allowed,,,,,,,,,,,,,,$1 in tax liens,medium,,-79.943222,40.404553
0056P00143000000,56-P-143,Hazelwood,R1A-VH,1226,private,300,triplex,3,False,,,,high_risk,not_allowed,,,,,,,,,,,,,,$1 in tax liens,medium,,-79.943222,40.404553
0056P00143000000,56-P-143,Hazelwood,R1A-VH,1226,private,300,townhome,2,False,,,,high_risk,not_allowed,,,,,,,,,,,,,,$1 in tax liens,medium,,-79.943222,40.404553
0056P00143000000,56-P-143,Hazelwood,R1A-VH,1226,private,300,walkup,4,False,,,,high_risk,not_allowed,,,,,,,,,,,,,,$1 in tax liens,medium,,-79.943222,40.404553
0056P00144000000,56-P-144,Hazelwood,R1A-VH,1028,city,300,single_family,1,False,,,,high_risk,not_allowed,,,,,,,,,,,,,,"$2,640 in tax liens",medium,,-79.943209,40.404507
0056P00144000000,56-P-144,Hazelwood,R1A-VH,1028,city,300,duplex,2,False,,,,high_risk,not_allowed,,,,,,,,,,,,,,"$2,640 in tax liens",medium,,-79.943209,40.404507
0056P00144000000,56-P-144,Hazelwood,R1A-VH,1028,city,300,triplex,3,False,,,,high_risk,not_allowed,,,,,,,,,,,,,,"$2,640 in tax liens",medium,,-79.943209,40.404507
0056P00144000000,56-P-144,Hazelwood,R1A-VH,1028,city,300,townhome,2,False,,,,high_risk,not_allowed,,,,,,,,,,,,,,"$2,640 in tax liens",medium,,-79.943209,40.404507
0056P00144000000,56-P-144,Hazelwood,R1A-VH,1028,city,300,walkup,4,False,,,,high_risk,not_allowed,,,,,,,,,,,,,,"$2,640 in tax liens",medium,,-79.943209,40.404507
0056P00144000A00,56-P-144-A,Hazelwood,R1A-VH,1075,city,300,single_family,1,False,,,,high_risk,not_allowed,,,,,,,,,,,,,,"$7,768 in tax liens",medium,,-79.943198,40.404466
0056P00144000A00,56-P-144-A,Hazelwood,R1A-VH,1075,city,300,duplex,2,False,,,,high_risk,not_allowed,,,,,,,,,,,,,,"$7,768 in tax liens",medium,,-79.943198,40.404466
0056P00144000A00,56-P-144-A,Hazelwood,R1A-VH,1075,city,300,triplex,3,False,,,,high_risk,not_allowed,,,,,,,,,,,,,,"$7,768 in tax liens",medium,,-79.943198,40.404466
0056P00144000A00,56-P-144-A,Hazelwood,R1A-VH,1075,city,300,townhome,2,False,,,,high_risk,not_allowed,,,,,,,,,,,,,,"$7,768 in tax liens",medium,,-79.943198,40.404466
0056P00144000A00,56-P-144-A,Hazelwood,R1A-VH,1075,city,300,walkup,4,False,,,,high_risk,not_allowed,,,,,,,,,,,,,,"$7,768 in tax liens",medium,,-79.943198,40.404466
0056P00145000A00,56-P-145-A,Hazelwood,R1A-VH,711,city,300,single_family,1,False,,,,high_risk,not_allowed,,,,,,,,,,,,,,"$1,851 in tax liens",medium,,-79.94318,40.404388
0056P00145000A00,56-P-145-A,Hazelwood,R1A-VH,711,city,300,duplex,2,False,,,,high_risk,not_allowed,,,,,,,,,,,,,,"$1,851 in tax liens",medium,,-79.94318,40.404388
0056P00145000A00,56-P-145-A,Hazelwood,R1A-VH,711,city,300,triplex,3,False,,,,high_risk,not_allowed,,,,,,,,,,,,,,"$1,851 in tax liens",medium,,-79.94318,40.404388
0056P00145000A00,56-P-145-A,Hazelwood,R1A-VH,711,city,300,townhome,2,False,,,,high_risk,not_allowed,,,,,,,,,,,,,,"$1,851 in tax liens",medium,,-79.94318,40.404388
0056P00145000A00,56-P-145-A,Hazelwood,R1A-VH,711,city,300,walkup,4,False,,,,high_risk,not_allowed,,,,,,,,,,,,,,"$1,851 in tax liens",medium,,-79.94318,40.404388
0056P00146000000,56-P-146,Hazelwood,R1A-VH,899,city,300,single_family,1,False,,,,high_risk,not_allowed,,,,,,,,,,,,,,"$9,263 in tax liens",medium,,-79.943172,40.404357
0056P00146000000,56-P-146,Hazelwood,R1A-VH,899,city,300,duplex,2,False,,,,high_risk,not_allowed,,,,,,,,,,,,,,"$9,263 in tax liens",medium,,-79.943172,40.404357
0056P00146000000,56-P-146,Hazelwood,R1A-VH,899,city,300,triplex,3,False,,,,high_risk,not_allowed,,,,,,,,,,,,,,"$9,263 in tax liens",medium,,-79.943172,40.404357
0056P00146000000,56-P-146,Hazelwood,R1A-VH,899,city,300,townhome,2,False,,,,high_risk,not_allowed,,,,,,,,,,,,,,"$9,263 in tax liens",medium,,-79.943172,40.404357
0056P00146000000,56-P-146,Hazelwood,R1A-VH,899,city,300,walkup,4,False,,,,high_risk,not_allowed,,,,,,,,,,,,,,"$9,263 in tax liens",medium,,-79.943172,40.404357
0056P00147000000,56-P-147,Hazelwood,R1A-VH,1112,city,300,single_family,1,False,,,,high_risk,not_allowed,,,,,,,,,,,,,,"$5,399 in tax liens",medium,,-79.943161,40.404319
0056P00147000000,56-P-147,Hazelwood,R1A-VH,1112,city,300,duplex,2,False,,,,high_risk,not_allowed,,,,,,,,,,,,,,"$5,399 in tax liens",medium,,-79.943161,40.404319
0056P00147000000,56-P-147,Hazelwood,R1A-VH,1112,city,300,triplex,3,False,,,,high_risk,not_allowed,,,,,,,,,,,,,,"$5,399 in tax liens",medium,,-79.943161,40.404319
0056P00147000000,56-P-147,Hazelwood,R1A-VH,1112,city,300,townhome,2,False,,,,high_risk,not_allowed,,,,,,,,,,,,,,"$5,399 in tax liens",medium,,-79.943161,40.404319
0056P00147000000,56-P-147,Hazelwood,R1A-VH,1112,city,300,walkup,4,False,,,,high_risk,not_allowed,,,,,,,,,,,,,,"$5,399 in tax liens",medium,,-79.943161,40.404319
0056P00148000000,56-P-148,Hazelwood,R1A-VH,1080,city,300,single_family,1,False,,,,high_risk,not_allowed,,,,,,,,,,,,,,"$1,734 in tax liens",medium,,-79.943151,40.404278
0056P00148000000,56-P-148,Hazelwood,R1A-VH,1080,city,300,duplex,2,False,,,,high_risk,not_allowed,,,,,,,,,,,,,,"$1,734 in tax liens",medium,,-79.943151,40.404278
0056P00148000000,56-P-148,Hazelwood,R1A-VH,1080,city,300,triplex,3,False,,,,high_risk,not_allowed,,,,,,,,,,,,,,"$1,734 in tax liens",medium,,-79.943151,40.404278
0056P00148000000,56-P-148,Hazelwood,R1A-VH,1080,city,300,townhome,2,False,,,,high_risk,not_allowed,,,,,,,,,,,,,,"$1,734 in tax liens",medium,,-79.943151,40.404278
0056P00148000000,56-P-148,Hazelwood,R1A-VH,1080,city,300,walkup,4,False,,,,high_risk,not_allowed,,,,,,,,,,,,,,"$1,734 in tax liens",medium,,-79.943151,40.404278
0056P00149000000,56-P-149,Hazelwood,R1A-VH,1184,city,300,single_family,1,False,,,,high_risk,not_allowed,,,,,,,,,,,,,,$737 in tax liens,medium,,-79.943141,40.404235
0056P00149000000,56-P-149,Hazelwood,R1A-VH,1184,city,300,duplex,2,False,,,,high_risk,not_allowed,,,,,,,,,,,,,,$737 in tax liens,medium,,-79.943141,40.404235
0056P00149000000,56-P-149,Hazelwood,R1A-VH,1184,city,300,triplex,3,False,,,,high_risk,not_allowed,,,,,,,,,,,,,,$737 in tax liens,medium,,-79.943141,40.404235
0056P00149000000,56-P-149,Hazelwood,R1A-VH,1184,city,300,townhome,2,False,,,,high_risk,not_allowed,,,,,,,,,,,,,,$737 in tax liens,medium,,-79.943141,40.404235
0056P00149000000,56-P-149,Hazelwood,R1A-VH,1184,city,300,walkup,4,False,,,,high_risk,not_allowed,,,,,,,,,,,,,,$737 in tax liens,medium,,-79.943141,40.404235
0056P00155000000,56-P-155,Hazelwood,R1A-VH,4149,private,2700,single_family,1,True,57.8,59.8,61.6,feasible_with_conditions,by_right,1.0,1.0,1.0,by_right,3.1,4.0,5.0,9001,15071,21327,-424239,-355698,-295657,"3 DEP record(s) within 1,000 ft",low,,-79.943498,40.40645
0056P00155000000,56-P-155,Hazelwood,R1A-VH,4149,private,2700,duplex,2,False,,,,high_risk,not_allowed,,,,,,,,,,,,,,"3 DEP record(s) within 1,000 ft",low,,-79.943498,40.40645
0056P00155000000,56-P-155,Hazelwood,R1A-VH,4149,private,2700,triplex,3,False,,,,high_risk,not_allowed,,,,,,,,,,,,,,"3 DEP record(s) within 1,000 ft",low,,-79.943498,40.40645
0056P00155000000,56-P-155,Hazelwood,R1A-VH,4149,private,2700,townhome,2,False,,,,high_risk,not_allowed,,,,,,,,,,,,,,"3 DEP record(s) within 1,000 ft",low,,-79.943498,40.40645
0056P00155000000,56-P-155,Hazelwood,R1A-VH,4149,private,2700,walkup,4,False,,,,high_risk,not_allowed,,,,,,,,,,,,,,"3 DEP record(s) within 1,000 ft",low,,-79.943498,40.40645
0056P00159000000,56-P-159,Hazelwood,R1A-VH,4109,city,2800,single_family,1,True,53.3,55.8,58.3,feasible_with_conditions,by_right,1.0,1.0,1.0,by_right,4.4,5.8,7.4,14468,20875,27133,-427747,-361566,-300453,"$5,714 in tax liens",medium,,-79.943427,40.406186
0056P00159000000,56-P-159,Hazelwood,R1A-VH,4109,city,2800,duplex,2,False,,,,high_risk,not_allowed,,,,,,,,,,,,,,"$5,714 in tax liens",medium,,-79.943427,40.406186
0056P00159000000,56-P-159,Hazelwood,R1A-VH,4109,city,2800,triplex,3,False,,,,high_risk,not_allowed,,,,,,,,,,,,,,"$5,714 in tax liens",medium,,-79.943427,40.406186
0056P00159000000,56-P-159,Hazelwood,R1A-VH,4109,city,2800,townhome,2,False,,,,high_risk,not_allowed,,,,,,,,,,,,,,"$5,714 in tax liens",medium,,-79.943427,40.406186
0056P00159000000,56-P-159,Hazelwood,R1A-VH,4109,city,2800,walkup,4,False,,,,high_risk,not_allowed,,,,,,,,,,,,,,"$5,714 in tax liens",medium,,-79.943427,40.406186
0056P00160000000,56-P-160,Hazelwood,R1A-VH,4008,city,2700,single_family,1,True,53.7,56.2,58.6,feasible_with_conditions,by_right,1.0,1.0,1.0,by_right,4.4,5.8,7.4,12698,19105,25363,-426158,-359995,-298905,"$3,944 in tax liens",medium,,-79.943429,40.406118
0056P00160000000,56-P-160,Hazelwood,R1A-VH,4008,city,2700,duplex,2,False,,,,high_risk,not_allowed,,,,,,,,,,,,,,"$3,944 in tax liens",medium,,-79.943429,40.406118
0056P00160000000,56-P-160,Hazelwood,R1A-VH,4008,city,2700,triplex,3,False,,,,high_risk,not_allowed,,,,,,,,,,,,,,"$3,944 in tax liens",medium,,-79.943429,40.406118
0056P00160000000,56-P-160,Hazelwood,R1A-VH,4008,city,2700,townhome,2,False,,,,high_risk,not_allowed,,,,,,,,,,,,,,"$3,944 in tax liens",medium,,-79.943429,40.406118
0056P00160000000,56-P-160,Hazelwood,R1A-VH,4008,city,2700,walkup,4,False,,,,high_risk,not_allowed,,,,,,,,,,,,,,"$3,944 in tax liens",medium,,-79.943429,40.406118
0056P00166000000,56-P-166,Hazelwood,R1A-VH,4342,city,2900,single_family,1,True,53.9,56.3,58.8,feasible_with_conditions,by_right,1.0,1.0,1.0,by_right,4.4,5.8,7.4,11975,18382,24640,-425510,-359350,-298284,"$3,221 in tax liens",medium,,-79.943313,40.405716
0056P00166000000,56-P-166,Hazelwood,R1A-VH,4342,city,2900,duplex,2,False,,,,high_risk,not_allowed,,,,,,,,,,,,,,"$3,221 in tax liens",medium,,-79.943313,40.405716
0056P00166000000,56-P-166,Hazelwood,R1A-VH,4342,city,2900,triplex,3,False,,,,high_risk,not_allowed,,,,,,,,,,,,,,"$3,221 in tax liens",medium,,-79.943313,40.405716
0056P00166000000,56-P-166,Hazelwood,R1A-VH,4342,city,2900,townhome,2,False,,,,high_risk,not_allowed,,,,,,,,,,,,,,"$3,221 in tax liens",medium,,-79.943313,40.405716
0056P00166000000,56-P-166,Hazelwood,R1A-VH,4342,city,2900,walkup,4,False,,,,high_risk,not_allowed,,,,,,,,,,,,,,"$3,221 in tax liens",medium,,-79.943313,40.405716
0056P00167000000,56-P-167,Hazelwood,R1A-VH,4079,city,2700,single_family,1,True,53.3,55.8,58.2,feasible_with_conditions,by_right,1.0,1.0,1.0,by_right,4.4,5.8,7.4,14764,21171,27429,-428012,-361824,-300722,"$6,010 in tax liens",medium,,-79.943306,40.40565
0056P00167000000,56-P-167,Hazelwood,R1A-VH,4079,city,2700,duplex,2,False,,,,high_risk,not_allowed,,,,,,,,,,,,,,"$6,010 in tax liens",medium,,-79.943306,40.40565
0056P00167000000,56-P-167,Hazelwood,R1A-VH,4079,city,2700,triplex,3,False,,,,high_risk,not_allowed,,,,,,,,,,,,,,"$6,010 in tax liens",medium,,-79.943306,40.40565
0056P00167000000,56-P-167,Hazelwood,R1A-VH,4079,city,2700,townhome,2,False,,,,high_risk,not_allowed,,,,,,,,,,,,,,"$6,010 in tax liens",medium,,-79.943306,40.40565
0056P00167000000,56-P-167,Hazelwood,R1A-VH,4079,city,2700,walkup,4,False,,,,high_risk,not_allowed,,,,,,,,,,,,,,"$6,010 in tax liens",medium,,-79.943306,40.40565
0056P00176000000,56-P-176,Hazelwood,R1A-VH,1598,city,400,single_family,1,True,53.7,56.2,58.6,feasible_with_conditions,by_right,1.0,1.0,1.0,by_right,4.4,5.8,7.4,12813,19220,25478,-426261,-360097,-299003,"$4,059 in tax liens",medium,,-79.943014,40.405195
0056P00176000000,56-P-176,Hazelwood,R1A-VH,1598,city,400,duplex,2,False,,,,high_risk,not_allowed,,,,,,,,,,,,,,"$4,059 in tax liens",medium,,-79.943014,40.405195
0056P00176000000,56-P-176,Hazelwood,R1A-VH,1598,city,400,triplex,3,False,,,,high_risk,not_allowed,,,,,,,,,,,,,,"$4,059 in tax liens",medium,,-79.943014,40.405195
0056P00176000000,56-P-176,Hazelwood,R1A-VH,1598,city,400,townhome,2,False,,,,high_risk,not_allowed,,,,,,,,,,,,,,"$4,059 in tax liens",medium,,-79.943014,40.405195
0056P00176000000,56-P-176,Hazelwood,R1A-VH,1598,city,400,walkup,4,False,,,,high_risk,not_allowed,,,,,,,,,,,,,,"$4,059 in tax liens",medium,,-79.943014,40.405195
0056P00177000000,56-P-177,Hazelwood,R1A-VH,1586,city,400,single_family,1,True,54.3,56.7,59.2,feasible_with_conditions,by_right,1.0,1.0,1.0,by_right,4.4,5.8,7.4,10107,16514,22772,-423846,-357683,-296645,"$1,353 in tax liens",medium,,-79.942999,40.40515
0056P00177000000,56-P-177,Hazelwood,R1A-VH,1586,city,400,duplex,2,False,,,,high_risk,not_allowed,,,,,,,,,,,,,,"$1,353 in tax liens",medium,,-79.942999,40.40515
0056P00177000000,56-P-177,Hazelwood,R1A-VH,1586,city,400,triplex,3,False,,,,high_risk,not_allowed,,,,,,,,,,,,,,"$1,353 in tax liens",medium,,-79.942999,40.40515
0056P00177000000,56-P-177,Hazelwood,R1A-VH,1586,city,400,townhome,2,False,,,,high_risk,not_allowed,,,,,,,,,,,,,,"$1,353 in tax liens",medium,,-79.942999,40.40515
0056P00177000000,56-P-177,Hazelwood,R1A-VH,1586,city,400,walkup,4,False,,,,high_risk,not_allowed,,,,,,,,,,,,,,"$1,353 in tax liens",medium,,-79.942999,40.40515
0056P00186000A00,56-P-186-A,Hazelwood,R1A-VH,2250,city,400,single_family,1,True,54.4,56.9,59.4,feasible_with_conditions,by_right,1.0,1.0,1.0,by_right,4.4,5.8,7.4,9377,15784,22042,-425625,-359505,-298980,$623 in tax liens,medium,,-79.942885,40.404701
0056P00186000A00,56-P-186-A,Hazelwood,R1A-VH,2250,city,400,duplex,2,False,,,,high_risk,not_allowed,,,,,,,,,,,,,,$623 in tax liens,medium,,-79.942885,40.404701
0056P00186000A00,56-P-186-A,Hazelwood,R1A-VH,2250,city,400,triplex,3,False,,,,high_risk,not_allowed,,,,,,,,,,,,,,$623 in tax liens,medium,,-79.942885,40.404701
0056P00186000A00,56-P-186-A,Hazelwood,R1A-VH,2250,city,400,townhome,2,False,,,,high_risk,not_allowed,,,,,,,,,,,,,,$623 in tax liens,medium,,-79.942885,40.404701
0056P00186000A00,56-P-186-A,Hazelwood,R1A-VH,2250,city,400,walkup,4,False,,,,high_risk,not_allowed,,,,,,,,,,,,,,$623 in tax liens,medium,,-79.942885,40.404701
0056P00187000000,56-P-187,Hazelwood,R1A-VH,1655,city,400,single_family,1,True,54.3,56.7,59.2,feasible_with_conditions,by_right,1.0,1.0,1.0,by_right,4.4,5.8,7.4,10042,16448,22706,-427139,-360993,-301030,"$1,287 in tax liens",medium,,-79.94287,40.404649
0056P00187000000,56-P-187,Hazelwood,R1A-VH,1655,city,400,duplex,2,False,,,,high_risk,not_allowed,,,,,,,,,,,,,,"$1,287 in tax liens",medium,,-79.94287,40.404649
0056P00187000000,56-P-187,Hazelwood,R1A-VH,1655,city,400,triplex,3,False,,,,high_risk,not_allowed,,,,,,,,,,,,,,"$1,287 in tax liens",medium,,-79.94287,40.404649
0056P00187000000,56-P-187,Hazelwood,R1A-VH,1655,city,400,townhome,2,False,,,,high_risk,not_allowed,,,,,,,,,,,,,,"$1,287 in tax liens",medium,,-79.94287,40.404649
0056P00187000000,56-P-187,Hazelwood,R1A-VH,1655,city,400,walkup,4,False,,,,high_risk,not_allowed,,,,,,,,,,,,,,"$1,287 in tax liens",medium,,-79.94287,40.404649
0056P00195000000,56-P-195,Hazelwood,R1A-VH,861,city,400,single_family,1,False,,,,high_risk,not_allowed,,,,,,,,,,,,,,"$1,631 in tax liens",medium,,-79.942737,40.404166
0056P00195000000,56-P-195,Hazelwood,R1A-VH,861,city,400,duplex,2,False,,,,high_risk,not_allowed,,,,,,,,,,,,,,"$1,631 in tax liens",medium,,-79.942737,40.404166
0056P00195000000,56-P-195,Hazelwood,R1A-VH,861,city,400,triplex,3,False,,,,high_risk,not_allowed,,,,,,,,,,,,,,"$1,631 in tax liens",medium,,-79.942737,40.404166
0056P00195000000,56-P-195,Hazelwood,R1A-VH,861,city,400,townhome,2,False,,,,high_risk,not_allowed,,,,,,,,,,,,,,"$1,631 in tax liens",medium,,-79.942737,40.404166
0056P00195000000,56-P-195,Hazelwood,R1A-VH,861,city,400,walkup,4,False,,,,high_risk,not_allowed,,,,,,,,,,,,,,"$1,631 in tax liens",medium,,-79.942737,40.404166
0056P00197000000,56-P-197,Hazelwood,R1A-H,2758,private,1200,single_family,1,True,51.8,54.4,57.1,feasible_with_conditions,by_right,1.0,1.0,1.0,by_right,4.4,5.8,7.3,19291,27637,36319,-441811,-374754,-315136,$4 in tax liens,medium,,-79.942107,40.404131
0056P00197000000,56-P-197,Hazelwood,R1A-H,2758,private,1200,duplex,2,False,,,,high_risk,not_allowed,,,,,,,,,,,,,,$4 in tax liens,medium,,-79.942107,40.404131
0056P00197000000,56-P-197,Hazelwood,R1A-H,2758,private,1200,triplex,3,False,,,,high_risk,not_allowed,,,,,,,,,,,,,,$4 in tax liens,medium,,-79.942107,40.404131
0056P00197000000,56-P-197,Hazelwood,R1A-H,2758,private,1200,townhome,2,False,,,,high_risk,not_allowed,,,,,,,,,,,,,,$4 in tax liens,medium,,-79.942107,40.404131
0056P00197000000,56-P-197,Hazelwood,R1A-H,2758,private,1200,walkup,4,False,,,,high_risk,not_allowed,,,,,,,,,,,,,,$4 in tax liens,medium,,-79.942107,40.404131
0056P00199000000,56-P-199,Hazelwood,R1A-H,1416,private,600,single_family,1,False,,,,high_risk,not_allowed,,,,,,,,,,,,,,$33 in tax liens,medium,,-79.94215,40.404279
0056P00199000000,56-P-199,Hazelwood,R1A-H,1416,private,600,duplex,2,False,,,,high_risk,not_allowed,,,,,,,,,,,,,,$33 in tax liens,medium,,-79.94215,40.404279
0056P00199000000,56-P-199,Hazelwood,R1A-H,1416,private,600,triplex,3,False,,,,high_risk,not_allowed,,,,,,,,,,,,,,$33 in tax liens,medium,,-79.94215,40.404279
0056P00199000000,56-P-199,Hazelwood,R1A-H,1416,private,600,townhome,2,False,,,,high_risk,not_allowed,,,,,,,,,,,,,,$33 in tax liens,medium,,-79.94215,40.404279
0056P00199000000,56-P-199,Hazelwood,R1A-H,1416,private,600,walkup,4,False,,,,high_risk,not_allowed,,,,,,,,,,,,,,$33 in tax liens,medium,,-79.94215,40.404279
0056P00199000100,56-P-199-1,Hazelwood,R1A-H,1439,private,600,single_family,1,True,40.5,44.5,49.0,high_risk,variance,0.827,0.9,0.944,model,6.2,7.6,9.3,34397,52573,71258,-460077,-392688,-330916,23% of lot on 25%+ slope,medium,,-79.942139,40.404245
0056P00199000100,56-P-199-1,Hazelwood,R1A-H,1439,private,600,duplex,2,False,,,,high_risk,not_allowed,,,,,,,,,,,,,,23% of lot on 25%+ slope,medium,,-79.942139,40.404245
0056P00199000100,56-P-199-1,Hazelwood,R1A-H,1439,private,600,triplex,3,False,,,,high_risk,not_allowed,,,,,,,,,,,,,,23% of lot on 25%+ slope,medium,,-79.942139,40.404245
0056P00199000100,56-P-199-1,Hazelwood,R1A-H,1439,private,600,townhome,2,False,,,,high_risk,not_allowed,,,,,,,,,,,,,,23% of lot on 25%+ slope,medium,,-79.942139,40.404245
0056P00199000100,56-P-199-1,Hazelwood,R1A-H,1439,private,600,walkup,4,False,,,,high_risk,not_allowed,,,,,,,,,,,,,,23% of lot on 25%+ slope,medium,,-79.942139,40.404245
0056P00200000000,56-P-200,Hazelwood,R1A-H,2774,private,600,single_family,1,True,51.0,53.6,56.3,feasible_with_conditions,by_right,1.0,1.0,1.0,by_right,4.4,5.8,7.3,23200,31546,40228,-445247,-378233,-318598,"$3,913 in tax liens",medium,,-79.942166,40.404329
0056P00200000000,56-P-200,Hazelwood,R1A-H,2774,private,600,duplex,2,False,,,,high_risk,not_allowed,,,,,,,,,,,,,,"$3,913 in tax liens",medium,,-79.942166,40.404329
0056P00200000000,56-P-200,Hazelwood,R1A-H,2774,private,600,triplex,3,False,,,,high_risk,not_allowed,,,,,,,,,,,,,,"$3,913 in tax liens",medium,,-79.942166,40.404329
0056P00200000000,56-P-200,Hazelwood,R1A-H,2774,private,600,townhome,2,False,,,,high_risk,not_allowed,,,,,,,,,,,,,,"$3,913 in tax liens",medium,,-79.942166,40.404329
0056P00200000000,56-P-200,Hazelwood,R1A-H,2774,private,600,walkup,4,False,,,,high_risk,not_allowed,,,,,,,,,,,,,,"$3,913 in tax liens",medium,,-79.942166,40.404329
0056P00223000000,56-P-223,Hazelwood,R1A-H,2812,city,3200,single_family,1,True,51.1,53.8,56.5,feasible_with_conditions,by_right,1.0,1.0,1.0,by_right,4.4,5.8,7.3,22387,30734,39416,-438265,-371254,-310726,"$3,100 in tax liens",medium,,-79.942563,40.405747
0056P00223000000,56-P-223,Hazelwood,R1A-H,2812,city,3200,duplex,2,False,,,,high_risk,not_allowed,,,,,,,,,,,,,,"$3,100 in tax liens",medium,,-79.942563,40.405747
0056P00223000000,56-P-223,Hazelwood,R1A-H,2812,city,3200,triplex,3,False,,,,high_risk,not_allowed,,,,,,,,,,,,,,"$3,100 in tax liens",medium,,-79.942563,40.405747
0056P00223000000,56-P-223,Hazelwood,R1A-H,2812,city,3200,townhome,2,False,,,,high_risk,not_allowed,,,,,,,,,,,,,,"$3,100 in tax liens",medium,,-79.942563,40.405747
0056P00223000000,56-P-223,Hazelwood,R1A-H,2812,city,3200,walkup,4,False,,,,high_risk,not_allowed,,,,,,,,,,,,,,"$3,100 in tax liens",medium,,-79.942563,40.405747
0056P00226000000,56-P-226,Hazelwood,R1A-H,2251,city,3200,single_family,1,True,55.2,57.4,59.9,feasible_with_conditions,by_right,1.0,1.0,1.0,by_right,4.4,5.9,7.3,6988,12911,18878,-420984,-355383,-295342,$432 in tax liens,medium,,-79.942115,40.405887
0056P00226000000,56-P-226,Hazelwood,R1A-H,2251,city,3200,duplex,2,False,,,,high_risk,not_allowed,,,,,,,,,,,,,,$432 in tax liens,medium,,-79.942115,40.405887
0056P00226000000,56-P-226,Hazelwood,R1A-H,2251,city,3200,triplex,3,False,,,,high_risk,not_allowed,,,,,,,,,,,,,,$432 in tax liens,medium,,-79.942115,40.405887
0056P00226000000,56-P-226,Hazelwood,R1A-H,2251,city,3200,townhome,2,False,,,,high_risk,not_allowed,,,,,,,,,,,,,,$432 in tax liens,medium,,-79.942115,40.405887
0056P00226000000,56-P-226,Hazelwood,R1A-H,2251,city,3200,walkup,4,False,,,,high_risk,not_allowed,,,,,,,,,,,,,,$432 in tax liens,medium,,-79.942115,40.405887
0056P00237000000,56-P-237,Hazelwood,R1A-H,2679,city,600,single_family,1,True,54.4,56.9,59.4,feasible_with_conditions,by_right,1.0,1.0,1.0,by_right,4.4,5.8,7.4,9545,15952,22210,-423338,-357181,-296148,$791 in tax liens,medium,,-79.941947,40.40529
0056P00237000000,56-P-237,Hazelwood,R1A-H,2679,city,600,duplex,2,False,,,,high_risk,not_allowed,,,,,,,,,,,,,,$791 in tax liens,medium,,-79.941947,40.40529
0056P00237000000,56-P-237,Hazelwood,R1A-H,2679,city,600,triplex,3,False,,,,high_risk,not_allowed,,,,,,,,,,,,,,$791 in tax liens,medium,,-79.941947,40.40529
0056P00237000000,56-P-237,Hazelwood,R1A-H,2679,city,600,townhome,2,False,,,,high_risk,not_allowed,,,,,,,,,,,,,,$791 in tax liens,medium,,-79.941947,40.40529
0056P00237000000,56-P-237,Hazelwood,R1A-H,2679,city,600,walkup,4,False,,,,high_risk,not_allowed,,,,,,,,,,,,,,$791 in tax liens,medium,,-79.941947,40.40529
0056P00240000000,56-P-240,Hazelwood,R1A-H,3045,city,3300,single_family,1,True,54.3,56.8,59.2,feasible_with_conditions,by_right,1.0,1.0,1.0,by_right,4.4,5.8,7.4,9989,16395,22653,-423738,-357577,-296540,"$1,234 in tax liens",medium,,-79.941889,40.40509
0056P00240000000,56-P-240,Hazelwood,R1A-H,3045,city,3300,duplex,2,False,,,,high_risk,not_allowed,,,,,,,,,,,,,,"$1,234 in tax liens",medium,,-79.941889,40.40509
0056P00240000000,56-P-240,Hazelwood,R1A-H,3045,city,3300,triplex,3,False,,,,high_risk,not_allowed,,,,,,,,,,,,,,"$1,234 in tax liens",medium,,-79.941889,40.40509
0056P00240000000,56-P-240,Hazelwood,R1A-H,3045,city,3300,townhome,2,False,,,,high_risk,not_allowed,,,,,,,,,,,,,,"$1,234 in tax liens",medium,,-79.941889,40.40509
0056P00240000000,56-P-240,Hazelwood,R1A-H,3045,city,3300,walkup,4,False,,,,high_risk,not_allowed,,,,,,,,,,,,,,"$1,234 in tax liens",medium,,-79.941889,40.40509
0056P00242000000,56-P-242,Hazelwood,R1A-H,3315,city,3400,single_family,1,True,51.1,53.7,56.4,feasible_with_conditions,by_right,1.0,1.0,1.0,by_right,4.4,5.8,7.3,22691,31037,39719,-438532,-371523,-310995,"$3,404 in tax liens",medium,,-79.941846,40.404937
0056P00242000000,56-P-242,Hazelwood,R1A-H,3315,city,3400,duplex,2,False,,,,high_risk,not_allowed,,,,,,,,,,,,,,"$3,404 in tax liens",medium,,-79.941846,40.404937
0056P00242000000,56-P-242,Hazelwood,R1A-H,3315,city,3400,triplex,3,False,,,,high_risk,not_allowed,,,,,,,,,,,,,,"$3,404 in tax liens",medium,,-79.941846,40.404937
0056P00242000000,56-P-242,Hazelwood,R1A-H,3315,city,3400,townhome,2,False,,,,high_risk,not_allowed,,,,,,,,,,,,,,"$3,404 in tax liens",medium,,-79.941846,40.404937
0056P00242000000,56-P-242,Hazelwood,R1A-H,3315,city,3400,walkup,4,False,,,,high_risk,not_allowed,,,,,,,,,,,,,,"$3,404 in tax liens",medium,,-79.941846,40.404937
0056P00247000000,56-P-247,Hazelwood,R1A-H,3404,city,3200,single_family,1,True,51.8,54.4,57.1,feasible_with_conditions,by_right,1.0,1.0,1.0,by_right,4.4,5.8,7.3,19338,27685,36367,-435580,-368544,-308036,$51 in tax liens,medium,,-79.941728,40.404544
0056P00247000000,56-P-247,Hazelwood,R1A-H,3404,city,3200,duplex,2,False,,,,high_risk,not_allowed,,,,,,,,,,,,,,$51 in tax liens,medium,,-79.941728,40.404544
0056P00247000000,56-P-247,Hazelwood,R1A-H,3404,city,3200,triplex,3,False,,,,high_risk,not_allowed,,,,,,,,,,,,,,$51 in tax liens,medium,,-79.941728,40.404544
0056P00247000000,56-P-247,Hazelwood,R1A-H,3404,city,3200,townhome,2,False,,,,high_risk,not_allowed,,,,,,,,,,,,,,$51 in tax liens,medium,,-79.941728,40.404544
0056P00247000000,56-P-247,Hazelwood,R1A-H,3404,city,3200,walkup,4,False,,,,high_risk,not_allowed,,,,,,,,,,,,,,$51 in tax liens,medium,,-79.941728,40.404544
0056P00271000000,56-P-271,Hazelwood,R1A-H,2645,private,3200,single_family,1,True,55.4,57.7,59.8,feasible_with_conditions,by_right,1.0,1.0,1.0,by_right,3.1,4.0,5.0,16689,24946,33506,-436158,-369465,-310994,8% of lot on 25%+ slope,low,,-79.941459,40.4057
0056P00271000000,56-P-271,Hazelwood,R1A-H,2645,private,3200,duplex,2,False,,,,high_risk,not_allowed,,,,,,,,,,,,,,8% of lot on 25%+ slope,low,,-79.941459,40.4057
0056P00271000000,56-P-271,Hazelwood,R1A-H,2645,private,3200,triplex,3,False,,,,high_risk,not_allowed,,,,,,,,,,,,,,8% of lot on 25%+ slope,low,,-79.941459,40.4057
0056P00271000000,56-P-271,Hazelwood,R1A-H,2645,private,3200,townhome,2,False,,,,high_risk,not_allowed,,,,,,,,,,,,,,8% of lot on 25%+ slope,low,,-79.941459,40.4057
0056P00271000000,56-P-271,Hazelwood,R1A-H,2645,private,3200,walkup,4,False,,,,high_risk,not_allowed,,,,,,,,,,,,,,8% of lot on 25%+ slope,low,,-79.941459,40.4057
0056R00007000000,56-R-7,Hazelwood,R1A-H,3098,private,3200,single_family,1,True,45.1,49.1,53.2,high_risk,by_right,1.0,1.0,1.0,by_right,4.5,5.8,7.4,36482,55274,73046,-457713,-391076,-330110,34% of lot on 25%+ slope,medium,,-79.940546,40.406443
0056R00007000000,56-R-7,Hazelwood,R1A-H,3098,private,3200,duplex,2,False,,,,high_risk,not_allowed,,,,,,,,,,,,,,34% of lot on 25%+ slope,medium,,-79.940546,40.406443
0056R00007000000,56-R-7,Hazelwood,R1A-H,3098,private,3200,triplex,3,False,,,,high_risk,not_allowed,,,,,,,,,,,,,,34% of lot on 25%+ slope,medium,,-79.940546,40.406443
0056R00007000000,56-R-7,Hazelwood,R1A-H,3098,private,3200,townhome,2,False,,,,high_risk,not_allowed,,,,,,,,,,,,,,34% of lot on 25%+ slope,medium,,-79.940546,40.406443
0056R00007000000,56-R-7,Hazelwood,R1A-H,3098,private,3200,walkup,4,False,,,,high_risk,not_allowed,,,,,,,,,,,,,,34% of lot on 25%+ slope,medium,,-79.940546,40.406443
0056R00049000000,56-R-49,Hazelwood,R1A-H,5312,private,3300,single_family,1,True,55.4,57.7,59.8,feasible_with_conditions,by_right,1.0,1.0,1.0,by_right,3.1,4.0,5.0,16689,24946,33506,-436158,-369465,-310994,3% of lot on 25%+ slope,low,,-79.940254,40.406036
0056R00049000000,56-R-49,Hazelwood,R1A-H,5312,private,3300,duplex,2,False,,,,high_risk,not_allowed,,,,,,,,,,,,,,3% of lot on 25%+ slope,low,,-79.940254,40.406036
0056R00049000000,56-R-49,Hazelwood,R1A-H,5312,private,3300,triplex,3,False,,,,high_risk,not_allowed,,,,,,,,,,,,,,3% of lot on 25%+ slope,low,,-79.940254,40.406036
0056R00049000000,56-R-49,Hazelwood,R1A-H,5312,private,3300,townhome,2,False,53.7,55.8,57.8,feasible_with_conditions,subdivision,0.885,0.932,0.966,placeholder,4.6,5.6,6.8,16629,24942,33824,-788401,-665916,-552685,3% of lot on 25%+ slope,low,,-79.940254,40.406036
0056R00049000000,56-R-49,Hazelwood,R1A-H,5312,private,3300,walkup,4,False,,,,high_risk,not_allowed,,,,,,,,,,,,,,3% of lot on 25%+ slope,low,,-79.940254,40.406036
0056R00057000000,56-R-57,Hazelwood,R1A-H,3317,private,3300,single_family,1,True,51.4,54.1,56.8,feasible_with_conditions,by_right,1.0,1.0,1.0,by_right,4.4,5.8,7.4,20496,29106,37461,-435557,-369081,-307499,"$3,974 in tax liens",medium,,-79.941011,40.405909
0056R00057000000,56-R-57,Hazelwood,R1A-H,3317,private,3300,duplex,2,False,,,,high_risk,not_allowed,,,,,,,,,,,,,,"$3,974 in tax liens",medium,,-79.941011,40.405909
0056R00057000000,56-R-57,Hazelwood,R1A-H,3317,private,3300,triplex,3,False,,,,high_risk,not_allowed,,,,,,,,,,,,,,"$3,974 in tax liens",medium,,-79.941011,40.405909
0056R00057000000,56-R-57,Hazelwood,R1A-H,3317,private,3300,townhome,2,False,,,,high_risk,not_allowed,,,,,,,,,,,,,,"$3,974 in tax liens",medium,,-79.941011,40.405909
0056R00057000000,56-R-57,Hazelwood,R1A-H,3317,private,3300,walkup,4,False,,,,high_risk,not_allowed,,,,,,,,,,,,,,"$3,974 in tax liens",medium,,-79.941011,40.405909
0056R00068000000,56-R-68,Hazelwood,R1A-H,2506,private,3200,single_family,1,True,50.7,53.4,56.1,feasible_with_conditions,by_right,1.0,1.0,1.0,by_right,4.4,5.8,7.4,23668,32277,40632,-438356,-371831,-310329,"$7,145 in tax liens",medium,,-79.940352,40.40555
0056R00068000000,56-R-68,Hazelwood,R1A-H,2506,private,3200,duplex,2,False,,,,high_risk,not_allowed,,,,,,,,,,,,,,"$7,145 in tax liens",medium,,-79.940352,40.40555
0056R00068000000,56-R-68,Hazelwood,R1A-H,2506,private,3200,triplex,3,False,,,,high_risk,not_allowed,,,,,,,,,,,,,,"$7,145 in tax liens",medium,,-79.940352,40.40555
0056R00068000000,56-R-68,Hazelwood,R1A-H,2506,private,3200,townhome,2,False,,,,high_risk,not_allowed,,,,,,,,,,,,,,"$7,145 in tax liens",medium,,-79.940352,40.40555
0056R00068000000,56-R-68,Hazelwood,R1A-H,2506,private,3200,walkup,4,False,,,,high_risk,not_allowed,,,,,,,,,,,,,,"$7,145 in tax liens",medium,,-79.940352,40.40555
0056R00069000000,56-R-69,Hazelwood,R1A-H,4403,city,3700,single_family,1,True,51.9,54.5,57.3,feasible_with_conditions,by_right,1.0,1.0,1.0,by_right,4.4,5.8,7.4,18173,26783,35138,-433505,-367059,-305429,"$1,651 in tax liens",medium,,-79.940241,40.405566
0056R00069000000,56-R-69,Hazelwood,R1A-H,4403,city,3700,duplex,2,False,,,,high_risk,not_allowed,,,,,,,,,,,,,,"$1,651 in tax liens",medium,,-79.940241,40.405566
0056R00069000000,56-R-69,Hazelwood,R1A-H,4403,city,3700,triplex,3,False,,,,high_risk,not_allowed,,,,,,,,,,,,,,"$1,651 in tax liens",medium,,-79.940241,40.405566
0056R00069000000,56-R-69,Hazelwood,R1A-H,4403,city,3700,townhome,2,False,52.8,54.9,57.0,feasible_with_conditions,subdivision,0.885,0.932,0.966,placeholder,5.0,6.2,7.4,18445,26775,35169,-789369,-663636,-552841,"$1,651 in tax liens",medium,,-79.940241,40.405566
0056R00069000000,56-R-69,Hazelwood,R1A-H,4403,city,3700,walkup,4,False,,,,high_risk,not_allowed,,,,,,,,,,,,,,"$1,651 in tax liens",medium,,-79.940241,40.405566
0056R00071000000,56-R-71,Hazelwood,R1A-H,3727,private,3700,single_family,1,True,51.3,53.9,56.6,feasible_with_conditions,by_right,1.0,1.0,1.0,by_right,4.4,5.8,7.4,21145,29755,38110,-436131,-369646,-308078,"$4,623 in tax liens",medium,,-79.940111,40.405588
0056R00071000000,56-R-71,Hazelwood,R1A-H,3727,private,3700,duplex,2,False,,,,high_risk,not_allowed,,,,,,,,,,,,,,"$4,623 in tax liens",medium,,-79.940111,40.405588
0056R00071000000,56-R-71,Hazelwood,R1A-H,3727,private,3700,triplex,3,False,,,,high_risk,not_allowed,,,,,,,,,,,,,,"$4,623 in tax liens",medium,,-79.940111,40.405588
0056R00071000000,56-R-71,Hazelwood,R1A-H,3727,private,3700,townhome,2,False,,,,high_risk,not_allowed,,,,,,,,,,,,,,"$4,623 in tax liens",medium,,-79.940111,40.405588
0056R00071000000,56-R-71,Hazelwood,R1A-H,3727,private,3700,walkup,4,False,,,,high_risk,not_allowed,,,,,,,,,,,,,,"$4,623 in tax liens",medium,,-79.940111,40.405588
0056R00076000000,56-R-76,Hazelwood,R1A-H,2210,private,3000,single_family,1,True,52.2,54.9,57.6,feasible_with_conditions,by_right,1.0,1.0,1.0,by_right,4.4,5.8,7.4,16537,25146,33502,-432060,-365634,-303972,$14 in tax liens,medium,,-79.939795,40.405638
0056R00076000000,56-R-76,Hazelwood,R1A-H,2210,private,3000,duplex,2,False,,,,high_risk,not_allowed,,,,,,,,,,,,,,$14 in tax liens,medium,,-79.939795,40.405638
0056R00076000000,56-R-76,Hazelwood,R1A-H,2210,private,3000,triplex,3,False,,,,high_risk,not_allowed,,,,,,,,,,,,,,$14 in tax liens,medium,,-79.939795,40.405638
0056R00076000000,56-R-76,Hazelwood,R1A-H,2210,private,3000,townhome,2,False,,,,high_risk,not_allowed,,,,,,,,,,,,,,$14 in tax liens,medium,,-79.939795,40.405638
0056R00076000000,56-R-76,Hazelwood,R1A-H,2210,private,3000,walkup,4,False,,,,high_risk,not_allowed,,,,,,,,,,,,,,$14 in tax liens,medium,,-79.939795,40.405638
0056R00078000000,56-R-78,Hazelwood,R1A-H,2661,private,3000,single_family,1,True,47.7,51.9,55.8,feasible_with_conditions,by_right,1.0,1.0,1.0,by_right,3.6,4.6,5.6,31388,49903,68482,-457380,-391675,-329876,22% of lot on 25%+ slope,medium,,-79.939641,40.405664
0056R00078000000,56-R-78,Hazelwood,R1A-H,2661,private,3000,duplex,2,False,,,,high_risk,not_allowed,,,,,,,,,,,,,,22% of lot on 25%+ slope,medium,,-79.939641,40.405664
0056R00078000000,56-R-78,Hazelwood,R1A-H,2661,private,3000,triplex,3,False,,,,high_risk,not_allowed,,,,,,,,,,,,,,22% of lot on 25%+ slope,medium,,-79.939641,40.405664
0056R00078000000,56-R-78,Hazelwood,R1A-H,2661,private,3000,townhome,2,False,,,,high_risk,not_allowed,,,,,,,,,,,,,,22% of lot on 25%+ slope,medium,,-79.939641,40.405664
0056R00078000000,56-R-78,Hazelwood,R1A-H,2661,private,3000,walkup,4,False,,,,high_risk,not_allowed,,,,,,,,,,,,,,22% of lot on 25%+ slope,medium,,-79.939641,40.405664
0056R00098000000,56-R-98,Hazelwood,R1A-H,2064,private,600,single_family,1,True,45.6,49.7,53.7,high_risk,by_right,1.0,1.0,1.0,by_right,4.5,5.8,7.4,33501,52294,70065,-455043,-388472,-327477,46% of lot on 25%+ slope,medium,,-79.94083,40.404652
0056R00098000000,56-R-98,Hazelwood,R1A-H,2064,private,600,duplex,2,False,,,,high_risk,not_allowed,,,,,,,,,,,,,,46% of lot on 25%+ slope,medium,,-79.94083,40.404652
0056R00098000000,56-R-98,Hazelwood,R1A-H,2064,private,600,triplex,3,False,,,,high_risk,not_allowed,,,,,,,,,,,,,,46% of lot on 25%+ slope,medium,,-79.94083,40.404652
0056R00098000000,56-R-98,Hazelwood,R1A-H,2064,private,600,townhome,2,False,,,,high_risk,not_allowed,,,,,,,,,,,,,,46% of lot on 25%+ slope,medium,,-79.94083,40.404652
0056R00098000000,56-R-98,Hazelwood,R1A-H,2064,private,600,walkup,4,False,,,,high_risk,not_allowed,,,,,,,,,,,,,,46% of lot on 25%+ slope,medium,,-79.94083,40.404652
0056R00100000000,56-R-100,Hazelwood,R1A-H,2405,private,3000,single_family,1,True,45.9,49.9,54.0,high_risk,by_right,1.0,1.0,1.0,by_right,4.5,5.8,7.4,32007,50800,68571,-453749,-387179,-326157,20% of lot on 25%+ slope,medium,,-79.940664,40.404678
0056R00100000000,56-R-100,Hazelwood,R1A-H,2405,private,3000,duplex,2,False,,,,high_risk,not_allowed,,,,,,,,,,,,,,20% of lot on 25%+ slope,medium,,-79.940664,40.404678
0056R00100000000,56-R-100,Hazelwood,R1A-H,2405,private,3000,triplex,3,False,,,,high_risk,not_allowed,,,,,,,,,,,,,,20% of lot on 25%+ slope,medium,,-79.940664,40.404678
0056R00100000000,56-R-100,Hazelwood,R1A-H,2405,private,3000,townhome,2,False,,,,high_risk,not_allowed,,,,,,,,,,,,,,20% of lot on 25%+ slope,medium,,-79.940664,40.404678
0056R00100000000,56-R-100,Hazelwood,R1A-H,2405,private,3000,walkup,4,False,,,,high_risk,not_allowed,,,,,,,,,,,,,,20% of lot on 25%+ slope,medium,,-79.940664,40.404678
0056R00101000000,56-R-101,Hazelwood,R1A-H,2672,private,3000,single_family,1,True,51.1,53.8,56.5,feasible_with_conditions,by_right,1.0,1.0,1.0,by_right,4.4,5.8,7.4,22028,30637,38993,-436910,-370415,-308866,"$5,505 in tax liens",medium,,-79.940572,40.404693
0056R00101000000,56-R-101,Hazelwood,R1A-H,2672,private,3000,duplex,2,False,,,,high_risk,not_allowed,,,,,,,,,,,,,,"$5,505 in tax liens",medium,,-79.940572,40.404693
0056R00101000000,56-R-101,Hazelwood,R1A-H,2672,private,3000,triplex,3,False,,,,high_risk,not_allowed,,,,,,,,,,,,,,"$5,505 in tax liens",medium,,-79.940572,40.404693
0056R00101000000,56-R-101,Hazelwood,R1A-H,2672,private,3000,townhome,2,False,,,,high_risk,not_allowed,,,,,,,,,,,,,,"$5,505 in tax liens",medium,,-79.940572,40.404693
0056R00101000000,56-R-101,Hazelwood,R1A-H,2672,private,3000,walkup,4,False,,,,high_risk,not_allowed,,,,,,,,,,,,,,"$5,505 in tax liens",medium,,-79.940572,40.404693
0056R00103000000,56-R-103,Hazelwood,R1A-H,2524,private,3000,single_family,1,True,45.9,49.9,54.0,high_risk,by_right,1.0,1.0,1.0,by_right,4.5,5.8,7.4,32191,50983,68755,-453908,-387338,-326319,16% of lot on 25%+ slope,medium,,-79.940394,40.404723
0056R00103000000,56-R-103,Hazelwood,R1A-H,2524,private,3000,duplex,2,False,,,,high_risk,not_allowed,,,,,,,,,,,,,,16% of lot on 25%+ slope,medium,,-79.940394,40.404723
0056R00103000000,56-R-103,Hazelwood,R1A-H,2524,private,3000,triplex,3,False,,,,high_risk,not_allowed,,,,,,,,,,,,,,16% of lot on 25%+ slope,medium,,-79.940394,40.404723
0056R00103000000,56-R-103,Hazelwood,R1A-H,2524,private,3000,townhome,2,False,,,,high_risk,not_allowed,,,,,,,,,,,,,,16% of lot on 25%+ slope,medium,,-79.940394,40.404723
0056R00103000000,56-R-103,Hazelwood,R1A-H,2524,private,3000,walkup,4,False,,,,high_risk,not_allowed,,,,,,,,,,,,,,16% of lot on 25%+ slope,medium,,-79.940394,40.404723
0056R00104000000,56-R-104,Hazelwood,R1A-H,2336,city,600,single_family,1,True,49.7,52.4,55.1,feasible_with_conditions,by_right,1.0,1.0,1.0,by_right,4.4,5.8,7.4,28685,37294,45649,-442781,-376219,-314806,"$12,162 in tax liens",medium,,-79.940305,40.404734
0056R00104000000,56-R-104,Hazelwood,R1A-H,2336,city,600,duplex,2,False,,,,high_risk,not_allowed,,,,,,,,,,,,,,"$12,162 in tax liens",medium,,-79.940305,40.404734
0056R00104000000,56-R-104,Hazelwood,R1A-H,2336,city,600,triplex,3,False,,,,high_risk,not_allowed,,,,,,,,,,,,,,"$12,162 in tax liens",medium,,-79.940305,40.404734
0056R00104000000,56-R-104,Hazelwood,R1A-H,2336,city,600,townhome,2,False,,,,high_risk,not_allowed,,,,,,,,,,,,,,"$12,162 in tax liens",medium,,-79.940305,40.404734
0056R00104000000,56-R-104,Hazelwood,R1A-H,2336,city,600,walkup,4,False,,,,high_risk,not_allowed,,,,,,,,,,,,,,"$12,162 in tax liens",medium,,-79.940305,40.404734
0056R00113000000,56-R-113,Hazelwood,R1A-H,2496,private,1000,single_family,1,True,58.6,60.5,62.4,feasible_with_conditions,by_right,1.0,1.0,1.0,by_right,3.0,3.8,4.8,6525,12672,18590,-429989,-358619,-296617,Combined sewershed (proxy for stormwater requirements),low,,-79.939517,40.404862
0056R00113000000,56-R-113,Hazelwood,R1A-H,2496,private,1000,duplex,2,False,,,,high_risk,not_allowed,,,,,,,,,,,,,,Combined sewershed (proxy for stormwater requirements),low,,-79.939517,40.404862
0056R00113000000,56-R-113,Hazelwood,R1A-H,2496,private,1000,triplex,3,False,,,,high_risk,not_allowed,,,,,,,,,,,,,,Combined sewershed (proxy for stormwater requirements),low,,-79.939517,40.404862
0056R00113000000,56-R-113,Hazelwood,R1A-H,2496,private,1000,townhome,2,False,,,,high_risk,not_allowed,,,,,,,,,,,,,,Combined sewershed (proxy for stormwater requirements),low,,-79.939517,40.404862
0056R00113000000,56-R-113,Hazelwood,R1A-H,2496,private,1000,walkup,4,False,,,,high_risk,not_allowed,,,,,,,,,,,,,,Combined sewershed (proxy for stormwater requirements),low,,-79.939517,40.404862
0056R00135000000,56-R-135,Hazelwood,R1A-H,2959,private,3300,single_family,1,True,45.2,49.4,53.3,high_risk,by_right,1.0,1.0,1.0,by_right,4.5,5.9,7.3,35527,54494,73012,-460413,-391686,-329263,39% of lot on 25%+ slope,medium,,-79.940547,40.404325
0056R00135000000,56-R-135,Hazelwood,R1A-H,2959,private,3300,duplex,2,False,,,,high_risk,not_allowed,,,,,,,,,,,,,,39% of lot on 25%+ slope,medium,,-79.940547,40.404325
0056R00135000000,56-R-135,Hazelwood,R1A-H,2959,private,3300,triplex,3,False,,,,high_risk,not_allowed,,,,,,,,,,,,,,39% of lot on 25%+ slope,medium,,-79.940547,40.404325
0056R00135000000,56-R-135,Hazelwood,R1A-H,2959,private,3300,townhome,2,False,,,,high_risk,not_allowed,,,,,,,,,,,,,,39% of lot on 25%+ slope,medium,,-79.940547,40.404325
0056R00135000000,56-R-135,Hazelwood,R1A-H,2959,private,3300,walkup,4,False,,,,high_risk,not_allowed,,,,,,,,,,,,,,39% of lot on 25%+ slope,medium,,-79.940547,40.404325
0056R00149000000,56-R-149,Hazelwood,R1A-H,2804,city,3100,single_family,1,True,45.3,49.4,53.4,high_risk,by_right,1.0,1.0,1.0,by_right,4.5,5.8,7.4,35116,53908,71680,-456490,-389880,-328903,22% of lot on 25%+ slope,medium,,-79.939505,40.404521
0056R00149000000,56-R-149,Hazelwood,R1A-H,2804,city,3100,duplex,2,False,,,,high_risk,not_allowed,,,,,,,,,,,,,,22% of lot on 25%+ slope,medium,,-79.939505,40.404521
0056R00149000000,56-R-149,Hazelwood,R1A-H,2804,city,3100,triplex,3,False,,,,high_risk,not_allowed,,,,,,,,,,,,,,22% of lot on 25%+ slope,medium,,-79.939505,40.404521
0056R00149000000,56-R-149,Hazelwood,R1A-H,2804,city,3100,townhome,2,False,,,,high_risk,not_allowed,,,,,,,,,,,,,,22% of lot on 25%+ slope,medium,,-79.939505,40.404521
0056R00149000000,56-R-149,Hazelwood,R1A-H,2804,city,3100,walkup,4,False,,,,high_risk,not_allowed,,,,,,,,,,,,,,22% of lot on 25%+ slope,medium,,-79.939505,40.404521
0056R00150000000,56-R-150,Hazelwood,R1A-H,2520,city,3100,single_family,1,True,51.7,54.3,57.1,feasible_with_conditions,by_right,1.0,1.0,1.0,by_right,4.4,5.8,7.4,19170,27779,36134,-434386,-367926,-306317,"$2,647 in tax liens",medium,,-79.939417,40.404538
0056R00150000000,56-R-150,Hazelwood,R1A-H,2520,city,3100,duplex,2,False,,,,high_risk,not_allowed,,,,,,,,,,,,,,"$2,647 in tax liens",medium,,-79.939417,40.404538
0056R00150000000,56-R-150,Hazelwood,R1A-H,2520,city,3100,triplex,3,False,,,,high_risk,not_allowed,,,,,,,,,,,,,,"$2,647 in tax liens",medium,,-79.939417,40.404538
0056R00150000000,56-R-150,Hazelwood,R1A-H,2520,city,3100,townhome,2,False,,,,high_risk,not_allowed,,,,,,,,,,,,,,"$2,647 in tax liens",medium,,-79.939417,40.404538
0056R00150000000,56-R-150,Hazelwood,R1A-H,2520,city,3100,walkup,4,False,,,,high_risk,not_allowed,,,,,,,,,,,,,,"$2,647 in tax liens",medium,,-79.939417,40.404538
0056R00151000000,56-R-151,Hazelwood,R1A-H,2899,city,600,single_family,1,True,55.0,57.2,59.7,feasible_with_conditions,by_right,1.0,1.0,1.0,by_right,4.4,5.9,7.3,7725,13648,19616,-421625,-356035,-295987,"$1,170 in tax liens",medium,,-79.939325,40.404555
0056R00151000000,56-R-151,Hazelwood,R1A-H,2899,city,600,duplex,2,False,,,,high_risk,not_allowed,,,,,,,,,,,,,,"$1,170 in tax liens",medium,,-79.939325,40.404555
0056R00151000000,56-R-151,Hazelwood,R1A-H,2899,city,600,triplex,3,False,,,,high_risk,not_allowed,,,,,,,,,,,,,,"$1,170 in tax liens",medium,,-79.939325,40.404555
0056R00151000000,56-R-151,Hazelwood,R1A-H,2899,city,600,townhome,2,False,,,,high_risk,not_allowed,,,,,,,,,,,,,,"$1,170 in tax liens",medium,,-79.939325,40.404555
0056R00151000000,56-R-151,Hazelwood,R1A-H,2899,city,600,walkup,4,False,,,,high_risk,not_allowed,,,,,,,,,,,,,,"$1,170 in tax liens",medium,,-79.939325,40.404555
0056R00195000000,56-R-195,Hazelwood,R1A-H,4527,private,3900,single_family,1,True,58.6,60.5,62.4,feasible_with_conditions,by_right,1.0,1.0,1.0,by_right,3.0,3.8,4.8,6525,12672,18590,-429989,-358619,-296617,Combined sewershed (proxy for stormwater requirements),low,,-79.937931,40.405442
0056R00195000000,56-R-195,Hazelwood,R1A-H,4527,private,3900,duplex,2,False,,,,high_risk,not_allowed,,,,,,,,,,,,,,Combined sewershed (proxy for stormwater requirements),low,,-79.937931,40.405442
0056R00195000000,56-R-195,Hazelwood,R1A-H,4527,private,3900,triplex,3,False,,,,high_risk,not_allowed,,,,,,,,,,,,,,Combined sewershed (proxy for stormwater requirements),low,,-79.937931,40.405442
0056R00195000000,56-R-195,Hazelwood,R1A-H,4527,private,3900,townhome,2,False,55.3,57.2,59.1,feasible_with_conditions,subdivision,0.885,0.932,0.966,placeholder,4.5,5.6,6.9,6636,12651,18472,-776132,-652682,-538369,Combined sewershed (proxy for stormwater requirements),low,,-79.937931,40.405442
0056R00195000000,56-R-195,Hazelwood,R1A-H,4527,private,3900,walkup,4,False,,,,high_risk,not_allowed,,,,,,,,,,,,,,Combined sewershed (proxy for stormwater requirements),low,,-79.937931,40.405442
0056R00210000000,56-R-210,Hazelwood,R1A-H,2472,private,600,single_family,1,True,58.6,60.5,62.4,feasible_with_conditions,by_right,1.0,1.0,1.0,by_right,3.0,3.8,4.8,6525,12672,18590,-429989,-358619,-296617,Combined sewershed (proxy for stormwater requirements),low,,-79.938217,40.404963
0056R00210000000,56-R-210,Hazelwood,R1A-H,2472,private,600,duplex,2,False,,,,high_risk,not_allowed,,,,,,,,,,,,,,Combined sewershed (proxy for stormwater requirements),low,,-79.938217,40.404963
0056R00210000000,56-R-210,Hazelwood,R1A-H,2472,private,600,triplex,3,False,,,,high_risk,not_allowed,,,,,,,,,,,,,,Combined sewershed (proxy for stormwater requirements),low,,-79.938217,40.404963
0056R00210000000,56-R-210,Hazelwood,R1A-H,2472,private,600,townhome,2,False,55.3,57.2,59.1,feasible_with_conditions,subdivision,0.885,0.932,0.966,placeholder,4.5,5.6,6.9,6636,12651,18472,-776132,-652682,-538369,Combined sewershed (proxy for stormwater requirements),low,,-79.938217,40.404963
0056R00210000000,56-R-210,Hazelwood,R1A-H,2472,private,600,walkup,4,False,,,,high_risk,not_allowed,,,,,,,,,,,,,,Combined sewershed (proxy for stormwater requirements),low,,-79.938217,40.404963
0056R00213000000,56-R-213,Hazelwood,R1A-H,3632,private,2900,single_family,1,True,54.8,57.1,59.6,feasible_with_conditions,by_right,1.0,1.0,1.0,by_right,4.4,5.9,7.3,8517,14440,20407,-422312,-356735,-296688,"$1,961 in tax liens",medium,,-79.93853,40.40496
0056R00213000000,56-R-213,Hazelwood,R1A-H,3632,private,2900,duplex,2,False,,,,high_risk,not_allowed,,,,,,,,,,,,,,"$1,961 in tax liens",medium,,-79.93853,40.40496
0056R00213000000,56-R-213,Hazelwood,R1A-H,3632,private,2900,triplex,3,False,,,,high_risk,not_allowed,,,,,,,,,,,,,,"$1,961 in tax liens",medium,,-79.93853,40.40496
0056R00213000000,56-R-213,Hazelwood,R1A-H,3632,private,2900,townhome,2,False,,,,high_risk,not_allowed,,,,,,,,,,,,,,"$1,961 in tax liens",medium,,-79.93853,40.40496
0056R00213000000,56-R-213,Hazelwood,R1A-H,3632,private,2900,walkup,4,False,,,,high_risk,not_allowed,,,,,,,,,,,,,,"$1,961 in tax liens",medium,,-79.93853,40.40496
0056R00214000000,56-R-214,Hazelwood,R1A-H,3829,private,2900,single_family,1,True,51.9,54.2,56.7,feasible_with_conditions,by_right,1.0,1.0,1.0,by_right,4.4,5.9,7.3,22173,28096,34063,-434144,-368793,-308849,"$15,617 in tax liens",medium,,-79.938616,40.404934
0056R00214000000,56-R-214,Hazelwood,R1A-H,3829,private,2900,duplex,2,False,,,,high_risk,not_allowed,,,,,,,,,,,,,,"$15,617 in tax liens",medium,,-79.938616,40.404934
0056R00214000000,56-R-214,Hazelwood,R1A-H,3829,private,2900,triplex,3,False,,,,high_risk,not_allowed,,,,,,,,,,,,,,"$15,617 in tax liens",medium,,-79.938616,40.404934
0056R00214000000,56-R-214,Hazelwood,R1A-H,3829,private,2900,townhome,2,False,,,,high_risk,not_allowed,,,,,,,,,,,,,,"$15,617 in tax liens",medium,,-79.938616,40.404934
0056R00214000000,56-R-214,Hazelwood,R1A-H,3829,private,2900,walkup,4,False,,,,high_risk,not_allowed,,,,,,,,,,,,,,"$15,617 in tax liens",medium,,-79.938616,40.404934
0056R00216000000,56-R-216,Hazelwood,R1A-H,3201,private,3500,single_family,1,True,58.6,60.5,62.4,feasible_with_conditions,by_right,1.0,1.0,1.0,by_right,3.0,3.8,4.8,6525,12672,18590,-429989,-358619,-296617,Combined sewershed (proxy for stormwater requirements),low,,-79.938706,40.404761
0056R00216000000,56-R-216,Hazelwood,R1A-H,3201,private,3500,duplex,2,False,,,,high_risk,not_allowed,,,,,,,,,,,,,,Combined sewershed (proxy for stormwater requirements),low,,-79.938706,40.404761
0056R00216000000,56-R-216,Hazelwood,R1A-H,3201,private,3500,triplex,3,False,,,,high_risk,not_allowed,,,,,,,,,,,,,,Combined sewershed (proxy for stormwater requirements),low,,-79.938706,40.404761
0056R00216000000,56-R-216,Hazelwood,R1A-H,3201,private,3500,townhome,2,False,55.3,57.2,59.1,feasible_with_conditions,subdivision,0.885,0.932,0.966,placeholder,4.5,5.6,6.9,6636,12651,18472,-776132,-652682,-538369,Combined sewershed (proxy for stormwater requirements),low,,-79.938706,40.404761
0056R00216000000,56-R-216,Hazelwood,R1A-H,3201,private,3500,walkup,4,False,,,,high_risk,not_allowed,,,,,,,,,,,,,,Combined sewershed (proxy for stormwater requirements),low,,-79.938706,40.404761
0056R00220000000,56-R-220,Hazelwood,R1A-H,2219,private,1100,single_family,1,True,47.7,51.9,55.8,feasible_with_conditions,by_right,1.0,1.0,1.0,by_right,3.6,4.6,5.6,31388,49903,68482,-457380,-391675,-329876,50% of lot on 25%+ slope,medium,,-79.939077,40.404648
0056R00220000000,56-R-220,Hazelwood,R1A-H,2219,private,1100,duplex,2,False,,,,high_risk,not_allowed,,,,,,,,,,,,,,50% of lot on 25%+ slope,medium,,-79.939077,40.404648
0056R00220000000,56-R-220,Hazelwood,R1A-H,2219,private,1100,triplex,3,False,,,,high_risk,not_allowed,,,,,,,,,,,,,,50% of lot on 25%+ slope,medium,,-79.939077,40.404648
0056R00220000000,56-R-220,Hazelwood,R1A-H,2219,private,1100,townhome,2,False,,,,high_risk,not_allowed,,,,,,,,,,,,,,50% of lot on 25%+ slope,medium,,-79.939077,40.404648
0056R00220000000,56-R-220,Hazelwood,R1A-H,2219,private,1100,walkup,4,False,,,,high_risk,not_allowed,,,,,,,,,,,,,,50% of lot on 25%+ slope,medium,,-79.939077,40.404648
0056R00222000000,56-R-222,Hazelwood,R1A-H,2538,city,3000,single_family,1,True,54.4,56.6,59.1,feasible_with_conditions,by_right,1.0,1.0,1.0,by_right,4.4,5.9,7.3,10706,16629,22597,-424213,-358664,-298630,"$4,151 in tax liens",medium,,-79.939069,40.404935
0056R00222000000,56-R-222,Hazelwood,R1A-H,2538,city,3000,duplex,2,False,,,,high_risk,not_allowed,,,,,,,,,,,,,,"$4,151 in tax liens",medium,,-79.939069,40.404935
0056R00222000000,56-R-222,Hazelwood,R1A-H,2538,city,3000,triplex,3,False,,,,high_risk,not_allowed,,,,,,,,,,,,,,"$4,151 in tax liens",medium,,-79.939069,40.404935
0056R00222000000,56-R-222,Hazelwood,R1A-H,2538,city,3000,townhome,2,False,,,,high_risk,not_allowed,,,,,,,,,,,,,,"$4,151 in tax liens",medium,,-79.939069,40.404935
0056R00222000000,56-R-222,Hazelwood,R1A-H,2538,city,3000,walkup,4,False,,,,high_risk,not_allowed,,,,,,,,,,,,,,"$4,151 in tax liens",medium,,-79.939069,40.404935
0056R00241000000,56-R-241,Hazelwood,R1A-H,2719,private,3200,single_family,1,True,58.6,60.5,62.4,feasible_with_conditions,by_right,1.0,1.0,1.0,by_right,3.0,3.8,4.8,6525,12672,18590,-429989,-358619,-296617,Combined sewershed (proxy for stormwater requirements),low,,-79.939109,40.405372
0056R00241000000,56-R-241,Hazelwood,R1A-H,2719,private,3200,duplex,2,False,,,,high_risk,not_allowed,,,,,,,,,,,,,,Combined sewershed (proxy for stormwater requirements),low,,-79.939109,40.405372
0056R00241000000,56-R-241,Hazelwood,R1A-H,2719,private,3200,triplex,3,False,,,,high_risk,not_allowed,,,,,,,,,,,,,,Combined sewershed (proxy for stormwater requirements),low,,-79.939109,40.405372
0056R00241000000,56-R-241,Hazelwood,R1A-H,2719,private,3200,townhome,2,False,,,,high_risk,not_allowed,,,,,,,,,,,,,,Combined sewershed (proxy for stormwater requirements),low,,-79.939109,40.405372
0056R00241000000,56-R-241,Hazelwood,R1A-H,2719,private,3200,walkup,4,False,,,,high_risk,not_allowed,,,,,,,,,,,,,,Combined sewershed (proxy for stormwater requirements),low,,-79.939109,40.405372
0056R00281000000,56-R-281,Hazelwood,R1A-H,1838,private,2600,single_family,1,True,42.2,46.2,50.1,high_risk,by_right,1.0,1.0,1.0,by_right,4.8,6.0,7.3,51000,69840,89630,-474549,-403833,-342324,Condemned or dead-end property,medium,,-79.939404,40.406131
0056R00281000000,56-R-281,Hazelwood,R1A-H,1838,private,2600,duplex,2,False,,,,high_risk,not_allowed,,,,,,,,,,,,,,Condemned or dead-end property,medium,,-79.939404,40.406131
0056R00281000000,56-R-281,Hazelwood,R1A-H,1838,private,2600,triplex,3,False,,,,high_risk,not_allowed,,,,,,,,,,,,,,Condemned or dead-end property,medium,,-79.939404,40.406131
0056R00281000000,56-R-281,Hazelwood,R1A-H,1838,private,2600,townhome,2,False,,,,high_risk,not_allowed,,,,,,,,,,,,,,Condemned or dead-end property,medium,,-79.939404,40.406131
0056R00281000000,56-R-281,Hazelwood,R1A-H,1838,private,2600,walkup,4,False,,,,high_risk,not_allowed,,,,,,,,,,,,,,Condemned or dead-end property,medium,,-79.939404,40.406131
0056R00335000000,56-R-335,Hazelwood,R1D-M,6570,private,4100,single_family,1,True,55.4,57.7,59.8,feasible_with_conditions,by_right,1.0,1.0,1.0,by_right,3.1,4.0,5.0,16689,24946,33506,-436158,-369465,-310994,2% of lot on 25%+ slope,low,,-79.937767,40.406452
0056R00335000000,56-R-335,Hazelwood,R1D-M,6570,private,4100,duplex,2,False,,,,high_risk,not_allowed,,,,,,,,,,,,,,2% of lot on 25%+ slope,low,,-79.937767,40.406452
0056R00335000000,56-R-335,Hazelwood,R1D-M,6570,private,4100,triplex,3,False,,,,high_risk,not_allowed,,,,,,,,,,,,,,2% of lot on 25%+ slope,low,,-79.937767,40.406452
0056R00335000000,56-R-335,Hazelwood,R1D-M,6570,private,4100,townhome,2,False,48.1,50.3,52.4,feasible_with_conditions,special_exception+subdivision,0.83,0.885,0.93,model+placeholder,8.0,9.5,11.2,16740,24904,33226,-767516,-646915,-536381,2% of lot on 25%+ slope,low,,-79.937767,40.406452
0056R00335000000,56-R-335,Hazelwood,R1D-M,6570,private,4100,walkup,4,False,,,,high_risk,not_allowed,,,,,,,,,,,,,,2% of lot on 25%+ slope,low,,-79.937767,40.406452
0056S00022000000,56-S-22,Hazelwood,R1A-H,2685,private,1100,single_family,1,True,41.5,47.1,52.6,high_risk,by_right,1.0,1.0,1.0,by_right,4.2,5.3,6.5,41048,70092,99672,-474303,-405261,-336655,97% of lot landslide-prone,high,,-79.93643,40.405706
0056S00022000000,56-S-22,Hazelwood,R1A-H,2685,private,1100,duplex,2,False,,,,high_risk,not_allowed,,,,,,,,,,,,,,97% of lot landslide-prone,high,,-79.93643,40.405706
0056S00022000000,56-S-22,Hazelwood,R1A-H,2685,private,1100,triplex,3,False,,,,high_risk,not_allowed,,,,,,,,,,,,,,97% of lot landslide-prone,high,,-79.93643,40.405706
0056S00022000000,56-S-22,Hazelwood,R1A-H,2685,private,1100,townhome,2,False,,,,high_risk,not_allowed,,,,,,,,,,,,,,97% of lot landslide-prone,high,,-79.93643,40.405706
0056S00022000000,56-S-22,Hazelwood,R1A-H,2685,private,1100,walkup,4,False,,,,high_risk,not_allowed,,,,,,,,,,,,,,97% of lot landslide-prone,high,,-79.93643,40.405706
0056S00023000000,56-S-23,Hazelwood,R1A-H,2582,private,1100,single_family,1,True,37.0,42.8,48.8,high_risk,by_right,1.0,1.0,1.0,by_right,4.3,5.4,6.5,61242,96435,130008,-497916,-428006,-357967,100% of lot landslide-prone,high,,-79.936393,40.405766
0056S00023000000,56-S-23,Hazelwood,R1A-H,2582,private,1100,duplex,2,False,,,,high_risk,not_allowed,,,,,,,,,,,,,,100% of lot landslide-prone,high,,-79.936393,40.405766
0056S00023000000,56-S-23,Hazelwood,R1A-H,2582,private,1100,triplex,3,False,,,,high_risk,not_allowed,,,,,,,,,,,,,,100% of lot landslide-prone,high,,-79.936393,40.405766
0056S00023000000,56-S-23,Hazelwood,R1A-H,2582,private,1100,townhome,2,False,,,,high_risk,not_allowed,,,,,,,,,,,,,,100% of lot landslide-prone,high,,-79.936393,40.405766
0056S00023000000,56-S-23,Hazelwood,R1A-H,2582,private,1100,walkup,4,False,,,,high_risk,not_allowed,,,,,,,,,,,,,,100% of lot landslide-prone,high,,-79.936393,40.405766
0056S00024000000,56-S-24,Hazelwood,R1A-H,2662,private,1100,single_family,1,True,37.0,42.8,48.8,high_risk,by_right,1.0,1.0,1.0,by_right,4.3,5.4,6.5,61242,96435,130008,-497916,-428006,-357967,100% of lot landslide-prone,high,,-79.936349,40.405823
0056S00024000000,56-S-24,Hazelwood,R1A-H,2662,private,1100,duplex,2,False,,,,high_risk,not_allowed,,,,,,,,,,,,,,100% of lot landslide-prone,high,,-79.936349,40.405823
0056S00024000000,56-S-24,Hazelwood,R1A-H,2662,private,1100,triplex,3,False,,,,high_risk,not_allowed,,,,,,,,,,,,,,100% of lot landslide-prone,high,,-79.936349,40.405823
0056S00024000000,56-S-24,Hazelwood,R1A-H,2662,private,1100,townhome,2,False,,,,high_risk,not_allowed,,,,,,,,,,,,,,100% of lot landslide-prone,high,,-79.936349,40.405823
0056S00024000000,56-S-24,Hazelwood,R1A-H,2662,private,1100,walkup,4,False,,,,high_risk,not_allowed,,,,,,,,,,,,,,100% of lot landslide-prone,high,,-79.936349,40.405823
0056S00025000000,56-S-25,Hazelwood,R1A-H,2644,city,1100,single_family,1,True,40.9,46.2,51.4,high_risk,by_right,1.0,1.0,1.0,by_right,4.8,6.1,7.3,42498,70420,99281,-475080,-402354,-336304,100% of lot landslide-prone,high,,-79.936309,40.405883
0056S00025000000,56-S-25,Hazelwood,R1A-H,2644,city,1100,duplex,2,False,,,,high_risk,not_allowed,,,,,,,,,,,,,,100% of lot landslide-prone,high,,-79.936309,40.405883
0056S00025000000,56-S-25,Hazelwood,R1A-H,2644,city,1100,triplex,3,False,,,,high_risk,not_allowed,,,,,,,,,,,,,,100% of lot landslide-prone,high,,-79.936309,40.405883
0056S00025000000,56-S-25,Hazelwood,R1A-H,2644,city,1100,townhome,2,False,,,,high_risk,not_allowed,,,,,,,,,,,,,,100% of lot landslide-prone,high,,-79.936309,40.405883
0056S00025000000,56-S-25,Hazelwood,R1A-H,2644,city,1100,walkup,4,False,,,,high_risk,not_allowed,,,,,,,,,,,,,,100% of lot landslide-prone,high,,-79.936309,40.405883
0056S00026000000,56-S-26,Hazelwood,H,2769,city,1100,single_family,1,True,30.7,36.5,42.4,high_risk,administrator_exception,0.732,0.792,0.848,placeholder,5.1,6.1,7.4,63306,95710,128781,-497576,-425449,-358439,100% of lot landslide-prone,high,,-79.936268,40.405944
0056S00026000000,56-S-26,Hazelwood,H,2769,city,1100,duplex,2,False,,,,high_risk,not_allowed,,,,,,,,,,,,,,100% of lot landslide-prone,high,,-79.936268,40.405944
0056S00026000000,56-S-26,Hazelwood,H,2769,city,1100,triplex,3,False,,,,high_risk,not_allowed,,,,,,,,,,,,,,100% of lot landslide-prone,high,,-79.936268,40.405944
0056S00026000000,56-S-26,Hazelwood,H,2769,city,1100,townhome,2,False,,,,high_risk,not_allowed,,,,,,,,,,,,,,100% of lot landslide-prone,high,,-79.936268,40.405944
0056S00026000000,56-S-26,Hazelwood,H,2769,city,1100,walkup,4,False,,,,high_risk,not_allowed,,,,,,,,,,,,,,100% of lot landslide-prone,high,,-79.936268,40.405944
0057B00008000000,57-B-8,Hazelwood,R1A-H,1745,private,2800,single_family,1,True,54.6,57.0,59.5,feasible_with_conditions,by_right,1.0,1.0,1.0,by_right,4.4,5.8,7.4,8781,15188,21445,-426661,-360865,-302355,$26 in tax liens,medium,,-79.941526,40.404026
0057B00008000000,57-B-8,Hazelwood,R1A-H,1745,private,2800,duplex,2,False,,,,high_risk,not_allowed,,,,,,,,,,,,,,$26 in tax liens,medium,,-79.941526,40.404026
0057B00008000000,57-B-8,Hazelwood,R1A-H,1745,private,2800,triplex,3,False,,,,high_risk,not_allowed,,,,,,,,,,,,,,$26 in tax liens,medium,,-79.941526,40.404026
0057B00008000000,57-B-8,Hazelwood,R1A-H,1745,private,2800,townhome,2,False,,,,high_risk,not_allowed,,,,,,,,,,,,,,$26 in tax liens,medium,,-79.941526,40.404026
0057B00008000000,57-B-8,Hazelwood,R1A-H,1745,private,2800,walkup,4,False,,,,high_risk,not_allowed,,,,,,,,,,,,,,$26 in tax liens,medium,,-79.941526,40.404026
0057B00009000000,57-B-9,Hazelwood,R1A-H,1596,city,500,single_family,1,True,54.5,56.9,59.4,feasible_with_conditions,by_right,1.0,1.0,1.0,by_right,4.4,5.8,7.4,9320,15727,21985,-427135,-361340,-302836,$566 in tax liens,medium,,-79.941515,40.403969
0057B00009000000,57-B-9,Hazelwood,R1A-H,1596,city,500,duplex,2,False,,,,high_risk,not_allowed,,,,,,,,,,,,,,$566 in tax liens,medium,,-79.941515,40.403969
0057B00009000000,57-B-9,Hazelwood,R1A-H,1596,city,500,triplex,3,False,,,,high_risk,not_allowed,,,,,,,,,,,,,,$566 in tax liens,medium,,-79.941515,40.403969
0057B00009000000,57-B-9,Hazelwood,R1A-H,1596,city,500,townhome,2,False,,,,high_risk,not_allowed,,,,,,,,,,,,,,$566 in tax liens,medium,,-79.941515,40.403969
0057B00009000000,57-B-9,Hazelwood,R1A-H,1596,city,500,walkup,4,False,,,,high_risk,not_allowed,,,,,,,,,,,,,,$566 in tax liens,medium,,-79.941515,40.403969
0057B00010000000,57-B-10,Hazelwood,R1A-H,1431,private,400,single_family,1,False,,,,high_risk,not_allowed,,,,,,,,,,,,,,"$3,124 in tax liens",medium,,-79.941711,40.403964
0057B00010000000,57-B-10,Hazelwood,R1A-H,1431,private,400,duplex,2,False,,,,high_risk,not_allowed,,,,,,,,,,,,,,"$3,124 in tax liens",medium,,-79.941711,40.403964
0057B00010000000,57-B-10,Hazelwood,R1A-H,1431,private,400,triplex,3,False,,,,high_risk,not_allowed,,,,,,,,,,,,,,"$3,124 in tax liens",medium,,-79.941711,40.403964
0057B00010000000,57-B-10,Hazelwood,R1A-H,1431,private,400,townhome,2,False,,,,high_risk,not_allowed,,,,,,,,,,,,,,"$3,124 in tax liens",medium,,-79.941711,40.403964
0057B00010000000,57-B-10,Hazelwood,R1A-H,1431,private,400,walkup,4,False,,,,high_risk,not_allowed,,,,,,,,,,,,,,"$3,124 in tax liens",medium,,-79.941711,40.403964
0057B00013000000,57-B-13,Hazelwood,R1A-H,2755,private,700,single_family,1,True,57.8,59.8,61.6,feasible_with_conditions,by_right,1.0,1.0,1.0,by_right,3.1,4.0,5.0,9001,15071,21327,-432110,-365754,-307903,"2 DEP record(s) within 1,000 ft",low,,-79.941144,40.403711
0057B00013000000,57-B-13,Hazelwood,R1A-H,2755,private,700,duplex,2,False,,,,high_risk,not_allowed,,,,,,,,,,,,,,"2 DEP record(s) within 1,000 ft",low,,-79.941144,40.403711
0057B00013000000,57-B-13,Hazelwood,R1A-H,2755,private,700,triplex,3,False,,,,high_risk,not_allowed,,,,,,,,,,,,,,"2 DEP record(s) within 1,000 ft",low,,-79.941144,40.403711
0057B00013000000,57-B-13,Hazelwood,R1A-H,2755,private,700,townhome,2,False,,,,high_risk,not_allowed,,,,,,,,,,,,,,"2 DEP record(s) within 1,000 ft",low,,-79.941144,40.403711
0057B00013000000,57-B-13,Hazelwood,R1A-H,2755,private,700,walkup,4,False,,,,high_risk,not_allowed,,,,,,,,,,,,,,"2 DEP record(s) within 1,000 ft",low,,-79.941144,40.403711
0057B00016000000,57-B-16,Hazelwood,R1A-H,2959,private,1200,single_family,1,True,57.8,59.8,61.6,feasible_with_conditions,by_right,1.0,1.0,1.0,by_right,3.1,4.0,5.0,9001,15071,21327,-432110,-365754,-307903,"2 DEP record(s) within 1,000 ft",low,,-79.941392,40.403655
0057B00016000000,57-B-16,Hazelwood,R1A-H,2959,private,1200,duplex,2,False,,,,high_risk,not_allowed,,,,,,,,,,,,,,"2 DEP record(s) within 1,000 ft",low,,-79.941392,40.403655
0057B00016000000,57-B-16,Hazelwood,R1A-H,2959,private,1200,triplex,3,False,,,,high_risk,not_allowed,,,,,,,,,,,,,,"2 DEP record(s) within 1,000 ft",low,,-79.941392,40.403655
0057B00016000000,57-B-16,Hazelwood,R1A-H,2959,private,1200,townhome,2,False,,,,high_risk,not_allowed,,,,,,,,,,,,,,"2 DEP record(s) within 1,000 ft",low,,-79.941392,40.403655
0057B00016000000,57-B-16,Hazelwood,R1A-H,2959,private,1200,walkup,4,False,,,,high_risk,not_allowed,,,,,,,,,,,,,,"2 DEP record(s) within 1,000 ft",low,,-79.941392,40.403655
0057B00017000000,57-B-17,Hazelwood,R1A-H,2741,private,1200,single_family,1,True,57.8,59.8,61.6,feasible_with_conditions,by_right,1.0,1.0,1.0,by_right,3.1,4.0,5.0,9001,15071,21327,-432110,-365754,-307903,"2 DEP record(s) within 1,000 ft",low,,-79.941476,40.403637
0057B00017000000,57-B-17,Hazelwood,R1A-H,2741,private,1200,duplex,2,False,,,,high_risk,not_allowed,,,,,,,,,,,,,,"2 DEP record(s) within 1,000 ft",low,,-79.941476,40.403637
0057B00017000000,57-B-17,Hazelwood,R1A-H,2741,private,1200,triplex,3,False,,,,high_risk,not_allowed,,,,,,,,,,,,,,"2 DEP record(s) within 1,000 ft",low,,-79.941476,40.403637
0057B00017000000,57-B-17,Hazelwood,R1A-H,2741,private,1200,townhome,2,False,,,,high_risk,not_allowed,,,,,,,,,,,,,,"2 DEP record(s) within 1,000 ft",low,,-79.941476,40.403637
0057B00017000000,57-B-17,Hazelwood,R1A-H,2741,private,1200,walkup,4,False,,,,high_risk,not_allowed,,,,,,,,,,,,,,"2 DEP record(s) within 1,000 ft",low,,-79.941476,40.403637
0057B00018000000,57-B-18,Hazelwood,R1A-H,2645,private,3200,single_family,1,True,54.0,56.5,59.0,feasible_with_conditions,by_right,1.0,1.0,1.0,by_right,4.4,5.8,7.4,11177,17584,23842,-428767,-362976,-304492,"$2,423 in tax liens",medium,,-79.941561,40.403632
0057B00018000000,57-B-18,Hazelwood,R1A-H,2645,private,3200,duplex,2,False,,,,high_risk,not_allowed,,,,,,,,,,,,,,"$2,423 in tax liens",medium,,-79.941561,40.403632
0057B00018000000,57-B-18,Hazelwood,R1A-H,2645,private,3200,triplex,3,False,,,,high_risk,not_allowed,,,,,,,,,,,,,,"$2,423 in tax liens",medium,,-79.941561,40.403632
0057B00018000000,57-B-18,Hazelwood,R1A-H,2645,private,3200,townhome,2,False,,,,high_risk,not_allowed,,,,,,,,,,,,,,"$2,423 in tax liens",medium,,-79.941561,40.403632
0057B00018000000,57-B-18,Hazelwood,R1A-H,2645,private,3200,walkup,4,False,,,,high_risk,not_allowed,,,,,,,,,,,,,,"$2,423 in tax liens",medium,,-79.941561,40.403632
0057B00031000000,57-B-31,Hazelwood,R1A-H,5687,city,4100,single_family,1,True,54.8,57.0,59.2,feasible_with_conditions,by_right,1.0,1.0,1.0,by_right,3.3,4.0,5.0,19040,27740,36151,-441170,-375271,-314847,13% of lot on 25%+ slope,low,,-79.941151,40.403298
0057B00031000000,57-B-31,Hazelwood,R1A-H,5687,city,4100,duplex,2,False,,,,high_risk,not_allowed,,,,,,,,,,,,,,13% of lot on 25%+ slope,low,,-79.941151,40.403298
0057B00031000000,57-B-31,Hazelwood,R1A-H,5687,city,4100,triplex,3,False,,,,high_risk,not_allowed,,,,,,,,,,,,,,13% of lot on 25%+ slope,low,,-79.941151,40.403298
0057B00031000000,57-B-31,Hazelwood,R1A-H,5687,city,4100,townhome,2,False,53.3,55.4,57.5,feasible_with_conditions,subdivision,0.885,0.932,0.966,placeholder,4.5,5.7,6.9,18987,27783,36082,-798186,-670411,-564490,13% of lot on 25%+ slope,low,,-79.941151,40.403298
0057B00031000000,57-B-31,Hazelwood,R1A-H,5687,city,4100,walkup,4,False,,,,high_risk,not_allowed,,,,,,,,,,,,,,13% of lot on 25%+ slope,low,,-79.941151,40.403298
0057B00032000000,57-B-32,Hazelwood,R1A-H,2986,private,700,single_family,1,True,51.1,53.7,56.5,feasible_with_conditions,by_right,1.0,1.0,1.0,by_right,4.4,5.8,7.3,22521,30867,39549,-441361,-374580,-314515,"$3,234 in tax liens",medium,,-79.941275,40.403272
0057B00032000000,57-B-32,Hazelwood,R1A-H,2986,private,700,duplex,2,False,,,,high_risk,not_allowed,,,,,,,,,,,,,,"$3,234 in tax liens",medium,,-79.941275,40.403272
0057B00032000000,57-B-32,Hazelwood,R1A-H,2986,private,700,triplex,3,False,,,,high_risk,not_allowed,,,,,,,,,,,,,,"$3,234 in tax liens",medium,,-79.941275,40.403272
0057B00032000000,57-B-32,Hazelwood,R1A-H,2986,private,700,townhome,2,False,,,,high_risk,not_allowed,,,,,,,,,,,,,,"$3,234 in tax liens",medium,,-79.941275,40.403272
0057B00032000000,57-B-32,Hazelwood,R1A-H,2986,private,700,walkup,4,False,,,,high_risk,not_allowed,,,,,,,,,,,,,,"$3,234 in tax liens",medium,,-79.941275,40.403272
0057B00052000000,57-B-52,Hazelwood,R1A-H,2523,private,1200,single_family,1,True,54.6,57.0,59.5,feasible_with_conditions,by_right,1.0,1.0,1.0,by_right,4.4,5.8,7.4,8771,15178,21436,-426652,-360856,-302347,$17 in tax liens,medium,,-79.941762,40.403511
0057B00052000000,57-B-52,Hazelwood,R1A-H,2523,private,1200,duplex,2,False,,,,high_risk,not_allowed,,,,,,,,,,,,,,$17 in tax liens,medium,,-79.941762,40.403511
0057B00052000000,57-B-52,Hazelwood,R1A-H,2523,private,1200,triplex,3,False,,,,high_risk,not_allowed,,,,,,,,,,,,,,$17 in tax liens,medium,,-79.941762,40.403511
0057B00052000000,57-B-52,Hazelwood,R1A-H,2523,private,1200,townhome,2,False,54.3,56.2,58.2,feasible_with_conditions,subdivision,0.885,0.932,0.966,placeholder,5.0,6.2,7.4,8991,15035,21290,-785469,-661770,-557013,$17 in tax liens,medium,,-79.941762,40.403511
0057B00052000000,57-B-52,Hazelwood,R1A-H,2523,private,1200,walkup,4,False,,,,high_risk,not_allowed,,,,,,,,,,,,,,$17 in tax liens,medium,,-79.941762,40.403511
0057B00056000000,57-B-56,Hazelwood,R1A-H,1838,private,800,single_family,1,True,57.8,59.8,61.6,feasible_with_conditions,by_right,1.0,1.0,1.0,by_right,3.1,4.0,5.0,9001,15071,21327,-432110,-365754,-307903,"2 DEP record(s) within 1,000 ft",low,,-79.941902,40.403944
0057B00056000000,57-B-56,Hazelwood,R1A-H,1838,private,800,duplex,2,False,,,,high_risk,not_allowed,,,,,,,,,,,,,,"2 DEP record(s) within 1,000 ft",low,,-79.941902,40.403944
0057B00056000000,57-B-56,Hazelwood,R1A-H,1838,private,800,triplex,3,False,,,,high_risk,not_allowed,,,,,,,,,,,,,,"2 DEP record(s) within 1,000 ft",low,,-79.941902,40.403944
0057B00056000000,57-B-56,Hazelwood,R1A-H,1838,private,800,townhome,2,False,,,,high_risk,not_allowed,,,,,,,,,,,,,,"2 DEP record(s) within 1,000 ft",low,,-79.941902,40.403944
0057B00056000000,57-B-56,Hazelwood,R1A-H,1838,private,800,walkup,4,False,,,,high_risk,not_allowed,,,,,,,,,,,,,,"2 DEP record(s) within 1,000 ft",low,,-79.941902,40.403944
0057B00061000000,57-B-61,Hazelwood,R1A-H,2762,private,3200,single_family,1,True,53.4,55.9,58.3,feasible_with_conditions,by_right,1.0,1.0,1.0,by_right,4.4,5.8,7.4,14135,20541,26799,-432500,-366827,-308789,"$5,380 in tax liens",medium,,-79.942088,40.404065
0057B00061000000,57-B-61,Hazelwood,R1A-H,2762,private,3200,duplex,2,False,,,,high_risk,not_allowed,,,,,,,,,,,,,,"$5,380 in tax liens",medium,,-79.942088,40.404065
0057B00061000000,57-B-61,Hazelwood,R1A-H,2762,private,3200,triplex,3,False,,,,high_risk,not_allowed,,,,,,,,,,,,,,"$5,380 in tax liens",medium,,-79.942088,40.404065
0057B00061000000,57-B-61,Hazelwood,R1A-H,2762,private,3200,townhome,2,False,,,,high_risk,not_allowed,,,,,,,,,,,,,,"$5,380 in tax liens",medium,,-79.942088,40.404065
0057B00061000000,57-B-61,Hazelwood,R1A-H,2762,private,3200,walkup,4,False,,,,high_risk,not_allowed,,,,,,,,,,,,,,"$5,380 in tax liens",medium,,-79.942088,40.404065
0057B00067000000,57-B-67,Hazelwood,R1A-H,4121,private,3300,single_family,1,True,57.8,59.8,61.6,feasible_with_conditions,by_right,1.0,1.0,1.0,by_right,3.1,4.0,5.0,9001,15071,21327,-432110,-365754,-307903,"2 DEP record(s) within 1,000 ft",low,,-79.941933,40.403589
0057B00067000000,57-B-67,Hazelwood,R1A-H,4121,private,3300,duplex,2,False,,,,high_risk,not_allowed,,,,,,,,,,,,,,"2 DEP record(s) within 1,000 ft",low,,-79.941933,40.403589
0057B00067000000,57-B-67,Hazelwood,R1A-H,4121,private,3300,triplex,3,False,,,,high_risk,not_allowed,,,,,,,,,,,,,,"2 DEP record(s) within 1,000 ft",low,,-79.941933,40.403589
0057B00067000000,57-B-67,Hazelwood,R1A-H,4121,private,3300,townhome,2,False,,,,high_risk,not_allowed,,,,,,,,,,,,,,"2 DEP record(s) within 1,000 ft",low,,-79.941933,40.403589
0057B00067000000,57-B-67,Hazelwood,R1A-H,4121,private,3300,walkup,4,False,,,,high_risk,not_allowed,,,,,,,,,,,,,,"2 DEP record(s) within 1,000 ft",low,,-79.941933,40.403589
0057B00070000000,57-B-70,Hazelwood,R1A-H,1968,private,2800,single_family,1,True,54.6,57.0,59.5,feasible_with_conditions,by_right,1.0,1.0,1.0,by_right,4.4,5.8,7.4,8781,15188,21445,-425054,-359230,-300305,$26 in tax liens,medium,,-79.941928,40.403374
0057B00070000000,57-B-70,Hazelwood,R1A-H,1968,private,2800,duplex,2,False,,,,high_risk,not_allowed,,,,,,,,,,,,,,$26 in tax liens,medium,,-79.941928,40.403374
0057B00070000000,57-B-70,Hazelwood,R1A-H,1968,private,2800,triplex,3,False,,,,high_risk,not_allowed,,,,,,,,,,,,,,$26 in tax liens,medium,,-79.941928,40.403374
0057B00070000000,57-B-70,Hazelwood,R1A-H,1968,private,2800,townhome,2,False,,,,high_risk,not_allowed,,,,,,,,,,,,,,$26 in tax liens,medium,,-79.941928,40.403374
0057B00070000000,57-B-70,Hazelwood,R1A-H,1968,private,2800,walkup,4,False,,,,high_risk,not_allowed,,,,,,,,,,,,,,$26 in tax liens,medium,,-79.941928,40.403374
0057B00071000000,57-B-71,Hazelwood,R1A-H,763,private,200,single_family,1,False,,,,high_risk,not_allowed,,,,,,,,,,,,,,$789 in tax liens,medium,,-79.941715,40.403436
0057B00071000000,57-B-71,Hazelwood,R1A-H,763,private,200,duplex,2,False,,,,high_risk,not_allowed,,,,,,,,,,,,,,$789 in tax liens,medium,,-79.941715,40.403436
0057B00071000000,57-B-71,Hazelwood,R1A-H,763,private,200,triplex,3,False,,,,high_risk,not_allowed,,,,,,,,,,,,,,$789 in tax liens,medium,,-79.941715,40.403436
0057B00071000000,57-B-71,Hazelwood,R1A-H,763,private,200,townhome,2,False,,,,high_risk,not_allowed,,,,,,,,,,,,,,$789 in tax liens,medium,,-79.941715,40.403436
0057B00071000000,57-B-71,Hazelwood,R1A-H,763,private,200,walkup,4,False,,,,high_risk,not_allowed,,,,,,,,,,,,,,$789 in tax liens,medium,,-79.941715,40.403436
0057B00072000000,57-B-72,Hazelwood,R1A-H,3402,private,3300,single_family,1,True,57.8,59.8,61.6,feasible_with_conditions,by_right,1.0,1.0,1.0,by_right,3.1,4.0,5.0,9001,15071,21327,-430230,-364075,-306227,"2 DEP record(s) within 1,000 ft",low,,-79.941767,40.403257
0057B00072000000,57-B-72,Hazelwood,R1A-H,3402,private,3300,duplex,2,False,,,,high_risk,not_allowed,,,,,,,,,,,,,,"2 DEP record(s) within 1,000 ft",low,,-79.941767,40.403257
0057B00072000000,57-B-72,Hazelwood,R1A-H,3402,private,3300,triplex,3,False,,,,high_risk,not_allowed,,,,,,,,,,,,,,"2 DEP record(s) within 1,000 ft",low,,-79.941767,40.403257
0057B00072000000,57-B-72,Hazelwood,R1A-H,3402,private,3300,townhome,2,False,,,,high_risk,not_allowed,,,,,,,,,,,,,,"2 DEP record(s) within 1,000 ft",low,,-79.941767,40.403257
0057B00072000000,57-B-72,Hazelwood,R1A-H,3402,private,3300,walkup,4,False,,,,high_risk,not_allowed,,,,,,,,,,,,,,"2 DEP record(s) within 1,000 ft",low,,-79.941767,40.403257
0057B00073000000,57-B-73,Hazelwood,R1A-H,3133,private,3300,single_family,1,True,54.6,57.0,59.5,feasible_with_conditions,by_right,1.0,1.0,1.0,by_right,4.4,5.8,7.4,8815,15222,21479,-425084,-359260,-300334,$61 in tax liens,medium,,-79.941733,40.40319
0057B00073000000,57-B-73,Hazelwood,R1A-H,3133,private,3300,duplex,2,False,,,,high_risk,not_allowed,,,,,,,,,,,,,,$61 in tax liens,medium,,-79.941733,40.40319
0057B00073000000,57-B-73,Hazelwood,R1A-H,3133,private,3300,triplex,3,False,,,,high_risk,not_allowed,,,,,,,,,,,,,,$61 in tax liens,medium,,-79.941733,40.40319
0057B00073000000,57-B-73,Hazelwood,R1A-H,3133,private,3300,townhome,2,False,,,,high_risk,not_allowed,,,,,,,,,,,,,,$61 in tax liens,medium,,-79.941733,40.40319
0057B00073000000,57-B-73,Hazelwood,R1A-H,3133,private,3300,walkup,4,False,,,,high_risk,not_allowed,,,,,,,,,,,,,,$61 in tax liens,medium,,-79.941733,40.40319
0057B00076000000,57-B-76,Hazelwood,R1A-H,1929,private,800,single_family,1,True,40.0,44.5,48.7,high_risk,variance,0.827,0.9,0.944,model,6.3,7.7,9.3,35220,53336,72243,-456577,-387637,-328265,Condemned or dead-end property,medium,,-79.941528,40.403122
0057B00076000000,57-B-76,Hazelwood,R1A-H,1929,private,800,duplex,2,False,,,,high_risk,not_allowed,,,,,,,,,,,,,,Condemned or dead-end property,medium,,-79.941528,40.403122
0057B00076000000,57-B-76,Hazelwood,R1A-H,1929,private,800,triplex,3,False,,,,high_risk,not_allowed,,,,,,,,,,,,,,Condemned or dead-end property,medium,,-79.941528,40.403122
0057B00076000000,57-B-76,Hazelwood,R1A-H,1929,private,800,townhome,2,False,,,,high_risk,not_allowed,,,,,,,,,,,,,,Condemned or dead-end property,medium,,-79.941528,40.403122
0057B00076000000,57-B-76,Hazelwood,R1A-H,1929,private,800,walkup,4,False,,,,high_risk,not_allowed,,,,,,,,,,,,,,Condemned or dead-end property,medium,,-79.941528,40.403122
0057B00081000000,57-B-81,Hazelwood,R1A-H,1795,private,300,single_family,1,True,51.8,54.4,57.1,feasible_with_conditions,by_right,1.0,1.0,1.0,by_right,4.4,5.8,7.3,19316,27662,36344,-438459,-371765,-311690,$29 in tax liens,medium,,-79.941485,40.402841
0057B00081000000,57-B-81,Hazelwood,R1A-H,1795,private,300,duplex,2,False,,,,high_risk,not_allowed,,,,,,,,,,,,,,$29 in tax liens,medium,,-79.941485,40.402841
0057B00081000000,57-B-81,Hazelwood,R1A-H,1795,private,300,triplex,3,False,,,,high_risk,not_allowed,,,,,,,,,,,,,,$29 in tax liens,medium,,-79.941485,40.402841
0057B00081000000,57-B-81,Hazelwood,R1A-H,1795,private,300,townhome,2,False,,,,high_risk,not_allowed,,,,,,,,,,,,,,$29 in tax liens,medium,,-79.941485,40.402841
0057B00081000000,57-B-81,Hazelwood,R1A-H,1795,private,300,walkup,4,False,,,,high_risk,not_allowed,,,,,,,,,,,,,,$29 in tax liens,medium,,-79.941485,40.402841
0057B00082000000,57-B-82,Hazelwood,R1A-H,1677,private,2600,single_family,1,True,25.9,32.6,39.5,high_risk,by_right,1.0,1.0,1.0,by_right,5.3,6.4,7.6,110693,157598,202785,-559729,-483235,-410885,56% of lot on 25%+ slope,high,,-79.941514,40.402758
0057B00082000000,57-B-82,Hazelwood,R1A-H,1677,private,2600,duplex,2,False,,,,high_risk,not_allowed,,,,,,,,,,,,,,56% of lot on 25%+ slope,high,,-79.941514,40.402758
0057B00082000000,57-B-82,Hazelwood,R1A-H,1677,private,2600,triplex,3,False,,,,high_risk,not_allowed,,,,,,,,,,,,,,56% of lot on 25%+ slope,high,,-79.941514,40.402758
0057B00082000000,57-B-82,Hazelwood,R1A-H,1677,private,2600,townhome,2,False,,,,high_risk,not_allowed,,,,,,,,,,,,,,56% of lot on 25%+ slope,high,,-79.941514,40.402758
0057B00082000000,57-B-82,Hazelwood,R1A-H,1677,private,2600,walkup,4,False,,,,high_risk,not_allowed,,,,,,,,,,,,,,56% of lot on 25%+ slope,high,,-79.941514,40.402758
0057B00083000000,57-B-83,Hazelwood,R1A-H,2631,private,700,single_family,1,True,47.5,51.3,55.2,feasible_with_conditions,by_right,1.0,1.0,1.0,by_right,3.7,4.6,5.6,33813,53129,71466,-462555,-395762,-335049,33% of lot on 25%+ slope,medium,,-79.941385,40.402749
0057B00083000000,57-B-83,Hazelwood,R1A-H,2631,private,700,duplex,2,False,,,,high_risk,not_allowed,,,,,,,,,,,,,,33% of lot on 25%+ slope,medium,,-79.941385,40.402749
0057B00083000000,57-B-83,Hazelwood,R1A-H,2631,private,700,triplex,3,False,,,,high_risk,not_allowed,,,,,,,,,,,,,,33% of lot on 25%+ slope,medium,,-79.941385,40.402749
0057B00083000000,57-B-83,Hazelwood,R1A-H,2631,private,700,townhome,2,False,,,,high_risk,not_allowed,,,,,,,,,,,,,,33% of lot on 25%+ slope,medium,,-79.941385,40.402749
0057B00083000000,57-B-83,Hazelwood,R1A-H,2631,private,700,walkup,4,False,,,,high_risk,not_allowed,,,,,,,,,,,,,,33% of lot on 25%+ slope,medium,,-79.941385,40.402749
0057B00089000000,57-B-89,Hazelwood,R1A-H,2048,city,2900,single_family,1,True,35.7,41.4,47.3,high_risk,by_right,1.0,1.0,1.0,by_right,4.9,6.1,7.3,65566,98156,132483,-503708,-432225,-368915,48% of lot on 25%+ slope,medium,,-79.941161,40.40249
0057B00089000000,57-B-89,Hazelwood,R1A-H,2048,city,2900,duplex,2,False,,,,high_risk,not_allowed,,,,,,,,,,,,,,48% of lot on 25%+ slope,medium,,-79.941161,40.40249
0057B00089000000,57-B-89,Hazelwood,R1A-H,2048,city,2900,triplex,3,False,,,,high_risk,not_allowed,,,,,,,,,,,,,,48% of lot on 25%+ slope,medium,,-79.941161,40.40249
0057B00089000000,57-B-89,Hazelwood,R1A-H,2048,city,2900,townhome,2,False,,,,high_risk,not_allowed,,,,,,,,,,,,,,48% of lot on 25%+ slope,medium,,-79.941161,40.40249
0057B00089000000,57-B-89,Hazelwood,R1A-H,2048,city,2900,walkup,4,False,,,,high_risk,not_allowed,,,,,,,,,,,,,,48% of lot on 25%+ slope,medium,,-79.941161,40.40249
0057B00101000000,57-B-101,Hazelwood,UI,3048,private,1200,single_family,,False,,,,high_risk,not_allowed,,,,,,,,,,,,,,Parcel spans more than one district or has uncovered rules,medium,,-79.941663,40.402157
0057B00101000000,57-B-101,Hazelwood,UI,3048,private,1200,duplex,,False,,,,high_risk,not_allowed,,,,,,,,,,,,,,Parcel spans more than one district or has uncovered rules,medium,,-79.941663,40.402157
0057B00101000000,57-B-101,Hazelwood,UI,3048,private,1200,triplex,,False,,,,high_risk,not_allowed,,,,,,,,,,,,,,Parcel spans more than one district or has uncovered rules,medium,,-79.941663,40.402157
0057B00101000000,57-B-101,Hazelwood,UI,3048,private,1200,townhome,,False,,,,high_risk,not_allowed,,,,,,,,,,,,,,Parcel spans more than one district or has uncovered rules,medium,,-79.941663,40.402157
0057B00101000000,57-B-101,Hazelwood,UI,3048,private,1200,walkup,,False,,,,high_risk,not_allowed,,,,,,,,,,,,,,Parcel spans more than one district or has uncovered rules,medium,,-79.941663,40.402157
0057B00105000000,57-B-105,Hazelwood,UI,2912,private,600,single_family,,False,,,,high_risk,not_allowed,,,,,,,,,,,,,,Parcel spans more than one district or has uncovered rules,medium,,-79.941867,40.40238
0057B00105000000,57-B-105,Hazelwood,UI,2912,private,600,duplex,,False,,,,high_risk,not_allowed,,,,,,,,,,,,,,Parcel spans more than one district or has uncovered rules,medium,,-79.941867,40.40238
0057B00105000000,57-B-105,Hazelwood,UI,2912,private,600,triplex,,False,,,,high_risk,not_allowed,,,,,,,,,,,,,,Parcel spans more than one district or has uncovered rules,medium,,-79.941867,40.40238
0057B00105000000,57-B-105,Hazelwood,UI,2912,private,600,townhome,,False,,,,high_risk,not_allowed,,,,,,,,,,,,,,Parcel spans more than one district or has uncovered rules,medium,,-79.941867,40.40238
0057B00105000000,57-B-105,Hazelwood,UI,2912,private,600,walkup,,False,,,,high_risk,not_allowed,,,,,,,,,,,,,,Parcel spans more than one district or has uncovered rules,medium,,-79.941867,40.40238
0057B00107000000,57-B-107,Hazelwood,UI,5603,private,4100,single_family,,False,,,,high_risk,not_allowed,,,,,,,,,,,,,,Parcel spans more than one district or has uncovered rules,medium,,-79.941938,40.402462
0057B00107000000,57-B-107,Hazelwood,UI,5603,private,4100,duplex,,False,,,,high_risk,not_allowed,,,,,,,,,,,,,,Parcel spans more than one district or has uncovered rules,medium,,-79.941938,40.402462
0057B00107000000,57-B-107,Hazelwood,UI,5603,private,4100,triplex,,False,,,,high_risk,not_allowed,,,,,,,,,,,,,,Parcel spans more than one district or has uncovered rules,medium,,-79.941938,40.402462
0057B00107000000,57-B-107,Hazelwood,UI,5603,private,4100,townhome,,False,,,,high_risk,not_allowed,,,,,,,,,,,,,,Parcel spans more than one district or has uncovered rules,medium,,-79.941938,40.402462
0057B00107000000,57-B-107,Hazelwood,UI,5603,private,4100,walkup,,False,,,,high_risk,not_allowed,,,,,,,,,,,,,,Parcel spans more than one district or has uncovered rules,medium,,-79.941938,40.402462
0057B00122000000,57-B-122,Hazelwood,UI,1419,private,400,single_family,,False,,,,high_risk,not_allowed,,,,,,,,,,,,,,Parcel spans more than one district or has uncovered rules,medium,,-79.941641,40.40199
0057B00122000000,57-B-122,Hazelwood,UI,1419,private,400,duplex,,False,,,,high_risk,not_allowed,,,,,,,,,,,,,,Parcel spans more than one district or has uncovered rules,medium,,-79.941641,40.40199
0057B00122000000,57-B-122,Hazelwood,UI,1419,private,400,triplex,,False,,,,high_risk,not_allowed,,,,,,,,,,,,,,Parcel spans more than one district or has uncovered rules,medium,,-79.941641,40.40199
0057B00122000000,57-B-122,Hazelwood,UI,1419,private,400,townhome,,False,,,,high_risk,not_allowed,,,,,,,,,,,,,,Parcel spans more than one district or has uncovered rules,medium,,-79.941641,40.40199
0057B00122000000,57-B-122,Hazelwood,UI,1419,private,400,walkup,,False,,,,high_risk,not_allowed,,,,,,,,,,,,,,Parcel spans more than one district or has uncovered rules,medium,,-79.941641,40.40199
0057B00194000000,57-B-194,Hazelwood,R1A-VH,1492,city,400,single_family,1,True,48.8,51.4,53.9,feasible_with_conditions,variance,0.827,0.9,0.944,model,6.3,7.6,9.3,12301,18494,24495,-428972,-360528,-301870,"$3,389 in tax liens",medium,,-79.942698,40.404045
0057B00194000000,57-B-194,Hazelwood,R1A-VH,1492,city,400,duplex,2,False,,,,high_risk,not_allowed,,,,,,,,,,,,,,"$3,389 in tax liens",medium,,-79.942698,40.404045
0057B00194000000,57-B-194,Hazelwood,R1A-VH,1492,city,400,triplex,3,False,,,,high_risk,not_allowed,,,,,,,,,,,,,,"$3,389 in tax liens",medium,,-79.942698,40.404045
0057B00194000000,57-B-194,Hazelwood,R1A-VH,1492,city,400,townhome,2,False,,,,high_risk,not_allowed,,,,,,,,,,,,,,"$3,389 in tax liens",medium,,-79.942698,40.404045
0057B00194000000,57-B-194,Hazelwood,R1A-VH,1492,city,400,walkup,4,False,,,,high_risk,not_allowed,,,,,,,,,,,,,,"$3,389 in tax liens",medium,,-79.942698,40.404045
0057B00198000000,57-B-198,Hazelwood,R1A-VH,1139,city,300,single_family,1,False,,,,high_risk,not_allowed,,,,,,,,,,,,,,"$7,629 in tax liens",medium,,-79.943061,40.403912
0057B00198000000,57-B-198,Hazelwood,R1A-VH,1139,city,300,duplex,2,False,,,,high_risk,not_allowed,,,,,,,,,,,,,,"$7,629 in tax liens",medium,,-79.943061,40.403912
0057B00198000000,57-B-198,Hazelwood,R1A-VH,1139,city,300,triplex,3,False,,,,high_risk,not_allowed,,,,,,,,,,,,,,"$7,629 in tax liens",medium,,-79.943061,40.403912
0057B00198000000,57-B-198,Hazelwood,R1A-VH,1139,city,300,townhome,2,False,,,,high_risk,not_allowed,,,,,,,,,,,,,,"$7,629 in tax liens",medium,,-79.943061,40.403912
0057B00198000000,57-B-198,Hazelwood,R1A-VH,1139,city,300,walkup,4,False,,,,high_risk,not_allowed,,,,,,,,,,,,,,"$7,629 in tax liens",medium,,-79.943061,40.403912
0057B00199000000,57-B-199,Hazelwood,R1A-VH,1091,city,300,single_family,1,False,,,,high_risk,not_allowed,,,,,,,,,,,,,,"$5,521 in tax liens",medium,,-79.943072,40.403952
0057B00199000000,57-B-199,Hazelwood,R1A-VH,1091,city,300,duplex,2,False,,,,high_risk,not_allowed,,,,,,,,,,,,,,"$5,521 in tax liens",medium,,-79.943072,40.403952
0057B00199000000,57-B-199,Hazelwood,R1A-VH,1091,city,300,triplex,3,False,,,,high_risk,not_allowed,,,,,,,,,,,,,,"$5,521 in tax liens",medium,,-79.943072,40.403952
0057B00199000000,57-B-199,Hazelwood,R1A-VH,1091,city,300,townhome,2,False,,,,high_risk,not_allowed,,,,,,,,,,,,,,"$5,521 in tax liens",medium,,-79.943072,40.403952
0057B00199000000,57-B-199,Hazelwood,R1A-VH,1091,city,300,walkup,4,False,,,,high_risk,not_allowed,,,,,,,,,,,,,,"$5,521 in tax liens",medium,,-79.943072,40.403952
0057B00200000A00,57-B-200-A,Hazelwood,R1A-VH,1087,private,300,single_family,1,False,,,,high_risk,not_allowed,,,,,,,,,,,,,,"2 DEP record(s) within 1,000 ft",low,,-79.943078,40.403992
0057B00200000A00,57-B-200-A,Hazelwood,R1A-VH,1087,private,300,duplex,2,False,,,,high_risk,not_allowed,,,,,,,,,,,,,,"2 DEP record(s) within 1,000 ft",low,,-79.943078,40.403992
0057B00200000A00,57-B-200-A,Hazelwood,R1A-VH,1087,private,300,triplex,3,False,,,,high_risk,not_allowed,,,,,,,,,,,,,,"2 DEP record(s) within 1,000 ft",low,,-79.943078,40.403992
0057B00200000A00,57-B-200-A,Hazelwood,R1A-VH,1087,private,300,townhome,2,False,,,,high_risk,not_allowed,,,,,,,,,,,,,,"2 DEP record(s) within 1,000 ft",low,,-79.943078,40.403992
0057B00200000A00,57-B-200-A,Hazelwood,R1A-VH,1087,private,300,walkup,4,False,,,,high_risk,not_allowed,,,,,,,,,,,,,,"2 DEP record(s) within 1,000 ft",low,,-79.943078,40.403992
0057B00228000000,57-B-228,Hazelwood,GI,3894,city,3000,single_family,,False,,,,high_risk,not_allowed,,,,,,,,,,,,,,Parcel spans more than one district or has uncovered rules,medium,,-79.945063,40.404083
0057B00228000000,57-B-228,Hazelwood,GI,3894,city,3000,duplex,,False,,,,high_risk,not_allowed,,,,,,,,,,,,,,Parcel spans more than one district or has uncovered rules,medium,,-79.945063,40.404083
0057B00228000000,57-B-228,Hazelwood,GI,3894,city,3000,triplex,,False,,,,high_risk,not_allowed,,,,,,,,,,,,,,Parcel spans more than one district or has uncovered rules,medium,,-79.945063,40.404083
0057B00228000000,57-B-228,Hazelwood,GI,3894,city,3000,townhome,,False,,,,high_risk,not_allowed,,,,,,,,,,,,,,Parcel spans more than one district or has uncovered rules,medium,,-79.945063,40.404083
0057B00228000000,57-B-228,Hazelwood,GI,3894,city,3000,walkup,,False,,,,high_risk,not_allowed,,,,,,,,,,,,,,Parcel spans more than one district or has uncovered rules,medium,,-79.945063,40.404083
0057C00003000000,57-C-3,Hazelwood,R1A-H,2185,private,1200,single_family,1,True,57.8,59.8,61.6,feasible_with_conditions,by_right,1.0,1.0,1.0,by_right,3.1,4.0,5.0,9001,15071,21327,-432110,-365754,-307903,"2 DEP record(s) within 1,000 ft",low,,-79.941071,40.403725
0057C00003000000,57-C-3,Hazelwood,R1A-H,2185,private,1200,duplex,2,False,,,,high_risk,not_allowed,,,,,,,,,,,,,,"2 DEP record(s) within 1,000 ft",low,,-79.941071,40.403725
0057C00003000000,57-C-3,Hazelwood,R1A-H,2185,private,1200,triplex,3,False,,,,high_risk,not_allowed,,,,,,,,,,,,,,"2 DEP record(s) within 1,000 ft",low,,-79.941071,40.403725
0057C00003000000,57-C-3,Hazelwood,R1A-H,2185,private,1200,townhome,2,False,,,,high_risk,not_allowed,,,,,,,,,,,,,,"2 DEP record(s) within 1,000 ft",low,,-79.941071,40.403725
0057C00003000000,57-C-3,Hazelwood,R1A-H,2185,private,1200,walkup,4,False,,,,high_risk,not_allowed,,,,,,,,,,,,,,"2 DEP record(s) within 1,000 ft",low,,-79.941071,40.403725
0057C00006000000,57-C-6,Hazelwood,R1A-H,2991,city,700,single_family,1,True,57.8,59.8,61.6,feasible_with_conditions,by_right,1.0,1.0,1.0,by_right,3.1,4.0,5.0,9001,15071,21327,-432110,-365754,-307903,"1 DEP record(s) within 1,000 ft",low,,-79.940831,40.403779
0057C00006000000,57-C-6,Hazelwood,R1A-H,2991,city,700,duplex,2,False,,,,high_risk,not_allowed,,,,,,,,,,,,,,"1 DEP record(s) within 1,000 ft",low,,-79.940831,40.403779
0057C00006000000,57-C-6,Hazelwood,R1A-H,2991,city,700,triplex,3,False,,,,high_risk,not_allowed,,,,,,,,,,,,,,"1 DEP record(s) within 1,000 ft",low,,-79.940831,40.403779
0057C00006000000,57-C-6,Hazelwood,R1A-H,2991,city,700,townhome,2,False,,,,high_risk,not_allowed,,,,,,,,,,,,,,"1 DEP record(s) within 1,000 ft",low,,-79.940831,40.403779
0057C00006000000,57-C-6,Hazelwood,R1A-H,2991,city,700,walkup,4,False,,,,high_risk,not_allowed,,,,,,,,,,,,,,"1 DEP record(s) within 1,000 ft",low,,-79.940831,40.403779
0057C00008000000,57-C-8,Hazelwood,R1A-H,2678,private,700,single_family,1,True,53.1,55.5,58.0,feasible_with_conditions,by_right,1.0,1.0,1.0,by_right,4.4,5.8,7.4,15765,22172,28430,-432794,-367018,-308541,"$7,011 in tax liens",medium,,-79.940661,40.403814
0057C00008000000,57-C-8,Hazelwood,R1A-H,2678,private,700,duplex,2,False,,,,high_risk,not_allowed,,,,,,,,,,,,,,"$7,011 in tax liens",medium,,-79.940661,40.403814
0057C00008000000,57-C-8,Hazelwood,R1A-H,2678,private,700,triplex,3,False,,,,high_risk,not_allowed,,,,,,,,,,,,,,"$7,011 in tax liens",medium,,-79.940661,40.403814
0057C00008000000,57-C-8,Hazelwood,R1A-H,2678,private,700,townhome,2,False,,,,high_risk,not_allowed,,,,,,,,,,,,,,"$7,011 in tax liens",medium,,-79.940661,40.403814
0057C00008000000,57-C-8,Hazelwood,R1A-H,2678,private,700,walkup,4,False,,,,high_risk,not_allowed,,,,,,,,,,,,,,"$7,011 in tax liens",medium,,-79.940661,40.403814
0057C00010000000,57-C-10,Hazelwood,R1A-H,5417,private,4100,single_family,1,True,57.8,59.8,61.6,feasible_with_conditions,by_right,1.0,1.0,1.0,by_right,3.1,4.0,5.0,9001,15071,21327,-432110,-365754,-307903,"1 DEP record(s) within 1,000 ft",low,,-79.940434,40.403868
0057C00010000000,57-C-10,Hazelwood,R1A-H,5417,private,4100,duplex,2,False,,,,high_risk,not_allowed,,,,,,,,,,,,,,"1 DEP record(s) within 1,000 ft",low,,-79.940434,40.403868
0057C00010000000,57-C-10,Hazelwood,R1A-H,5417,private,4100,triplex,3,False,,,,high_risk,not_allowed,,,,,,,,,,,,,,"1 DEP record(s) within 1,000 ft",low,,-79.940434,40.403868
0057C00010000000,57-C-10,Hazelwood,R1A-H,5417,private,4100,townhome,2,False,55.0,56.9,58.9,feasible_with_conditions,subdivision,0.885,0.932,0.966,placeholder,4.6,5.6,6.8,8957,15067,21309,-788124,-664599,-552083,"1 DEP record(s) within 1,000 ft",low,,-79.940434,40.403868
0057C00010000000,57-C-10,Hazelwood,R1A-H,5417,private,4100,walkup,4,False,,,,high_risk,not_allowed,,,,,,,,,,,,,,"1 DEP record(s) within 1,000 ft",low,,-79.940434,40.403868
0057C00011000000,57-C-11,Hazelwood,R1A-H,5438,private,4100,single_family,1,True,53.8,56.3,58.7,feasible_with_conditions,by_right,1.0,1.0,1.0,by_right,4.4,5.8,7.4,12346,18753,25010,-429793,-364005,-305525,"$3,591 in tax liens",medium,,-79.940271,40.403901
0057C00011000000,57-C-11,Hazelwood,R1A-H,5438,private,4100,duplex,2,False,,,,high_risk,not_allowed,,,,,,,,,,,,,,"$3,591 in tax liens",medium,,-79.940271,40.403901
0057C00011000000,57-C-11,Hazelwood,R1A-H,5438,private,4100,triplex,3,False,,,,high_risk,not_allowed,,,,,,,,,,,,,,"$3,591 in tax liens",medium,,-79.940271,40.403901
0057C00011000000,57-C-11,Hazelwood,R1A-H,5438,private,4100,townhome,2,False,53.9,55.8,57.8,feasible_with_conditions,subdivision,0.885,0.932,0.966,placeholder,5.0,6.2,7.4,12566,18609,24865,-788654,-664932,-560060,"$3,591 in tax liens",medium,,-79.940271,40.403901
0057C00011000000,57-C-11,Hazelwood,R1A-H,5438,private,4100,walkup,4,False,,,,high_risk,not_allowed,,,,,,,,,,,,,,"$3,591 in tax liens",medium,,-79.940271,40.403901
0057C00018000000,57-C-18,Hazelwood,R1A-H,2173,private,3300,single_family,1,True,47.5,51.3,55.2,feasible_with_conditions,by_right,1.0,1.0,1.0,by_right,3.7,4.6,5.6,33813,53129,71466,-464110,-397500,-336960,19% of lot on 25%+ slope,medium,,-79.939803,40.404005
0057C00018000000,57-C-18,Hazelwood,R1A-H,2173,private,3300,duplex,2,False,,,,high_risk,not_allowed,,,,,,,,,,,,,,19% of lot on 25%+ slope,medium,,-79.939803,40.404005
0057C00018000000,57-C-18,Hazelwood,R1A-H,2173,private,3300,triplex,3,False,,,,high_risk,not_allowed,,,,,,,,,,,,,,19% of lot on 25%+ slope,medium,,-79.939803,40.404005
0057C00018000000,57-C-18,Hazelwood,R1A-H,2173,private,3300,townhome,2,False,,,,high_risk,not_allowed,,,,,,,,,,,,,,19% of lot on 25%+ slope,medium,,-79.939803,40.404005
0057C00018000000,57-C-18,Hazelwood,R1A-H,2173,private,3300,walkup,4,False,,,,high_risk,not_allowed,,,,,,,,,,,,,,19% of lot on 25%+ slope,medium,,-79.939803,40.404005
0057C00087000000,57-C-87,Hazelwood,R1A-H,8293,private,4300,single_family,1,True,44.7,48.9,52.8,high_risk,by_right,1.0,1.0,1.0,by_right,4.5,5.9,7.3,38003,56970,75488,-467267,-398307,-337616,37% of lot on 25%+ slope,medium,,-79.939798,40.403603
0057C00087000000,57-C-87,Hazelwood,R1A-H,8293,private,4300,duplex,2,False,,,,high_risk,not_allowed,,,,,,,,,,,,,,37% of lot on 25%+ slope,medium,,-79.939798,40.403603
0057C00087000000,57-C-87,Hazelwood,R1A-H,8293,private,4300,triplex,3,False,,,,high_risk,not_allowed,,,,,,,,,,,,,,37% of lot on 25%+ slope,medium,,-79.939798,40.403603
0057C00087000000,57-C-87,Hazelwood,R1A-H,8293,private,4300,townhome,3,False,51.3,53.6,55.9,feasible_with_conditions,subdivision,0.885,0.932,0.966,placeholder,5.0,6.2,7.4,37594,56585,75571,-1208659,-1024768,-856584,37% of lot on 25%+ slope,medium,,-79.939798,40.403603
0057C00087000000,57-C-87,Hazelwood,R1A-H,8293,private,4300,walkup,4,False,,,,high_risk,not_allowed,,,,,,,,,,,,,,37% of lot on 25%+ slope,medium,,-79.939798,40.403603
0057C00089000000,57-C-89,Hazelwood,R1A-H,2028,private,800,single_family,1,True,37.7,42.4,47.1,high_risk,by_right,1.0,1.0,1.0,by_right,4.9,6.1,7.3,67028,92184,117293,-497394,-428833,-365559,32% of lot on 25%+ slope,medium,,-79.940049,40.403547
0057C00089000000,57-C-89,Hazelwood,R1A-H,2028,private,800,duplex,2,False,,,,high_risk,not_allowed,,,,,,,,,,,,,,32% of lot on 25%+ slope,medium,,-79.940049,40.403547
0057C00089000000,57-C-89,Hazelwood,R1A-H,2028,private,800,triplex,3,False,,,,high_risk,not_allowed,,,,,,,,,,,,,,32% of lot on 25%+ slope,medium,,-79.940049,40.403547
0057C00089000000,57-C-89,Hazelwood,R1A-H,2028,private,800,townhome,2,False,,,,high_risk,not_allowed,,,,,,,,,,,,,,32% of lot on 25%+ slope,medium,,-79.940049,40.403547
0057C00089000000,57-C-89,Hazelwood,R1A-H,2028,private,800,walkup,4,False,,,,high_risk,not_allowed,,,,,,,,,,,,,,32% of lot on 25%+ slope,medium,,-79.940049,40.403547
0057C00090000000,57-C-90,Hazelwood,R1A-H,1914,private,400,single_family,1,True,47.5,51.3,55.2,feasible_with_conditions,by_right,1.0,1.0,1.0,by_right,3.7,4.6,5.6,33813,53129,71466,-464110,-397500,-336960,36% of lot on 25%+ slope,medium,,-79.940105,40.403532
0057C00090000000,57-C-90,Hazelwood,R1A-H,1914,private,400,duplex,2,False,,,,high_risk,not_allowed,,,,,,,,,,,,,,36% of lot on 25%+ slope,medium,,-79.940105,40.403532
0057C00090000000,57-C-90,Hazelwood,R1A-H,1914,private,400,triplex,3,False,,,,high_risk,not_allowed,,,,,,,,,,,,,,36% of lot on 25%+ slope,medium,,-79.940105,40.403532
0057C00090000000,57-C-90,Hazelwood,R1A-H,1914,private,400,townhome,2,False,,,,high_risk,not_allowed,,,,,,,,,,,,,,36% of lot on 25%+ slope,medium,,-79.940105,40.403532
0057C00090000000,57-C-90,Hazelwood,R1A-H,1914,private,400,walkup,4,False,,,,high_risk,not_allowed,,,,,,,,,,,,,,36% of lot on 25%+ slope,medium,,-79.940105,40.403532
0057C00091000000,57-C-91,Hazelwood,R1A-H,2070,private,900,single_family,1,True,32.1,39.1,46.5,high_risk,by_right,1.0,1.0,1.0,by_right,5.0,6.4,7.5,65717,111654,156146,-522295,-447214,-374256,67% of lot on 25%+ slope,high,,-79.940163,40.403519
0057C00091000000,57-C-91,Hazelwood,R1A-H,2070,private,900,duplex,2,False,,,,high_risk,not_allowed,,,,,,,,,,,,,,67% of lot on 25%+ slope,high,,-79.940163,40.403519
0057C00091000000,57-C-91,Hazelwood,R1A-H,2070,private,900,triplex,3,False,,,,high_risk,not_allowed,,,,,,,,,,,,,,67% of lot on 25%+ slope,high,,-79.940163,40.403519
0057C00091000000,57-C-91,Hazelwood,R1A-H,2070,private,900,townhome,2,False,,,,high_risk,not_allowed,,,,,,,,,,,,,,67% of lot on 25%+ slope,high,,-79.940163,40.403519
0057C00091000000,57-C-91,Hazelwood,R1A-H,2070,private,900,walkup,4,False,,,,high_risk,not_allowed,,,,,,,,,,,,,,67% of lot on 25%+ slope,high,,-79.940163,40.403519
0057C00097000000,57-C-97,Hazelwood,R1A-H,2329,private,500,single_family,1,True,36.7,41.3,46.0,high_risk,by_right,1.0,1.0,1.0,by_right,4.9,6.1,7.3,73734,98889,123999,-503216,-434803,-371336,37% of lot on 25%+ slope,medium,,-79.940565,40.403428
0057C00097000000,57-C-97,Hazelwood,R1A-H,2329,private,500,duplex,2,False,,,,high_risk,not_allowed,,,,,,,,,,,,,,37% of lot on 25%+ slope,medium,,-79.940565,40.403428
0057C00097000000,57-C-97,Hazelwood,R1A-H,2329,private,500,triplex,3,False,,,,high_risk,not_allowed,,,,,,,,,,,,,,37% of lot on 25%+ slope,medium,,-79.940565,40.403428
0057C00097000000,57-C-97,Hazelwood,R1A-H,2329,private,500,townhome,2,False,,,,high_risk,not_allowed,,,,,,,,,,,,,,37% of lot on 25%+ slope,medium,,-79.940565,40.403428
0057C00097000000,57-C-97,Hazelwood,R1A-H,2329,private,500,walkup,4,False,,,,high_risk,not_allowed,,,,,,,,,,,,,,37% of lot on 25%+ slope,medium,,-79.940565,40.403428
0057C00102000000,57-C-102,Hazelwood,R1A-H,2871,private,1200,single_family,1,True,42.3,46.2,50.3,high_risk,by_right,1.0,1.0,1.0,by_right,4.9,6.1,7.3,50223,69120,88601,-474712,-406858,-345737,Condemned or dead-end property,medium,,-79.94095,40.403347
0057C00102000000,57-C-102,Hazelwood,R1A-H,2871,private,1200,duplex,2,False,,,,high_risk,not_allowed,,,,,,,,,,,,,,Condemned or dead-end property,medium,,-79.94095,40.403347
0057C00102000000,57-C-102,Hazelwood,R1A-H,2871,private,1200,triplex,3,False,,,,high_risk,not_allowed,,,,,,,,,,,,,,Condemned or dead-end property,medium,,-79.94095,40.403347
0057C00102000000,57-C-102,Hazelwood,R1A-H,2871,private,1200,townhome,2,False,,,,high_risk,not_allowed,,,,,,,,,,,,,,Condemned or dead-end property,medium,,-79.94095,40.403347
0057C00102000000,57-C-102,Hazelwood,R1A-H,2871,private,1200,walkup,4,False,,,,high_risk,not_allowed,,,,,,,,,,,,,,Condemned or dead-end property,medium,,-79.94095,40.403347
0057C00103000000,57-C-103,Hazelwood,R1A-H,2796,private,1200,single_family,1,True,42.8,46.8,50.9,high_risk,by_right,1.0,1.0,1.0,by_right,4.9,6.1,7.3,47273,66170,85652,-472106,-404283,-343194,Condemned or dead-end property,medium,,-79.94103,40.403326
0057C00103000000,57-C-103,Hazelwood,R1A-H,2796,private,1200,duplex,2,False,,,,high_risk,not_allowed,,,,,,,,,,,,,,Condemned or dead-end property,medium,,-79.94103,40.403326
0057C00103000000,57-C-103,Hazelwood,R1A-H,2796,private,1200,triplex,3,False,,,,high_risk,not_allowed,,,,,,,,,,,,,,Condemned or dead-end property,medium,,-79.94103,40.403326
0057C00103000000,57-C-103,Hazelwood,R1A-H,2796,private,1200,townhome,2,False,,,,high_risk,not_allowed,,,,,,,,,,,,,,Condemned or dead-end property,medium,,-79.94103,40.403326
0057C00103000000,57-C-103,Hazelwood,R1A-H,2796,private,1200,walkup,4,False,,,,high_risk,not_allowed,,,,,,,,,,,,,,Condemned or dead-end property,medium,,-79.94103,40.403326
0057C00107000000,57-C-107,Hazelwood,R1A-H,2618,private,2900,single_family,1,True,23.7,27.0,34.3,high_risk,by_right,1.0,1.0,1.0,by_right,5.3,6.4,7.6,148188,199957,255996,-602523,-522188,-448531,51% of lot on 25%+ slope,high,,-79.941113,40.402454
0057C00107000000,57-C-107,Hazelwood,R1A-H,2618,private,2900,duplex,2,False,,,,high_risk,not_allowed,,,,,,,,,,,,,,51% of lot on 25%+ slope,high,,-79.941113,40.402454
0057C00107000000,57-C-107,Hazelwood,R1A-H,2618,private,2900,triplex,3,False,,,,high_risk,not_allowed,,,,,,,,,,,,,,51% of lot on 25%+ slope,high,,-79.941113,40.402454
0057C00107000000,57-C-107,Hazelwood,R1A-H,2618,private,2900,townhome,2,False,,,,high_risk,not_allowed,,,,,,,,,,,,,,51% of lot on 25%+ slope,high,,-79.941113,40.402454
0057C00107000000,57-C-107,Hazelwood,R1A-H,2618,private,2900,walkup,4,False,,,,high_risk,not_allowed,,,,,,,,,,,,,,51% of lot on 25%+ slope,high,,-79.941113,40.402454
0057C00109000000,57-C-109,Hazelwood,R1A-H,2211,private,2900,single_family,1,True,29.2,35.1,40.7,high_risk,by_right,1.0,1.0,1.0,by_right,5.1,6.2,7.3,105672,140192,178214,-543488,-470140,-402120,55% of lot landslide-prone,high,,-79.941028,40.402371
0057C00109000000,57-C-109,Hazelwood,R1A-H,2211,private,2900,duplex,2,False,,,,high_risk,not_allowed,,,,,,,,,,,,,,55% of lot landslide-prone,high,,-79.941028,40.402371
0057C00109000000,57-C-109,Hazelwood,R1A-H,2211,private,2900,triplex,3,False,,,,high_risk,not_allowed,,,,,,,,,,,,,,55% of lot landslide-prone,high,,-79.941028,40.402371
0057C00109000000,57-C-109,Hazelwood,R1A-H,2211,private,2900,townhome,2,False,,,,high_risk,not_allowed,,,,,,,,,,,,,,55% of lot landslide-prone,high,,-79.941028,40.402371
0057C00109000000,57-C-109,Hazelwood,R1A-H,2211,private,2900,walkup,4,False,,,,high_risk,not_allowed,,,,,,,,,,,,,,55% of lot landslide-prone,high,,-79.941028,40.402371
0057C00112000000,57-C-112,Hazelwood,R1A-H,2430,private,500,single_family,1,True,32.0,37.8,43.6,high_risk,by_right,1.0,1.0,1.0,by_right,5.1,6.1,7.4,85761,121307,156640,-524195,-451953,-386589,67% of lot landslide-prone,high,,-79.940798,40.402163
0057C00112000000,57-C-112,Hazelwood,R1A-H,2430,private,500,duplex,2,False,,,,high_risk,not_allowed,,,,,,,,,,,,,,67% of lot landslide-prone,high,,-79.940798,40.402163
0057C00112000000,57-C-112,Hazelwood,R1A-H,2430,private,500,triplex,3,False,,,,high_risk,not_allowed,,,,,,,,,,,,,,67% of lot landslide-prone,high,,-79.940798,40.402163
0057C00112000000,57-C-112,Hazelwood,R1A-H,2430,private,500,townhome,2,False,,,,high_risk,not_allowed,,,,,,,,,,,,,,67% of lot landslide-prone,high,,-79.940798,40.402163
0057C00112000000,57-C-112,Hazelwood,R1A-H,2430,private,500,walkup,4,False,,,,high_risk,not_allowed,,,,,,,,,,,,,,67% of lot landslide-prone,high,,-79.940798,40.402163
0057C00112000A00,57-C-112-A,Hazelwood,R1A-H,2568,city,600,single_family,1,True,24.3,29.5,36.7,high_risk,by_right,1.0,1.0,1.0,by_right,5.4,6.4,7.6,128560,180131,232496,-582738,-505072,-429347,50% of lot on 25%+ slope,high,,-79.940892,40.402245
0057C00112000A00,57-C-112-A,Hazelwood,R1A-H,2568,city,600,duplex,2,False,,,,high_risk,not_allowed,,,,,,,,,,,,,,50% of lot on 25%+ slope,high,,-79.940892,40.402245
0057C00112000A00,57-C-112-A,Hazelwood,R1A-H,2568,city,600,triplex,3,False,,,,high_risk,not_allowed,,,,,,,,,,,,,,50% of lot on 25%+ slope,high,,-79.940892,40.402245
0057C00112000A00,57-C-112-A,Hazelwood,R1A-H,2568,city,600,townhome,2,False,,,,high_risk,not_allowed,,,,,,,,,,,,,,50% of lot on 25%+ slope,high,,-79.940892,40.402245
0057C00112000A00,57-C-112-A,Hazelwood,R1A-H,2568,city,600,walkup,4,False,,,,high_risk,not_allowed,,,,,,,,,,,,,,50% of lot on 25%+ slope,high,,-79.940892,40.402245
0057C00115000000,57-C-115,Hazelwood,R1A-H,2288,city,2900,single_family,1,True,24.9,30.7,38.1,high_risk,by_right,1.0,1.0,1.0,by_right,5.0,6.1,7.3,121724,174850,230093,-581108,-501794,-423724,51% of lot on 25%+ slope,high,,-79.940741,40.40213
0057C00115000000,57-C-115,Hazelwood,R1A-H,2288,city,2900,duplex,2,False,,,,high_risk,not_allowed,,,,,,,,,,,,,,51% of lot on 25%+ slope,high,,-79.940741,40.40213
0057C00115000000,57-C-115,Hazelwood,R1A-H,2288,city,2900,triplex,3,False,,,,high_risk,not_allowed,,,,,,,,,,,,,,51% of lot on 25%+ slope,high,,-79.940741,40.40213
0057C00115000000,57-C-115,Hazelwood,R1A-H,2288,city,2900,townhome,2,False,,,,high_risk,not_allowed,,,,,,,,,,,,,,51% of lot on 25%+ slope,high,,-79.940741,40.40213
0057C00115000000,57-C-115,Hazelwood,R1A-H,2288,city,2900,walkup,4,False,,,,high_risk,not_allowed,,,,,,,,,,,,,,51% of lot on 25%+ slope,high,,-79.940741,40.40213
0057C00116000000,57-C-116,Hazelwood,R1A-H,2598,private,500,single_family,1,True,24.4,29.8,37.1,high_risk,by_right,1.0,1.0,1.0,by_right,5.4,6.4,7.6,126221,177792,230157,-580674,-503042,-427285,54% of lot on 25%+ slope,high,,-79.940694,40.402086
0057C00116000000,57-C-116,Hazelwood,R1A-H,2598,private,500,duplex,2,False,,,,high_risk,not_allowed,,,,,,,,,,,,,,54% of lot on 25%+ slope,high,,-79.940694,40.402086
0057C00116000000,57-C-116,Hazelwood,R1A-H,2598,private,500,triplex,3,False,,,,high_risk,not_allowed,,,,,,,,,,,,,,54% of lot on 25%+ slope,high,,-79.940694,40.402086
0057C00116000000,57-C-116,Hazelwood,R1A-H,2598,private,500,townhome,2,False,,,,high_risk,not_allowed,,,,,,,,,,,,,,54% of lot on 25%+ slope,high,,-79.940694,40.402086
0057C00116000000,57-C-116,Hazelwood,R1A-H,2598,private,500,walkup,4,False,,,,high_risk,not_allowed,,,,,,,,,,,,,,54% of lot on 25%+ slope,high,,-79.940694,40.402086
0057C00118000000,57-C-118,Hazelwood,R1A-H,1684,private,300,single_family,1,True,32.3,38.2,44.1,high_risk,by_right,1.0,1.0,1.0,by_right,5.1,6.1,7.4,83001,118547,153880,-521773,-449546,-384186,55% of lot landslide-prone,high,,-79.940631,40.401965
0057C00118000000,57-C-118,Hazelwood,R1A-H,1684,private,300,duplex,2,False,,,,high_risk,not_allowed,,,,,,,,,,,,,,55% of lot landslide-prone,high,,-79.940631,40.401965
0057C00118000000,57-C-118,Hazelwood,R1A-H,1684,private,300,triplex,3,False,,,,high_risk,not_allowed,,,,,,,,,,,,,,55% of lot landslide-prone,high,,-79.940631,40.401965
0057C00118000000,57-C-118,Hazelwood,R1A-H,1684,private,300,townhome,2,False,,,,high_risk,not_allowed,,,,,,,,,,,,,,55% of lot landslide-prone,high,,-79.940631,40.401965
0057C00118000000,57-C-118,Hazelwood,R1A-H,1684,private,300,walkup,4,False,,,,high_risk,not_allowed,,,,,,,,,,,,,,55% of lot landslide-prone,high,,-79.940631,40.401965
0057C00118000A00,57-C-118-A,Hazelwood,R1A-H,839,private,200,single_family,1,False,,,,high_risk,not_allowed,,,,,,,,,,,,,,67% of lot on 25%+ slope,high,,-79.940497,40.402085
0057C00118000A00,57-C-118-A,Hazelwood,R1A-H,839,private,200,duplex,2,False,,,,high_risk,not_allowed,,,,,,,,,,,,,,67% of lot on 25%+ slope,high,,-79.940497,40.402085
0057C00118000A00,57-C-118-A,Hazelwood,R1A-H,839,private,200,triplex,3,False,,,,high_risk,not_allowed,,,,,,,,,,,,,,67% of lot on 25%+ slope,high,,-79.940497,40.402085
0057C00118000A00,57-C-118-A,Hazelwood,R1A-H,839,private,200,townhome,2,False,,,,high_risk,not_allowed,,,,,,,,,,,,,,67% of lot on 25%+ slope,high,,-79.940497,40.402085
0057C00118000A00,57-C-118-A,Hazelwood,R1A-H,839,private,200,walkup,4,False,,,,high_risk,not_allowed,,,,,,,,,,,,,,67% of lot on 25%+ slope,high,,-79.940497,40.402085
0057C00125000000,57-C-125,Hazelwood,R1A-H,2746,private,700,single_family,1,True,23.5,25.9,32.6,high_risk,by_right,1.0,1.0,1.0,by_right,5.4,6.5,7.6,160024,214021,271035,-615566,-537569,-460106,68% of lot on 25%+ slope,high,,-79.940063,40.401707
0057C00125000000,57-C-125,Hazelwood,R1A-H,2746,private,700,duplex,2,False,,,,high_risk,not_allowed,,,,,,,,,,,,,,68% of lot on 25%+ slope,high,,-79.940063,40.401707
0057C00125000000,57-C-125,Hazelwood,R1A-H,2746,private,700,triplex,3,False,,,,high_risk,not_allowed,,,,,,,,,,,,,,68% of lot on 25%+ slope,high,,-79.940063,40.401707
0057C00125000000,57-C-125,Hazelwood,R1A-H,2746,private,700,townhome,2,False,,,,high_risk,not_allowed,,,,,,,,,,,,,,68% of lot on 25%+ slope,high,,-79.940063,40.401707
0057C00125000000,57-C-125,Hazelwood,R1A-H,2746,private,700,walkup,4,False,,,,high_risk,not_allowed,,,,,,,,,,,,,,68% of lot on 25%+ slope,high,,-79.940063,40.401707
0057C00153000000,57-C-153,Hazelwood,R1A-H,1559,private,400,single_family,1,True,22.7,29.9,37.9,high_risk,variance,0.909,0.959,0.982,model,6.3,7.7,9.3,104861,154518,205342,-557109,-478442,-410134,100% of lot on 25%+ slope,high,,-79.939467,40.401737
0057C00153000000,57-C-153,Hazelwood,R1A-H,1559,private,400,duplex,2,False,,,,high_risk,not_allowed,,,,,,,,,,,,,,100% of lot on 25%+ slope,high,,-79.939467,40.401737
0057C00153000000,57-C-153,Hazelwood,R1A-H,1559,private,400,triplex,3,False,,,,high_risk,not_allowed,,,,,,,,,,,,,,100% of lot on 25%+ slope,high,,-79.939467,40.401737
0057C00153000000,57-C-153,Hazelwood,R1A-H,1559,private,400,townhome,2,False,,,,high_risk,not_allowed,,,,,,,,,,,,,,100% of lot on 25%+ slope,high,,-79.939467,40.401737
0057C00153000000,57-C-153,Hazelwood,R1A-H,1559,private,400,walkup,4,False,,,,high_risk,not_allowed,,,,,,,,,,,,,,100% of lot on 25%+ slope,high,,-79.939467,40.401737
0057C00162000A00,57-C-162-A,Hazelwood,R1A-H,804,private,200,single_family,1,False,,,,high_risk,not_allowed,,,,,,,,,,,,,,94% of lot on 25%+ slope,high,,-79.938164,40.401965
0057C00162000A00,57-C-162-A,Hazelwood,R1A-H,804,private,200,duplex,2,False,,,,high_risk,not_allowed,,,,,,,,,,,,,,94% of lot on 25%+ slope,high,,-79.938164,40.401965
0057C00162000A00,57-C-162-A,Hazelwood,R1A-H,804,private,200,triplex,3,False,,,,high_risk,not_allowed,,,,,,,,,,,,,,94% of lot on 25%+ slope,high,,-79.938164,40.401965
0057C00162000A00,57-C-162-A,Hazelwood,R1A-H,804,private,200,townhome,2,False,,,,high_risk,not_allowed,,,,,,,,,,,,,,94% of lot on 25%+ slope,high,,-79.938164,40.401965
0057C00162000A00,57-C-162-A,Hazelwood,R1A-H,804,private,200,walkup,4,False,,,,high_risk,not_allowed,,,,,,,,,,,,,,94% of lot on 25%+ slope,high,,-79.938164,40.401965
0057C00163000000,57-C-163,Hazelwood,R1A-H,771,private,200,single_family,1,False,,,,high_risk,not_allowed,,,,,,,,,,,,,,100% of lot on 25%+ slope,high,,-79.938139,40.401994
0057C00163000000,57-C-163,Hazelwood,R1A-H,771,private,200,duplex,2,False,,,,high_risk,not_allowed,,,,,,,,,,,,,,100% of lot on 25%+ slope,high,,-79.938139,40.401994
0057C00163000000,57-C-163,Hazelwood,R1A-H,771,private,200,triplex,3,False,,,,high_risk,not_allowed,,,,,,,,,,,,,,100% of lot on 25%+ slope,high,,-79.938139,40.401994
0057C00163000000,57-C-163,Hazelwood,R1A-H,771,private,200,townhome,2,False,,,,high_risk,not_allowed,,,,,,,,,,,,,,100% of lot on 25%+ slope,high,,-79.938139,40.401994
0057C00163000000,57-C-163,Hazelwood,R1A-H,771,private,200,walkup,4,False,,,,high_risk,not_allowed,,,,,,,,,,,,,,100% of lot on 25%+ slope,high,,-79.938139,40.401994
0057C00163000A00,57-C-163-A,Hazelwood,R1A-H,707,private,200,single_family,1,False,,,,high_risk,not_allowed,,,,,,,,,,,,,,98% of lot on 25%+ slope,high,,-79.938115,40.402022
0057C00163000A00,57-C-163-A,Hazelwood,R1A-H,707,private,200,duplex,2,False,,,,high_risk,not_allowed,,,,,,,,,,,,,,98% of lot on 25%+ slope,high,,-79.938115,40.402022
0057C00163000A00,57-C-163-A,Hazelwood,R1A-H,707,private,200,triplex,3,False,,,,high_risk,not_allowed,,,,,,,,,,,,,,98% of lot on 25%+ slope,high,,-79.938115,40.402022
0057C00163000A00,57-C-163-A,Hazelwood,R1A-H,707,private,200,townhome,2,False,,,,high_risk,not_allowed,,,,,,,,,,,,,,98% of lot on 25%+ slope,high,,-79.938115,40.402022
0057C00163000A00,57-C-163-A,Hazelwood,R1A-H,707,private,200,walkup,4,False,,,,high_risk,not_allowed,,,,,,,,,,,,,,98% of lot on 25%+ slope,high,,-79.938115,40.402022
0057C00167000000,57-C-167,Hazelwood,R1A-H,5200,private,4100,single_family,1,True,24.9,30.7,38.1,high_risk,by_right,1.0,1.0,1.0,by_right,5.0,6.1,7.3,121724,174850,230093,-581108,-501794,-423724,83% of lot on 25%+ slope,high,,-79.939503,40.401858
0057C00167000000,57-C-167,Hazelwood,R1A-H,5200,private,4100,duplex,2,False,,,,high_risk,not_allowed,,,,,,,,,,,,,,83% of lot on 25%+ slope,high,,-79.939503,40.401858
0057C00167000000,57-C-167,Hazelwood,R1A-H,5200,private,4100,triplex,3,False,,,,high_risk,not_allowed,,,,,,,,,,,,,,83% of lot on 25%+ slope,high,,-79.939503,40.401858
0057C00167000000,57-C-167,Hazelwood,R1A-H,5200,private,4100,townhome,2,False,34.6,39.9,45.3,high_risk,subdivision,0.885,0.932,0.966,placeholder,5.2,6.3,7.4,122919,175440,227740,-927927,-800894,-683790,83% of lot on 25%+ slope,high,,-79.939503,40.401858
0057C00167000000,57-C-167,Hazelwood,R1A-H,5200,private,4100,walkup,4,False,,,,high_risk,not_allowed,,,,,,,,,,,,,,83% of lot on 25%+ slope,high,,-79.939503,40.401858
0057C00168000000,57-C-168,Hazelwood,R1A-H,2853,private,1200,single_family,1,True,24.9,30.7,38.1,high_risk,by_right,1.0,1.0,1.0,by_right,5.0,6.1,7.3,121724,174850,230093,-581108,-501794,-423724,77% of lot on 25%+ slope,high,,-79.939603,40.401913
0057C00168000000,57-C-168,Hazelwood,R1A-H,2853,private,1200,duplex,2,False,,,,high_risk,not_allowed,,,,,,,,,,,,,,77% of lot on 25%+ slope,high,,-79.939603,40.401913
0057C00168000000,57-C-168,Hazelwood,R1A-H,2853,private,1200,triplex,3,False,,,,high_risk,not_allowed,,,,,,,,,,,,,,77% of lot on 25%+ slope,high,,-79.939603,40.401913
0057C00168000000,57-C-168,Hazelwood,R1A-H,2853,private,1200,townhome,2,False,,,,high_risk,not_allowed,,,,,,,,,,,,,,77% of lot on 25%+ slope,high,,-79.939603,40.401913
0057C00168000000,57-C-168,Hazelwood,R1A-H,2853,private,1200,walkup,4,False,,,,high_risk,not_allowed,,,,,,,,,,,,,,77% of lot on 25%+ slope,high,,-79.939603,40.401913
0057C00169000000,57-C-169,Hazelwood,R1A-H,2792,private,1200,single_family,1,True,24.9,30.7,38.1,high_risk,by_right,1.0,1.0,1.0,by_right,5.0,6.1,7.3,121724,174850,230093,-581108,-501794,-423724,62% of lot on 25%+ slope,high,,-79.939671,40.401953
0057C00169000000,57-C-169,Hazelwood,R1A-H,2792,private,1200,duplex,2,False,,,,high_risk,not_allowed,,,,,,,,,,,,,,62% of lot on 25%+ slope,high,,-79.939671,40.401953
0057C00169000000,57-C-169,Hazelwood,R1A-H,2792,private,1200,triplex,3,False,,,,high_risk,not_allowed,,,,,,,,,,,,,,62% of lot on 25%+ slope,high,,-79.939671,40.401953
0057C00169000000,57-C-169,Hazelwood,R1A-H,2792,private,1200,townhome,2,False,,,,high_risk,not_allowed,,,,,,,,,,,,,,62% of lot on 25%+ slope,high,,-79.939671,40.401953
0057C00169000000,57-C-169,Hazelwood,R1A-H,2792,private,1200,walkup,4,False,,,,high_risk,not_allowed,,,,,,,,,,,,,,62% of lot on 25%+ slope,high,,-79.939671,40.401953
0057C00170000000,57-C-170,Hazelwood,R1A-H,2863,private,1200,single_family,1,True,24.9,30.7,38.1,high_risk,by_right,1.0,1.0,1.0,by_right,5.0,6.1,7.3,121724,174850,230093,-581108,-501794,-423724,63% of lot on 25%+ slope,high,,-79.939741,40.401993
0057C00170000000,57-C-170,Hazelwood,R1A-H,2863,private,1200,duplex,2,False,,,,high_risk,not_allowed,,,,,,,,,,,,,,63% of lot on 25%+ slope,high,,-79.939741,40.401993
0057C00170000000,57-C-170,Hazelwood,R1A-H,2863,private,1200,triplex,3,False,,,,high_risk,not_allowed,,,,,,,,,,,,,,63% of lot on 25%+ slope,high,,-79.939741,40.401993
0057C00170000000,57-C-170,Hazelwood,R1A-H,2863,private,1200,townhome,2,False,,,,high_risk,not_allowed,,,,,,,,,,,,,,63% of lot on 25%+ slope,high,,-79.939741,40.401993
0057C00170000000,57-C-170,Hazelwood,R1A-H,2863,private,1200,walkup,4,False,,,,high_risk,not_allowed,,,,,,,,,,,,,,63% of lot on 25%+ slope,high,,-79.939741,40.401993
0057C00173000000,57-C-173,Hazelwood,R1A-H,1408,city,600,single_family,1,False,,,,high_risk,not_allowed,,,,,,,,,,,,,,73% of lot on 25%+ slope,high,,-79.939886,40.402179
0057C00173000000,57-C-173,Hazelwood,R1A-H,1408,city,600,duplex,2,False,,,,high_risk,not_allowed,,,,,,,,,,,,,,73% of lot on 25%+ slope,high,,-79.939886,40.402179
0057C00173000000,57-C-173,Hazelwood,R1A-H,1408,city,600,triplex,3,False,,,,high_risk,not_allowed,,,,,,,,,,,,,,73% of lot on 25%+ slope,high,,-79.939886,40.402179
0057C00173000000,57-C-173,Hazelwood,R1A-H,1408,city,600,townhome,2,False,,,,high_risk,not_allowed,,,,,,,,,,,,,,73% of lot on 25%+ slope,high,,-79.939886,40.402179
0057C00173000000,57-C-173,Hazelwood,R1A-H,1408,city,600,walkup,4,False,,,,high_risk,not_allowed,,,,,,,,,,,,,,73% of lot on 25%+ slope,high,,-79.939886,40.402179
0057C00175000000,57-C-175,Hazelwood,R1A-H,4018,city,3600,single_family,1,True,36.4,42.2,47.9,high_risk,by_right,1.0,1.0,1.0,by_right,5.1,6.1,7.4,61591,92367,124765,-497405,-427003,-363169,100% of lot landslide-prone,high,,-79.940034,40.402164
0057C00175000000,57-C-175,Hazelwood,R1A-H,4018,city,3600,duplex,2,False,,,,high_risk,not_allowed,,,,,,,,,,,,,,100% of lot landslide-prone,high,,-79.940034,40.402164
0057C00175000000,57-C-175,Hazelwood,R1A-H,4018,city,3600,triplex,3,False,,,,high_risk,not_allowed,,,,,,,,,,,,,,100% of lot landslide-prone,high,,-79.940034,40.402164
0057C00175000000,57-C-175,Hazelwood,R1A-H,4018,city,3600,townhome,2,False,,,,high_risk,not_allowed,,,,,,,,,,,,,,100% of lot landslide-prone,high,,-79.940034,40.402164
0057C00175000000,57-C-175,Hazelwood,R1A-H,4018,city,3600,walkup,4,False,,,,high_risk,not_allowed,,,,,,,,,,,,,,100% of lot landslide-prone,high,,-79.940034,40.402164
0057C00178000000,57-C-178,Hazelwood,R1A-H,826,private,200,single_family,1,False,,,,high_risk,not_allowed,,,,,,,,,,,,,,100% of lot landslide-prone,high,,-79.940301,40.402404
0057C00178000000,57-C-178,Hazelwood,R1A-H,826,private,200,duplex,2,False,,,,high_risk,not_allowed,,,,,,,,,,,,,,100% of lot landslide-prone,high,,-79.940301,40.402404
0057C00178000000,57-C-178,Hazelwood,R1A-H,826,private,200,triplex,3,False,,,,high_risk,not_allowed,,,,,,,,,,,,,,100% of lot landslide-prone,high,,-79.940301,40.402404
0057C00178000000,57-C-178,Hazelwood,R1A-H,826,private,200,townhome,2,False,,,,high_risk,not_allowed,,,,,,,,,,,,,,100% of lot landslide-prone,high,,-79.940301,40.402404
0057C00178000000,57-C-178,Hazelwood,R1A-H,826,private,200,walkup,4,False,,,,high_risk,not_allowed,,,,,,,,,,,,,,100% of lot landslide-prone,high,,-79.940301,40.402404
0057C00178000A00,57-C-178-A,Hazelwood,R1A-H,1143,private,200,single_family,1,False,,,,high_risk,not_allowed,,,,,,,,,,,,,,100% of lot landslide-prone,high,,-79.940251,40.402378
0057C00178000A00,57-C-178-A,Hazelwood,R1A-H,1143,private,200,duplex,2,False,,,,high_risk,not_allowed,,,,,,,,,,,,,,100% of lot landslide-prone,high,,-79.940251,40.402378
0057C00178000A00,57-C-178-A,Hazelwood,R1A-H,1143,private,200,triplex,3,False,,,,high_risk,not_allowed,,,,,,,,,,,,,,100% of lot landslide-prone,high,,-79.940251,40.402378
0057C00178000A00,57-C-178-A,Hazelwood,R1A-H,1143,private,200,townhome,2,False,,,,high_risk,not_allowed,,,,,,,,,,,,,,100% of lot landslide-prone,high,,-79.940251,40.402378
0057C00178000A00,57-C-178-A,Hazelwood,R1A-H,1143,private,200,walkup,4,False,,,,high_risk,not_allowed,,,,,,,,,,,,,,100% of lot landslide-prone,high,,-79.940251,40.402378
0057C00183000000,57-C-183,Hazelwood,R1A-H,1010,private,300,single_family,1,False,,,,high_risk,not_allowed,,,,,,,,,,,,,,100% of lot landslide-prone,high,,-79.940635,40.40254
0057C00183000000,57-C-183,Hazelwood,R1A-H,1010,private,300,duplex,2,False,,,,high_risk,not_allowed,,,,,,,,,,,,,,100% of lot landslide-prone,high,,-79.940635,40.40254
0057C00183000000,57-C-183,Hazelwood,R1A-H,1010,private,300,triplex,3,False,,,,high_risk,not_allowed,,,,,,,,,,,,,,100% of lot landslide-prone,high,,-79.940635,40.40254
0057C00183000000,57-C-183,Hazelwood,R1A-H,1010,private,300,townhome,2,False,,,,high_risk,not_allowed,,,,,,,,,,,,,,100% of lot landslide-prone,high,,-79.940635,40.40254
0057C00183000000,57-C-183,Hazelwood,R1A-H,1010,private,300,walkup,4,False,,,,high_risk,not_allowed,,,,,,,,,,,,,,100% of lot landslide-prone,high,,-79.940635,40.40254
0057C00184000000,57-C-184,Hazelwood,R1A-H,1328,private,2600,single_family,1,True,35.4,41.1,47.0,high_risk,by_right,1.0,1.0,1.0,by_right,4.9,6.1,7.3,67342,99933,134259,-505255,-433790,-370491,100% of lot landslide-prone,high,,-79.940684,40.402566
0057C00184000000,57-C-184,Hazelwood,R1A-H,1328,private,2600,duplex,2,False,,,,high_risk,not_allowed,,,,,,,,,,,,,,100% of lot landslide-prone,high,,-79.940684,40.402566
0057C00184000000,57-C-184,Hazelwood,R1A-H,1328,private,2600,triplex,3,False,,,,high_risk,not_allowed,,,,,,,,,,,,,,100% of lot landslide-prone,high,,-79.940684,40.402566
0057C00184000000,57-C-184,Hazelwood,R1A-H,1328,private,2600,townhome,2,False,,,,high_risk,not_allowed,,,,,,,,,,,,,,100% of lot landslide-prone,high,,-79.940684,40.402566
0057C00184000000,57-C-184,Hazelwood,R1A-H,1328,private,2600,walkup,4,False,,,,high_risk,not_allowed,,,,,,,,,,,,,,100% of lot landslide-prone,high,,-79.940684,40.402566
0057C00185000000,57-C-185,Hazelwood,R1A-H,1060,private,2600,single_family,1,True,26.6,32.5,38.4,high_risk,administrator_exception+variance,0.725,0.798,0.858,model+placeholder,7.7,9.4,11.2,69397,101061,133667,-495834,-425090,-364374,100% of lot landslide-prone,high,,-79.940728,40.402605
0057C00185000000,57-C-185,Hazelwood,R1A-H,1060,private,2600,duplex,2,False,,,,high_risk,not_allowed,,,,,,,,,,,,,,100% of lot landslide-prone,high,,-79.940728,40.402605
0057C00185000000,57-C-185,Hazelwood,R1A-H,1060,private,2600,triplex,3,False,,,,high_risk,not_allowed,,,,,,,,,,,,,,100% of lot landslide-prone,high,,-79.940728,40.402605
0057C00185000000,57-C-185,Hazelwood,R1A-H,1060,private,2600,townhome,2,False,,,,high_risk,not_allowed,,,,,,,,,,,,,,100% of lot landslide-prone,high,,-79.940728,40.402605
0057C00185000000,57-C-185,Hazelwood,R1A-H,1060,private,2600,walkup,4,False,,,,high_risk,not_allowed,,,,,,,,,,,,,,100% of lot landslide-prone,high,,-79.940728,40.402605
0057C00185000A00,57-C-185-A,Hazelwood,R1A-H,858,private,300,single_family,1,False,,,,high_risk,not_allowed,,,,,,,,,,,,,,100% of lot landslide-prone,high,,-79.940747,40.402646
0057C00185000A00,57-C-185-A,Hazelwood,R1A-H,858,private,300,duplex,2,False,,,,high_risk,not_allowed,,,,,,,,,,,,,,100% of lot landslide-prone,high,,-79.940747,40.402646
0057C00185000A00,57-C-185-A,Hazelwood,R1A-H,858,private,300,triplex,3,False,,,,high_risk,not_allowed,,,,,,,,,,,,,,100% of lot landslide-prone,high,,-79.940747,40.402646
0057C00185000A00,57-C-185-A,Hazelwood,R1A-H,858,private,300,townhome,2,False,,,,high_risk,not_allowed,,,,,,,,,,,,,,100% of lot landslide-prone,high,,-79.940747,40.402646
0057C00185000A00,57-C-185-A,Hazelwood,R1A-H,858,private,300,walkup,4,False,,,,high_risk,not_allowed,,,,,,,,,,,,,,100% of lot landslide-prone,high,,-79.940747,40.402646
0057C00185000B00,57-C-185-B,Hazelwood,R1A-H,697,private,300,single_family,1,False,,,,high_risk,not_allowed,,,,,,,,,,,,,,100% of lot landslide-prone,high,,-79.940773,40.402671
0057C00185000B00,57-C-185-B,Hazelwood,R1A-H,697,private,300,duplex,2,False,,,,high_risk,not_allowed,,,,,,,,,,,,,,100% of lot landslide-prone,high,,-79.940773,40.402671
0057C00185000B00,57-C-185-B,Hazelwood,R1A-H,697,private,300,triplex,3,False,,,,high_risk,not_allowed,,,,,,,,,,,,,,100% of lot landslide-prone,high,,-79.940773,40.402671
0057C00185000B00,57-C-185-B,Hazelwood,R1A-H,697,private,300,townhome,2,False,,,,high_risk,not_allowed,,,,,,,,,,,,,,100% of lot landslide-prone,high,,-79.940773,40.402671
0057C00185000B00,57-C-185-B,Hazelwood,R1A-H,697,private,300,walkup,4,False,,,,high_risk,not_allowed,,,,,,,,,,,,,,100% of lot landslide-prone,high,,-79.940773,40.402671
0057C00186000000,57-C-186,Hazelwood,R1A-H,919,private,300,single_family,1,False,,,,high_risk,not_allowed,,,,,,,,,,,,,,100% of lot landslide-prone,high,,-79.940793,40.4027
0057C00186000000,57-C-186,Hazelwood,R1A-H,919,private,300,duplex,2,False,,,,high_risk,not_allowed,,,,,,,,,,,,,,100% of lot landslide-prone,high,,-79.940793,40.4027
0057C00186000000,57-C-186,Hazelwood,R1A-H,919,private,300,triplex,3,False,,,,high_risk,not_allowed,,,,,,,,,,,,,,100% of lot landslide-prone,high,,-79.940793,40.4027
0057C00186000000,57-C-186,Hazelwood,R1A-H,919,private,300,townhome,2,False,,,,high_risk,not_allowed,,,,,,,,,,,,,,100% of lot landslide-prone,high,,-79.940793,40.4027
0057C00186000000,57-C-186,Hazelwood,R1A-H,919,private,300,walkup,4,False,,,,high_risk,not_allowed,,,,,,,,,,,,,,100% of lot landslide-prone,high,,-79.940793,40.4027
0057C00187000000,57-C-187,Hazelwood,R1A-H,1400,private,2600,single_family,1,True,39.8,45.2,50.6,high_risk,by_right,1.0,1.0,1.0,by_right,4.9,6.0,7.3,46699,75472,104586,-481006,-411918,-349775,100% of lot landslide-prone,high,,-79.940848,40.402728
0057C00187000000,57-C-187,Hazelwood,R1A-H,1400,private,2600,duplex,2,False,,,,high_risk,not_allowed,,,,,,,,,,,,,,100% of lot landslide-prone,high,,-79.940848,40.402728
0057C00187000000,57-C-187,Hazelwood,R1A-H,1400,private,2600,triplex,3,False,,,,high_risk,not_allowed,,,,,,,,,,,,,,100% of lot landslide-prone,high,,-79.940848,40.402728
0057C00187000000,57-C-187,Hazelwood,R1A-H,1400,private,2600,townhome,2,False,,,,high_risk,not_allowed,,,,,,,,,,,,,,100% of lot landslide-prone,high,,-79.940848,40.402728
0057C00187000000,57-C-187,Hazelwood,R1A-H,1400,private,2600,walkup,4,False,,,,high_risk,not_allowed,,,,,,,,,,,,,,100% of lot landslide-prone,high,,-79.940848,40.402728
0057C00188000000,57-C-188,Hazelwood,R1A-H,1475,private,2700,single_family,1,True,35.5,41.1,47.0,high_risk,by_right,1.0,1.0,1.0,by_right,4.9,6.1,7.3,67128,99719,134045,-505070,-433601,-370301,94% of lot landslide-prone,high,,-79.940892,40.402776
0057C00188000000,57-C-188,Hazelwood,R1A-H,1475,private,2700,duplex,2,False,,,,high_risk,not_allowed,,,,,,,,,,,,,,94% of lot landslide-prone,high,,-79.940892,40.402776
0057C00188000000,57-C-188,Hazelwood,R1A-H,1475,private,2700,triplex,3,False,,,,high_risk,not_allowed,,,,,,,,,,,,,,94% of lot landslide-prone,high,,-79.940892,40.402776
0057C00188000000,57-C-188,Hazelwood,R1A-H,1475,private,2700,townhome,2,False,,,,high_risk,not_allowed,,,,,,,,,,,,,,94% of lot landslide-prone,high,,-79.940892,40.402776
0057C00188000000,57-C-188,Hazelwood,R1A-H,1475,private,2700,walkup,4,False,,,,high_risk,not_allowed,,,,,,,,,,,,,,94% of lot landslide-prone,high,,-79.940892,40.402776
0057C00210000000,57-C-210,Hazelwood,R1A-H,3154,private,1200,single_family,1,True,45.1,49.2,53.1,high_risk,by_right,1.0,1.0,1.0,by_right,4.5,5.9,7.3,36314,55281,73799,-464414,-395055,-334416,26% of lot on 25%+ slope,medium,,-79.939803,40.403138
0057C00210000000,57-C-210,Hazelwood,R1A-H,3154,private,1200,duplex,2,False,,,,high_risk,not_allowed,,,,,,,,,,,,,,26% of lot on 25%+ slope,medium,,-79.939803,40.403138
0057C00210000000,57-C-210,Hazelwood,R1A-H,3154,private,1200,triplex,3,False,,,,high_risk,not_allowed,,,,,,,,,,,,,,26% of lot on 25%+ slope,medium,,-79.939803,40.403138
0057C00210000000,57-C-210,Hazelwood,R1A-H,3154,private,1200,townhome,2,False,,,,high_risk,not_allowed,,,,,,,,,,,,,,26% of lot on 25%+ slope,medium,,-79.939803,40.403138
0057C00210000000,57-C-210,Hazelwood,R1A-H,3154,private,1200,walkup,4,False,,,,high_risk,not_allowed,,,,,,,,,,,,,,26% of lot on 25%+ slope,medium,,-79.939803,40.403138
0057C00211000000,57-C-211,Hazelwood,R1A-H,2776,private,3200,single_family,1,True,44.0,48.2,52.0,high_risk,by_right,1.0,1.0,1.0,by_right,4.5,5.9,7.3,42216,61183,79701,-469581,-400256,-339621,15% of lot on 25%+ slope,medium,,-79.939715,40.403156
0057C00211000000,57-C-211,Hazelwood,R1A-H,2776,private,3200,duplex,2,False,,,,high_risk,not_allowed,,,,,,,,,,,,,,15% of lot on 25%+ slope,medium,,-79.939715,40.403156
0057C00211000000,57-C-211,Hazelwood,R1A-H,2776,private,3200,triplex,3,False,,,,high_risk,not_allowed,,,,,,,,,,,,,,15% of lot on 25%+ slope,medium,,-79.939715,40.403156
0057C00211000000,57-C-211,Hazelwood,R1A-H,2776,private,3200,townhome,2,False,,,,high_risk,not_allowed,,,,,,,,,,,,,,15% of lot on 25%+ slope,medium,,-79.939715,40.403156
0057C00211000000,57-C-211,Hazelwood,R1A-H,2776,private,3200,walkup,4,False,,,,high_risk,not_allowed,,,,,,,,,,,,,,15% of lot on 25%+ slope,medium,,-79.939715,40.403156
0057C00212000000,57-C-212,Hazelwood,R1A-H,2911,private,1200,single_family,1,True,51.5,54.2,56.9,feasible_with_conditions,by_right,1.0,1.0,1.0,by_right,4.4,5.8,7.3,20397,28743,37425,-439440,-372717,-312643,"$1,110 in tax liens",medium,,-79.939631,40.403175
0057C00212000000,57-C-212,Hazelwood,R1A-H,2911,private,1200,duplex,2,False,,,,high_risk,not_allowed,,,,,,,,,,,,,,"$1,110 in tax liens",medium,,-79.939631,40.403175
0057C00212000000,57-C-212,Hazelwood,R1A-H,2911,private,1200,triplex,3,False,,,,high_risk,not_allowed,,,,,,,,,,,,,,"$1,110 in tax liens",medium,,-79.939631,40.403175
0057C00212000000,57-C-212,Hazelwood,R1A-H,2911,private,1200,townhome,2,False,,,,high_risk,not_allowed,,,,,,,,,,,,,,"$1,110 in tax liens",medium,,-79.939631,40.403175
0057C00212000000,57-C-212,Hazelwood,R1A-H,2911,private,1200,walkup,4,False,,,,high_risk,not_allowed,,,,,,,,,,,,,,"$1,110 in tax liens",medium,,-79.939631,40.403175
0057C00213000000,57-C-213,Hazelwood,R1A-H,2690,city,1200,single_family,1,True,51.6,54.2,56.9,feasible_with_conditions,by_right,1.0,1.0,1.0,by_right,4.4,5.8,7.3,20203,28549,37231,-439264,-372546,-312472,$916 in tax liens,medium,,-79.93955,40.403197
0057C00213000000,57-C-213,Hazelwood,R1A-H,2690,city,1200,duplex,2,False,,,,high_risk,not_allowed,,,,,,,,,,,,,,$916 in tax liens,medium,,-79.93955,40.403197
0057C00213000000,57-C-213,Hazelwood,R1A-H,2690,city,1200,triplex,3,False,,,,high_risk,not_allowed,,,,,,,,,,,,,,$916 in tax liens,medium,,-79.93955,40.403197
0057C00213000000,57-C-213,Hazelwood,R1A-H,2690,city,1200,townhome,2,False,,,,high_risk,not_allowed,,,,,,,,,,,,,,$916 in tax liens,medium,,-79.93955,40.403197
0057C00213000000,57-C-213,Hazelwood,R1A-H,2690,city,1200,walkup,4,False,,,,high_risk,not_allowed,,,,,,,,,,,,,,$916 in tax liens,medium,,-79.93955,40.403197
0057C00218000000,57-C-218,Hazelwood,R1A-H,2488,city,3200,single_family,1,True,50.9,53.6,56.3,feasible_with_conditions,by_right,1.0,1.0,1.0,by_right,4.4,5.8,7.3,23340,31686,40368,-442101,-375301,-315237,"$4,053 in tax liens",medium,,-79.939135,40.403286
0057C00218000000,57-C-218,Hazelwood,R1A-H,2488,city,3200,duplex,2,False,,,,high_risk,not_allowed,,,,,,,,,,,,,,"$4,053 in tax liens",medium,,-79.939135,40.403286
0057C00218000000,57-C-218,Hazelwood,R1A-H,2488,city,3200,triplex,3,False,,,,high_risk,not_allowed,,,,,,,,,,,,,,"$4,053 in tax liens",medium,,-79.939135,40.403286
0057C00218000000,57-C-218,Hazelwood,R1A-H,2488,city,3200,townhome,2,False,,,,high_risk,not_allowed,,,,,,,,,,,,,,"$4,053 in tax liens",medium,,-79.939135,40.403286
0057C00218000000,57-C-218,Hazelwood,R1A-H,2488,city,3200,walkup,4,False,,,,high_risk,not_allowed,,,,,,,,,,,,,,"$4,053 in tax liens",medium,,-79.939135,40.403286
0057C00251000000,57-C-251,Hazelwood,R1A-H,1547,private,2600,single_family,1,True,49.5,52.2,54.7,feasible_with_conditions,variance,0.827,0.9,0.944,model,6.1,7.6,9.3,9036,15060,21155,-423030,-356470,-297945,"1 DEP record(s) within 1,000 ft",low,,-79.939275,40.402931
0057C00251000000,57-C-251,Hazelwood,R1A-H,1547,private,2600,duplex,2,False,,,,high_risk,not_allowed,,,,,,,,,,,,,,"1 DEP record(s) within 1,000 ft",low,,-79.939275,40.402931
0057C00251000000,57-C-251,Hazelwood,R1A-H,1547,private,2600,triplex,3,False,,,,high_risk,not_allowed,,,,,,,,,,,,,,"1 DEP record(s) within 1,000 ft",low,,-79.939275,40.402931
0057C00251000000,57-C-251,Hazelwood,R1A-H,1547,private,2600,townhome,2,False,,,,high_risk,not_allowed,,,,,,,,,,,,,,"1 DEP record(s) within 1,000 ft",low,,-79.939275,40.402931
0057C00251000000,57-C-251,Hazelwood,R1A-H,1547,private,2600,walkup,4,False,,,,high_risk,not_allowed,,,,,,,,,,,,,,"1 DEP record(s) within 1,000 ft",low,,-79.939275,40.402931
0057C00268000000,57-C-268,Hazelwood,R1A-H,2787,private,1200,single_family,1,True,57.8,59.8,61.6,feasible_with_conditions,by_right,1.0,1.0,1.0,by_right,3.1,4.0,5.0,9001,15071,21327,-430230,-364075,-306227,"1 DEP record(s) within 1,000 ft",low,,-79.938584,40.403006
0057C00268000000,57-C-268,Hazelwood,R1A-H,2787,private,1200,duplex,2,False,,,,high_risk,not_allowed,,,,,,,,,,,,,,"1 DEP record(s) within 1,000 ft",low,,-79.938584,40.403006
0057C00268000000,57-C-268,Hazelwood,R1A-H,2787,private,1200,triplex,3,False,,,,high_risk,not_allowed,,,,,,,,,,,,,,"1 DEP record(s) within 1,000 ft",low,,-79.938584,40.403006
0057C00268000000,57-C-268,Hazelwood,R1A-H,2787,private,1200,townhome,2,False,,,,high_risk,not_allowed,,,,,,,,,,,,,,"1 DEP record(s) within 1,000 ft",low,,-79.938584,40.403006
0057C00268000000,57-C-268,Hazelwood,R1A-H,2787,private,1200,walkup,4,False,,,,high_risk,not_allowed,,,,,,,,,,,,,,"1 DEP record(s) within 1,000 ft",low,,-79.938584,40.403006
0057C00269000000,57-C-269,Hazelwood,R1A-H,2949,private,1100,single_family,1,True,54.6,57.0,59.5,feasible_with_conditions,by_right,1.0,1.0,1.0,by_right,4.4,5.8,7.4,8760,15166,21424,-425035,-359211,-300287,$5 in tax liens,medium,,-79.938667,40.402986
0057C00269000000,57-C-269,Hazelwood,R1A-H,2949,private,1100,duplex,2,False,,,,high_risk,not_allowed,,,,,,,,,,,,,,$5 in tax liens,medium,,-79.938667,40.402986
0057C00269000000,57-C-269,Hazelwood,R1A-H,2949,private,1100,triplex,3,False,,,,high_risk,not_allowed,,,,,,,,,,,,,,$5 in tax liens,medium,,-79.938667,40.402986
0057C00269000000,57-C-269,Hazelwood,R1A-H,2949,private,1100,townhome,2,False,,,,high_risk,not_allowed,,,,,,,,,,,,,,$5 in tax liens,medium,,-79.938667,40.402986
0057C00269000000,57-C-269,Hazelwood,R1A-H,2949,private,1100,walkup,4,False,,,,high_risk,not_allowed,,,,,,,,,,,,,,$5 in tax liens,medium,,-79.938667,40.402986
0057C00278000000,57-C-278,Hazelwood,R1A-H,1425,private,600,single_family,1,True,49.5,52.1,54.5,feasible_with_conditions,variance,0.827,0.9,0.944,model,6.3,7.6,9.3,8945,15137,21139,-424600,-355790,-296953,$32 in tax liens,medium,,-79.939394,40.402821
0057C00278000000,57-C-278,Hazelwood,R1A-H,1425,private,600,duplex,2,False,,,,high_risk,not_allowed,,,,,,,,,,,,,,$32 in tax liens,medium,,-79.939394,40.402821
0057C00278000000,57-C-278,Hazelwood,R1A-H,1425,private,600,triplex,3,False,,,,high_risk,not_allowed,,,,,,,,,,,,,,$32 in tax liens,medium,,-79.939394,40.402821
0057C00278000000,57-C-278,Hazelwood,R1A-H,1425,private,600,townhome,2,False,,,,high_risk,not_allowed,,,,,,,,,,,,,,$32 in tax liens,medium,,-79.939394,40.402821
0057C00278000000,57-C-278,Hazelwood,R1A-H,1425,private,600,walkup,4,False,,,,high_risk,not_allowed,,,,,,,,,,,,,,$32 in tax liens,medium,,-79.939394,40.402821
0057C00278000100,57-C-278-1,Hazelwood,R1A-H,1472,private,600,single_family,1,True,49.5,52.2,54.7,feasible_with_conditions,variance,0.827,0.9,0.944,model,6.1,7.6,9.3,9036,15060,21155,-423030,-356470,-297945,"1 DEP record(s) within 1,000 ft",low,,-79.939438,40.402815
0057C00278000100,57-C-278-1,Hazelwood,R1A-H,1472,private,600,duplex,2,False,,,,high_risk,not_allowed,,,,,,,,,,,,,,"1 DEP record(s) within 1,000 ft",low,,-79.939438,40.402815
0057C00278000100,57-C-278-1,Hazelwood,R1A-H,1472,private,600,triplex,3,False,,,,high_risk,not_allowed,,,,,,,,,,,,,,"1 DEP record(s) within 1,000 ft",low,,-79.939438,40.402815
0057C00278000100,57-C-278-1,Hazelwood,R1A-H,1472,private,600,townhome,2,False,,,,high_risk,not_allowed,,,,,,,,,,,,,,"1 DEP record(s) within 1,000 ft",low,,-79.939438,40.402815
0057C00278000100,57-C-278-1,Hazelwood,R1A-H,1472,private,600,walkup,4,False,,,,high_risk,not_allowed,,,,,,,,,,,,,,"1 DEP record(s) within 1,000 ft",low,,-79.939438,40.402815
0057C00289000000,57-C-289,Hazelwood,R1A-H,3060,private,1200,single_family,1,True,54.5,56.9,59.4,feasible_with_conditions,by_right,1.0,1.0,1.0,by_right,4.4,5.8,7.4,9329,15736,21993,-425543,-359712,-300769,$575 in tax liens,medium,,-79.938811,40.40251
0057C00289000000,57-C-289,Hazelwood,R1A-H,3060,private,1200,duplex,2,False,,,,high_risk,not_allowed,,,,,,,,,,,,,,$575 in tax liens,medium,,-79.938811,40.40251
0057C00289000000,57-C-289,Hazelwood,R1A-H,3060,private,1200,triplex,3,False,,,,high_risk,not_allowed,,,,,,,,,,,,,,$575 in tax liens,medium,,-79.938811,40.40251
0057C00289000000,57-C-289,Hazelwood,R1A-H,3060,private,1200,townhome,2,False,,,,high_risk,not_allowed,,,,,,,,,,,,,,$575 in tax liens,medium,,-79.938811,40.40251
0057C00289000000,57-C-289,Hazelwood,R1A-H,3060,private,1200,walkup,4,False,,,,high_risk,not_allowed,,,,,,,,,,,,,,$575 in tax liens,medium,,-79.938811,40.40251
0057C00293000000,57-C-293,Hazelwood,R1A-H,2851,city,700,single_family,1,True,53.6,56.1,58.5,feasible_with_conditions,by_right,1.0,1.0,1.0,by_right,4.4,5.8,7.4,13237,19644,25901,-429018,-363118,-304083,"$4,482 in tax liens",medium,,-79.938484,40.402586
0057C00293000000,57-C-293,Hazelwood,R1A-H,2851,city,700,duplex,2,False,,,,high_risk,not_allowed,,,,,,,,,,,,,,"$4,482 in tax liens",medium,,-79.938484,40.402586
0057C00293000000,57-C-293,Hazelwood,R1A-H,2851,city,700,triplex,3,False,,,,high_risk,not_allowed,,,,,,,,,,,,,,"$4,482 in tax liens",medium,,-79.938484,40.402586
0057C00293000000,57-C-293,Hazelwood,R1A-H,2851,city,700,townhome,2,False,,,,high_risk,not_allowed,,,,,,,,,,,,,,"$4,482 in tax liens",medium,,-79.938484,40.402586
0057C00293000000,57-C-293,Hazelwood,R1A-H,2851,city,700,walkup,4,False,,,,high_risk,not_allowed,,,,,,,,,,,,,,"$4,482 in tax liens",medium,,-79.938484,40.402586
0057C00294000000,57-C-294,Hazelwood,R1A-H,2815,private,700,single_family,1,True,54.6,57.0,59.5,feasible_with_conditions,by_right,1.0,1.0,1.0,by_right,4.4,5.8,7.4,8761,15168,21426,-425036,-359212,-300288,$7 in tax liens,medium,,-79.9384,40.402601
0057C00294000000,57-C-294,Hazelwood,R1A-H,2815,private,700,duplex,2,False,,,,high_risk,not_allowed,,,,,,,,,,,,,,$7 in tax liens,medium,,-79.9384,40.402601
0057C00294000000,57-C-294,Hazelwood,R1A-H,2815,private,700,triplex,3,False,,,,high_risk,not_allowed,,,,,,,,,,,,,,$7 in tax liens,medium,,-79.9384,40.402601
0057C00294000000,57-C-294,Hazelwood,R1A-H,2815,private,700,townhome,2,False,,,,high_risk,not_allowed,,,,,,,,,,,,,,$7 in tax liens,medium,,-79.9384,40.402601
0057C00294000000,57-C-294,Hazelwood,R1A-H,2815,private,700,walkup,4,False,,,,high_risk,not_allowed,,,,,,,,,,,,,,$7 in tax liens,medium,,-79.9384,40.402601
0057C00295000000,57-C-295,Hazelwood,R1A-H,2943,private,3200,single_family,1,True,54.6,57.0,59.5,feasible_with_conditions,by_right,1.0,1.0,1.0,by_right,4.4,5.8,7.4,8770,15176,21434,-425044,-359220,-300295,$15 in tax liens,medium,,-79.938317,40.402622
0057C00295000000,57-C-295,Hazelwood,R1A-H,2943,private,3200,duplex,2,False,,,,high_risk,not_allowed,,,,,,,,,,,,,,$15 in tax liens,medium,,-79.938317,40.402622
0057C00295000000,57-C-295,Hazelwood,R1A-H,2943,private,3200,triplex,3,False,,,,high_risk,not_allowed,,,,,,,,,,,,,,$15 in tax liens,medium,,-79.938317,40.402622
0057C00295000000,57-C-295,Hazelwood,R1A-H,2943,private,3200,townhome,2,False,,,,high_risk,not_allowed,,,,,,,,,,,,,,$15 in tax liens,medium,,-79.938317,40.402622
0057C00295000000,57-C-295,Hazelwood,R1A-H,2943,private,3200,walkup,4,False,,,,high_risk,not_allowed,,,,,,,,,,,,,,$15 in tax liens,medium,,-79.938317,40.402622
0057C00296000000,57-C-296,Hazelwood,R1A-H,3183,private,700,single_family,1,True,54.8,57.0,59.2,feasible_with_conditions,by_right,1.0,1.0,1.0,by_right,3.3,4.0,5.0,19040,27740,36151,-441170,-375271,-314847,0% of lot on 25%+ slope,low,,-79.938227,40.402639
0057C00296000000,57-C-296,Hazelwood,R1A-H,3183,private,700,duplex,2,False,,,,high_risk,not_allowed,,,,,,,,,,,,,,0% of lot on 25%+ slope,low,,-79.938227,40.402639
0057C00296000000,57-C-296,Hazelwood,R1A-H,3183,private,700,triplex,3,False,,,,high_risk,not_allowed,,,,,,,,,,,,,,0% of lot on 25%+ slope,low,,-79.938227,40.402639
0057C00296000000,57-C-296,Hazelwood,R1A-H,3183,private,700,townhome,2,False,,,,high_risk,not_allowed,,,,,,,,,,,,,,0% of lot on 25%+ slope,low,,-79.938227,40.402639
0057C00296000000,57-C-296,Hazelwood,R1A-H,3183,private,700,walkup,4,False,,,,high_risk,not_allowed,,,,,,,,,,,,,,0% of lot on 25%+ slope,low,,-79.938227,40.402639
0057C00298000000,57-C-298,Hazelwood,R1A-H,5110,private,4000,single_family,1,True,41.3,46.8,52.0,high_risk,by_right,1.0,1.0,1.0,by_right,4.2,5.3,6.5,44396,72678,101527,-484027,-413137,-347151,2% of lot landslide-prone,medium,,-79.938103,40.402658
0057C00298000000,57-C-298,Hazelwood,R1A-H,5110,private,4000,duplex,2,False,,,,high_risk,not_allowed,,,,,,,,,,,,,,2% of lot landslide-prone,medium,,-79.938103,40.402658
0057C00298000000,57-C-298,Hazelwood,R1A-H,5110,private,4000,triplex,3,False,,,,high_risk,not_allowed,,,,,,,,,,,,,,2% of lot landslide-prone,medium,,-79.938103,40.402658
0057C00298000000,57-C-298,Hazelwood,R1A-H,5110,private,4000,townhome,2,False,46.7,50.3,53.8,feasible_with_conditions,subdivision,0.885,0.932,0.966,placeholder,4.9,5.9,6.9,44364,73524,101904,-836951,-712906,-599486,2% of lot landslide-prone,medium,,-79.938103,40.402658
0057C00298000000,57-C-298,Hazelwood,R1A-H,5110,private,4000,walkup,4,False,,,,high_risk,not_allowed,,,,,,,,,,,,,,2% of lot landslide-prone,medium,,-79.938103,40.402658
0057C00318000000,57-C-318,Hazelwood,R1A-H,2773,private,1200,single_family,1,True,47.5,51.3,55.2,feasible_with_conditions,by_right,1.0,1.0,1.0,by_right,3.7,4.6,5.6,33813,53129,71466,-462555,-395762,-335049,19% of lot on 25%+ slope,medium,,-79.939405,40.402358
0057C00318000000,57-C-318,Hazelwood,R1A-H,2773,private,1200,duplex,2,False,,,,high_risk,not_allowed,,,,,,,,,,,,,,19% of lot on 25%+ slope,medium,,-79.939405,40.402358
0057C00318000000,57-C-318,Hazelwood,R1A-H,2773,private,1200,triplex,3,False,,,,high_risk,not_allowed,,,,,,,,,,,,,,19% of lot on 25%+ slope,medium,,-79.939405,40.402358
0057C00318000000,57-C-318,Hazelwood,R1A-H,2773,private,1200,townhome,2,False,,,,high_risk,not_allowed,,,,,,,,,,,,,,19% of lot on 25%+ slope,medium,,-79.939405,40.402358
0057C00318000000,57-C-318,Hazelwood,R1A-H,2773,private,1200,walkup,4,False,,,,high_risk,not_allowed,,,,,,,,,,,,,,19% of lot on 25%+ slope,medium,,-79.939405,40.402358
0057C00319000000,57-C-319,Hazelwood,R1A-H,3347,private,3300,single_family,1,True,54.8,57.0,59.2,feasible_with_conditions,by_right,1.0,1.0,1.0,by_right,3.3,4.0,5.0,19040,27740,36151,-441170,-375271,-314847,13% of lot on 25%+ slope,low,,-79.939334,40.402314
0057C00319000000,57-C-319,Hazelwood,R1A-H,3347,private,3300,duplex,2,False,,,,high_risk,not_allowed,,,,,,,,,,,,,,13% of lot on 25%+ slope,low,,-79.939334,40.402314
0057C00319000000,57-C-319,Hazelwood,R1A-H,3347,private,3300,triplex,3,False,,,,high_risk,not_allowed,,,,,,,,,,,,,,13% of lot on 25%+ slope,low,,-79.939334,40.402314
0057C00319000000,57-C-319,Hazelwood,R1A-H,3347,private,3300,townhome,2,False,,,,high_risk,not_allowed,,,,,,,,,,,,,,13% of lot on 25%+ slope,low,,-79.939334,40.402314
0057C00319000000,57-C-319,Hazelwood,R1A-H,3347,private,3300,walkup,4,False,,,,high_risk,not_allowed,,,,,,,,,,,,,,13% of lot on 25%+ slope,low,,-79.939334,40.402314
0057C00320000000,57-C-320,Hazelwood,R1A-H,2507,private,1000,single_family,1,True,54.8,57.0,59.2,feasible_with_conditions,by_right,1.0,1.0,1.0,by_right,3.3,4.0,5.0,19040,27740,36151,-441170,-375271,-314847,9% of lot on 25%+ slope,low,,-79.939267,40.402271
0057C00320000000,57-C-320,Hazelwood,R1A-H,2507,private,1000,duplex,2,False,,,,high_risk,not_allowed,,,,,,,,,,,,,,9% of lot on 25%+ slope,low,,-79.939267,40.402271
0057C00320000000,57-C-320,Hazelwood,R1A-H,2507,private,1000,triplex,3,False,,,,high_risk,not_allowed,,,,,,,,,,,,,,9% of lot on 25%+ slope,low,,-79.939267,40.402271
0057C00320000000,57-C-320,Hazelwood,R1A-H,2507,private,1000,townhome,2,False,,,,high_risk,not_allowed,,,,,,,,,,,,,,9% of lot on 25%+ slope,low,,-79.939267,40.402271
0057C00320000000,57-C-320,Hazelwood,R1A-H,2507,private,1000,walkup,4,False,,,,high_risk,not_allowed,,,,,,,,,,,,,,9% of lot on 25%+ slope,low,,-79.939267,40.402271
0057C00323000000,57-C-323,Hazelwood,R1A-H,3060,private,3200,single_family,1,True,34.7,40.2,46.0,high_risk,by_right,1.0,1.0,1.0,by_right,4.9,6.1,7.3,72772,105363,139689,-509951,-438578,-375252,17% of lot on 25%+ slope,medium,,-79.939061,40.402152
0057C00323000000,57-C-323,Hazelwood,R1A-H,3060,private,3200,duplex,2,False,,,,high_risk,not_allowed,,,,,,,,,,,,,,17% of lot on 25%+ slope,medium,,-79.939061,40.402152
0057C00323000000,57-C-323,Hazelwood,R1A-H,3060,private,3200,triplex,3,False,,,,high_risk,not_allowed,,,,,,,,,,,,,,17% of lot on 25%+ slope,medium,,-79.939061,40.402152
0057C00323000000,57-C-323,Hazelwood,R1A-H,3060,private,3200,townhome,2,False,,,,high_risk,not_allowed,,,,,,,,,,,,,,17% of lot on 25%+ slope,medium,,-79.939061,40.402152
0057C00323000000,57-C-323,Hazelwood,R1A-H,3060,private,3200,walkup,4,False,,,,high_risk,not_allowed,,,,,,,,,,,,,,17% of lot on 25%+ slope,medium,,-79.939061,40.402152
0057C00324000000,57-C-324,Hazelwood,R1A-H,3383,private,4200,single_family,1,True,35.8,41.4,47.3,high_risk,by_right,1.0,1.0,1.0,by_right,4.9,6.1,7.3,65212,97802,132129,-503399,-431913,-368601,42% of lot on 25%+ slope,medium,,-79.938957,40.402113
0057C00324000000,57-C-324,Hazelwood,R1A-H,3383,private,4200,duplex,2,False,,,,high_risk,not_allowed,,,,,,,,,,,,,,42% of lot on 25%+ slope,medium,,-79.938957,40.402113
0057C00324000000,57-C-324,Hazelwood,R1A-H,3383,private,4200,triplex,3,False,,,,high_risk,not_allowed,,,,,,,,,,,,,,42% of lot on 25%+ slope,medium,,-79.938957,40.402113
0057C00324000000,57-C-324,Hazelwood,R1A-H,3383,private,4200,townhome,3,False,42.3,45.5,48.5,high_risk,variance+subdivision,0.833,0.89,0.933,model+placeholder,8.3,10.0,11.9,65115,96779,129385,-1210687,-1026771,-863243,42% of lot on 25%+ slope,medium,,-79.938957,40.402113
0057C00324000000,57-C-324,Hazelwood,R1A-H,3383,private,4200,walkup,4,False,,,,high_risk,not_allowed,,,,,,,,,,,,,,42% of lot on 25%+ slope,medium,,-79.938957,40.402113
0057C00334000000,57-C-334,Hazelwood,R1A-H,2940,private,1100,single_family,1,True,35.7,41.3,47.0,high_risk,by_right,1.0,1.0,1.0,by_right,5.1,6.2,7.3,65541,98927,130965,-500939,-429541,-364240,34% of lot landslide-prone,medium,,-79.936992,40.401732
0057C00334000000,57-C-334,Hazelwood,R1A-H,2940,private,1100,duplex,2,False,,,,high_risk,not_allowed,,,,,,,,,,,,,,34% of lot landslide-prone,medium,,-79.936992,40.401732
0057C00334000000,57-C-334,Hazelwood,R1A-H,2940,private,1100,triplex,3,False,,,,high_risk,not_allowed,,,,,,,,,,,,,,34% of lot landslide-prone,medium,,-79.936992,40.401732
0057C00334000000,57-C-334,Hazelwood,R1A-H,2940,private,1100,townhome,2,False,,,,high_risk,not_allowed,,,,,,,,,,,,,,34% of lot landslide-prone,medium,,-79.936992,40.401732
0057C00334000000,57-C-334,Hazelwood,R1A-H,2940,private,1100,walkup,4,False,,,,high_risk,not_allowed,,,,,,,,,,,,,,34% of lot landslide-prone,medium,,-79.936992,40.401732
0057C00359000000,57-C-359,Hazelwood,R1A-H,2482,private,3000,single_family,1,True,25.6,32.5,39.9,high_risk,by_right,1.0,1.0,1.0,by_right,5.3,6.4,7.6,106255,156925,207901,-563549,-485461,-411392,54% of lot on 25%+ slope,high,,-79.937669,40.402339
0057C00359000000,57-C-359,Hazelwood,R1A-H,2482,private,3000,duplex,2,False,,,,high_risk,not_allowed,,,,,,,,,,,,,,54% of lot on 25%+ slope,high,,-79.937669,40.402339
0057C00359000000,57-C-359,Hazelwood,R1A-H,2482,private,3000,triplex,3,False,,,,high_risk,not_allowed,,,,,,,,,,,,,,54% of lot on 25%+ slope,high,,-79.937669,40.402339
0057C00359000000,57-C-359,Hazelwood,R1A-H,2482,private,3000,townhome,2,False,,,,high_risk,not_allowed,,,,,,,,,,,,,,54% of lot on 25%+ slope,high,,-79.937669,40.402339
0057C00359000000,57-C-359,Hazelwood,R1A-H,2482,private,3000,walkup,4,False,,,,high_risk,not_allowed,,,,,,,,,,,,,,54% of lot on 25%+ slope,high,,-79.937669,40.402339
0057C00362000000,57-C-362,Hazelwood,R1A-H,2668,private,2900,single_family,1,True,35.7,41.4,47.3,high_risk,by_right,1.0,1.0,1.0,by_right,4.9,6.1,7.3,65360,97951,132277,-500919,-429448,-366077,93% of lot landslide-prone,high,,-79.937537,40.402488
0057C00362000000,57-C-362,Hazelwood,R1A-H,2668,private,2900,duplex,2,False,,,,high_risk,not_allowed,,,,,,,,,,,,,,93% of lot landslide-prone,high,,-79.937537,40.402488
0057C00362000000,57-C-362,Hazelwood,R1A-H,2668,private,2900,triplex,3,False,,,,high_risk,not_allowed,,,,,,,,,,,,,,93% of lot landslide-prone,high,,-79.937537,40.402488
0057C00362000000,57-C-362,Hazelwood,R1A-H,2668,private,2900,townhome,2,False,,,,high_risk,not_allowed,,,,,,,,,,,,,,93% of lot landslide-prone,high,,-79.937537,40.402488
0057C00362000000,57-C-362,Hazelwood,R1A-H,2668,private,2900,walkup,4,False,,,,high_risk,not_allowed,,,,,,,,,,,,,,93% of lot landslide-prone,high,,-79.937537,40.402488
0057C00364000000,57-C-364,Hazelwood,R1A-H,3064,private,1100,single_family,1,True,26.2,33.2,40.9,high_risk,by_right,1.0,1.0,1.0,by_right,4.8,6.1,7.3,103850,155297,209534,-564735,-482461,-403244,56% of lot on 25%+ slope,high,,-79.937479,40.402644
0057C00364000000,57-C-364,Hazelwood,R1A-H,3064,private,1100,duplex,2,False,,,,high_risk,not_allowed,,,,,,,,,,,,,,56% of lot on 25%+ slope,high,,-79.937479,40.402644
0057C00364000000,57-C-364,Hazelwood,R1A-H,3064,private,1100,triplex,3,False,,,,high_risk,not_allowed,,,,,,,,,,,,,,56% of lot on 25%+ slope,high,,-79.937479,40.402644
0057C00364000000,57-C-364,Hazelwood,R1A-H,3064,private,1100,townhome,2,False,,,,high_risk,not_allowed,,,,,,,,,,,,,,56% of lot on 25%+ slope,high,,-79.937479,40.402644
0057C00364000000,57-C-364,Hazelwood,R1A-H,3064,private,1100,walkup,4,False,,,,high_risk,not_allowed,,,,,,,,,,,,,,56% of lot on 25%+ slope,high,,-79.937479,40.402644
0057C00367000000,57-C-367,Hazelwood,R1A-H,5634,private,4000,single_family,1,True,25.3,31.9,39.2,high_risk,by_right,1.0,1.0,1.0,by_right,5.3,6.4,7.6,110760,161430,212406,-564296,-485472,-410692,59% of lot on 25%+ slope,high,,-79.937349,40.402824
0057C00367000000,57-C-367,Hazelwood,R1A-H,5634,private,4000,duplex,2,False,,,,high_risk,not_allowed,,,,,,,,,,,,,,59% of lot on 25%+ slope,high,,-79.937349,40.402824
0057C00367000000,57-C-367,Hazelwood,R1A-H,5634,private,4000,triplex,3,False,,,,high_risk,not_allowed,,,,,,,,,,,,,,59% of lot on 25%+ slope,high,,-79.937349,40.402824
0057C00367000000,57-C-367,Hazelwood,R1A-H,5634,private,4000,townhome,2,False,36.0,40.9,45.9,high_risk,subdivision,0.885,0.932,0.966,placeholder,5.5,6.5,7.7,110807,161549,212531,-917931,-782618,-663436,59% of lot on 25%+ slope,high,,-79.937349,40.402824
0057C00367000000,57-C-367,Hazelwood,R1A-H,5634,private,4000,walkup,4,False,,,,high_risk,not_allowed,,,,,,,,,,,,,,59% of lot on 25%+ slope,high,,-79.937349,40.402824
0057C00373000000,57-C-373,Hazelwood,R1A-H,2807,private,3100,single_family,1,True,25.3,31.7,39.2,high_risk,by_right,1.0,1.0,1.0,by_right,5.2,6.4,7.5,112053,163029,216843,-569199,-488532,-409812,56% of lot on 25%+ slope,high,,-79.937157,40.403104
0057C00373000000,57-C-373,Hazelwood,R1A-H,2807,private,3100,duplex,2,False,,,,high_risk,not_allowed,,,,,,,,,,,,,,56% of lot on 25%+ slope,high,,-79.937157,40.403104
0057C00373000000,57-C-373,Hazelwood,R1A-H,2807,private,3100,triplex,3,False,,,,high_risk,not_allowed,,,,,,,,,,,,,,56% of lot on 25%+ slope,high,,-79.937157,40.403104
0057C00373000000,57-C-373,Hazelwood,R1A-H,2807,private,3100,townhome,2,False,,,,high_risk,not_allowed,,,,,,,,,,,,,,56% of lot on 25%+ slope,high,,-79.937157,40.403104
0057C00373000000,57-C-373,Hazelwood,R1A-H,2807,private,3100,walkup,4,False,,,,high_risk,not_allowed,,,,,,,,,,,,,,56% of lot on 25%+ slope,high,,-79.937157,40.403104
0057C00374000000,57-C-374,Hazelwood,R1A-H,5475,private,4000,single_family,1,True,23.8,27.4,34.6,high_risk,by_right,1.0,1.0,1.0,by_right,5.4,6.4,7.6,144904,196707,250027,-595928,-517120,-439641,57% of lot on 25%+ slope,high,,-79.937102,40.403182
0057C00374000000,57-C-374,Hazelwood,R1A-H,5475,private,4000,duplex,2,False,,,,high_risk,not_allowed,,,,,,,,,,,,,,57% of lot on 25%+ slope,high,,-79.937102,40.403182
0057C00374000000,57-C-374,Hazelwood,R1A-H,5475,private,4000,triplex,3,False,,,,high_risk,not_allowed,,,,,,,,,,,,,,57% of lot on 25%+ slope,high,,-79.937102,40.403182
0057C00374000000,57-C-374,Hazelwood,R1A-H,5475,private,4000,townhome,2,False,32.8,37.8,42.9,high_risk,subdivision,0.885,0.932,0.966,placeholder,5.5,6.6,7.7,144528,197867,251097,-951569,-814932,-693326,57% of lot on 25%+ slope,high,,-79.937102,40.403182
0057C00374000000,57-C-374,Hazelwood,R1A-H,5475,private,4000,walkup,4,False,,,,high_risk,not_allowed,,,,,,,,,,,,,,57% of lot on 25%+ slope,high,,-79.937102,40.403182
0057C00376000000,57-C-376,Hazelwood,R1A-H,2485,private,1100,single_family,1,True,26.1,33.1,40.7,high_risk,by_right,1.0,1.0,1.0,by_right,5.2,6.4,7.5,101897,152873,206687,-560372,-479663,-400819,56% of lot on 25%+ slope,high,,-79.937046,40.403256
0057C00376000000,57-C-376,Hazelwood,R1A-H,2485,private,1100,duplex,2,False,,,,high_risk,not_allowed,,,,,,,,,,,,,,56% of lot on 25%+ slope,high,,-79.937046,40.403256
0057C00376000000,57-C-376,Hazelwood,R1A-H,2485,private,1100,triplex,3,False,,,,high_risk,not_allowed,,,,,,,,,,,,,,56% of lot on 25%+ slope,high,,-79.937046,40.403256
0057C00376000000,57-C-376,Hazelwood,R1A-H,2485,private,1100,townhome,2,False,,,,high_risk,not_allowed,,,,,,,,,,,,,,56% of lot on 25%+ slope,high,,-79.937046,40.403256
0057C00376000000,57-C-376,Hazelwood,R1A-H,2485,private,1100,walkup,4,False,,,,high_risk,not_allowed,,,,,,,,,,,,,,56% of lot on 25%+ slope,high,,-79.937046,40.403256
0057C00377000000,57-C-377,Hazelwood,R1A-H,2461,private,3100,single_family,1,True,25.3,31.8,39.3,high_risk,by_right,1.0,1.0,1.0,by_right,5.2,6.4,7.5,111450,162426,216240,-568670,-488012,-409277,55% of lot on 25%+ slope,high,,-79.937015,40.403304
0057C00377000000,57-C-377,Hazelwood,R1A-H,2461,private,3100,duplex,2,False,,,,high_risk,not_allowed,,,,,,,,,,,,,,55% of lot on 25%+ slope,high,,-79.937015,40.403304
0057C00377000000,57-C-377,Hazelwood,R1A-H,2461,private,3100,triplex,3,False,,,,high_risk,not_allowed,,,,,,,,,,,,,,55% of lot on 25%+ slope,high,,-79.937015,40.403304
0057C00377000000,57-C-377,Hazelwood,R1A-H,2461,private,3100,townhome,2,False,,,,high_risk,not_allowed,,,,,,,,,,,,,,55% of lot on 25%+ slope,high,,-79.937015,40.403304
0057C00377000000,57-C-377,Hazelwood,R1A-H,2461,private,3100,walkup,4,False,,,,high_risk,not_allowed,,,,,,,,,,,,,,55% of lot on 25%+ slope,high,,-79.937015,40.403304
0057D00006000000,57-D-6,Hazelwood,R1A-H,3193,private,3300,single_family,1,True,35.1,40.7,46.2,high_risk,by_right,1.0,1.0,1.0,by_right,4.9,6.1,7.3,70834,103230,136441,-509213,-435253,-367090,100% of lot landslide-prone,high,,-79.936742,40.403561
0057D00006000000,57-D-6,Hazelwood,R1A-H,3193,private,3300,duplex,2,False,,,,high_risk,not_allowed,,,,,,,,,,,,,,100% of lot landslide-prone,high,,-79.936742,40.403561
0057D00006000000,57-D-6,Hazelwood,R1A-H,3193,private,3300,triplex,3,False,,,,high_risk,not_allowed,,,,,,,,,,,,,,100% of lot landslide-prone,high,,-79.936742,40.403561
0057D00006000000,57-D-6,Hazelwood,R1A-H,3193,private,3300,townhome,2,False,42.7,46.6,50.5,high_risk,subdivision,0.885,0.932,0.966,placeholder,5.2,6.3,7.4,71721,103693,136987,-858062,-731683,-619098,100% of lot landslide-prone,high,,-79.936742,40.403561
0057D00006000000,57-D-6,Hazelwood,R1A-H,3193,private,3300,walkup,4,False,,,,high_risk,not_allowed,,,,,,,,,,,,,,100% of lot landslide-prone,high,,-79.936742,40.403561
0057D00012000000,57-D-12,Hazelwood,R1A-H,2114,private,500,single_family,1,True,35.5,41.2,46.6,high_risk,by_right,1.0,1.0,1.0,by_right,4.9,6.1,7.3,68013,100409,133620,-504460,-430394,-362092,100% of lot landslide-prone,high,,-79.936438,40.403649
0057D00012000000,57-D-12,Hazelwood,R1A-H,2114,private,500,duplex,2,False,,,,high_risk,not_allowed,,,,,,,,,,,,,,100% of lot landslide-prone,high,,-79.936438,40.403649
0057D00012000000,57-D-12,Hazelwood,R1A-H,2114,private,500,triplex,3,False,,,,high_risk,not_allowed,,,,,,,,,,,,,,100% of lot landslide-prone,high,,-79.936438,40.403649
0057D00012000000,57-D-12,Hazelwood,R1A-H,2114,private,500,townhome,2,False,,,,high_risk,not_allowed,,,,,,,,,,,,,,100% of lot landslide-prone,high,,-79.936438,40.403649
0057D00012000000,57-D-12,Hazelwood,R1A-H,2114,private,500,walkup,4,False,,,,high_risk,not_allowed,,,,,,,,,,,,,,100% of lot landslide-prone,high,,-79.936438,40.403649
0057D00013000000,57-D-13,Hazelwood,R1A-H,2291,private,500,single_family,1,True,25.3,31.7,39.2,high_risk,by_right,1.0,1.0,1.0,by_right,5.2,6.4,7.5,112032,163009,216822,-567081,-486223,-407247,55% of lot on 25%+ slope,high,,-79.936362,40.403676
0057D00013000000,57-D-13,Hazelwood,R1A-H,2291,private,500,duplex,2,False,,,,high_risk,not_allowed,,,,,,,,,,,,,,55% of lot on 25%+ slope,high,,-79.936362,40.403676
0057D00013000000,57-D-13,Hazelwood,R1A-H,2291,private,500,triplex,3,False,,,,high_risk,not_allowed,,,,,,,,,,,,,,55% of lot on 25%+ slope,high,,-79.936362,40.403676
0057D00013000000,57-D-13,Hazelwood,R1A-H,2291,private,500,townhome,2,False,,,,high_risk,not_allowed,,,,,,,,,,,,,,55% of lot on 25%+ slope,high,,-79.936362,40.403676
0057D00013000000,57-D-13,Hazelwood,R1A-H,2291,private,500,walkup,4,False,,,,high_risk,not_allowed,,,,,,,,,,,,,,55% of lot on 25%+ slope,high,,-79.936362,40.403676
0057D00029000000,57-D-29,Hazelwood,R1A-H,6124,private,700,single_family,1,True,44.5,48.4,52.2,high_risk,by_right,1.0,1.0,1.0,by_right,4.9,6.0,7.3,39492,57823,76548,-460857,-391800,-329765,Parcel spans more than one district or has uncovered rules,medium,,-79.936231,40.403292
0057D00029000000,57-D-29,Hazelwood,R1A-H,6124,private,700,duplex,2,False,,,,high_risk,not_allowed,,,,,,,,,,,,,,Parcel spans more than one district or has uncovered rules,medium,,-79.936231,40.403292
0057D00029000000,57-D-29,Hazelwood,R1A-H,6124,private,700,triplex,3,False,,,,high_risk,not_allowed,,,,,,,,,,,,,,Parcel spans more than one district or has uncovered rules,medium,,-79.936231,40.403292
0057D00029000000,57-D-29,Hazelwood,R1A-H,6124,private,700,townhome,3,False,51.3,53.4,55.6,feasible_with_conditions,subdivision,0.885,0.932,0.966,placeholder,5.2,6.3,7.4,39882,58060,76478,-1192209,-1006634,-838263,Parcel spans more than one district or has uncovered rules,medium,,-79.936231,40.403292
0057D00029000000,57-D-29,Hazelwood,R1A-H,6124,private,700,walkup,4,False,,,,high_risk,not_allowed,,,,,,,,,,,,,,Parcel spans more than one district or has uncovered rules,medium,,-79.936231,40.403292
0057D00038000000,57-D-38,Hazelwood,R1A-H,2351,private,2900,single_family,1,True,58.6,60.5,62.4,feasible_with_conditions,by_right,1.0,1.0,1.0,by_right,3.0,3.8,4.8,6525,12672,18590,-427526,-357294,-295779,Combined sewershed (proxy for stormwater requirements),low,,-79.936649,40.402909
0057D00038000000,57-D-38,Hazelwood,R1A-H,2351,private,2900,duplex,2,False,,,,high_risk,not_allowed,,,,,,,,,,,,,,Combined sewershed (proxy for stormwater requirements),low,,-79.936649,40.402909
0057D00038000000,57-D-38,Hazelwood,R1A-H,2351,private,2900,triplex,3,False,,,,high_risk,not_allowed,,,,,,,,,,,,,,Combined sewershed (proxy for stormwater requirements),low,,-79.936649,40.402909
0057D00038000000,57-D-38,Hazelwood,R1A-H,2351,private,2900,townhome,2,False,,,,high_risk,not_allowed,,,,,,,,,,,,,,Combined sewershed (proxy for stormwater requirements),low,,-79.936649,40.402909
0057D00038000000,57-D-38,Hazelwood,R1A-H,2351,private,2900,walkup,4,False,,,,high_risk,not_allowed,,,,,,,,,,,,,,Combined sewershed (proxy for stormwater requirements),low,,-79.936649,40.402909
0057D00039000000,57-D-39,Hazelwood,R1A-H,2326,city,900,single_family,1,True,55.2,57.5,60.0,feasible_with_conditions,by_right,1.0,1.0,1.0,by_right,4.4,5.9,7.3,6612,12535,18502,-417739,-353431,-294741,$56 in tax liens,medium,,-79.936679,40.402856
0057D00039000000,57-D-39,Hazelwood,R1A-H,2326,city,900,duplex,2,False,,,,high_risk,not_allowed,,,,,,,,,,,,,,$56 in tax liens,medium,,-79.936679,40.402856
0057D00039000000,57-D-39,Hazelwood,R1A-H,2326,city,900,triplex,3,False,,,,high_risk,not_allowed,,,,,,,,,,,,,,$56 in tax liens,medium,,-79.936679,40.402856
0057D00039000000,57-D-39,Hazelwood,R1A-H,2326,city,900,townhome,2,False,,,,high_risk,not_allowed,,,,,,,,,,,,,,$56 in tax liens,medium,,-79.936679,40.402856
0057D00039000000,57-D-39,Hazelwood,R1A-H,2326,city,900,walkup,4,False,,,,high_risk,not_allowed,,,,,,,,,,,,,,$56 in tax liens,medium,,-79.936679,40.402856
0057D00047000000,57-D-47,Hazelwood,R1A-H,3333,private,3700,single_family,1,True,54.6,57.0,59.5,feasible_with_conditions,by_right,1.0,1.0,1.0,by_right,4.4,5.8,7.4,8807,15214,21471,-423120,-357813,-299769,$52 in tax liens,medium,,-79.936956,40.402491
0057D00047000000,57-D-47,Hazelwood,R1A-H,3333,private,3700,duplex,2,False,,,,high_risk,not_allowed,,,,,,,,,,,,,,$52 in tax liens,medium,,-79.936956,40.402491
0057D00047000000,57-D-47,Hazelwood,R1A-H,3333,private,3700,triplex,3,False,,,,high_risk,not_allowed,,,,,,,,,,,,,,$52 in tax liens,medium,,-79.936956,40.402491
0057D00047000000,57-D-47,Hazelwood,R1A-H,3333,private,3700,townhome,2,False,,,,high_risk,not_allowed,,,,,,,,,,,,,,$52 in tax liens,medium,,-79.936956,40.402491
0057D00047000000,57-D-47,Hazelwood,R1A-H,3333,private,3700,walkup,4,False,,,,high_risk,not_allowed,,,,,,,,,,,,,,$52 in tax liens,medium,,-79.936956,40.402491
0057D00050000000,57-D-50,Hazelwood,R1A-H,1558,private,2700,single_family,1,True,35.3,40.8,46.5,high_risk,by_right,1.0,1.0,1.0,by_right,5.1,6.1,7.3,69420,102600,136204,-506861,-435265,-368791,26% of lot landslide-prone,medium,,-79.936106,40.403034
0057D00050000000,57-D-50,Hazelwood,R1A-H,1558,private,2700,duplex,2,False,,,,high_risk,not_allowed,,,,,,,,,,,,,,26% of lot landslide-prone,medium,,-79.936106,40.403034
0057D00050000000,57-D-50,Hazelwood,R1A-H,1558,private,2700,triplex,3,False,,,,high_risk,not_allowed,,,,,,,,,,,,,,26% of lot landslide-prone,medium,,-79.936106,40.403034
0057D00050000000,57-D-50,Hazelwood,R1A-H,1558,private,2700,townhome,2,False,,,,high_risk,not_allowed,,,,,,,,,,,,,,26% of lot landslide-prone,medium,,-79.936106,40.403034
0057D00050000000,57-D-50,Hazelwood,R1A-H,1558,private,2700,walkup,4,False,,,,high_risk,not_allowed,,,,,,,,,,,,,,26% of lot landslide-prone,medium,,-79.936106,40.403034
0057D00050000A00,57-D-50-A,Hazelwood,R1A-H,1441,private,2500,single_family,1,True,37.5,43.0,48.9,high_risk,variance,0.827,0.9,0.944,model,6.3,7.6,9.3,32732,60837,89067,-465289,-396161,-331937,26% of lot landslide-prone,medium,,-79.936142,40.402998
0057D00050000A00,57-D-50-A,Hazelwood,R1A-H,1441,private,2500,duplex,2,False,,,,high_risk,not_allowed,,,,,,,,,,,,,,26% of lot landslide-prone,medium,,-79.936142,40.402998
0057D00050000A00,57-D-50-A,Hazelwood,R1A-H,1441,private,2500,triplex,3,False,,,,high_risk,not_allowed,,,,,,,,,,,,,,26% of lot landslide-prone,medium,,-79.936142,40.402998
0057D00050000A00,57-D-50-A,Hazelwood,R1A-H,1441,private,2500,townhome,2,False,,,,high_risk,not_allowed,,,,,,,,,,,,,,26% of lot landslide-prone,medium,,-79.936142,40.402998
0057D00050000A00,57-D-50-A,Hazelwood,R1A-H,1441,private,2500,walkup,4,False,,,,high_risk,not_allowed,,,,,,,,,,,,,,26% of lot landslide-prone,medium,,-79.936142,40.402998
0057D00051000000,57-D-51,Hazelwood,R1A-H,1360,private,2500,single_family,1,True,37.0,42.5,48.3,high_risk,variance,0.827,0.9,0.944,model,6.3,7.6,9.3,35886,63992,92222,-467981,-398896,-334648,28% of lot landslide-prone,medium,,-79.93617,40.402963
0057D00051000000,57-D-51,Hazelwood,R1A-H,1360,private,2500,duplex,2,False,,,,high_risk,not_allowed,,,,,,,,,,,,,,28% of lot landslide-prone,medium,,-79.93617,40.402963
0057D00051000000,57-D-51,Hazelwood,R1A-H,1360,private,2500,triplex,3,False,,,,high_risk,not_allowed,,,,,,,,,,,,,,28% of lot landslide-prone,medium,,-79.93617,40.402963
0057D00051000000,57-D-51,Hazelwood,R1A-H,1360,private,2500,townhome,2,False,,,,high_risk,not_allowed,,,,,,,,,,,,,,28% of lot landslide-prone,medium,,-79.93617,40.402963
0057D00051000000,57-D-51,Hazelwood,R1A-H,1360,private,2500,walkup,4,False,,,,high_risk,not_allowed,,,,,,,,,,,,,,28% of lot landslide-prone,medium,,-79.93617,40.402963
0057D00052000000,57-D-52,Hazelwood,R1A-H,1355,private,2500,single_family,1,False,,,,high_risk,not_allowed,,,,,,,,,,,,,,30% of lot landslide-prone,medium,,-79.936195,40.402928
0057D00052000000,57-D-52,Hazelwood,R1A-H,1355,private,2500,duplex,2,False,,,,high_risk,not_allowed,,,,,,,,,,,,,,30% of lot landslide-prone,medium,,-79.936195,40.402928
0057D00052000000,57-D-52,Hazelwood,R1A-H,1355,private,2500,triplex,3,False,,,,high_risk,not_allowed,,,,,,,,,,,,,,30% of lot landslide-prone,medium,,-79.936195,40.402928
0057D00052000000,57-D-52,Hazelwood,R1A-H,1355,private,2500,townhome,2,False,,,,high_risk,not_allowed,,,,,,,,,,,,,,30% of lot landslide-prone,medium,,-79.936195,40.402928
0057D00052000000,57-D-52,Hazelwood,R1A-H,1355,private,2500,walkup,4,False,,,,high_risk,not_allowed,,,,,,,,,,,,,,30% of lot landslide-prone,medium,,-79.936195,40.402928
0057D00053000000,57-D-53,Hazelwood,R1A-H,1688,private,2600,single_family,1,True,42.4,47.8,53.2,high_risk,by_right,1.0,1.0,1.0,by_right,4.8,6.0,7.4,32892,61787,88455,-466104,-398455,-336269,33% of lot landslide-prone,medium,,-79.936222,40.402889
0057D00053000000,57-D-53,Hazelwood,R1A-H,1688,private,2600,duplex,2,False,,,,high_risk,not_allowed,,,,,,,,,,,,,,33% of lot landslide-prone,medium,,-79.936222,40.402889
0057D00053000000,57-D-53,Hazelwood,R1A-H,1688,private,2600,triplex,3,False,,,,high_risk,not_allowed,,,,,,,,,,,,,,33% of lot landslide-prone,medium,,-79.936222,40.402889
0057D00053000000,57-D-53,Hazelwood,R1A-H,1688,private,2600,townhome,2,False,,,,high_risk,not_allowed,,,,,,,,,,,,,,33% of lot landslide-prone,medium,,-79.936222,40.402889
0057D00053000000,57-D-53,Hazelwood,R1A-H,1688,private,2600,walkup,4,False,,,,high_risk,not_allowed,,,,,,,,,,,,,,33% of lot landslide-prone,medium,,-79.936222,40.402889
0057D00054000000,57-D-54,Hazelwood,R1A-H,1182,private,500,single_family,1,False,,,,high_risk,not_allowed,,,,,,,,,,,,,,35% of lot landslide-prone,medium,,-79.936249,40.402854
0057D00054000000,57-D-54,Hazelwood,R1A-H,1182,private,500,duplex,2,False,,,,high_risk,not_allowed,,,,,,,,,,,,,,35% of lot landslide-prone,medium,,-79.936249,40.402854
0057D00054000000,57-D-54,Hazelwood,R1A-H,1182,private,500,triplex,3,False,,,,high_risk,not_allowed,,,,,,,,,,,,,,35% of lot landslide-prone,medium,,-79.936249,40.402854
0057D00054000000,57-D-54,Hazelwood,R1A-H,1182,private,500,townhome,2,False,,,,high_risk,not_allowed,,,,,,,,,,,,,,35% of lot landslide-prone,medium,,-79.936249,40.402854
0057D00054000000,57-D-54,Hazelwood,R1A-H,1182,private,500,walkup,4,False,,,,high_risk,not_allowed,,,,,,,,,,,,,,35% of lot landslide-prone,medium,,-79.936249,40.402854
0057D00055000000,57-D-55,Hazelwood,R1A-H,1088,private,500,single_family,1,False,,,,high_risk,not_allowed,,,,,,,,,,,,,,36% of lot landslide-prone,medium,,-79.936293,40.402798
0057D00055000000,57-D-55,Hazelwood,R1A-H,1088,private,500,duplex,2,False,,,,high_risk,not_allowed,,,,,,,,,,,,,,36% of lot landslide-prone,medium,,-79.936293,40.402798
0057D00055000000,57-D-55,Hazelwood,R1A-H,1088,private,500,triplex,3,False,,,,high_risk,not_allowed,,,,,,,,,,,,,,36% of lot landslide-prone,medium,,-79.936293,40.402798
0057D00055000000,57-D-55,Hazelwood,R1A-H,1088,private,500,townhome,2,False,,,,high_risk,not_allowed,,,,,,,,,,,,,,36% of lot landslide-prone,medium,,-79.936293,40.402798
0057D00055000000,57-D-55,Hazelwood,R1A-H,1088,private,500,walkup,4,False,,,,high_risk,not_allowed,,,,,,,,,,,,,,36% of lot landslide-prone,medium,,-79.936293,40.402798
0057D00055000A00,57-D-55-A,Hazelwood,R1A-H,1150,private,500,single_family,1,False,,,,high_risk,not_allowed,,,,,,,,,,,,,,34% of lot landslide-prone,medium,,-79.936277,40.402827
0057D00055000A00,57-D-55-A,Hazelwood,R1A-H,1150,private,500,duplex,2,False,,,,high_risk,not_allowed,,,,,,,,,,,,,,34% of lot landslide-prone,medium,,-79.936277,40.402827
0057D00055000A00,57-D-55-A,Hazelwood,R1A-H,1150,private,500,triplex,3,False,,,,high_risk,not_allowed,,,,,,,,,,,,,,34% of lot landslide-prone,medium,,-79.936277,40.402827
0057D00055000A00,57-D-55-A,Hazelwood,R1A-H,1150,private,500,townhome,2,False,,,,high_risk,not_allowed,,,,,,,,,,,,,,34% of lot landslide-prone,medium,,-79.936277,40.402827
0057D00055000A00,57-D-55-A,Hazelwood,R1A-H,1150,private,500,walkup,4,False,,,,high_risk,not_allowed,,,,,,,,,,,,,,34% of lot landslide-prone,medium,,-79.936277,40.402827
0057D00056000000,57-D-56,Hazelwood,R1A-H,1262,private,300,single_family,1,False,,,,high_risk,not_allowed,,,,,,,,,,,,,,34% of lot landslide-prone,medium,,-79.936317,40.40277
0057D00056000000,57-D-56,Hazelwood,R1A-H,1262,private,300,duplex,2,False,,,,high_risk,not_allowed,,,,,,,,,,,,,,34% of lot landslide-prone,medium,,-79.936317,40.40277
0057D00056000000,57-D-56,Hazelwood,R1A-H,1262,private,300,triplex,3,False,,,,high_risk,not_allowed,,,,,,,,,,,,,,34% of lot landslide-prone,medium,,-79.936317,40.40277
0057D00056000000,57-D-56,Hazelwood,R1A-H,1262,private,300,townhome,2,False,,,,high_risk,not_allowed,,,,,,,,,,,,,,34% of lot landslide-prone,medium,,-79.936317,40.40277
0057D00056000000,57-D-56,Hazelwood,R1A-H,1262,private,300,walkup,4,False,,,,high_risk,not_allowed,,,,,,,,,,,,,,34% of lot landslide-prone,medium,,-79.936317,40.40277
0057D00057000000,57-D-57,Hazelwood,R1A-H,1084,private,300,single_family,1,False,,,,high_risk,not_allowed,,,,,,,,,,,,,,38% of lot landslide-prone,medium,,-79.936329,40.402738
0057D00057000000,57-D-57,Hazelwood,R1A-H,1084,private,300,duplex,2,False,,,,high_risk,not_allowed,,,,,,,,,,,,,,38% of lot landslide-prone,medium,,-79.936329,40.402738
0057D00057000000,57-D-57,Hazelwood,R1A-H,1084,private,300,triplex,3,False,,,,high_risk,not_allowed,,,,,,,,,,,,,,38% of lot landslide-prone,medium,,-79.936329,40.402738
0057D00057000000,57-D-57,Hazelwood,R1A-H,1084,private,300,townhome,2,False,,,,high_risk,not_allowed,,,,,,,,,,,,,,38% of lot landslide-prone,medium,,-79.936329,40.402738
0057D00057000000,57-D-57,Hazelwood,R1A-H,1084,private,300,walkup,4,False,,,,high_risk,not_allowed,,,,,,,,,,,,,,38% of lot landslide-prone,medium,,-79.936329,40.402738
0057D00058000000,57-D-58,Hazelwood,R1A-H,1221,private,300,single_family,1,False,,,,high_risk,not_allowed,,,,,,,,,,,,,,32% of lot landslide-prone,medium,,-79.936361,40.402715
0057D00058000000,57-D-58,Hazelwood,R1A-H,1221,private,300,duplex,2,False,,,,high_risk,not_allowed,,,,,,,,,,,,,,32% of lot landslide-prone,medium,,-79.936361,40.402715
0057D00058000000,57-D-58,Hazelwood,R1A-H,1221,private,300,triplex,3,False,,,,high_risk,not_allowed,,,,,,,,,,,,,,32% of lot landslide-prone,medium,,-79.936361,40.402715
0057D00058000000,57-D-58,Hazelwood,R1A-H,1221,private,300,townhome,2,False,,,,high_risk,not_allowed,,,,,,,,,,,,,,32% of lot landslide-prone,medium,,-79.936361,40.402715
0057D00058000000,57-D-58,Hazelwood,R1A-H,1221,private,300,walkup,4,False,,,,high_risk,not_allowed,,,,,,,,,,,,,,32% of lot landslide-prone,medium,,-79.936361,40.402715
0057D00058000A00,57-D-58-A,Hazelwood,R1A-H,1373,private,300,single_family,1,True,38.0,43.5,49.4,high_risk,variance,0.827,0.9,0.944,model,6.3,7.6,9.3,30172,58277,86507,-463106,-393948,-329741,32% of lot landslide-prone,medium,,-79.936382,40.402683
0057D00058000A00,57-D-58-A,Hazelwood,R1A-H,1373,private,300,duplex,2,False,,,,high_risk,not_allowed,,,,,,,,,,,,,,32% of lot landslide-prone,medium,,-79.936382,40.402683
0057D00058000A00,57-D-58-A,Hazelwood,R1A-H,1373,private,300,triplex,3,False,,,,high_risk,not_allowed,,,,,,,,,,,,,,32% of lot landslide-prone,medium,,-79.936382,40.402683
0057D00058000A00,57-D-58-A,Hazelwood,R1A-H,1373,private,300,townhome,2,False,,,,high_risk,not_allowed,,,,,,,,,,,,,,32% of lot landslide-prone,medium,,-79.936382,40.402683
0057D00058000A00,57-D-58-A,Hazelwood,R1A-H,1373,private,300,walkup,4,False,,,,high_risk,not_allowed,,,,,,,,,,,,,,32% of lot landslide-prone,medium,,-79.936382,40.402683
0057D00058000B00,57-D-58-B,Hazelwood,R1A-H,1208,private,2500,single_family,1,False,,,,high_risk,not_allowed,,,,,,,,,,,,,,31% of lot landslide-prone,medium,,-79.936406,40.402652
0057D00058000B00,57-D-58-B,Hazelwood,R1A-H,1208,private,2500,duplex,2,False,,,,high_risk,not_allowed,,,,,,,,,,,,,,31% of lot landslide-prone,medium,,-79.936406,40.402652
0057D00058000B00,57-D-58-B,Hazelwood,R1A-H,1208,private,2500,triplex,3,False,,,,high_risk,not_allowed,,,,,,,,,,,,,,31% of lot landslide-prone,medium,,-79.936406,40.402652
0057D00058000B00,57-D-58-B,Hazelwood,R1A-H,1208,private,2500,townhome,2,False,,,,high_risk,not_allowed,,,,,,,,,,,,,,31% of lot landslide-prone,medium,,-79.936406,40.402652
0057D00058000B00,57-D-58-B,Hazelwood,R1A-H,1208,private,2500,walkup,4,False,,,,high_risk,not_allowed,,,,,,,,,,,,,,31% of lot landslide-prone,medium,,-79.936406,40.402652
0057D00059000000,57-D-59,Hazelwood,R1A-H,1329,private,2500,single_family,1,False,,,,high_risk,not_allowed,,,,,,,,,,,,,,31% of lot landslide-prone,medium,,-79.936427,40.402622
0057D00059000000,57-D-59,Hazelwood,R1A-H,1329,private,2500,duplex,2,False,,,,high_risk,not_allowed,,,,,,,,,,,,,,31% of lot landslide-prone,medium,,-79.936427,40.402622
0057D00059000000,57-D-59,Hazelwood,R1A-H,1329,private,2500,triplex,3,False,,,,high_risk,not_allowed,,,,,,,,,,,,,,31% of lot landslide-prone,medium,,-79.936427,40.402622
0057D00059000000,57-D-59,Hazelwood,R1A-H,1329,private,2500,townhome,2,False,,,,high_risk,not_allowed,,,,,,,,,,,,,,31% of lot landslide-prone,medium,,-79.936427,40.402622
0057D00059000000,57-D-59,Hazelwood,R1A-H,1329,private,2500,walkup,4,False,,,,high_risk,not_allowed,,,,,,,,,,,,,,31% of lot landslide-prone,medium,,-79.936427,40.402622
0057D00060000000,57-D-60,Hazelwood,R1A-H,1482,private,500,single_family,1,True,37.8,43.3,49.1,high_risk,variance,0.827,0.9,0.944,model,6.3,7.6,9.3,31562,59668,87897,-464292,-395150,-330933,30% of lot landslide-prone,medium,,-79.936452,40.402589
0057D00060000000,57-D-60,Hazelwood,R1A-H,1482,private,500,duplex,2,False,,,,high_risk,not_allowed,,,,,,,,,,,,,,30% of lot landslide-prone,medium,,-79.936452,40.402589
0057D00060000000,57-D-60,Hazelwood,R1A-H,1482,private,500,triplex,3,False,,,,high_risk,not_allowed,,,,,,,,,,,,,,30% of lot landslide-prone,medium,,-79.936452,40.402589
0057D00060000000,57-D-60,Hazelwood,R1A-H,1482,private,500,townhome,2,False,,,,high_risk,not_allowed,,,,,,,,,,,,,,30% of lot landslide-prone,medium,,-79.936452,40.402589
0057D00060000000,57-D-60,Hazelwood,R1A-H,1482,private,500,walkup,4,False,,,,high_risk,not_allowed,,,,,,,,,,,,,,30% of lot landslide-prone,medium,,-79.936452,40.402589
0057D00063000000,57-D-63,Hazelwood,R1A-H,5079,private,2000,single_family,1,True,42.8,48.3,53.8,high_risk,by_right,1.0,1.0,1.0,by_right,4.8,6.0,7.4,30326,59222,85890,-463853,-396203,-334007,28% of lot landslide-prone,medium,,-79.93651,40.402513
0057D00063000000,57-D-63,Hazelwood,R1A-H,5079,private,2000,duplex,2,False,,,,high_risk,not_allowed,,,,,,,,,,,,,,28% of lot landslide-prone,medium,,-79.93651,40.402513
0057D00063000000,57-D-63,Hazelwood,R1A-H,5079,private,2000,triplex,3,False,,,,high_risk,not_allowed,,,,,,,,,,,,,,28% of lot landslide-prone,medium,,-79.93651,40.402513
0057D00063000000,57-D-63,Hazelwood,R1A-H,5079,private,2000,townhome,2,False,47.9,51.4,54.8,feasible_with_conditions,subdivision,0.885,0.932,0.966,placeholder,5.2,6.3,7.5,30195,57938,86012,-820147,-693572,-582496,28% of lot landslide-prone,medium,,-79.93651,40.402513
0057D00063000000,57-D-63,Hazelwood,R1A-H,5079,private,2000,walkup,4,False,,,,high_risk,not_allowed,,,,,,,,,,,,,,28% of lot landslide-prone,medium,,-79.93651,40.402513
0057D00067000000,57-D-67,Hazelwood,R1A-H,2247,private,600,single_family,1,True,43.9,49.4,55.1,high_risk,by_right,1.0,1.0,1.0,by_right,4.2,5.3,6.5,29612,56981,85686,-463836,-398242,-335508,27% of lot landslide-prone,medium,,-79.936668,40.402318
0057D00067000000,57-D-67,Hazelwood,R1A-H,2247,private,600,duplex,2,False,,,,high_risk,not_allowed,,,,,,,,,,,,,,27% of lot landslide-prone,medium,,-79.936668,40.402318
0057D00067000000,57-D-67,Hazelwood,R1A-H,2247,private,600,triplex,3,False,,,,high_risk,not_allowed,,,,,,,,,,,,,,27% of lot landslide-prone,medium,,-79.936668,40.402318
0057D00067000000,57-D-67,Hazelwood,R1A-H,2247,private,600,townhome,2,False,,,,high_risk,not_allowed,,,,,,,,,,,,,,27% of lot landslide-prone,medium,,-79.936668,40.402318
0057D00067000000,57-D-67,Hazelwood,R1A-H,2247,private,600,walkup,4,False,,,,high_risk,not_allowed,,,,,,,,,,,,,,27% of lot landslide-prone,medium,,-79.936668,40.402318
0057D00082000000,57-D-82,Hazelwood,R1A-H,1789,private,700,single_family,1,True,42.4,48.0,53.4,high_risk,by_right,1.0,1.0,1.0,by_right,4.8,6.0,7.3,31786,60686,88863,-467839,-397691,-332973,35% of lot landslide-prone,medium,,-79.936964,40.401789
0057D00082000000,57-D-82,Hazelwood,R1A-H,1789,private,700,duplex,2,False,,,,high_risk,not_allowed,,,,,,,,,,,,,,35% of lot landslide-prone,medium,,-79.936964,40.401789
0057D00082000000,57-D-82,Hazelwood,R1A-H,1789,private,700,triplex,3,False,,,,high_risk,not_allowed,,,,,,,,,,,,,,35% of lot landslide-prone,medium,,-79.936964,40.401789
0057D00082000000,57-D-82,Hazelwood,R1A-H,1789,private,700,townhome,2,False,,,,high_risk,not_allowed,,,,,,,,,,,,,,35% of lot landslide-prone,medium,,-79.936964,40.401789
0057D00082000000,57-D-82,Hazelwood,R1A-H,1789,private,700,walkup,4,False,,,,high_risk,not_allowed,,,,,,,,,,,,,,35% of lot landslide-prone,medium,,-79.936964,40.401789
0057G00117000000,57-G-117,Hazelwood,UI,6637,private,4100,single_family,,False,,,,high_risk,not_allowed,,,,,,,,,,,,,,Parcel spans more than one district or has uncovered rules,medium,,-79.940094,40.400616
0057G00117000000,57-G-117,Hazelwood,UI,6637,private,4100,duplex,,False,,,,high_risk,not_allowed,,,,,,,,,,,,,,Parcel spans more than one district or has uncovered rules,medium,,-79.940094,40.400616
0057G00117000000,57-G-117,Hazelwood,UI,6637,private,4100,triplex,,False,,,,high_risk,not_allowed,,,,,,,,,,,,,,Parcel spans more than one district or has uncovered rules,medium,,-79.940094,40.400616
0057G00117000000,57-G-117,Hazelwood,UI,6637,private,4100,townhome,,False,,,,high_risk,not_allowed,,,,,,,,,,,,,,Parcel spans more than one district or has uncovered rules,medium,,-79.940094,40.400616
0057G00117000000,57-G-117,Hazelwood,UI,6637,private,4100,walkup,,False,,,,high_risk,not_allowed,,,,,,,,,,,,,,Parcel spans more than one district or has uncovered rules,medium,,-79.940094,40.400616
0057G00135000000,57-G-135,Hazelwood,R1A-H,12600,private,2500,single_family,1,True,57.8,59.8,61.6,feasible_with_conditions,by_right,1.0,1.0,1.0,by_right,3.1,4.0,5.0,9001,15071,21327,-427596,-361200,-303487,"1 DEP record(s) within 1,000 ft",low,,-79.938975,40.399979
0057G00135000000,57-G-135,Hazelwood,R1A-H,12600,private,2500,duplex,2,False,,,,high_risk,not_allowed,,,,,,,,,,,,,,"1 DEP record(s) within 1,000 ft",low,,-79.938975,40.399979
0057G00135000000,57-G-135,Hazelwood,R1A-H,12600,private,2500,triplex,3,False,,,,high_risk,not_allowed,,,,,,,,,,,,,,"1 DEP record(s) within 1,000 ft",low,,-79.938975,40.399979
0057G00135000000,57-G-135,Hazelwood,R1A-H,12600,private,2500,townhome,6,False,56.3,58.1,60.0,feasible_with_conditions,subdivision,0.885,0.932,0.966,placeholder,4.6,5.6,6.8,8957,15067,21309,-2307636,-1944458,-1606370,"1 DEP record(s) within 1,000 ft",low,,-79.938975,40.399979
0057G00135000000,57-G-135,Hazelwood,R1A-H,12600,private,2500,walkup,4,False,,,,high_risk,not_allowed,,,,,,,,,,,,,,"1 DEP record(s) within 1,000 ft",low,,-79.938975,40.399979
0057G00142000000,57-G-142,Hazelwood,R1A-H,4779,private,1100,single_family,1,True,57.8,59.8,61.6,feasible_with_conditions,by_right,1.0,1.0,1.0,by_right,3.1,4.0,5.0,9001,15071,21327,-431019,-364859,-307733,"1 DEP record(s) within 1,000 ft",low,,-79.938669,40.399857
0057G00142000000,57-G-142,Hazelwood,R1A-H,4779,private,1100,duplex,2,False,,,,high_risk,not_allowed,,,,,,,,,,,,,,"1 DEP record(s) within 1,000 ft",low,,-79.938669,40.399857
0057G00142000000,57-G-142,Hazelwood,R1A-H,4779,private,1100,triplex,3,False,,,,high_risk,not_allowed,,,,,,,,,,,,,,"1 DEP record(s) within 1,000 ft",low,,-79.938669,40.399857
0057G00142000000,57-G-142,Hazelwood,R1A-H,4779,private,1100,townhome,3,False,55.7,57.5,59.4,feasible_with_conditions,subdivision,0.885,0.932,0.966,placeholder,4.6,5.6,6.8,8957,15067,21309,-1169703,-988220,-821788,"1 DEP record(s) within 1,000 ft",low,,-79.938669,40.399857
0057G00142000000,57-G-142,Hazelwood,R1A-H,4779,private,1100,walkup,4,False,,,,high_risk,not_allowed,,,,,,,,,,,,,,"1 DEP record(s) within 1,000 ft",low,,-79.938669,40.399857
0057G00144000000,57-G-144,Hazelwood,R1A-H,1655,private,400,single_family,1,True,54.5,57.0,59.5,feasible_with_conditions,by_right,1.0,1.0,1.0,by_right,4.4,5.8,7.4,8901,15308,21566,-425308,-360226,-302341,$147 in tax liens,medium,,-79.938514,40.399794
0057G00144000000,57-G-144,Hazelwood,R1A-H,1655,private,400,duplex,2,False,,,,high_risk,not_allowed,,,,,,,,,,,,,,$147 in tax liens,medium,,-79.938514,40.399794
0057G00144000000,57-G-144,Hazelwood,R1A-H,1655,private,400,triplex,3,False,,,,high_risk,not_allowed,,,,,,,,,,,,,,$147 in tax liens,medium,,-79.938514,40.399794
0057G00144000000,57-G-144,Hazelwood,R1A-H,1655,private,400,townhome,2,False,,,,high_risk,not_allowed,,,,,,,,,,,,,,$147 in tax liens,medium,,-79.938514,40.399794
0057G00144000000,57-G-144,Hazelwood,R1A-H,1655,private,400,walkup,4,False,,,,high_risk,not_allowed,,,,,,,,,,,,,,$147 in tax liens,medium,,-79.938514,40.399794
0057G00146000000,57-G-146,Hazelwood,R1A-H,3016,private,1100,single_family,1,True,57.8,59.8,61.6,feasible_with_conditions,by_right,1.0,1.0,1.0,by_right,3.1,4.0,5.0,9001,15071,21327,-431019,-364859,-307733,"1 DEP record(s) within 1,000 ft",low,,-79.938339,40.399731
0057G00146000000,57-G-146,Hazelwood,R1A-H,3016,private,1100,duplex,2,False,,,,high_risk,not_allowed,,,,,,,,,,,,,,"1 DEP record(s) within 1,000 ft",low,,-79.938339,40.399731
0057G00146000000,57-G-146,Hazelwood,R1A-H,3016,private,1100,triplex,3,False,,,,high_risk,not_allowed,,,,,,,,,,,,,,"1 DEP record(s) within 1,000 ft",low,,-79.938339,40.399731
0057G00146000000,57-G-146,Hazelwood,R1A-H,3016,private,1100,townhome,2,False,55.0,56.9,58.9,feasible_with_conditions,subdivision,0.885,0.932,0.966,placeholder,4.6,5.6,6.8,8957,15067,21309,-785790,-663360,-551863,"1 DEP record(s) within 1,000 ft",low,,-79.938339,40.399731
0057G00146000000,57-G-146,Hazelwood,R1A-H,3016,private,1100,walkup,4,False,,,,high_risk,not_allowed,,,,,,,,,,,,,,"1 DEP record(s) within 1,000 ft",low,,-79.938339,40.399731
0057G00149000000,57-G-149,Hazelwood,R1A-H,1040,private,400,single_family,1,False,,,,high_risk,not_allowed,,,,,,,,,,,,,,"1 DEP record(s) within 1,000 ft",low,,-79.938203,40.399869
0057G00149000000,57-G-149,Hazelwood,R1A-H,1040,private,400,duplex,2,False,,,,high_risk,not_allowed,,,,,,,,,,,,,,"1 DEP record(s) within 1,000 ft",low,,-79.938203,40.399869
0057G00149000000,57-G-149,Hazelwood,R1A-H,1040,private,400,triplex,3,False,,,,high_risk,not_allowed,,,,,,,,,,,,,,"1 DEP record(s) within 1,000 ft",low,,-79.938203,40.399869
0057G00149000000,57-G-149,Hazelwood,R1A-H,1040,private,400,townhome,2,False,,,,high_risk,not_allowed,,,,,,,,,,,,,,"1 DEP record(s) within 1,000 ft",low,,-79.938203,40.399869
0057G00149000000,57-G-149,Hazelwood,R1A-H,1040,private,400,walkup,4,False,,,,high_risk,not_allowed,,,,,,,,,,,,,,"1 DEP record(s) within 1,000 ft",low,,-79.938203,40.399869
0057G00151000000,57-G-151,Hazelwood,R1A-H,1092,private,500,single_family,1,False,,,,high_risk,not_allowed,,,,,,,,,,,,,,$141 in tax liens,medium,,-79.937947,40.399925
0057G00151000000,57-G-151,Hazelwood,R1A-H,1092,private,500,duplex,2,False,,,,high_risk,not_allowed,,,,,,,,,,,,,,$141 in tax liens,medium,,-79.937947,40.399925
0057G00151000000,57-G-151,Hazelwood,R1A-H,1092,private,500,triplex,3,False,,,,high_risk,not_allowed,,,,,,,,,,,,,,$141 in tax liens,medium,,-79.937947,40.399925
0057G00151000000,57-G-151,Hazelwood,R1A-H,1092,private,500,townhome,2,False,,,,high_risk,not_allowed,,,,,,,,,,,,,,$141 in tax liens,medium,,-79.937947,40.399925
0057G00151000000,57-G-151,Hazelwood,R1A-H,1092,private,500,walkup,4,False,,,,high_risk,not_allowed,,,,,,,,,,,,,,$141 in tax liens,medium,,-79.937947,40.399925
0057G00153000000,57-G-153,Hazelwood,R1A-H,1645,private,400,single_family,1,True,57.8,59.8,61.6,feasible_with_conditions,by_right,1.0,1.0,1.0,by_right,3.1,4.0,5.0,9001,15071,21327,-431019,-364859,-307733,"1 DEP record(s) within 1,000 ft",low,,-79.93807,40.399997
0057G00153000000,57-G-153,Hazelwood,R1A-H,1645,private,400,duplex,2,False,,,,high_risk,not_allowed,,,,,,,,,,,,,,"1 DEP record(s) within 1,000 ft",low,,-79.93807,40.399997
0057G00153000000,57-G-153,Hazelwood,R1A-H,1645,private,400,triplex,3,False,,,,high_risk,not_allowed,,,,,,,,,,,,,,"1 DEP record(s) within 1,000 ft",low,,-79.93807,40.399997
0057G00153000000,57-G-153,Hazelwood,R1A-H,1645,private,400,townhome,2,False,,,,high_risk,not_allowed,,,,,,,,,,,,,,"1 DEP record(s) within 1,000 ft",low,,-79.93807,40.399997
0057G00153000000,57-G-153,Hazelwood,R1A-H,1645,private,400,walkup,4,False,,,,high_risk,not_allowed,,,,,,,,,,,,,,"1 DEP record(s) within 1,000 ft",low,,-79.93807,40.399997
0057G00167000000,57-G-167,Hazelwood,R1A-H,5562,private,4100,single_family,1,True,57.8,59.8,61.6,feasible_with_conditions,by_right,1.0,1.0,1.0,by_right,3.1,4.0,5.0,9001,15071,21327,-427596,-361200,-303487,"1 DEP record(s) within 1,000 ft",low,,-79.938711,40.400285
0057G00167000000,57-G-167,Hazelwood,R1A-H,5562,private,4100,duplex,2,False,,,,high_risk,not_allowed,,,,,,,,,,,,,,"1 DEP record(s) within 1,000 ft",low,,-79.938711,40.400285
0057G00167000000,57-G-167,Hazelwood,R1A-H,5562,private,4100,triplex,3,False,,,,high_risk,not_allowed,,,,,,,,,,,,,,"1 DEP record(s) within 1,000 ft",low,,-79.938711,40.400285
0057G00167000000,57-G-167,Hazelwood,R1A-H,5562,private,4100,townhome,2,False,55.0,56.9,58.9,feasible_with_conditions,subdivision,0.885,0.932,0.966,placeholder,4.6,5.6,6.8,8957,15067,21309,-779771,-656779,-543326,"1 DEP record(s) within 1,000 ft",low,,-79.938711,40.400285
0057G00167000000,57-G-167,Hazelwood,R1A-H,5562,private,4100,walkup,4,False,,,,high_risk,not_allowed,,,,,,,,,,,,,,"1 DEP record(s) within 1,000 ft",low,,-79.938711,40.400285
0057G00168000B00,57-G-168-B,Hazelwood,R1A-H,708,private,300,single_family,1,False,,,,high_risk,not_allowed,,,,,,,,,,,,,,"$5,722 in tax liens",medium,,-79.938931,40.400295
0057G00168000B00,57-G-168-B,Hazelwood,R1A-H,708,private,300,duplex,2,False,,,,high_risk,not_allowed,,,,,,,,,,,,,,"$5,722 in tax liens",medium,,-79.938931,40.400295
0057G00168000B00,57-G-168-B,Hazelwood,R1A-H,708,private,300,triplex,3,False,,,,high_risk,not_allowed,,,,,,,,,,,,,,"$5,722 in tax liens",medium,,-79.938931,40.400295
0057G00168000B00,57-G-168-B,Hazelwood,R1A-H,708,private,300,townhome,2,False,,,,high_risk,not_allowed,,,,,,,,,,,,,,"$5,722 in tax liens",medium,,-79.938931,40.400295
0057G00168000B00,57-G-168-B,Hazelwood,R1A-H,708,private,300,walkup,4,False,,,,high_risk,not_allowed,,,,,,,,,,,,,,"$5,722 in tax liens",medium,,-79.938931,40.400295
0057G00171000000,57-G-171,Hazelwood,R1A-H,2924,private,700,single_family,1,True,57.8,59.8,61.6,feasible_with_conditions,by_right,1.0,1.0,1.0,by_right,3.1,4.0,5.0,9001,15071,21327,-430533,-364490,-306511,"1 DEP record(s) within 1,000 ft",low,,-79.938953,40.400432
0057G00171000000,57-G-171,Hazelwood,R1A-H,2924,private,700,duplex,2,False,,,,high_risk,not_allowed,,,,,,,,,,,,,,"1 DEP record(s) within 1,000 ft",low,,-79.938953,40.400432
0057G00171000000,57-G-171,Hazelwood,R1A-H,2924,private,700,triplex,3,False,,,,high_risk,not_allowed,,,,,,,,,,,,,,"1 DEP record(s) within 1,000 ft",low,,-79.938953,40.400432
0057G00171000000,57-G-171,Hazelwood,R1A-H,2924,private,700,townhome,2,False,,,,high_risk,not_allowed,,,,,,,,,,,,,,"1 DEP record(s) within 1,000 ft",low,,-79.938953,40.400432
0057G00171000000,57-G-171,Hazelwood,R1A-H,2924,private,700,walkup,4,False,,,,high_risk,not_allowed,,,,,,,,,,,,,,"1 DEP record(s) within 1,000 ft",low,,-79.938953,40.400432
0057G00184000000,57-G-184,Hazelwood,UI,2686,private,3200,single_family,,False,,,,high_risk,not_allowed,,,,,,,,,,,,,,Parcel spans more than one district or has uncovered rules,medium,,-79.939625,40.400821
0057G00184000000,57-G-184,Hazelwood,UI,2686,private,3200,duplex,,False,,,,high_risk,not_allowed,,,,,,,,,,,,,,Parcel spans more than one district or has uncovered rules,medium,,-79.939625,40.400821
0057G00184000000,57-G-184,Hazelwood,UI,2686,private,3200,triplex,,False,,,,high_risk,not_allowed,,,,,,,,,,,,,,Parcel spans more than one district or has uncovered rules,medium,,-79.939625,40.400821
0057G00184000000,57-G-184,Hazelwood,UI,2686,private,3200,townhome,,False,,,,high_risk,not_allowed,,,,,,,,,,,,,,Parcel spans more than one district or has uncovered rules,medium,,-79.939625,40.400821
0057G00184000000,57-G-184,Hazelwood,UI,2686,private,3200,walkup,,False,,,,high_risk,not_allowed,,,,,,,,,,,,,,Parcel spans more than one district or has uncovered rules,medium,,-79.939625,40.400821
0057G00191000000,57-G-191,Hazelwood,UI,940,city,300,single_family,,False,,,,high_risk,not_allowed,,,,,,,,,,,,,,Parcel spans more than one district or has uncovered rules,medium,,-79.939898,40.401063
0057G00191000000,57-G-191,Hazelwood,UI,940,city,300,duplex,,False,,,,high_risk,not_allowed,,,,,,,,,,,,,,Parcel spans more than one district or has uncovered rules,medium,,-79.939898,40.401063
0057G00191000000,57-G-191,Hazelwood,UI,940,city,300,triplex,,False,,,,high_risk,not_allowed,,,,,,,,,,,,,,Parcel spans more than one district or has uncovered rules,medium,,-79.939898,40.401063
0057G00191000000,57-G-191,Hazelwood,UI,940,city,300,townhome,,False,,,,high_risk,not_allowed,,,,,,,,,,,,,,Parcel spans more than one district or has uncovered rules,medium,,-79.939898,40.401063
0057G00191000000,57-G-191,Hazelwood,UI,940,city,300,walkup,,False,,,,high_risk,not_allowed,,,,,,,,,,,,,,Parcel spans more than one district or has uncovered rules,medium,,-79.939898,40.401063
0057G00195000000,57-G-195,Hazelwood,UI,1260,private,500,single_family,,False,,,,high_risk,not_allowed,,,,,,,,,,,,,,Parcel spans more than one district or has uncovered rules,medium,,-79.940118,40.400984
0057G00195000000,57-G-195,Hazelwood,UI,1260,private,500,duplex,,False,,,,high_risk,not_allowed,,,,,,,,,,,,,,Parcel spans more than one district or has uncovered rules,medium,,-79.940118,40.400984
0057G00195000000,57-G-195,Hazelwood,UI,1260,private,500,triplex,,False,,,,high_risk,not_allowed,,,,,,,,,,,,,,Parcel spans more than one district or has uncovered rules,medium,,-79.940118,40.400984
0057G00195000000,57-G-195,Hazelwood,UI,1260,private,500,townhome,,False,,,,high_risk,not_allowed,,,,,,,,,,,,,,Parcel spans more than one district or has uncovered rules,medium,,-79.940118,40.400984
0057G00195000000,57-G-195,Hazelwood,UI,1260,private,500,walkup,,False,,,,high_risk,not_allowed,,,,,,,,,,,,,,Parcel spans more than one district or has uncovered rules,medium,,-79.940118,40.400984
0057G00195000A00,57-G-195-A,Hazelwood,UI,963,private,500,single_family,,False,,,,high_risk,not_allowed,,,,,,,,,,,,,,Parcel spans more than one district or has uncovered rules,medium,,-79.940048,40.400942
0057G00195000A00,57-G-195-A,Hazelwood,UI,963,private,500,duplex,,False,,,,high_risk,not_allowed,,,,,,,,,,,,,,Parcel spans more than one district or has uncovered rules,medium,,-79.940048,40.400942
0057G00195000A00,57-G-195-A,Hazelwood,UI,963,private,500,triplex,,False,,,,high_risk,not_allowed,,,,,,,,,,,,,,Parcel spans more than one district or has uncovered rules,medium,,-79.940048,40.400942
0057G00195000A00,57-G-195-A,Hazelwood,UI,963,private,500,townhome,,False,,,,high_risk,not_allowed,,,,,,,,,,,,,,Parcel spans more than one district or has uncovered rules,medium,,-79.940048,40.400942
0057G00195000A00,57-G-195-A,Hazelwood,UI,963,private,500,walkup,,False,,,,high_risk,not_allowed,,,,,,,,,,,,,,Parcel spans more than one district or has uncovered rules,medium,,-79.940048,40.400942
0057G00219000000,57-G-219,Hazelwood,R1A-H,5278,private,4100,single_family,1,True,24.2,29.1,36.3,high_risk,by_right,1.0,1.0,1.0,by_right,5.4,6.4,7.6,131559,183130,235495,-586979,-510047,-435101,55% of lot on 25%+ slope,high,,-79.939967,40.40165
0057G00219000000,57-G-219,Hazelwood,R1A-H,5278,private,4100,duplex,2,False,,,,high_risk,not_allowed,,,,,,,,,,,,,,55% of lot on 25%+ slope,high,,-79.939967,40.40165
0057G00219000000,57-G-219,Hazelwood,R1A-H,5278,private,4100,triplex,3,False,,,,high_risk,not_allowed,,,,,,,,,,,,,,55% of lot on 25%+ slope,high,,-79.939967,40.40165
0057G00219000000,57-G-219,Hazelwood,R1A-H,5278,private,4100,townhome,2,False,34.0,39.1,44.1,high_risk,subdivision,0.885,0.932,0.966,placeholder,5.5,6.5,7.7,130933,183655,236901,-945665,-810747,-690897,55% of lot on 25%+ slope,high,,-79.939967,40.40165
0057G00219000000,57-G-219,Hazelwood,R1A-H,5278,private,4100,walkup,4,False,,,,high_risk,not_allowed,,,,,,,,,,,,,,55% of lot on 25%+ slope,high,,-79.939967,40.40165
0057G00226000000,57-G-226,Hazelwood,R1A-H,2897,private,700,single_family,1,True,29.1,34.9,40.6,high_risk,by_right,1.0,1.0,1.0,by_right,5.1,6.2,7.3,106649,141169,179191,-546499,-473228,-405405,44% of lot on 25%+ slope,medium,,-79.939529,40.401393
0057G00226000000,57-G-226,Hazelwood,R1A-H,2897,private,700,duplex,2,False,,,,high_risk,not_allowed,,,,,,,,,,,,,,44% of lot on 25%+ slope,medium,,-79.939529,40.401393
0057G00226000000,57-G-226,Hazelwood,R1A-H,2897,private,700,triplex,3,False,,,,high_risk,not_allowed,,,,,,,,,,,,,,44% of lot on 25%+ slope,medium,,-79.939529,40.401393
0057G00226000000,57-G-226,Hazelwood,R1A-H,2897,private,700,townhome,2,False,,,,high_risk,not_allowed,,,,,,,,,,,,,,44% of lot on 25%+ slope,medium,,-79.939529,40.401393
0057G00226000000,57-G-226,Hazelwood,R1A-H,2897,private,700,walkup,4,False,,,,high_risk,not_allowed,,,,,,,,,,,,,,44% of lot on 25%+ slope,medium,,-79.939529,40.401393
0057G00227000000,57-G-227,Hazelwood,R1A-H,3011,private,700,single_family,1,True,23.8,27.4,34.9,high_risk,by_right,1.0,1.0,1.0,by_right,5.3,6.4,7.6,143990,195760,251799,-600593,-521357,-447042,52% of lot on 25%+ slope,high,,-79.939456,40.401356
0057G00227000000,57-G-227,Hazelwood,R1A-H,3011,private,700,duplex,2,False,,,,high_risk,not_allowed,,,,,,,,,,,,,,52% of lot on 25%+ slope,high,,-79.939456,40.401356
0057G00227000000,57-G-227,Hazelwood,R1A-H,3011,private,700,triplex,3,False,,,,high_risk,not_allowed,,,,,,,,,,,,,,52% of lot on 25%+ slope,high,,-79.939456,40.401356
0057G00227000000,57-G-227,Hazelwood,R1A-H,3011,private,700,townhome,2,False,,,,high_risk,not_allowed,,,,,,,,,,,,,,52% of lot on 25%+ slope,high,,-79.939456,40.401356
0057G00227000000,57-G-227,Hazelwood,R1A-H,3011,private,700,walkup,4,False,,,,high_risk,not_allowed,,,,,,,,,,,,,,52% of lot on 25%+ slope,high,,-79.939456,40.401356
0057G00228000000,57-G-228,Hazelwood,R1A-H,5939,private,4100,single_family,1,True,36.8,42.6,48.1,high_risk,by_right,1.0,1.0,1.0,by_right,4.4,5.4,6.5,65177,97793,131676,-510080,-438285,-370524,40% of lot on 25%+ slope,medium,,-79.939354,40.40129
0057G00228000000,57-G-228,Hazelwood,R1A-H,5939,private,4100,duplex,2,False,,,,high_risk,not_allowed,,,,,,,,,,,,,,40% of lot on 25%+ slope,medium,,-79.939354,40.40129
0057G00228000000,57-G-228,Hazelwood,R1A-H,5939,private,4100,triplex,3,False,,,,high_risk,not_allowed,,,,,,,,,,,,,,40% of lot on 25%+ slope,medium,,-79.939354,40.40129
0057G00228000000,57-G-228,Hazelwood,R1A-H,5939,private,4100,townhome,2,False,43.8,47.7,51.4,high_risk,subdivision,0.885,0.932,0.966,placeholder,4.9,5.9,6.9,66042,98193,131751,-863645,-738561,-625161,40% of lot on 25%+ slope,medium,,-79.939354,40.40129
0057G00228000000,57-G-228,Hazelwood,R1A-H,5939,private,4100,walkup,4,False,,,,high_risk,not_allowed,,,,,,,,,,,,,,40% of lot on 25%+ slope,medium,,-79.939354,40.40129
0057G00231000000,57-G-231,Hazelwood,R1A-H,8466,private,4100,single_family,1,True,54.1,56.6,59.0,feasible_with_conditions,by_right,1.0,1.0,1.0,by_right,4.4,5.8,7.4,10914,17320,23578,-428536,-362744,-304256,"$2,159 in tax liens",medium,,-79.938997,40.401103
0057G00231000000,57-G-231,Hazelwood,R1A-H,8466,private,4100,duplex,2,False,,,,high_risk,not_allowed,,,,,,,,,,,,,,"$2,159 in tax liens",medium,,-79.938997,40.401103
0057G00231000000,57-G-231,Hazelwood,R1A-H,8466,private,4100,triplex,3,False,,,,high_risk,not_allowed,,,,,,,,,,,,,,"$2,159 in tax liens",medium,,-79.938997,40.401103
0057G00231000000,57-G-231,Hazelwood,R1A-H,8466,private,4100,townhome,4,False,55.1,57.0,58.9,feasible_with_conditions,subdivision,0.885,0.932,0.966,placeholder,5.0,6.2,7.4,11134,17177,23433,-1560494,-1312619,-1101260,"$2,159 in tax liens",medium,,-79.938997,40.401103
0057G00231000000,57-G-231,Hazelwood,R1A-H,8466,private,4100,walkup,4,False,,,,high_risk,not_allowed,,,,,,,,,,,,,,"$2,159 in tax liens",medium,,-79.938997,40.401103
0057G00257000000,57-G-257,Hazelwood,R1A-H,2569,private,1100,single_family,1,True,57.8,59.8,61.6,feasible_with_conditions,by_right,1.0,1.0,1.0,by_right,3.1,4.0,5.0,9001,15071,21327,-430533,-364490,-306511,"1 DEP record(s) within 1,000 ft",low,,-79.938656,40.401034
0057G00257000000,57-G-257,Hazelwood,R1A-H,2569,private,1100,duplex,2,False,,,,high_risk,not_allowed,,,,,,,,,,,,,,"1 DEP record(s) within 1,000 ft",low,,-79.938656,40.401034
0057G00257000000,57-G-257,Hazelwood,R1A-H,2569,private,1100,triplex,3,False,,,,high_risk,not_allowed,,,,,,,,,,,,,,"1 DEP record(s) within 1,000 ft",low,,-79.938656,40.401034
0057G00257000000,57-G-257,Hazelwood,R1A-H,2569,private,1100,townhome,2,False,55.0,56.9,58.9,feasible_with_conditions,subdivision,0.885,0.932,0.966,placeholder,4.6,5.6,6.8,8957,15067,21309,-785640,-662437,-549331,"1 DEP record(s) within 1,000 ft",low,,-79.938656,40.401034
0057G00257000000,57-G-257,Hazelwood,R1A-H,2569,private,1100,walkup,4,False,,,,high_risk,not_allowed,,,,,,,,,,,,,,"1 DEP record(s) within 1,000 ft",low,,-79.938656,40.401034
0057G00270000000,57-G-270,Hazelwood,R1A-H,5637,private,4100,single_family,1,True,23.5,25.9,32.6,high_risk,by_right,1.0,1.0,1.0,by_right,5.4,6.5,7.6,159689,213687,270701,-615271,-537276,-459810,68% of lot on 25%+ slope,high,,-79.939837,40.401574
0057G00270000000,57-G-270,Hazelwood,R1A-H,5637,private,4100,duplex,2,False,,,,high_risk,not_allowed,,,,,,,,,,,,,,68% of lot on 25%+ slope,high,,-79.939837,40.401574
0057G00270000000,57-G-270,Hazelwood,R1A-H,5637,private,4100,triplex,3,False,,,,high_risk,not_allowed,,,,,,,,,,,,,,68% of lot on 25%+ slope,high,,-79.939837,40.401574
0057G00270000000,57-G-270,Hazelwood,R1A-H,5637,private,4100,townhome,2,False,31.5,36.5,41.9,high_risk,subdivision,0.885,0.932,0.966,placeholder,5.6,6.6,7.7,158432,213363,266728,-961715,-833158,-720528,68% of lot on 25%+ slope,high,,-79.939837,40.401574
0057G00270000000,57-G-270,Hazelwood,R1A-H,5637,private,4100,walkup,4,False,,,,high_risk,not_allowed,,,,,,,,,,,,,,68% of lot on 25%+ slope,high,,-79.939837,40.401574
0057G00282000A00,57-G-282-A,Hazelwood,R1A-H,957,private,300,single_family,1,False,,,,high_risk,not_allowed,,,,,,,,,,,,,,51% of lot on 25%+ slope,high,,-79.938629,40.401471
0057G00282000A00,57-G-282-A,Hazelwood,R1A-H,957,private,300,duplex,2,False,,,,high_risk,not_allowed,,,,,,,,,,,,,,51% of lot on 25%+ slope,high,,-79.938629,40.401471
0057G00282000A00,57-G-282-A,Hazelwood,R1A-H,957,private,300,triplex,3,False,,,,high_risk,not_allowed,,,,,,,,,,,,,,51% of lot on 25%+ slope,high,,-79.938629,40.401471
0057G00282000A00,57-G-282-A,Hazelwood,R1A-H,957,private,300,townhome,2,False,,,,high_risk,not_allowed,,,,,,,,,,,,,,51% of lot on 25%+ slope,high,,-79.938629,40.401471
0057G00282000A00,57-G-282-A,Hazelwood,R1A-H,957,private,300,walkup,4,False,,,,high_risk,not_allowed,,,,,,,,,,,,,,51% of lot on 25%+ slope,high,,-79.938629,40.401471
0057G00287000000,57-G-287,Hazelwood,R1A-H,1798,private,700,single_family,1,True,36.8,42.6,48.1,high_risk,by_right,1.0,1.0,1.0,by_right,4.4,5.4,6.5,65177,97793,131676,-508284,-436898,-369719,30% of lot on 25%+ slope,medium,,-79.93807,40.40167
0057G00287000000,57-G-287,Hazelwood,R1A-H,1798,private,700,duplex,2,False,,,,high_risk,not_allowed,,,,,,,,,,,,,,30% of lot on 25%+ slope,medium,,-79.93807,40.40167
0057G00287000000,57-G-287,Hazelwood,R1A-H,1798,private,700,triplex,3,False,,,,high_risk,not_allowed,,,,,,,,,,,,,,30% of lot on 25%+ slope,medium,,-79.93807,40.40167
0057G00287000000,57-G-287,Hazelwood,R1A-H,1798,private,700,townhome,2,False,,,,high_risk,not_allowed,,,,,,,,,,,,,,30% of lot on 25%+ slope,medium,,-79.93807,40.40167
0057G00287000000,57-G-287,Hazelwood,R1A-H,1798,private,700,walkup,4,False,,,,high_risk,not_allowed,,,,,,,,,,,,,,30% of lot on 25%+ slope,medium,,-79.93807,40.40167
0057G00291000000,57-G-291,Hazelwood,R1A-H,3547,private,3400,single_family,1,True,45.1,49.2,53.1,high_risk,by_right,1.0,1.0,1.0,by_right,4.5,5.9,7.3,36165,55132,73650,-464661,-395364,-334689,16% of lot on 25%+ slope,medium,,-79.938208,40.401503
0057G00291000000,57-G-291,Hazelwood,R1A-H,3547,private,3400,duplex,2,False,,,,high_risk,not_allowed,,,,,,,,,,,,,,16% of lot on 25%+ slope,medium,,-79.938208,40.401503
0057G00291000000,57-G-291,Hazelwood,R1A-H,3547,private,3400,triplex,3,False,,,,high_risk,not_allowed,,,,,,,,,,,,,,16% of lot on 25%+ slope,medium,,-79.938208,40.401503
0057G00291000000,57-G-291,Hazelwood,R1A-H,3547,private,3400,townhome,2,False,48.9,51.8,54.5,feasible_with_conditions,subdivision,0.885,0.932,0.966,placeholder,5.0,6.2,7.4,35755,54746,73732,-819016,-695365,-583373,16% of lot on 25%+ slope,medium,,-79.938208,40.401503
0057G00291000000,57-G-291,Hazelwood,R1A-H,3547,private,3400,walkup,4,False,,,,high_risk,not_allowed,,,,,,,,,,,,,,16% of lot on 25%+ slope,medium,,-79.938208,40.401503
0057G00293000000,57-G-293,Hazelwood,R1A-H,3655,private,3400,single_family,1,True,54.8,57.0,59.2,feasible_with_conditions,by_right,1.0,1.0,1.0,by_right,3.3,4.0,5.0,19040,27740,36151,-441582,-375594,-315229,3% of lot on 25%+ slope,low,,-79.938302,40.401412
0057G00293000000,57-G-293,Hazelwood,R1A-H,3655,private,3400,duplex,2,False,,,,high_risk,not_allowed,,,,,,,,,,,,,,3% of lot on 25%+ slope,low,,-79.938302,40.401412
0057G00293000000,57-G-293,Hazelwood,R1A-H,3655,private,3400,triplex,3,False,,,,high_risk,not_allowed,,,,,,,,,,,,,,3% of lot on 25%+ slope,low,,-79.938302,40.401412
0057G00293000000,57-G-293,Hazelwood,R1A-H,3655,private,3400,townhome,2,False,53.3,55.4,57.5,feasible_with_conditions,subdivision,0.885,0.932,0.966,placeholder,4.5,5.7,6.9,18987,27783,36082,-799073,-671139,-565076,3% of lot on 25%+ slope,low,,-79.938302,40.401412
0057G00293000000,57-G-293,Hazelwood,R1A-H,3655,private,3400,walkup,4,False,,,,high_risk,not_allowed,,,,,,,,,,,,,,3% of lot on 25%+ slope,low,,-79.938302,40.401412
0057G00294000000,57-G-294,Hazelwood,R1A-H,1933,private,2700,single_family,1,True,57.8,59.8,61.6,feasible_with_conditions,by_right,1.0,1.0,1.0,by_right,3.1,4.0,5.0,9001,15071,21327,-430533,-364490,-306511,"1 DEP record(s) within 1,000 ft",low,,-79.938374,40.401342
0057G00294000000,57-G-294,Hazelwood,R1A-H,1933,private,2700,duplex,2,False,,,,high_risk,not_allowed,,,,,,,,,,,,,,"1 DEP record(s) within 1,000 ft",low,,-79.938374,40.401342
0057G00294000000,57-G-294,Hazelwood,R1A-H,1933,private,2700,triplex,3,False,,,,high_risk,not_allowed,,,,,,,,,,,,,,"1 DEP record(s) within 1,000 ft",low,,-79.938374,40.401342
0057G00294000000,57-G-294,Hazelwood,R1A-H,1933,private,2700,townhome,2,False,,,,high_risk,not_allowed,,,,,,,,,,,,,,"1 DEP record(s) within 1,000 ft",low,,-79.938374,40.401342
0057G00294000000,57-G-294,Hazelwood,R1A-H,1933,private,2700,walkup,4,False,,,,high_risk,not_allowed,,,,,,,,,,,,,,"1 DEP record(s) within 1,000 ft",low,,-79.938374,40.401342
0057G00296000000,57-G-296,Hazelwood,R1A-H,1810,private,700,single_family,1,True,57.8,59.8,61.6,feasible_with_conditions,by_right,1.0,1.0,1.0,by_right,3.1,4.0,5.0,9001,15071,21327,-430533,-364490,-306511,"1 DEP record(s) within 1,000 ft",low,,-79.938471,40.401246
0057G00296000000,57-G-296,Hazelwood,R1A-H,1810,private,700,duplex,2,False,,,,high_risk,not_allowed,,,,,,,,,,,,,,"1 DEP record(s) within 1,000 ft",low,,-79.938471,40.401246
0057G00296000000,57-G-296,Hazelwood,R1A-H,1810,private,700,triplex,3,False,,,,high_risk,not_allowed,,,,,,,,,,,,,,"1 DEP record(s) within 1,000 ft",low,,-79.938471,40.401246
0057G00296000000,57-G-296,Hazelwood,R1A-H,1810,private,700,townhome,2,False,,,,high_risk,not_allowed,,,,,,,,,,,,,,"1 DEP record(s) within 1,000 ft",low,,-79.938471,40.401246
0057G00296000000,57-G-296,Hazelwood,R1A-H,1810,private,700,walkup,4,False,,,,high_risk,not_allowed,,,,,,,,,,,,,,"1 DEP record(s) within 1,000 ft",low,,-79.938471,40.401246
0057G00297000000,57-G-297,Hazelwood,R1A-H,1939,private,700,single_family,1,True,57.8,59.8,61.6,feasible_with_conditions,by_right,1.0,1.0,1.0,by_right,3.1,4.0,5.0,9001,15071,21327,-430533,-364490,-306511,"1 DEP record(s) within 1,000 ft",low,,-79.938518,40.401198
0057G00297000000,57-G-297,Hazelwood,R1A-H,1939,private,700,duplex,2,False,,,,high_risk,not_allowed,,,,,,,,,,,,,,"1 DEP record(s) within 1,000 ft",low,,-79.938518,40.401198
0057G00297000000,57-G-297,Hazelwood,R1A-H,1939,private,700,triplex,3,False,,,,high_risk,not_allowed,,,,,,,,,,,,,,"1 DEP record(s) within 1,000 ft",low,,-79.938518,40.401198
0057G00297000000,57-G-297,Hazelwood,R1A-H,1939,private,700,townhome,2,False,,,,high_risk,not_allowed,,,,,,,,,,,,,,"1 DEP record(s) within 1,000 ft",low,,-79.938518,40.401198
0057G00297000000,57-G-297,Hazelwood,R1A-H,1939,private,700,walkup,4,False,,,,high_risk,not_allowed,,,,,,,,,,,,,,"1 DEP record(s) within 1,000 ft",low,,-79.938518,40.401198
0057G00303000000,57-G-303,Hazelwood,R1A-H,1797,private,700,single_family,1,True,51.8,54.4,57.1,feasible_with_conditions,by_right,1.0,1.0,1.0,by_right,4.4,5.8,7.3,19291,27637,36319,-435606,-368909,-308863,$3 in tax liens,medium,,-79.93806,40.401114
0057G00303000000,57-G-303,Hazelwood,R1A-H,1797,private,700,duplex,2,False,,,,high_risk,not_allowed,,,,,,,,,,,,,,$3 in tax liens,medium,,-79.93806,40.401114
0057G00303000000,57-G-303,Hazelwood,R1A-H,1797,private,700,triplex,3,False,,,,high_risk,not_allowed,,,,,,,,,,,,,,$3 in tax liens,medium,,-79.93806,40.401114
0057G00303000000,57-G-303,Hazelwood,R1A-H,1797,private,700,townhome,2,False,,,,high_risk,not_allowed,,,,,,,,,,,,,,$3 in tax liens,medium,,-79.93806,40.401114
0057G00303000000,57-G-303,Hazelwood,R1A-H,1797,private,700,walkup,4,False,,,,high_risk,not_allowed,,,,,,,,,,,,,,$3 in tax liens,medium,,-79.93806,40.401114
0057G00306000000,57-G-306,Hazelwood,R1A-H,2971,private,3700,single_family,1,True,45.3,49.5,53.4,high_risk,by_right,1.0,1.0,1.0,by_right,4.5,5.9,7.3,34975,53942,72460,-460475,-391135,-330567,33% of lot on 25%+ slope,medium,,-79.937816,40.401219
0057G00306000000,57-G-306,Hazelwood,R1A-H,2971,private,3700,duplex,2,False,,,,high_risk,not_allowed,,,,,,,,,,,,,,33% of lot on 25%+ slope,medium,,-79.937816,40.401219
0057G00306000000,57-G-306,Hazelwood,R1A-H,2971,private,3700,triplex,3,False,,,,high_risk,not_allowed,,,,,,,,,,,,,,33% of lot on 25%+ slope,medium,,-79.937816,40.401219
0057G00306000000,57-G-306,Hazelwood,R1A-H,2971,private,3700,townhome,2,False,,,,high_risk,not_allowed,,,,,,,,,,,,,,33% of lot on 25%+ slope,medium,,-79.937816,40.401219
0057G00306000000,57-G-306,Hazelwood,R1A-H,2971,private,3700,walkup,4,False,,,,high_risk,not_allowed,,,,,,,,,,,,,,33% of lot on 25%+ slope,medium,,-79.937816,40.401219
0057G00312000000,57-G-312,Hazelwood,R1A-H,3617,private,3500,single_family,1,True,51.1,53.7,56.4,feasible_with_conditions,by_right,1.0,1.0,1.0,by_right,4.4,5.8,7.3,22619,30965,39647,-438503,-371887,-311782,"$3,331 in tax liens",medium,,-79.937572,40.401509
0057G00312000000,57-G-312,Hazelwood,R1A-H,3617,private,3500,duplex,2,False,,,,high_risk,not_allowed,,,,,,,,,,,,,,"$3,331 in tax liens",medium,,-79.937572,40.401509
0057G00312000000,57-G-312,Hazelwood,R1A-H,3617,private,3500,triplex,3,False,,,,high_risk,not_allowed,,,,,,,,,,,,,,"$3,331 in tax liens",medium,,-79.937572,40.401509
0057G00312000000,57-G-312,Hazelwood,R1A-H,3617,private,3500,townhome,2,False,,,,high_risk,not_allowed,,,,,,,,,,,,,,"$3,331 in tax liens",medium,,-79.937572,40.401509
0057G00312000000,57-G-312,Hazelwood,R1A-H,3617,private,3500,walkup,4,False,,,,high_risk,not_allowed,,,,,,,,,,,,,,"$3,331 in tax liens",medium,,-79.937572,40.401509
0057G00317000000,57-G-317,Hazelwood,R1A-H,5057,private,2000,single_family,1,True,43.5,48.8,54.5,high_risk,by_right,1.0,1.0,1.0,by_right,4.2,5.3,6.4,31782,60931,88514,-465505,-398753,-336186,30% of lot landslide-prone,medium,,-79.937046,40.401637
0057G00317000000,57-G-317,Hazelwood,R1A-H,5057,private,2000,duplex,2,False,,,,high_risk,not_allowed,,,,,,,,,,,,,,30% of lot landslide-prone,medium,,-79.937046,40.401637
0057G00317000000,57-G-317,Hazelwood,R1A-H,5057,private,2000,triplex,3,False,,,,high_risk,not_allowed,,,,,,,,,,,,,,30% of lot landslide-prone,medium,,-79.937046,40.401637
0057G00317000000,57-G-317,Hazelwood,R1A-H,5057,private,2000,townhome,2,False,48.2,51.7,55.0,feasible_with_conditions,subdivision,0.885,0.932,0.966,placeholder,4.9,5.8,7.0,32509,59908,87980,-821798,-694346,-583769,30% of lot landslide-prone,medium,,-79.937046,40.401637
0057G00317000000,57-G-317,Hazelwood,R1A-H,5057,private,2000,walkup,4,False,,,,high_risk,not_allowed,,,,,,,,,,,,,,30% of lot landslide-prone,medium,,-79.937046,40.401637
0057G00328000000,57-G-328,Hazelwood,R1A-H,2361,private,600,single_family,1,True,54.6,57.0,59.5,feasible_with_conditions,by_right,1.0,1.0,1.0,by_right,4.4,5.8,7.4,8760,15167,21425,-422263,-356450,-297436,$6 in tax liens,medium,,-79.937395,40.400972
0057G00328000000,57-G-328,Hazelwood,R1A-H,2361,private,600,duplex,2,False,,,,high_risk,not_allowed,,,,,,,,,,,,,,$6 in tax liens,medium,,-79.937395,40.400972
0057G00328000000,57-G-328,Hazelwood,R1A-H,2361,private,600,triplex,3,False,,,,high_risk,not_allowed,,,,,,,,,,,,,,$6 in tax liens,medium,,-79.937395,40.400972
0057G00328000000,57-G-328,Hazelwood,R1A-H,2361,private,600,townhome,2,False,,,,high_risk,not_allowed,,,,,,,,,,,,,,$6 in tax liens,medium,,-79.937395,40.400972
0057G00328000000,57-G-328,Hazelwood,R1A-H,2361,private,600,walkup,4,False,,,,high_risk,not_allowed,,,,,,,,,,,,,,$6 in tax liens,medium,,-79.937395,40.400972
0057G00330000000,57-G-330,Hazelwood,R1A-H,4533,private,2000,single_family,1,True,54.6,57.0,59.5,feasible_with_conditions,by_right,1.0,1.0,1.0,by_right,4.4,5.8,7.4,8773,15180,21438,-422275,-356462,-297448,$19 in tax liens,medium,,-79.937453,40.400888
0057G00330000000,57-G-330,Hazelwood,R1A-H,4533,private,2000,duplex,2,False,,,,high_risk,not_allowed,,,,,,,,,,,,,,$19 in tax liens,medium,,-79.937453,40.400888
0057G00330000000,57-G-330,Hazelwood,R1A-H,4533,private,2000,triplex,3,False,,,,high_risk,not_allowed,,,,,,,,,,,,,,$19 in tax liens,medium,,-79.937453,40.400888
0057G00330000000,57-G-330,Hazelwood,R1A-H,4533,private,2000,townhome,2,False,54.3,56.2,58.2,feasible_with_conditions,subdivision,0.885,0.932,0.966,placeholder,5.0,6.2,7.4,8993,15037,21292,-777563,-653578,-548386,$19 in tax liens,medium,,-79.937453,40.400888
0057G00330000000,57-G-330,Hazelwood,R1A-H,4533,private,2000,walkup,4,False,,,,high_risk,not_allowed,,,,,,,,,,,,,,$19 in tax liens,medium,,-79.937453,40.400888
0057G00336000000,57-G-336,Hazelwood,R1A-H,2186,private,1000,single_family,1,True,57.8,59.8,61.6,feasible_with_conditions,by_right,1.0,1.0,1.0,by_right,3.1,4.0,5.0,9001,15071,21327,-427596,-361200,-303487,"1 DEP record(s) within 1,000 ft",low,,-79.937697,40.400654
0057G00336000000,57-G-336,Hazelwood,R1A-H,2186,private,1000,duplex,2,False,,,,high_risk,not_allowed,,,,,,,,,,,,,,"1 DEP record(s) within 1,000 ft",low,,-79.937697,40.400654
0057G00336000000,57-G-336,Hazelwood,R1A-H,2186,private,1000,triplex,3,False,,,,high_risk,not_allowed,,,,,,,,,,,,,,"1 DEP record(s) within 1,000 ft",low,,-79.937697,40.400654
0057G00336000000,57-G-336,Hazelwood,R1A-H,2186,private,1000,townhome,2,False,,,,high_risk,not_allowed,,,,,,,,,,,,,,"1 DEP record(s) within 1,000 ft",low,,-79.937697,40.400654
0057G00336000000,57-G-336,Hazelwood,R1A-H,2186,private,1000,walkup,4,False,,,,high_risk,not_allowed,,,,,,,,,,,,,,"1 DEP record(s) within 1,000 ft",low,,-79.937697,40.400654
0058G00129000000,58-G-129,Hazelwood,R1D-M,3312,private,3500,single_family,1,True,36.8,42.6,48.1,high_risk,by_right,1.0,1.0,1.0,by_right,4.4,5.4,6.5,65177,97793,131676,-478484,-399757,-326008,80% of lot landslide-prone,high,,-79.939784,40.409012
0058G00129000000,58-G-129,Hazelwood,R1D-M,3312,private,3500,duplex,2,False,,,,high_risk,not_allowed,,,,,,,,,,,,,,80% of lot landslide-prone,high,,-79.939784,40.409012
0058G00129000000,58-G-129,Hazelwood,R1D-M,3312,private,3500,triplex,3,False,,,,high_risk,not_allowed,,,,,,,,,,,,,,80% of lot landslide-prone,high,,-79.939784,40.409012
0058G00129000000,58-G-129,Hazelwood,R1D-M,3312,private,3500,townhome,2,False,,,,high_risk,not_allowed,,,,,,,,,,,,,,80% of lot landslide-prone,high,,-79.939784,40.409012
0058G00129000000,58-G-129,Hazelwood,R1D-M,3312,private,3500,walkup,4,False,,,,high_risk,not_allowed,,,,,,,,,,,,,,80% of lot landslide-prone,high,,-79.939784,40.409012
0088E00225000000,88-E-225,Hazelwood,P,2430,private,2000,single_family,,False,,,,high_risk,not_allowed,,,,,,,,,,,,,,No street frontage within 60 ft,high,,-79.93106,40.418865
0088E00225000000,88-E-225,Hazelwood,P,2430,private,2000,duplex,,False,,,,high_risk,not_allowed,,,,,,,,,,,,,,No street frontage within 60 ft,high,,-79.93106,40.418865
0088E00225000000,88-E-225,Hazelwood,P,2430,private,2000,triplex,,False,,,,high_risk,not_allowed,,,,,,,,,,,,,,No street frontage within 60 ft,high,,-79.93106,40.418865
0088E00225000000,88-E-225,Hazelwood,P,2430,private,2000,townhome,,False,,,,high_risk,not_allowed,,,,,,,,,,,,,,No street frontage within 60 ft,high,,-79.93106,40.418865
0088E00225000000,88-E-225,Hazelwood,P,2430,private,2000,walkup,,False,,,,high_risk,not_allowed,,,,,,,,,,,,,,No street frontage within 60 ft,high,,-79.93106,40.418865
0088E00230000000,88-E-230,Hazelwood,P,9913,private,8000,single_family,,False,,,,high_risk,not_allowed,,,,,,,,,,,,,,No street frontage within 60 ft,high,,-79.930615,40.418881
0088E00230000000,88-E-230,Hazelwood,P,9913,private,8000,duplex,,False,,,,high_risk,not_allowed,,,,,,,,,,,,,,No street frontage within 60 ft,high,,-79.930615,40.418881
0088E00230000000,88-E-230,Hazelwood,P,9913,private,8000,triplex,,False,,,,high_risk,not_allowed,,,,,,,,,,,,,,No street frontage within 60 ft,high,,-79.930615,40.418881
0088E00230000000,88-E-230,Hazelwood,P,9913,private,8000,townhome,,False,,,,high_risk,not_allowed,,,,,,,,,,,,,,No street frontage within 60 ft,high,,-79.930615,40.418881
0088E00230000000,88-E-230,Hazelwood,P,9913,private,8000,walkup,,False,,,,high_risk,not_allowed,,,,,,,,,,,,,,No street frontage within 60 ft,high,,-79.930615,40.418881
0088N00001000000,88-N-1,Hazelwood,H,1752,private,400,single_family,1,True,21.1,28.3,35.9,high_risk,administrator_exception,0.732,0.792,0.848,placeholder,5.1,6.1,7.3,101767,153354,204674,-405893,-319669,-240641,95% of lot on 25%+ slope,high,,-79.932748,40.414033
0088N00001000000,88-N-1,Hazelwood,H,1752,private,400,duplex,2,False,,,,high_risk,not_allowed,,,,,,,,,,,,,,95% of lot on 25%+ slope,high,,-79.932748,40.414033
0088N00001000000,88-N-1,Hazelwood,H,1752,private,400,triplex,3,False,,,,high_risk,not_allowed,,,,,,,,,,,,,,95% of lot on 25%+ slope,high,,-79.932748,40.414033
0088N00001000000,88-N-1,Hazelwood,H,1752,private,400,townhome,2,False,,,,high_risk,not_allowed,,,,,,,,,,,,,,95% of lot on 25%+ slope,high,,-79.932748,40.414033
0088N00001000000,88-N-1,Hazelwood,H,1752,private,400,walkup,4,False,,,,high_risk,not_allowed,,,,,,,,,,,,,,95% of lot on 25%+ slope,high,,-79.932748,40.414033
0088N00002000000,88-N-2,Hazelwood,H,3806,private,600,single_family,1,True,23.5,30.7,38.5,high_risk,administrator_exception,0.838,0.89,0.934,placeholder,5.0,6.1,7.3,102192,152669,204078,-403810,-322640,-243501,60% of lot on 25%+ slope,high,,-79.932703,40.41395
0088N00002000000,88-N-2,Hazelwood,H,3806,private,600,duplex,2,False,,,,high_risk,not_allowed,,,,,,,,,,,,,,60% of lot on 25%+ slope,high,,-79.932703,40.41395
0088N00002000000,88-N-2,Hazelwood,H,3806,private,600,triplex,3,False,,,,high_risk,not_allowed,,,,,,,,,,,,,,60% of lot on 25%+ slope,high,,-79.932703,40.41395
0088N00002000000,88-N-2,Hazelwood,H,3806,private,600,townhome,2,False,,,,high_risk,not_allowed,,,,,,,,,,,,,,60% of lot on 25%+ slope,high,,-79.932703,40.41395
0088N00002000000,88-N-2,Hazelwood,H,3806,private,600,walkup,4,False,,,,high_risk,not_allowed,,,,,,,,,,,,,,60% of lot on 25%+ slope,high,,-79.932703,40.41395
0088N00004000000,88-N-4,Hazelwood,H,3291,private,500,single_family,1,True,23.5,30.7,38.5,high_risk,administrator_exception,0.838,0.89,0.934,placeholder,5.0,6.1,7.3,102192,152669,204078,-409996,-328846,-249688,55% of lot on 25%+ slope,high,,-79.932635,40.413853
0088N00004000000,88-N-4,Hazelwood,H,3291,private,500,duplex,2,False,,,,high_risk,not_allowed,,,,,,,,,,,,,,55% of lot on 25%+ slope,high,,-79.932635,40.413853
0088N00004000000,88-N-4,Hazelwood,H,3291,private,500,triplex,3,False,,,,high_risk,not_allowed,,,,,,,,,,,,,,55% of lot on 25%+ slope,high,,-79.932635,40.413853
0088N00004000000,88-N-4,Hazelwood,H,3291,private,500,townhome,2,False,,,,high_risk,not_allowed,,,,,,,,,,,,,,55% of lot on 25%+ slope,high,,-79.932635,40.413853
0088N00004000000,88-N-4,Hazelwood,H,3291,private,500,walkup,4,False,,,,high_risk,not_allowed,,,,,,,,,,,,,,55% of lot on 25%+ slope,high,,-79.932635,40.413853
0089A00016000000,89-A-16,Hazelwood,H,4495,city,4100,single_family,1,True,22.9,29.9,37.6,high_risk,administrator_exception,0.838,0.89,0.934,placeholder,5.3,6.4,7.6,104268,153618,205794,-452603,-369148,-289004,65% of lot on 25%+ slope,high,,-79.932733,40.41295
0089A00016000000,89-A-16,Hazelwood,H,4495,city,4100,duplex,2,False,,,,high_risk,not_allowed,,,,,,,,,,,,,,65% of lot on 25%+ slope,high,,-79.932733,40.41295
0089A00016000000,89-A-16,Hazelwood,H,4495,city,4100,triplex,3,False,,,,high_risk,not_allowed,,,,,,,,,,,,,,65% of lot on 25%+ slope,high,,-79.932733,40.41295
0089A00016000000,89-A-16,Hazelwood,H,4495,city,4100,townhome,2,False,,,,high_risk,not_allowed,,,,,,,,,,,,,,65% of lot on 25%+ slope,high,,-79.932733,40.41295
0089A00016000000,89-A-16,Hazelwood,H,4495,city,4100,walkup,4,False,,,,high_risk,not_allowed,,,,,,,,,,,,,,65% of lot on 25%+ slope,high,,-79.932733,40.41295
0089A00020000000,89-A-20,Hazelwood,H,2079,city,2800,single_family,1,True,20.9,27.7,35.4,high_risk,administrator_exception,0.732,0.792,0.848,placeholder,5.3,6.5,7.6,102504,154214,203385,-454072,-371511,-289735,62% of lot on 25%+ slope,high,,-79.93262,40.412998
0089A00020000000,89-A-20,Hazelwood,H,2079,city,2800,duplex,2,False,,,,high_risk,not_allowed,,,,,,,,,,,,,,62% of lot on 25%+ slope,high,,-79.93262,40.412998
0089A00020000000,89-A-20,Hazelwood,H,2079,city,2800,triplex,3,False,,,,high_risk,not_allowed,,,,,,,,,,,,,,62% of lot on 25%+ slope,high,,-79.93262,40.412998
0089A00020000000,89-A-20,Hazelwood,H,2079,city,2800,townhome,2,False,,,,high_risk,not_allowed,,,,,,,,,,,,,,62% of lot on 25%+ slope,high,,-79.93262,40.412998
0089A00020000000,89-A-20,Hazelwood,H,2079,city,2800,walkup,4,False,,,,high_risk,not_allowed,,,,,,,,,,,,,,62% of lot on 25%+ slope,high,,-79.93262,40.412998
0089A00021000000,89-A-21,Hazelwood,H,1847,city,2800,single_family,1,True,20.9,27.6,35.4,high_risk,administrator_exception,0.732,0.792,0.848,placeholder,5.3,6.5,7.6,102803,154514,203685,-450656,-367937,-286414,58% of lot on 25%+ slope,high,,-79.932553,40.413026
0089A00021000000,89-A-21,Hazelwood,H,1847,city,2800,duplex,2,False,,,,high_risk,not_allowed,,,,,,,,,,,,,,58% of lot on 25%+ slope,high,,-79.932553,40.413026
0089A00021000000,89-A-21,Hazelwood,H,1847,city,2800,triplex,3,False,,,,high_risk,not_allowed,,,,,,,,,,,,,,58% of lot on 25%+ slope,high,,-79.932553,40.413026
0089A00021000000,89-A-21,Hazelwood,H,1847,city,2800,townhome,2,False,,,,high_risk,not_allowed,,,,,,,,,,,,,,58% of lot on 25%+ slope,high,,-79.932553,40.413026
0089A00021000000,89-A-21,Hazelwood,H,1847,city,2800,walkup,4,False,,,,high_risk,not_allowed,,,,,,,,,,,,,,58% of lot on 25%+ slope,high,,-79.932553,40.413026
0089A00022000000,89-A-22,Hazelwood,H,1845,city,2800,single_family,1,True,30.6,36.4,42.3,high_risk,administrator_exception,0.732,0.792,0.848,placeholder,5.0,6.1,7.3,63091,96697,128898,-393653,-316460,-243431,100% of lot landslide-prone,high,,-79.932496,40.413058
0089A00022000000,89-A-22,Hazelwood,H,1845,city,2800,duplex,2,False,,,,high_risk,not_allowed,,,,,,,,,,,,,,100% of lot landslide-prone,high,,-79.932496,40.413058
0089A00022000000,89-A-22,Hazelwood,H,1845,city,2800,triplex,3,False,,,,high_risk,not_allowed,,,,,,,,,,,,,,100% of lot landslide-prone,high,,-79.932496,40.413058
0089A00022000000,89-A-22,Hazelwood,H,1845,city,2800,townhome,2,False,,,,high_risk,not_allowed,,,,,,,,,,,,,,100% of lot landslide-prone,high,,-79.932496,40.413058
0089A00022000000,89-A-22,Hazelwood,H,1845,city,2800,walkup,4,False,,,,high_risk,not_allowed,,,,,,,,,,,,,,100% of lot landslide-prone,high,,-79.932496,40.413058
0089A00023000000,89-A-23,Hazelwood,H,3890,city,3600,single_family,1,True,33.0,38.9,44.8,high_risk,administrator_exception,0.838,0.89,0.934,placeholder,5.0,6.1,7.3,64311,96283,129577,-394173,-315779,-243988,100% of lot landslide-prone,high,,-79.9324,40.413097
0089A00023000000,89-A-23,Hazelwood,H,3890,city,3600,duplex,2,False,,,,high_risk,not_allowed,,,,,,,,,,,,,,100% of lot landslide-prone,high,,-79.9324,40.413097
0089A00023000000,89-A-23,Hazelwood,H,3890,city,3600,triplex,3,False,,,,high_risk,not_allowed,,,,,,,,,,,,,,100% of lot landslide-prone,high,,-79.9324,40.413097
0089A00023000000,89-A-23,Hazelwood,H,3890,city,3600,townhome,2,False,,,,high_risk,not_allowed,,,,,,,,,,,,,,100% of lot landslide-prone,high,,-79.9324,40.413097
0089A00023000000,89-A-23,Hazelwood,H,3890,city,3600,walkup,4,False,,,,high_risk,not_allowed,,,,,,,,,,,,,,100% of lot landslide-prone,high,,-79.9324,40.413097
0089A00025000000,89-A-25,Hazelwood,H,3825,city,3600,single_family,1,True,37.6,43.0,48.6,high_risk,administrator_exception,0.838,0.89,0.934,placeholder,5.0,6.1,7.3,42620,71917,100245,-353685,-279299,-212349,100% of lot landslide-prone,high,,-79.932277,40.413154
0089A00025000000,89-A-25,Hazelwood,H,3825,city,3600,duplex,2,False,,,,high_risk,not_allowed,,,,,,,,,,,,,,100% of lot landslide-prone,high,,-79.932277,40.413154
0089A00025000000,89-A-25,Hazelwood,H,3825,city,3600,triplex,3,False,,,,high_risk,not_allowed,,,,,,,,,,,,,,100% of lot landslide-prone,high,,-79.932277,40.413154
0089A00025000000,89-A-25,Hazelwood,H,3825,city,3600,townhome,2,False,,,,high_risk,not_allowed,,,,,,,,,,,,,,100% of lot landslide-prone,high,,-79.932277,40.413154
0089A00025000000,89-A-25,Hazelwood,H,3825,city,3600,walkup,4,False,,,,high_risk,not_allowed,,,,,,,,,,,,,,100% of lot landslide-prone,high,,-79.932277,40.413154
0089A00027000000,89-A-27,Hazelwood,H,2081,city,2800,single_family,1,True,35.1,40.5,46.2,high_risk,administrator_exception,0.732,0.792,0.848,placeholder,5.0,6.1,7.3,42320,71495,99692,-329529,-257158,-189204,100% of lot landslide-prone,high,,-79.932183,40.413195
0089A00027000000,89-A-27,Hazelwood,H,2081,city,2800,duplex,2,False,,,,high_risk,not_allowed,,,,,,,,,,,,,,100% of lot landslide-prone,high,,-79.932183,40.413195
0089A00027000000,89-A-27,Hazelwood,H,2081,city,2800,triplex,3,False,,,,high_risk,not_allowed,,,,,,,,,,,,,,100% of lot landslide-prone,high,,-79.932183,40.413195
0089A00027000000,89-A-27,Hazelwood,H,2081,city,2800,townhome,2,False,,,,high_risk,not_allowed,,,,,,,,,,,,,,100% of lot landslide-prone,high,,-79.932183,40.413195
0089A00027000000,89-A-27,Hazelwood,H,2081,city,2800,walkup,4,False,,,,high_risk,not_allowed,,,,,,,,,,,,,,100% of lot landslide-prone,high,,-79.932183,40.413195
0089A00028000000,89-A-28,Hazelwood,H,3093,city,2700,single_family,1,True,35.1,40.4,46.1,high_risk,administrator_exception,0.732,0.792,0.848,placeholder,5.0,6.1,7.3,42612,71787,99985,-326279,-252667,-183518,100% of lot landslide-prone,high,,-79.932105,40.413236
0089A00028000000,89-A-28,Hazelwood,H,3093,city,2700,duplex,2,False,,,,high_risk,not_allowed,,,,,,,,,,,,,,100% of lot landslide-prone,high,,-79.932105,40.413236
0089A00028000000,89-A-28,Hazelwood,H,3093,city,2700,triplex,3,False,,,,high_risk,not_allowed,,,,,,,,,,,,,,100% of lot landslide-prone,high,,-79.932105,40.413236
0089A00028000000,89-A-28,Hazelwood,H,3093,city,2700,townhome,2,False,,,,high_risk,not_allowed,,,,,,,,,,,,,,100% of lot landslide-prone,high,,-79.932105,40.413236
0089A00028000000,89-A-28,Hazelwood,H,3093,city,2700,walkup,4,False,,,,high_risk,not_allowed,,,,,,,,,,,,,,100% of lot landslide-prone,high,,-79.932105,40.413236
0089A00118000000,89-A-118,Hazelwood,H,2084,private,2700,single_family,1,True,46.3,49.0,51.6,high_risk,administrator_exception,0.732,0.792,0.848,placeholder,4.6,5.6,6.6,20623,29072,38224,-342346,-270894,-207611,100% of lot over mapped mine workings (UM-O overlay),medium,,-79.931381,40.411702
0089A00118000000,89-A-118,Hazelwood,H,2084,private,2700,duplex,2,False,,,,high_risk,not_allowed,,,,,,,,,,,,,,100% of lot over mapped mine workings (UM-O overlay),medium,,-79.931381,40.411702
0089A00118000000,89-A-118,Hazelwood,H,2084,private,2700,triplex,3,False,,,,high_risk,not_allowed,,,,,,,,,,,,,,100% of lot over mapped mine workings (UM-O overlay),medium,,-79.931381,40.411702
0089A00118000000,89-A-118,Hazelwood,H,2084,private,2700,townhome,2,False,,,,high_risk,not_allowed,,,,,,,,,,,,,,100% of lot over mapped mine workings (UM-O overlay),medium,,-79.931381,40.411702
0089A00118000000,89-A-118,Hazelwood,H,2084,private,2700,walkup,4,False,,,,high_risk,not_allowed,,,,,,,,,,,,,,100% of lot over mapped mine workings (UM-O overlay),medium,,-79.931381,40.411702
0089A00119000000,89-A-119,Hazelwood,H,1635,private,2700,single_family,1,True,46.3,49.0,51.6,high_risk,administrator_exception,0.732,0.792,0.848,placeholder,4.6,5.6,6.6,20623,29072,38224,-346555,-274740,-211338,100% of lot over mapped mine workings (UM-O overlay),medium,,-79.931453,40.411688
0089A00119000000,89-A-119,Hazelwood,H,1635,private,2700,duplex,2,False,,,,high_risk,not_allowed,,,,,,,,,,,,,,100% of lot over mapped mine workings (UM-O overlay),medium,,-79.931453,40.411688
0089A00119000000,89-A-119,Hazelwood,H,1635,private,2700,triplex,3,False,,,,high_risk,not_allowed,,,,,,,,,,,,,,100% of lot over mapped mine workings (UM-O overlay),medium,,-79.931453,40.411688
0089A00119000000,89-A-119,Hazelwood,H,1635,private,2700,townhome,2,False,,,,high_risk,not_allowed,,,,,,,,,,,,,,100% of lot over mapped mine workings (UM-O overlay),medium,,-79.931453,40.411688
0089A00119000000,89-A-119,Hazelwood,H,1635,private,2700,walkup,4,False,,,,high_risk,not_allowed,,,,,,,,,,,,,,100% of lot over mapped mine workings (UM-O overlay),medium,,-79.931453,40.411688
0089A00121000000,89-A-121,Hazelwood,H,3398,private,3400,single_family,1,True,49.1,51.7,54.2,feasible_with_conditions,administrator_exception,0.838,0.89,0.934,placeholder,4.5,5.5,6.6,20027,28933,38403,-347579,-275560,-211254,100% of lot over mapped mine workings (UM-O overlay),medium,,-79.931552,40.411671
0089A00121000000,89-A-121,Hazelwood,H,3398,private,3400,duplex,2,False,,,,high_risk,not_allowed,,,,,,,,,,,,,,100% of lot over mapped mine workings (UM-O overlay),medium,,-79.931552,40.411671
0089A00121000000,89-A-121,Hazelwood,H,3398,private,3400,triplex,3,False,,,,high_risk,not_allowed,,,,,,,,,,,,,,100% of lot over mapped mine workings (UM-O overlay),medium,,-79.931552,40.411671
0089A00121000000,89-A-121,Hazelwood,H,3398,private,3400,townhome,2,False,,,,high_risk,not_allowed,,,,,,,,,,,,,,100% of lot over mapped mine workings (UM-O overlay),medium,,-79.931552,40.411671
0089A00121000000,89-A-121,Hazelwood,H,3398,private,3400,walkup,4,False,,,,high_risk,not_allowed,,,,,,,,,,,,,,100% of lot over mapped mine workings (UM-O overlay),medium,,-79.931552,40.411671
0089A00127000000,89-A-127,Hazelwood,H,1953,private,700,single_family,1,True,46.3,49.0,51.6,high_risk,administrator_exception,0.732,0.792,0.848,placeholder,4.6,5.6,6.6,20623,29072,38224,-346555,-274740,-211338,100% of lot over mapped mine workings (UM-O overlay),medium,,-79.931936,40.411588
0089A00127000000,89-A-127,Hazelwood,H,1953,private,700,duplex,2,False,,,,high_risk,not_allowed,,,,,,,,,,,,,,100% of lot over mapped mine workings (UM-O overlay),medium,,-79.931936,40.411588
0089A00127000000,89-A-127,Hazelwood,H,1953,private,700,triplex,3,False,,,,high_risk,not_allowed,,,,,,,,,,,,,,100% of lot over mapped mine workings (UM-O overlay),medium,,-79.931936,40.411588
0089A00127000000,89-A-127,Hazelwood,H,1953,private,700,townhome,2,False,,,,high_risk,not_allowed,,,,,,,,,,,,,,100% of lot over mapped mine workings (UM-O overlay),medium,,-79.931936,40.411588
0089A00127000000,89-A-127,Hazelwood,H,1953,private,700,walkup,4,False,,,,high_risk,not_allowed,,,,,,,,,,,,,,100% of lot over mapped mine workings (UM-O overlay),medium,,-79.931936,40.411588
0089A00149000000,89-A-149,Hazelwood,H,5592,private,4000,single_family,1,False,33.7,39.5,45.2,high_risk,administrator_exception,0.838,0.89,0.934,placeholder,5.0,6.1,7.3,61804,92187,123113,-399100,-325193,-258251,No street frontage within 60 ft,high,,-79.931012,40.411526
0089A00149000000,89-A-149,Hazelwood,H,5592,private,4000,duplex,2,False,,,,high_risk,not_allowed,,,,,,,,,,,,,,No street frontage within 60 ft,high,,-79.931012,40.411526
0089A00149000000,89-A-149,Hazelwood,H,5592,private,4000,triplex,3,False,,,,high_risk,not_allowed,,,,,,,,,,,,,,No street frontage within 60 ft,high,,-79.931012,40.411526
0089A00149000000,89-A-149,Hazelwood,H,5592,private,4000,townhome,2,True,35.0,39.1,43.0,high_risk,special_exception+variance+subdivision,0.737,0.829,0.894,model+placeholder,8.7,10.3,12.0,78877,110367,145734,-668891,-541312,-428365,100% of lot over mapped mine workings (UM-O overlay),high,,-79.931012,40.411526
0089A00149000000,89-A-149,Hazelwood,H,5592,private,4000,walkup,4,False,,,,high_risk,not_allowed,,,,,,,,,,,,,,No street frontage within 60 ft,high,,-79.931012,40.411526
0089E00013000000,89-E-13,Hazelwood,H,8559,private,2400,single_family,1,False,32.1,37.7,43.3,high_risk,administrator_exception,0.838,0.89,0.934,placeholder,5.0,6.1,7.2,73190,104151,135034,-416388,-339387,-272656,No street frontage within 60 ft,high,,-79.931848,40.411358
0089E00013000000,89-E-13,Hazelwood,H,8559,private,2400,duplex,2,False,,,,high_risk,not_allowed,,,,,,,,,,,,,,No street frontage within 60 ft,high,,-79.931848,40.411358
0089E00013000000,89-E-13,Hazelwood,H,8559,private,2400,triplex,3,False,,,,high_risk,not_allowed,,,,,,,,,,,,,,No street frontage within 60 ft,high,,-79.931848,40.411358
0089E00013000000,89-E-13,Hazelwood,H,8559,private,2400,townhome,3,True,38.6,42.0,45.1,high_risk,special_exception+variance+subdivision,0.737,0.829,0.894,model+placeholder,8.8,10.3,12.0,89890,124783,159826,-972959,-783376,-609649,100% of lot over mapped mine workings (UM-O overlay),high,,-79.931848,40.411358
0089E00013000000,89-E-13,Hazelwood,H,8559,private,2400,walkup,4,False,,,,high_risk,not_allowed,,,,,,,,,,,,,,No street frontage within 60 ft,high,,-79.931848,40.411358
0052H00093000000,52-H-93,Shadyside,RM-M,3843,private,177500,single_family,1,False,58.2,60.5,66.0,feasible_with_conditions,by_right,1.0,1.0,1.0,by_right,3.1,4.0,5.0,9001,15071,21327,-104160,-23297,54645,"2 DEP record(s) within 1,000 ft",low,,-79.933142,40.449321
0052H00093000000,52-H-93,Shadyside,RM-M,3843,private,177500,duplex,2,False,59.5,61.6,70.6,feasible_with_conditions,by_right,1.0,1.0,1.0,by_right,3.1,4.0,5.0,9001,15071,21327,-145184,-27895,86066,"2 DEP record(s) within 1,000 ft",low,,-79.933142,40.449321
0052H00093000000,52-H-93,Shadyside,RM-M,3843,private,177500,triplex,3,False,60.1,62.2,74.4,feasible_with_conditions,by_right,1.0,1.0,1.0,by_right,3.1,4.0,5.0,9001,15071,21327,-183105,-31952,115826,"2 DEP record(s) within 1,000 ft",low,,-79.933142,40.449321
0052H00093000000,52-H-93,Shadyside,RM-M,3843,private,177500,townhome,2,False,48.3,51.2,62.7,feasible_with_conditions,variance+subdivision,0.759,0.836,0.893,model+placeholder,8.3,10.0,11.8,8758,14800,21051,-174097,-29947,112576,"2 DEP record(s) within 1,000 ft",low,,-79.933142,40.449321
0052H00093000000,52-H-93,Shadyside,RM-M,3843,private,177500,walkup,4,True,60.4,61.9,63.4,feasible_with_conditions,by_right,1.0,1.0,1.0,by_right,3.2,4.0,4.9,8957,15067,21309,-517620,-297395,-94413,"2 DEP record(s) within 1,000 ft",low,,-79.933142,40.449321
0080N00159000000,80-N-159,Central Lawrenceville,R1A-VH,3226,private,32700,single_family,1,True,42.7,48.4,53.9,high_risk,by_right,1.0,1.0,1.0,by_right,3.7,4.6,5.6,42414,70298,98255,-169671,-99046,-29289,51% of lot in the 1% annual-chance floodplain,high,,-79.963337,40.47375
0080N00159000000,80-N-159,Central Lawrenceville,R1A-VH,3226,private,32700,duplex,2,False,,,,high_risk,not_allowed,,,,,,,,,,,,,,51% of lot in the 1% annual-chance floodplain,high,,-79.963337,40.47375
0080N00159000000,80-N-159,Central Lawrenceville,R1A-VH,3226,private,32700,triplex,3,False,,,,high_risk,not_allowed,,,,,,,,,,,,,,51% of lot in the 1% annual-chance floodplain,high,,-79.963337,40.47375
0080N00159000000,80-N-159,Central Lawrenceville,R1A-VH,3226,private,32700,townhome,2,False,,,,high_risk,not_allowed,,,,,,,,,,,,,,51% of lot in the 1% annual-chance floodplain,high,,-79.963337,40.47375
0080N00159000000,80-N-159,Central Lawrenceville,R1A-VH,3226,private,32700,walkup,4,False,,,,high_risk,not_allowed,,,,,,,,,,,,,,51% of lot in the 1% annual-chance floodplain,high,,-79.963337,40.47375
0129J00037000000,129-J-37,Swisshelm Park,R2-L,2650,private,800,single_family,1,True,53.7,56.0,58.7,feasible_with_conditions,administrator_exception,0.841,0.892,0.936,placeholder,3.9,5.0,6.1,6555,12478,18446,-138171,-73508,-13814,Combined sewershed (proxy for stormwater requirements),low,,-79.915262,40.416575
0129J00037000000,129-J-37,Swisshelm Park,R2-L,2650,private,800,duplex,2,False,,,,high_risk,not_allowed,,,,,,,,,,,,,,Combined sewershed (proxy for stormwater requirements),low,,-79.915262,40.416575
0129J00037000000,129-J-37,Swisshelm Park,R2-L,2650,private,800,triplex,3,False,,,,high_risk,not_allowed,,,,,,,,,,,,,,Combined sewershed (proxy for stormwater requirements),low,,-79.915262,40.416575
0129J00037000000,129-J-37,Swisshelm Park,R2-L,2650,private,800,townhome,2,False,,,,high_risk,not_allowed,,,,,,,,,,,,,,Combined sewershed (proxy for stormwater requirements),low,,-79.915262,40.416575
0129J00037000000,129-J-37,Swisshelm Park,R2-L,2650,private,800,walkup,4,False,,,,high_risk,not_allowed,,,,,,,,,,,,,,Combined sewershed (proxy for stormwater requirements),low,,-79.915262,40.416575
0176C00275000000,176-C-275,,,4039,private,1300,single_family,,False,,,,not_scored,not_covered,,,,,,,,,,,,,,Zoning not covered for Wilkinsburg  ,unknown,zoning_not_covered;slope_unknown;undermining_unknown,-79.889638,40.44126
0176C00275000000,176-C-275,,,4039,private,1300,duplex,,False,,,,not_scored,not_covered,,,,,,,,,,,,,,Zoning not covered for Wilkinsburg  ,unknown,zoning_not_covered;slope_unknown;undermining_unknown,-79.889638,40.44126
0176C00275000000,176-C-275,,,4039,private,1300,triplex,,False,,,,not_scored,not_covered,,,,,,,,,,,,,,Zoning not covered for Wilkinsburg  ,unknown,zoning_not_covered;slope_unknown;undermining_unknown,-79.889638,40.44126
0176C00275000000,176-C-275,,,4039,private,1300,townhome,,False,,,,not_scored,not_covered,,,,,,,,,,,,,,Zoning not covered for Wilkinsburg  ,unknown,zoning_not_covered;slope_unknown;undermining_unknown,-79.889638,40.44126
0176C00275000000,176-C-275,,,4039,private,1300,walkup,,False,,,,not_scored,not_covered,,,,,,,,,,,,,,Zoning not covered for Wilkinsburg  ,unknown,zoning_not_covered;slope_unknown;undermining_unknown,-79.889638,40.44126
0173E00082000000,173-E-82,Lincoln-Lemington-Belmar,RM-M,3065,city,400,single_family,1,False,57.8,59.8,61.6,feasible_with_conditions,by_right,1.0,1.0,1.0,by_right,3.1,4.0,5.0,9001,15071,21327,-453831,-387379,-329314,"2 DEP record(s) within 1,000 ft",low,,-79.897198,40.469126
0173E00082000000,173-E-82,Lincoln-Lemington-Belmar,RM-M,3065,city,400,duplex,2,False,59.1,60.8,62.4,feasible_with_conditions,by_right,1.0,1.0,1.0,by_right,3.1,4.0,5.0,9001,15071,21327,-658804,-561856,-475394,"2 DEP record(s) within 1,000 ft",low,,-79.897198,40.469126
0173E00082000000,173-E-82,Lincoln-Lemington-Belmar,RM-M,3065,city,400,triplex,3,True,59.7,61.3,62.8,feasible_with_conditions,by_right,1.0,1.0,1.0,by_right,3.1,4.0,5.0,9001,15071,21327,-850214,-724291,-612227,"2 DEP record(s) within 1,000 ft",low,,-79.897198,40.469126
0173E00082000000,173-E-82,Lincoln-Lemington-Belmar,RM-M,3065,city,400,townhome,2,False,,,,high_risk,not_allowed,,,,,,,,,,,,,,"2 DEP record(s) within 1,000 ft",low,,-79.897198,40.469126
0173E00082000000,173-E-82,Lincoln-Lemington-Belmar,RM-M,3065,city,400,walkup,4,False,51.9,54.3,56.6,feasible_with_conditions,variance,0.831,0.901,0.944,model,6.1,7.7,9.3,8721,14809,21055,-1058209,-879184,-716898,"2 DEP record(s) within 1,000 ft",low,,-79.897198,40.469126
0024J00060000000,24-J-60,East Allegheny,LNC,2415,private,41300,single_family,1,True,44.1,48.1,52.1,high_risk,by_right,1.0,1.0,1.0,by_right,4.4,5.3,6.4,44381,64702,83815,-229632,-165070,-108479,Parcel spans more than one district or has uncovered rules,medium,,-79.998813,40.455724
0024J00060000000,24-J-60,East Allegheny,LNC,2415,private,41300,duplex,2,False,,,,high_risk,not_allowed,,,,,,,,,,,,,,Parcel spans more than one district or has uncovered rules,medium,,-79.998813,40.455724
0024J00060000000,24-J-60,East Allegheny,LNC,2415,private,41300,triplex,3,False,,,,high_risk,not_allowed,,,,,,,,,,,,,,Parcel spans more than one district or has uncovered rules,medium,,-79.998813,40.455724
0024J00060000000,24-J-60,East Allegheny,LNC,2415,private,41300,townhome,2,False,,,,high_risk,not_allowed,,,,,,,,,,,,,,Parcel spans more than one district or has uncovered rules,medium,,-79.998813,40.455724
0024J00060000000,24-J-60,East Allegheny,LNC,2415,private,41300,walkup,4,False,,,,high_risk,not_allowed,,,,,,,,,,,,,,Parcel spans more than one district or has uncovered rules,medium,,-79.998813,40.455724
0055A00137000000,55-A-137,Greenfield,R1D-M,4953,private,23000,single_family,1,True,33.0,40.4,48.0,high_risk,by_right,1.0,1.0,1.0,by_right,4.4,5.8,7.2,64005,106736,151435,-362501,-287099,-213815,84% of lot on 25%+ slope,high,,-79.946424,40.422035
0055A00137000000,55-A-137,Greenfield,R1D-M,4953,private,23000,duplex,2,False,,,,high_risk,not_allowed,,,,,,,,,,,,,,84% of lot on 25%+ slope,high,,-79.946424,40.422035
0055A00137000000,55-A-137,Greenfield,R1D-M,4953,private,23000,triplex,3,False,,,,high_risk,not_allowed,,,,,,,,,,,,,,84% of lot on 25%+ slope,high,,-79.946424,40.422035
0055A00137000000,55-A-137,Greenfield,R1D-M,4953,private,23000,townhome,2,False,37.4,42.1,46.6,high_risk,special_exception+subdivision,0.862,0.913,0.949,model+placeholder,8.0,9.5,11.2,64664,107432,152018,-571917,-438474,-320272,84% of lot on 25%+ slope,high,,-79.946424,40.422035
0055A00137000000,55-A-137,Greenfield,R1D-M,4953,private,23000,walkup,4,False,,,,high_risk,not_allowed,,,,,,,,,,,,,,84% of lot on 25%+ slope,high,,-79.946424,40.422035
0004A00303000000,4-A-303,Mount Washington,RM-M,2767,private,19500,single_family,1,False,52.2,54.8,57.3,feasible_with_conditions,by_right,1.0,1.0,1.0,by_right,4.2,5.3,6.5,20201,29180,37947,-218491,-146969,-85510,100% of lot over mapped mine workings (UM-O overlay),medium,,-80.015318,40.431125
0004A00303000000,4-A-303,Mount Washington,RM-M,2767,private,19500,duplex,2,False,50.7,53.7,56.9,feasible_with_conditions,by_right,1.0,1.0,1.0,by_right,4.2,5.3,6.5,31397,50368,68903,-326100,-222960,-132483,100% of lot over mapped mine workings (UM-O overlay),high,,-80.015318,40.431125
0004A00303000000,4-A-303,Mount Washington,RM-M,2767,private,19500,triplex,3,True,52.7,55.3,57.9,feasible_with_conditions,by_right,1.0,1.0,1.0,by_right,4.2,5.3,6.5,31397,50368,68903,-409742,-274709,-158967,100% of lot over mapped mine workings (UM-O overlay),high,,-80.015318,40.431125
0004A00303000000,4-A-303,Mount Washington,RM-M,2767,private,19500,townhome,2,False,,,,high_risk,not_allowed,,,,,,,,,,,,,,100% of lot over mapped mine workings (UM-O overlay),medium,,-80.015318,40.431125
0004A00303000000,4-A-303,Mount Washington,RM-M,2767,private,19500,walkup,4,False,48.3,51.2,54.0,feasible_with_conditions,variance,0.792,0.891,0.948,model,6.3,7.6,9.3,31838,50108,68496,-754946,-571748,-400003,100% of lot over mapped mine workings (UM-O overlay),high,,-80.015318,40.431125
